variant,variant_name,cards_dealt_per_player,rounds,seed,category,hand,strength_key,physical_3card_hands,dealt_hands_ending_at_strength,exact_final_hand_frequency_pct,observed_final_hands,simulated_final_hand_frequency_pct,win_3_players_pct,win_4_players_pct,win_5_players_pct,win_6_players_pct
baseline,Baseline: deal 3 / deal 2+1 (no discard),3,10000000,20260926,Tong (three of a kind),Tong A-A-A,"(6, 14)",4,4,0.01809955,10995,0.018325,100.0,100.0,100.0,100.0
baseline,Baseline: deal 3 / deal 2+1 (no discard),3,10000000,20260926,Tong (three of a kind),Tong K-K-K,"(6, 13)",4,4,0.01809955,10786,0.017977,99.937,99.9054,99.8739,99.8424
baseline,Baseline: deal 3 / deal 2+1 (no discard),3,10000000,20260926,Tong (three of a kind),Tong Q-Q-Q,"(6, 12)",4,4,0.01809955,10856,0.018093,99.9374,99.906,99.8747,99.8434
baseline,Baseline: deal 3 / deal 2+1 (no discard),3,10000000,20260926,Tong (three of a kind),Tong J-J-J,"(6, 11)",4,4,0.01809955,10818,0.01803,99.8484,99.7726,99.6968,99.621
baseline,Baseline: deal 3 / deal 2+1 (no discard),3,10000000,20260926,Tong (three of a kind),Tong 10-10-10,"(6, 10)",4,4,0.01809955,10935,0.018225,99.85,99.775,99.7,99.6251
baseline,Baseline: deal 3 / deal 2+1 (no discard),3,10000000,20260926,Tong (three of a kind),Tong 9-9-9,"(6, 9)",4,4,0.01809955,10774,0.017957,99.8032,99.7048,99.6065,99.5081
baseline,Baseline: deal 3 / deal 2+1 (no discard),3,10000000,20260926,Tong (three of a kind),Tong 8-8-8,"(6, 8)",4,4,0.01809955,10676,0.017793,99.7227,99.5841,99.4455,99.3069
baseline,Baseline: deal 3 / deal 2+1 (no discard),3,10000000,20260926,Tong (three of a kind),Tong 7-7-7,"(6, 7)",4,4,0.01809955,10858,0.018097,99.7274,99.5911,99.4548,99.3185
baseline,Baseline: deal 3 / deal 2+1 (no discard),3,10000000,20260926,Tong (three of a kind),Tong 6-6-6,"(6, 6)",4,4,0.01809955,10929,0.018215,99.6386,99.4592,99.2808,99.1033
baseline,Baseline: deal 3 / deal 2+1 (no discard),3,10000000,20260926,Tong (three of a kind),Tong 5-5-5,"(6, 5)",4,4,0.01809955,10980,0.0183,99.5965,99.3962,99.1967,98.9982
baseline,Baseline: deal 3 / deal 2+1 (no discard),3,10000000,20260926,Tong (three of a kind),Tong 4-4-4,"(6, 4)",4,4,0.01809955,10730,0.017883,99.5564,99.3346,99.1128,98.891
baseline,Baseline: deal 3 / deal 2+1 (no discard),3,10000000,20260926,Tong (three of a kind),Tong 3-3-3,"(6, 3)",4,4,0.01809955,10900,0.018167,99.5055,99.2596,99.0147,98.7706
baseline,Baseline: deal 3 / deal 2+1 (no discard),3,10000000,20260926,Tong (three of a kind),Tong 2-2-2,"(6, 2)",4,4,0.01809955,10803,0.018005,99.5298,99.2946,99.0595,98.8244
baseline,Baseline: deal 3 / deal 2+1 (no discard),3,10000000,20260926,Straight flush,Straight flush Q-K-A,"(5, 11)",4,4,0.01809955,11035,0.018392,99.5224,99.285,99.0485,98.8129
baseline,Baseline: deal 3 / deal 2+1 (no discard),3,10000000,20260926,Straight flush,Straight flush J-Q-K,"(5, 10)",4,4,0.01809955,10836,0.01806,99.4721,99.2082,98.9443,98.6803
baseline,Baseline: deal 3 / deal 2+1 (no discard),3,10000000,20260926,Straight flush,Straight flush 10-J-Q,"(5, 9)",4,4,0.01809955,10883,0.018138,99.4671,99.2006,98.9341,98.6676
baseline,Baseline: deal 3 / deal 2+1 (no discard),3,10000000,20260926,Straight flush,Straight flush 9-10-J,"(5, 8)",4,4,0.01809955,10910,0.018183,99.418,99.1283,98.8396,98.5518
baseline,Baseline: deal 3 / deal 2+1 (no discard),3,10000000,20260926,Straight flush,Straight flush 8-9-10,"(5, 7)",4,4,0.01809955,11005,0.018342,99.3503,99.0323,98.7188,98.4098
baseline,Baseline: deal 3 / deal 2+1 (no discard),3,10000000,20260926,Straight flush,Straight flush 7-8-9,"(5, 6)",4,4,0.01809955,10783,0.017972,99.2136,98.8259,98.442,98.0618
baseline,Baseline: deal 3 / deal 2+1 (no discard),3,10000000,20260926,Straight flush,Straight flush 6-7-8,"(5, 5)",4,4,0.01809955,10787,0.017978,99.3047,98.9599,98.6169,98.2757
baseline,Baseline: deal 3 / deal 2+1 (no discard),3,10000000,20260926,Straight flush,Straight flush 5-6-7,"(5, 4)",4,4,0.01809955,10943,0.018238,99.1648,98.7499,98.3368,97.9256
baseline,Baseline: deal 3 / deal 2+1 (no discard),3,10000000,20260926,Straight flush,Straight flush 4-5-6,"(5, 3)",4,4,0.01809955,10944,0.01824,99.1804,98.7747,98.3717,97.9715
baseline,Baseline: deal 3 / deal 2+1 (no discard),3,10000000,20260926,Straight flush,Straight flush 3-4-5,"(5, 2)",4,4,0.01809955,10885,0.018142,99.0528,98.5806,98.1093,97.639
baseline,Baseline: deal 3 / deal 2+1 (no discard),3,10000000,20260926,Straight flush,Straight flush 2-3-4,"(5, 1)",4,4,0.01809955,10940,0.018233,99.0878,98.6344,98.1828,97.7331
baseline,Baseline: deal 3 / deal 2+1 (no discard),3,10000000,20260926,Straight flush,Straight flush A-2-3,"(5, 0)",4,4,0.01809955,10843,0.018072,99.039,98.5613,98.0854,97.6114
baseline,Baseline: deal 3 / deal 2+1 (no discard),3,10000000,20260926,Sian (three court cards J/Q/K),Sian J-Q-K,"(4, 1, 0, 0)",60,60,0.27149321,162470,0.270783,98.8282,98.2475,97.6703,97.0967
baseline,Baseline: deal 3 / deal 2+1 (no discard),3,10000000,20260926,Sian (three court cards J/Q/K),"Sian pair K, kicker Q","(4, 0, 13, 12)",24,24,0.10859729,65351,0.108918,98.7777,98.1729,97.5725,96.9763
baseline,Baseline: deal 3 / deal 2+1 (no discard),3,10000000,20260926,Sian (three court cards J/Q/K),"Sian pair K, kicker J","(4, 0, 13, 11)",24,24,0.10859729,65333,0.108888,98.7559,98.1401,97.5284,96.9204
baseline,Baseline: deal 3 / deal 2+1 (no discard),3,10000000,20260926,Sian (three court cards J/Q/K),"Sian pair Q, kicker K","(4, 0, 12, 13)",24,24,0.10859729,65408,0.109013,98.6174,97.9328,97.2526,96.5769
baseline,Baseline: deal 3 / deal 2+1 (no discard),3,10000000,20260926,Sian (three court cards J/Q/K),"Sian pair Q, kicker J","(4, 0, 12, 11)",24,24,0.10859729,65172,0.10862,98.4004,97.6077,96.8198,96.0366
baseline,Baseline: deal 3 / deal 2+1 (no discard),3,10000000,20260926,Sian (three court cards J/Q/K),"Sian pair J, kicker K","(4, 0, 11, 13)",24,24,0.10859729,65286,0.10881,98.2923,97.4483,96.6109,95.7801
baseline,Baseline: deal 3 / deal 2+1 (no discard),3,10000000,20260926,Sian (three court cards J/Q/K),"Sian pair J, kicker Q","(4, 0, 11, 12)",24,24,0.10859729,64895,0.108158,98.2398,97.3719,96.5122,95.6607
baseline,Baseline: deal 3 / deal 2+1 (no discard),3,10000000,20260926,Straight (Riang),Straight Q-K-A,"(3, 11)",60,60,0.27149321,163544,0.272573,97.5964,96.4119,95.2387,94.0768
baseline,Baseline: deal 3 / deal 2+1 (no discard),3,10000000,20260926,Straight (Riang),Straight 10-J-Q,"(3, 9)",60,60,0.27149321,163025,0.271708,97.1174,95.7018,94.303,92.9207
baseline,Baseline: deal 3 / deal 2+1 (no discard),3,10000000,20260926,Straight (Riang),Straight 9-10-J,"(3, 8)",60,60,0.27149321,162563,0.270938,96.1545,94.2748,92.4235,90.6006
baseline,Baseline: deal 3 / deal 2+1 (no discard),3,10000000,20260926,Straight (Riang),Straight 8-9-10,"(3, 7)",60,60,0.27149321,163544,0.272573,95.2061,92.8772,90.5929,88.3524
baseline,Baseline: deal 3 / deal 2+1 (no discard),3,10000000,20260926,Straight (Riang),Straight 7-8-9,"(3, 6)",60,60,0.27149321,162575,0.270958,94.5728,91.9526,89.3932,86.8934
baseline,Baseline: deal 3 / deal 2+1 (no discard),3,10000000,20260926,Straight (Riang),Straight 6-7-8,"(3, 5)",60,60,0.27149321,163766,0.272943,93.8882,90.9579,88.1089,85.3394
baseline,Baseline: deal 3 / deal 2+1 (no discard),3,10000000,20260926,Straight (Riang),Straight 5-6-7,"(3, 4)",60,60,0.27149321,162677,0.271128,93.1892,89.9452,86.8035,83.7611
baseline,Baseline: deal 3 / deal 2+1 (no discard),3,10000000,20260926,Straight (Riang),Straight 4-5-6,"(3, 3)",60,60,0.27149321,163094,0.271823,92.6278,89.1319,85.7577,82.5015
baseline,Baseline: deal 3 / deal 2+1 (no discard),3,10000000,20260926,Straight (Riang),Straight 3-4-5,"(3, 2)",60,60,0.27149321,162256,0.270427,91.9597,88.1777,84.5461,81.0589
baseline,Baseline: deal 3 / deal 2+1 (no discard),3,10000000,20260926,Straight (Riang),Straight 2-3-4,"(3, 1)",60,60,0.27149321,162852,0.27142,91.3317,87.2754,83.3942,79.6809
baseline,Baseline: deal 3 / deal 2+1 (no discard),3,10000000,20260926,Straight (Riang),Straight A-2-3,"(3, 0)",60,60,0.27149321,162718,0.271197,90.9188,86.6887,82.6522,78.8001
baseline,Baseline: deal 3 / deal 2+1 (no discard),3,10000000,20260926,Flush (See),Flush A-K-J,"(2, 14, 13, 11)",4,4,0.01809955,10865,0.018108,91.4781,87.5021,83.6981,80.0552
baseline,Baseline: deal 3 / deal 2+1 (no discard),3,10000000,20260926,Flush (See),Flush A-K-10,"(2, 14, 13, 10)",4,4,0.01809955,10639,0.017732,91.5941,87.6868,83.9628,80.4117
baseline,Baseline: deal 3 / deal 2+1 (no discard),3,10000000,20260926,Flush (See),Flush A-K-9,"(2, 14, 13, 9)",4,4,0.01809955,10894,0.018157,91.4871,87.5096,83.7121,80.09
baseline,Baseline: deal 3 / deal 2+1 (no discard),3,10000000,20260926,Flush (See),Flush A-K-8,"(2, 14, 13, 8)",4,4,0.01809955,11026,0.018377,91.1845,87.0624,83.1199,79.3488
baseline,Baseline: deal 3 / deal 2+1 (no discard),3,10000000,20260926,Flush (See),Flush A-K-7,"(2, 14, 13, 7)",4,4,0.01809955,10678,0.017797,91.1884,87.095,83.1935,79.4718
baseline,Baseline: deal 3 / deal 2+1 (no discard),3,10000000,20260926,Flush (See),Flush A-K-6,"(2, 14, 13, 6)",4,4,0.01809955,10917,0.018195,91.0232,86.837,82.8451,79.0419
baseline,Baseline: deal 3 / deal 2+1 (no discard),3,10000000,20260926,Flush (See),Flush A-K-5,"(2, 14, 13, 5)",4,4,0.01809955,11064,0.01844,91.3729,87.359,83.534,79.8897
baseline,Baseline: deal 3 / deal 2+1 (no discard),3,10000000,20260926,Flush (See),Flush A-K-4,"(2, 14, 13, 4)",4,4,0.01809955,10718,0.017863,91.1635,87.0442,83.1181,79.3805
baseline,Baseline: deal 3 / deal 2+1 (no discard),3,10000000,20260926,Flush (See),Flush A-K-3,"(2, 14, 13, 3)",4,4,0.01809955,10788,0.01798,91.0076,86.828,82.8458,79.0508
baseline,Baseline: deal 3 / deal 2+1 (no discard),3,10000000,20260926,Flush (See),Flush A-K-2,"(2, 14, 13, 2)",4,4,0.01809955,10970,0.018283,90.9216,86.7046,82.6928,78.8788
baseline,Baseline: deal 3 / deal 2+1 (no discard),3,10000000,20260926,Flush (See),Flush A-Q-J,"(2, 14, 12, 11)",4,4,0.01809955,10988,0.018313,91.5917,87.6747,83.937,80.3695
baseline,Baseline: deal 3 / deal 2+1 (no discard),3,10000000,20260926,Flush (See),Flush A-Q-10,"(2, 14, 12, 10)",4,4,0.01809955,10880,0.018133,91.295,87.2344,83.3585,79.6599
baseline,Baseline: deal 3 / deal 2+1 (no discard),3,10000000,20260926,Flush (See),Flush A-Q-9,"(2, 14, 12, 9)",4,4,0.01809955,10801,0.018002,91.3175,87.2743,83.4164,79.7334
baseline,Baseline: deal 3 / deal 2+1 (no discard),3,10000000,20260926,Flush (See),Flush A-Q-8,"(2, 14, 12, 8)",4,4,0.01809955,10903,0.018172,91.1098,86.9458,82.957,79.1342
baseline,Baseline: deal 3 / deal 2+1 (no discard),3,10000000,20260926,Flush (See),Flush A-Q-7,"(2, 14, 12, 7)",4,4,0.01809955,10829,0.018048,91.1109,86.936,82.9347,79.1024
baseline,Baseline: deal 3 / deal 2+1 (no discard),3,10000000,20260926,Flush (See),Flush A-Q-6,"(2, 14, 12, 6)",4,4,0.01809955,10896,0.01816,90.8893,86.6373,82.5789,78.7078
baseline,Baseline: deal 3 / deal 2+1 (no discard),3,10000000,20260926,Flush (See),Flush A-Q-5,"(2, 14, 12, 5)",4,4,0.01809955,10853,0.018088,90.8864,86.659,82.6389,78.8169
baseline,Baseline: deal 3 / deal 2+1 (no discard),3,10000000,20260926,Flush (See),Flush A-Q-4,"(2, 14, 12, 4)",4,4,0.01809955,10855,0.018092,90.9802,86.8098,82.8521,79.0972
baseline,Baseline: deal 3 / deal 2+1 (no discard),3,10000000,20260926,Flush (See),Flush A-Q-3,"(2, 14, 12, 3)",4,4,0.01809955,10808,0.018013,91.0067,86.8338,82.8645,79.0896
baseline,Baseline: deal 3 / deal 2+1 (no discard),3,10000000,20260926,Flush (See),Flush A-Q-2,"(2, 14, 12, 2)",4,4,0.01809955,10686,0.01781,90.7065,86.3906,82.2796,78.3642
baseline,Baseline: deal 3 / deal 2+1 (no discard),3,10000000,20260926,Flush (See),Flush A-J-10,"(2, 14, 11, 10)",4,4,0.01809955,10865,0.018108,90.7225,86.416,82.312,78.3985
baseline,Baseline: deal 3 / deal 2+1 (no discard),3,10000000,20260926,Flush (See),Flush A-J-9,"(2, 14, 11, 9)",4,4,0.01809955,10700,0.017833,90.7626,86.4785,82.4,78.514
baseline,Baseline: deal 3 / deal 2+1 (no discard),3,10000000,20260926,Flush (See),Flush A-J-8,"(2, 14, 11, 8)",4,4,0.01809955,10860,0.0181,90.7413,86.4125,82.2781,78.3333
baseline,Baseline: deal 3 / deal 2+1 (no discard),3,10000000,20260926,Flush (See),Flush A-J-7,"(2, 14, 11, 7)",4,4,0.01809955,10970,0.018283,90.5369,86.1386,81.949,77.9581
baseline,Baseline: deal 3 / deal 2+1 (no discard),3,10000000,20260926,Flush (See),Flush A-J-6,"(2, 14, 11, 6)",4,4,0.01809955,10861,0.018102,91.1086,86.9791,83.0494,79.3113
baseline,Baseline: deal 3 / deal 2+1 (no discard),3,10000000,20260926,Flush (See),Flush A-J-5,"(2, 14, 11, 5)",4,4,0.01809955,10858,0.018097,90.9753,86.7572,82.7243,78.8727
baseline,Baseline: deal 3 / deal 2+1 (no discard),3,10000000,20260926,Flush (See),Flush A-J-4,"(2, 14, 11, 4)",4,4,0.01809955,10806,0.01801,91.1197,86.9702,83.002,79.206
baseline,Baseline: deal 3 / deal 2+1 (no discard),3,10000000,20260926,Flush (See),Flush A-J-3,"(2, 14, 11, 3)",4,4,0.01809955,11041,0.018402,90.6358,86.2621,82.0777,78.0726
baseline,Baseline: deal 3 / deal 2+1 (no discard),3,10000000,20260926,Flush (See),Flush A-J-2,"(2, 14, 11, 2)",4,4,0.01809955,10726,0.017877,90.3888,85.9304,81.6838,77.6338
baseline,Baseline: deal 3 / deal 2+1 (no discard),3,10000000,20260926,Flush (See),Flush A-10-9,"(2, 14, 10, 9)",4,4,0.01809955,10772,0.017953,90.0334,85.4326,81.0713,76.9402
baseline,Baseline: deal 3 / deal 2+1 (no discard),3,10000000,20260926,Flush (See),Flush A-10-8,"(2, 14, 10, 8)",4,4,0.01809955,10714,0.017857,90.1045,85.5572,81.2619,77.2074
baseline,Baseline: deal 3 / deal 2+1 (no discard),3,10000000,20260926,Flush (See),Flush A-10-7,"(2, 14, 10, 7)",4,4,0.01809955,10686,0.01781,90.2171,85.7019,81.4206,77.3629
baseline,Baseline: deal 3 / deal 2+1 (no discard),3,10000000,20260926,Flush (See),Flush A-10-6,"(2, 14, 10, 6)",4,4,0.01809955,10827,0.018045,90.2521,85.7671,81.5258,77.5192
baseline,Baseline: deal 3 / deal 2+1 (no discard),3,10000000,20260926,Flush (See),Flush A-10-5,"(2, 14, 10, 5)",4,4,0.01809955,10841,0.018068,90.3717,85.933,81.7268,77.7419
baseline,Baseline: deal 3 / deal 2+1 (no discard),3,10000000,20260926,Flush (See),Flush A-10-4,"(2, 14, 10, 4)",4,4,0.01809955,10865,0.018108,90.3562,85.8914,81.6438,77.5978
baseline,Baseline: deal 3 / deal 2+1 (no discard),3,10000000,20260926,Flush (See),Flush A-10-3,"(2, 14, 10, 3)",4,4,0.01809955,10775,0.017958,90.0845,85.4803,81.1007,76.9374
baseline,Baseline: deal 3 / deal 2+1 (no discard),3,10000000,20260926,Flush (See),Flush A-10-2,"(2, 14, 10, 2)",4,4,0.01809955,10944,0.01824,89.8337,85.1654,80.7529,76.5808
baseline,Baseline: deal 3 / deal 2+1 (no discard),3,10000000,20260926,Flush (See),Flush A-9-8,"(2, 14, 9, 8)",4,4,0.01809955,10891,0.018152,89.607,84.8095,80.2608,75.9526
baseline,Baseline: deal 3 / deal 2+1 (no discard),3,10000000,20260926,Flush (See),Flush A-9-7,"(2, 14, 9, 7)",4,4,0.01809955,10831,0.018052,89.9705,85.3652,81.0156,76.9089
baseline,Baseline: deal 3 / deal 2+1 (no discard),3,10000000,20260926,Flush (See),Flush A-9-6,"(2, 14, 9, 6)",4,4,0.01809955,10926,0.01821,90.0293,85.4055,81.0031,76.8076
baseline,Baseline: deal 3 / deal 2+1 (no discard),3,10000000,20260926,Flush (See),Flush A-9-5,"(2, 14, 9, 5)",4,4,0.01809955,10884,0.01814,89.7538,85.0643,80.6395,76.4609
baseline,Baseline: deal 3 / deal 2+1 (no discard),3,10000000,20260926,Flush (See),Flush A-9-4,"(2, 14, 9, 4)",4,4,0.01809955,10817,0.018028,89.7698,85.0143,80.4863,76.1764
baseline,Baseline: deal 3 / deal 2+1 (no discard),3,10000000,20260926,Flush (See),Flush A-9-3,"(2, 14, 9, 3)",4,4,0.01809955,10967,0.018278,89.7037,84.9649,80.4833,76.2469
baseline,Baseline: deal 3 / deal 2+1 (no discard),3,10000000,20260926,Flush (See),Flush A-9-2,"(2, 14, 9, 2)",4,4,0.01809955,10790,0.017983,89.5681,84.7461,80.1705,75.8295
baseline,Baseline: deal 3 / deal 2+1 (no discard),3,10000000,20260926,Flush (See),Flush A-8-7,"(2, 14, 8, 7)",4,4,0.01809955,10799,0.017998,89.8852,85.2153,80.7797,76.5626
baseline,Baseline: deal 3 / deal 2+1 (no discard),3,10000000,20260926,Flush (See),Flush A-8-6,"(2, 14, 8, 6)",4,4,0.01809955,10911,0.018185,89.9533,85.3185,80.922,76.7482
baseline,Baseline: deal 3 / deal 2+1 (no discard),3,10000000,20260926,Flush (See),Flush A-8-5,"(2, 14, 8, 5)",4,4,0.01809955,10901,0.018168,89.7413,85.0252,80.5614,76.3324
baseline,Baseline: deal 3 / deal 2+1 (no discard),3,10000000,20260926,Flush (See),Flush A-8-4,"(2, 14, 8, 4)",4,4,0.01809955,10660,0.017767,89.3884,84.4934,79.8499,75.4409
baseline,Baseline: deal 3 / deal 2+1 (no discard),3,10000000,20260926,Flush (See),Flush A-8-3,"(2, 14, 8, 3)",4,4,0.01809955,10906,0.018177,89.5966,84.8102,80.2787,75.9857
baseline,Baseline: deal 3 / deal 2+1 (no discard),3,10000000,20260926,Flush (See),Flush A-8-2,"(2, 14, 8, 2)",4,4,0.01809955,10947,0.018245,89.1724,84.1811,79.4537,74.9794
baseline,Baseline: deal 3 / deal 2+1 (no discard),3,10000000,20260926,Flush (See),Flush A-7-6,"(2, 14, 7, 6)",4,4,0.01809955,10866,0.01811,89.6816,84.954,80.4933,76.2838
baseline,Baseline: deal 3 / deal 2+1 (no discard),3,10000000,20260926,Flush (See),Flush A-7-5,"(2, 14, 7, 5)",4,4,0.01809955,10952,0.018253,89.548,84.748,80.2064,75.9039
baseline,Baseline: deal 3 / deal 2+1 (no discard),3,10000000,20260926,Flush (See),Flush A-7-4,"(2, 14, 7, 4)",4,4,0.01809955,10909,0.018182,89.5215,84.7172,80.1815,75.9006
baseline,Baseline: deal 3 / deal 2+1 (no discard),3,10000000,20260926,Flush (See),Flush A-7-3,"(2, 14, 7, 3)",4,4,0.01809955,10887,0.018145,89.6243,84.8581,80.3546,76.0999
baseline,Baseline: deal 3 / deal 2+1 (no discard),3,10000000,20260926,Flush (See),Flush A-7-2,"(2, 14, 7, 2)",4,4,0.01809955,10901,0.018168,89.3001,84.3895,79.7431,75.3417
baseline,Baseline: deal 3 / deal 2+1 (no discard),3,10000000,20260926,Flush (See),Flush A-6-5,"(2, 14, 6, 5)",4,4,0.01809955,10885,0.018142,89.6941,84.9113,80.3601,76.0312
baseline,Baseline: deal 3 / deal 2+1 (no discard),3,10000000,20260926,Flush (See),Flush A-6-4,"(2, 14, 6, 4)",4,4,0.01809955,10780,0.017967,89.6447,84.9026,80.4286,76.2059
baseline,Baseline: deal 3 / deal 2+1 (no discard),3,10000000,20260926,Flush (See),Flush A-6-3,"(2, 14, 6, 3)",4,4,0.01809955,10776,0.01796,89.2808,84.3782,79.7643,75.4269
baseline,Baseline: deal 3 / deal 2+1 (no discard),3,10000000,20260926,Flush (See),Flush A-6-2,"(2, 14, 6, 2)",4,4,0.01809955,10808,0.018013,89.0988,84.0812,79.3283,74.8242
baseline,Baseline: deal 3 / deal 2+1 (no discard),3,10000000,20260926,Flush (See),Flush A-5-4,"(2, 14, 5, 4)",4,4,0.01809955,10812,0.01802,89.6624,84.9417,80.4902,76.2856
baseline,Baseline: deal 3 / deal 2+1 (no discard),3,10000000,20260926,Flush (See),Flush A-5-3,"(2, 14, 5, 3)",4,4,0.01809955,10893,0.018155,89.3335,84.4441,79.8311,75.4797
baseline,Baseline: deal 3 / deal 2+1 (no discard),3,10000000,20260926,Flush (See),Flush A-5-2,"(2, 14, 5, 2)",4,4,0.01809955,10826,0.018043,89.1197,84.1188,79.3904,74.9215
baseline,Baseline: deal 3 / deal 2+1 (no discard),3,10000000,20260926,Flush (See),Flush A-4-3,"(2, 14, 4, 3)",4,4,0.01809955,10712,0.017853,88.8406,83.7136,78.8704,74.2999
baseline,Baseline: deal 3 / deal 2+1 (no discard),3,10000000,20260926,Flush (See),Flush A-4-2,"(2, 14, 4, 2)",4,4,0.01809955,10922,0.018203,89.3682,84.4964,79.9048,75.5814
baseline,Baseline: deal 3 / deal 2+1 (no discard),3,10000000,20260926,Flush (See),Flush K-Q-10,"(2, 13, 12, 10)",4,4,0.01809955,10738,0.017897,89.5958,84.8212,80.3129,76.057
baseline,Baseline: deal 3 / deal 2+1 (no discard),3,10000000,20260926,Flush (See),Flush K-Q-9,"(2, 13, 12, 9)",4,4,0.01809955,10997,0.018328,89.2216,84.2894,79.6399,75.2569
baseline,Baseline: deal 3 / deal 2+1 (no discard),3,10000000,20260926,Flush (See),Flush K-Q-8,"(2, 13, 12, 8)",4,4,0.01809955,10797,0.017995,89.4767,84.6578,80.1148,75.8359
baseline,Baseline: deal 3 / deal 2+1 (no discard),3,10000000,20260926,Flush (See),Flush K-Q-7,"(2, 13, 12, 7)",4,4,0.01809955,10951,0.018252,89.3745,84.5338,79.9872,75.7191
baseline,Baseline: deal 3 / deal 2+1 (no discard),3,10000000,20260926,Flush (See),Flush K-Q-6,"(2, 13, 12, 6)",4,4,0.01809955,10891,0.018152,89.0928,84.0667,79.3058,74.7957
baseline,Baseline: deal 3 / deal 2+1 (no discard),3,10000000,20260926,Flush (See),Flush K-Q-5,"(2, 13, 12, 5)",4,4,0.01809955,10882,0.018137,89.4918,84.6729,80.1195,75.8133
baseline,Baseline: deal 3 / deal 2+1 (no discard),3,10000000,20260926,Flush (See),Flush K-Q-4,"(2, 13, 12, 4)",4,4,0.01809955,10935,0.018225,89.4467,84.62,80.0622,75.7567
baseline,Baseline: deal 3 / deal 2+1 (no discard),3,10000000,20260926,Flush (See),Flush K-Q-3,"(2, 13, 12, 3)",4,4,0.01809955,11008,0.018347,88.9753,83.9499,79.226,74.7911
baseline,Baseline: deal 3 / deal 2+1 (no discard),3,10000000,20260926,Flush (See),Flush K-Q-2,"(2, 13, 12, 2)",4,4,0.01809955,11069,0.018448,89.1119,84.1512,79.4923,75.1197
baseline,Baseline: deal 3 / deal 2+1 (no discard),3,10000000,20260926,Flush (See),Flush K-J-10,"(2, 13, 11, 10)",4,4,0.01809955,10899,0.018165,88.8962,83.8352,79.077,74.6032
baseline,Baseline: deal 3 / deal 2+1 (no discard),3,10000000,20260926,Flush (See),Flush K-J-9,"(2, 13, 11, 9)",4,4,0.01809955,10976,0.018293,89.2301,84.2675,79.57,75.1276
baseline,Baseline: deal 3 / deal 2+1 (no discard),3,10000000,20260926,Flush (See),Flush K-J-8,"(2, 13, 11, 8)",4,4,0.01809955,11035,0.018392,89.0068,83.9882,79.266,74.8256
baseline,Baseline: deal 3 / deal 2+1 (no discard),3,10000000,20260926,Flush (See),Flush K-J-7,"(2, 13, 11, 7)",4,4,0.01809955,10947,0.018245,89.1075,84.1153,79.4044,74.9612
baseline,Baseline: deal 3 / deal 2+1 (no discard),3,10000000,20260926,Flush (See),Flush K-J-6,"(2, 13, 11, 6)",4,4,0.01809955,10980,0.0183,89.1949,84.276,79.6503,75.3005
baseline,Baseline: deal 3 / deal 2+1 (no discard),3,10000000,20260926,Flush (See),Flush K-J-5,"(2, 13, 11, 5)",4,4,0.01809955,10794,0.01799,89.0004,83.9633,79.2033,74.6989
baseline,Baseline: deal 3 / deal 2+1 (no discard),3,10000000,20260926,Flush (See),Flush K-J-4,"(2, 13, 11, 4)",4,4,0.01809955,10835,0.018058,88.9488,83.8976,79.1269,74.6101
baseline,Baseline: deal 3 / deal 2+1 (no discard),3,10000000,20260926,Flush (See),Flush K-J-3,"(2, 13, 11, 3)",4,4,0.01809955,11031,0.018385,88.8387,83.7177,78.8741,74.2906
baseline,Baseline: deal 3 / deal 2+1 (no discard),3,10000000,20260926,Flush (See),Flush K-J-2,"(2, 13, 11, 2)",4,4,0.01809955,10762,0.017937,88.7855,83.6768,78.8757,74.3635
baseline,Baseline: deal 3 / deal 2+1 (no discard),3,10000000,20260926,Flush (See),Flush K-10-9,"(2, 13, 10, 9)",4,4,0.01809955,10786,0.017977,88.7762,83.6826,78.8967,74.3927
baseline,Baseline: deal 3 / deal 2+1 (no discard),3,10000000,20260926,Flush (See),Flush K-10-8,"(2, 13, 10, 8)",4,4,0.01809955,10797,0.017995,88.5644,83.337,78.4088,73.7612
baseline,Baseline: deal 3 / deal 2+1 (no discard),3,10000000,20260926,Flush (See),Flush K-10-7,"(2, 13, 10, 7)",4,4,0.01809955,10966,0.018277,88.4762,83.2309,78.3057,73.6823
baseline,Baseline: deal 3 / deal 2+1 (no discard),3,10000000,20260926,Flush (See),Flush K-10-6,"(2, 13, 10, 6)",4,4,0.01809955,10766,0.017943,88.5231,83.2881,78.3578,73.7135
baseline,Baseline: deal 3 / deal 2+1 (no discard),3,10000000,20260926,Flush (See),Flush K-10-5,"(2, 13, 10, 5)",4,4,0.01809955,10890,0.01815,88.4692,83.2296,78.2994,73.6547
baseline,Baseline: deal 3 / deal 2+1 (no discard),3,10000000,20260926,Flush (See),Flush K-10-4,"(2, 13, 10, 4)",4,4,0.01809955,10872,0.01812,88.3646,83.1107,78.1898,73.5743
baseline,Baseline: deal 3 / deal 2+1 (no discard),3,10000000,20260926,Flush (See),Flush K-10-3,"(2, 13, 10, 3)",4,4,0.01809955,10948,0.018247,88.1266,82.7055,77.605,72.8078
baseline,Baseline: deal 3 / deal 2+1 (no discard),3,10000000,20260926,Flush (See),Flush K-10-2,"(2, 13, 10, 2)",4,4,0.01809955,10787,0.017978,88.2961,82.9897,78.0143,73.3475
baseline,Baseline: deal 3 / deal 2+1 (no discard),3,10000000,20260926,Flush (See),Flush K-9-8,"(2, 13, 9, 8)",4,4,0.01809955,10910,0.018183,88.2878,83.0073,78.0697,73.4464
baseline,Baseline: deal 3 / deal 2+1 (no discard),3,10000000,20260926,Flush (See),Flush K-9-7,"(2, 13, 9, 7)",4,4,0.01809955,10951,0.018252,88.7243,83.5604,78.6814,74.0663
baseline,Baseline: deal 3 / deal 2+1 (no discard),3,10000000,20260926,Flush (See),Flush K-9-6,"(2, 13, 9, 6)",4,4,0.01809955,11018,0.018363,88.6831,83.5097,78.6404,74.0606
baseline,Baseline: deal 3 / deal 2+1 (no discard),3,10000000,20260926,Flush (See),Flush K-9-5,"(2, 13, 9, 5)",4,4,0.01809955,10843,0.018072,88.6627,83.4815,78.6074,74.0293
baseline,Baseline: deal 3 / deal 2+1 (no discard),3,10000000,20260926,Flush (See),Flush K-9-4,"(2, 13, 9, 4)",4,4,0.01809955,10943,0.018238,88.5397,83.3528,78.5013,73.9651
baseline,Baseline: deal 3 / deal 2+1 (no discard),3,10000000,20260926,Flush (See),Flush K-9-3,"(2, 13, 9, 3)",4,4,0.01809955,10783,0.017972,88.301,82.9723,77.9635,73.2542
baseline,Baseline: deal 3 / deal 2+1 (no discard),3,10000000,20260926,Flush (See),Flush K-9-2,"(2, 13, 9, 2)",4,4,0.01809955,10841,0.018068,88.2253,82.8706,77.8397,73.1113
baseline,Baseline: deal 3 / deal 2+1 (no discard),3,10000000,20260926,Flush (See),Flush K-8-7,"(2, 13, 8, 7)",4,4,0.01809955,10809,0.018015,88.2006,82.893,77.9462,73.337
baseline,Baseline: deal 3 / deal 2+1 (no discard),3,10000000,20260926,Flush (See),Flush K-8-6,"(2, 13, 8, 6)",4,4,0.01809955,10869,0.018115,88.0265,82.5393,77.3558,72.4538
baseline,Baseline: deal 3 / deal 2+1 (no discard),3,10000000,20260926,Flush (See),Flush K-8-5,"(2, 13, 8, 5)",4,4,0.01809955,10769,0.017948,88.2255,82.8461,77.777,72.9966
baseline,Baseline: deal 3 / deal 2+1 (no discard),3,10000000,20260926,Flush (See),Flush K-8-4,"(2, 13, 8, 4)",4,4,0.01809955,11039,0.018398,88.2743,82.9514,77.9545,73.2584
baseline,Baseline: deal 3 / deal 2+1 (no discard),3,10000000,20260926,Flush (See),Flush K-8-3,"(2, 13, 8, 3)",4,4,0.01809955,11103,0.018505,87.7123,82.1454,76.9378,72.0706
baseline,Baseline: deal 3 / deal 2+1 (no discard),3,10000000,20260926,Flush (See),Flush K-8-2,"(2, 13, 8, 2)",4,4,0.01809955,11010,0.01835,87.9673,82.4914,77.3424,72.4977
baseline,Baseline: deal 3 / deal 2+1 (no discard),3,10000000,20260926,Flush (See),Flush K-7-6,"(2, 13, 7, 6)",4,4,0.01809955,10885,0.018142,87.751,82.237,77.0767,72.237
baseline,Baseline: deal 3 / deal 2+1 (no discard),3,10000000,20260926,Flush (See),Flush K-7-5,"(2, 13, 7, 5)",4,4,0.01809955,10998,0.01833,87.8887,82.4077,77.2777,72.4768
baseline,Baseline: deal 3 / deal 2+1 (no discard),3,10000000,20260926,Flush (See),Flush K-7-4,"(2, 13, 7, 4)",4,4,0.01809955,11020,0.018367,87.7886,82.1824,76.882,71.8693
baseline,Baseline: deal 3 / deal 2+1 (no discard),3,10000000,20260926,Flush (See),Flush K-7-3,"(2, 13, 7, 3)",4,4,0.01809955,10976,0.018293,87.8489,82.3542,77.1921,72.3305
baseline,Baseline: deal 3 / deal 2+1 (no discard),3,10000000,20260926,Flush (See),Flush K-7-2,"(2, 13, 7, 2)",4,4,0.01809955,10895,0.018158,87.8137,82.2515,77.0262,72.1248
baseline,Baseline: deal 3 / deal 2+1 (no discard),3,10000000,20260926,Flush (See),Flush K-6-5,"(2, 13, 6, 5)",4,4,0.01809955,10740,0.0179,87.9292,82.46,77.3426,72.5605
baseline,Baseline: deal 3 / deal 2+1 (no discard),3,10000000,20260926,Flush (See),Flush K-6-4,"(2, 13, 6, 4)",4,4,0.01809955,10975,0.018292,87.651,82.0465,76.7964,71.8815
baseline,Baseline: deal 3 / deal 2+1 (no discard),3,10000000,20260926,Flush (See),Flush K-6-3,"(2, 13, 6, 3)",4,4,0.01809955,10650,0.01775,87.8413,82.3484,77.2188,72.4319
baseline,Baseline: deal 3 / deal 2+1 (no discard),3,10000000,20260926,Flush (See),Flush K-6-2,"(2, 13, 6, 2)",4,4,0.01809955,10858,0.018097,87.5005,81.8281,76.515,71.5417
baseline,Baseline: deal 3 / deal 2+1 (no discard),3,10000000,20260926,Flush (See),Flush K-5-4,"(2, 13, 5, 4)",4,4,0.01809955,11097,0.018495,87.5678,81.9321,76.6387,71.659
baseline,Baseline: deal 3 / deal 2+1 (no discard),3,10000000,20260926,Flush (See),Flush K-5-3,"(2, 13, 5, 3)",4,4,0.01809955,11018,0.018363,87.4859,81.8443,76.5765,71.6555
baseline,Baseline: deal 3 / deal 2+1 (no discard),3,10000000,20260926,Flush (See),Flush K-5-2,"(2, 13, 5, 2)",4,4,0.01809955,10908,0.01818,87.885,82.3744,77.2076,72.3689
baseline,Baseline: deal 3 / deal 2+1 (no discard),3,10000000,20260926,Flush (See),Flush K-4-3,"(2, 13, 4, 3)",4,4,0.01809955,10715,0.017858,87.7779,82.2436,77.0509,72.1699
baseline,Baseline: deal 3 / deal 2+1 (no discard),3,10000000,20260926,Flush (See),Flush K-4-2,"(2, 13, 4, 2)",4,4,0.01809955,10879,0.018132,87.5843,81.9634,76.7056,71.7897
baseline,Baseline: deal 3 / deal 2+1 (no discard),3,10000000,20260926,Flush (See),Flush K-3-2,"(2, 13, 3, 2)",4,4,0.01809955,10913,0.018188,87.5222,81.9014,76.6535,71.7493
baseline,Baseline: deal 3 / deal 2+1 (no discard),3,10000000,20260926,Flush (See),Flush Q-J-9,"(2, 12, 11, 9)",4,4,0.01809955,10922,0.018203,87.8649,82.3622,77.2038,72.3677
baseline,Baseline: deal 3 / deal 2+1 (no discard),3,10000000,20260926,Flush (See),Flush Q-J-8,"(2, 12, 11, 8)",4,4,0.01809955,10891,0.018152,87.9993,82.5599,77.4676,72.7022
baseline,Baseline: deal 3 / deal 2+1 (no discard),3,10000000,20260926,Flush (See),Flush Q-J-7,"(2, 12, 11, 7)",4,4,0.01809955,10812,0.01802,87.5222,81.8905,76.6241,71.6981
baseline,Baseline: deal 3 / deal 2+1 (no discard),3,10000000,20260926,Flush (See),Flush Q-J-6,"(2, 12, 11, 6)",4,4,0.01809955,10917,0.018195,87.4755,81.8128,76.5174,71.5673
baseline,Baseline: deal 3 / deal 2+1 (no discard),3,10000000,20260926,Flush (See),Flush Q-J-5,"(2, 12, 11, 5)",4,4,0.01809955,11011,0.018352,87.5025,81.8772,76.6361,71.7555
baseline,Baseline: deal 3 / deal 2+1 (no discard),3,10000000,20260926,Flush (See),Flush Q-J-4,"(2, 12, 11, 4)",4,4,0.01809955,10838,0.018063,87.4626,81.8048,76.5197,71.5815
baseline,Baseline: deal 3 / deal 2+1 (no discard),3,10000000,20260926,Flush (See),Flush Q-J-3,"(2, 12, 11, 3)",4,4,0.01809955,10695,0.017825,87.511,81.8822,76.6358,71.7532
baseline,Baseline: deal 3 / deal 2+1 (no discard),3,10000000,20260926,Flush (See),Flush Q-J-2,"(2, 12, 11, 2)",4,4,0.01809955,10970,0.018283,87.1039,81.3145,75.9161,70.8751
baseline,Baseline: deal 3 / deal 2+1 (no discard),3,10000000,20260926,Flush (See),Flush Q-10-9,"(2, 12, 10, 9)",4,4,0.01809955,10839,0.018065,86.5255,80.513,74.9405,69.785
baseline,Baseline: deal 3 / deal 2+1 (no discard),3,10000000,20260926,Flush (See),Flush Q-10-8,"(2, 12, 10, 8)",4,4,0.01809955,10895,0.018158,87.3024,81.5631,76.1946,71.1703
baseline,Baseline: deal 3 / deal 2+1 (no discard),3,10000000,20260926,Flush (See),Flush Q-10-7,"(2, 12, 10, 7)",4,4,0.01809955,10850,0.018083,86.8839,80.9594,75.412,70.212
baseline,Baseline: deal 3 / deal 2+1 (no discard),3,10000000,20260926,Flush (See),Flush Q-10-6,"(2, 12, 10, 6)",4,4,0.01809955,11078,0.018463,87.3768,81.7025,76.4163,71.493
baseline,Baseline: deal 3 / deal 2+1 (no discard),3,10000000,20260926,Flush (See),Flush Q-10-5,"(2, 12, 10, 5)",4,4,0.01809955,10760,0.017933,87.0558,81.1952,75.7175,70.6041
baseline,Baseline: deal 3 / deal 2+1 (no discard),3,10000000,20260926,Flush (See),Flush Q-10-4,"(2, 12, 10, 4)",4,4,0.01809955,10781,0.017968,87.2025,81.447,76.0894,71.1066
baseline,Baseline: deal 3 / deal 2+1 (no discard),3,10000000,20260926,Flush (See),Flush Q-10-3,"(2, 12, 10, 3)",4,4,0.01809955,10934,0.018223,86.8493,80.921,75.3796,70.1939
baseline,Baseline: deal 3 / deal 2+1 (no discard),3,10000000,20260926,Flush (See),Flush Q-10-2,"(2, 12, 10, 2)",4,4,0.01809955,10852,0.018087,86.6329,80.6146,75.0037,69.7752
baseline,Baseline: deal 3 / deal 2+1 (no discard),3,10000000,20260926,Flush (See),Flush Q-9-8,"(2, 12, 9, 8)",4,4,0.01809955,10762,0.017937,86.7952,80.8484,75.3038,70.1357
baseline,Baseline: deal 3 / deal 2+1 (no discard),3,10000000,20260926,Flush (See),Flush Q-9-7,"(2, 12, 9, 7)",4,4,0.01809955,10663,0.017772,87.3985,81.7275,76.4269,71.4621
baseline,Baseline: deal 3 / deal 2+1 (no discard),3,10000000,20260926,Flush (See),Flush Q-9-6,"(2, 12, 9, 6)",4,4,0.01809955,10854,0.01809,86.7781,80.7923,75.1889,69.9466
baseline,Baseline: deal 3 / deal 2+1 (no discard),3,10000000,20260926,Flush (See),Flush Q-9-5,"(2, 12, 9, 5)",4,4,0.01809955,10879,0.018132,86.6311,80.6333,75.0602,69.8869
baseline,Baseline: deal 3 / deal 2+1 (no discard),3,10000000,20260926,Flush (See),Flush Q-9-4,"(2, 12, 9, 4)",4,4,0.01809955,10839,0.018065,86.7977,80.8691,75.3391,70.1725
baseline,Baseline: deal 3 / deal 2+1 (no discard),3,10000000,20260926,Flush (See),Flush Q-9-3,"(2, 12, 9, 3)",4,4,0.01809955,10795,0.017992,86.7754,80.7874,75.1811,69.9305
baseline,Baseline: deal 3 / deal 2+1 (no discard),3,10000000,20260926,Flush (See),Flush Q-9-2,"(2, 12, 9, 2)",4,4,0.01809955,10729,0.017882,86.8711,80.9591,75.446,70.3048
baseline,Baseline: deal 3 / deal 2+1 (no discard),3,10000000,20260926,Flush (See),Flush Q-8-7,"(2, 12, 8, 7)",4,4,0.01809955,10687,0.017812,86.4433,80.3481,74.6758,69.4021
baseline,Baseline: deal 3 / deal 2+1 (no discard),3,10000000,20260926,Flush (See),Flush Q-8-6,"(2, 12, 8, 6)",4,4,0.01809955,10744,0.017907,86.7908,80.8349,75.2718,70.0763
baseline,Baseline: deal 3 / deal 2+1 (no discard),3,10000000,20260926,Flush (See),Flush Q-8-5,"(2, 12, 8, 5)",4,4,0.01809955,10829,0.018048,86.6165,80.6049,75.0115,69.8125
baseline,Baseline: deal 3 / deal 2+1 (no discard),3,10000000,20260926,Flush (See),Flush Q-8-4,"(2, 12, 8, 4)",4,4,0.01809955,10952,0.018253,86.6426,80.6711,75.1333,70.0055
baseline,Baseline: deal 3 / deal 2+1 (no discard),3,10000000,20260926,Flush (See),Flush Q-8-3,"(2, 12, 8, 3)",4,4,0.01809955,10735,0.017892,86.3857,80.3354,74.7406,69.5668
baseline,Baseline: deal 3 / deal 2+1 (no discard),3,10000000,20260926,Flush (See),Flush Q-8-2,"(2, 12, 8, 2)",4,4,0.01809955,11031,0.018385,86.4065,80.2774,74.5553,69.214
baseline,Baseline: deal 3 / deal 2+1 (no discard),3,10000000,20260926,Flush (See),Flush Q-7-6,"(2, 12, 7, 6)",4,4,0.01809955,10875,0.018125,86.5903,80.5692,74.9609,69.7379
baseline,Baseline: deal 3 / deal 2+1 (no discard),3,10000000,20260926,Flush (See),Flush Q-7-5,"(2, 12, 7, 5)",4,4,0.01809955,11083,0.018472,86.4901,80.4123,74.7523,69.4848
baseline,Baseline: deal 3 / deal 2+1 (no discard),3,10000000,20260926,Flush (See),Flush Q-7-4,"(2, 12, 7, 4)",4,4,0.01809955,10848,0.01808,86.3293,80.1881,74.4764,69.174
baseline,Baseline: deal 3 / deal 2+1 (no discard),3,10000000,20260926,Flush (See),Flush Q-7-3,"(2, 12, 7, 3)",4,4,0.01809955,10865,0.018108,86.15,79.9844,74.2642,68.9462
baseline,Baseline: deal 3 / deal 2+1 (no discard),3,10000000,20260926,Flush (See),Flush Q-7-2,"(2, 12, 7, 2)",4,4,0.01809955,10803,0.018005,86.3103,80.175,74.4719,69.1752
baseline,Baseline: deal 3 / deal 2+1 (no discard),3,10000000,20260926,Flush (See),Flush Q-6-5,"(2, 12, 6, 5)",4,4,0.01809955,10789,0.017982,86.3074,80.1446,74.4036,69.0611
baseline,Baseline: deal 3 / deal 2+1 (no discard),3,10000000,20260926,Flush (See),Flush Q-6-4,"(2, 12, 6, 4)",4,4,0.01809955,10777,0.017962,86.4452,80.3693,74.7147,69.4535
baseline,Baseline: deal 3 / deal 2+1 (no discard),3,10000000,20260926,Flush (See),Flush Q-6-3,"(2, 12, 6, 3)",4,4,0.01809955,10901,0.018168,86.4361,80.3688,74.7381,69.5166
baseline,Baseline: deal 3 / deal 2+1 (no discard),3,10000000,20260926,Flush (See),Flush Q-6-2,"(2, 12, 6, 2)",4,4,0.01809955,10947,0.018245,86.2163,80.0238,74.2669,68.923
baseline,Baseline: deal 3 / deal 2+1 (no discard),3,10000000,20260926,Flush (See),Flush Q-5-4,"(2, 12, 5, 4)",4,4,0.01809955,10640,0.017733,86.2951,80.1147,74.3327,68.9192
baseline,Baseline: deal 3 / deal 2+1 (no discard),3,10000000,20260926,Flush (See),Flush Q-5-3,"(2, 12, 5, 3)",4,4,0.01809955,10870,0.018117,86.31,80.1601,74.4269,69.08
baseline,Baseline: deal 3 / deal 2+1 (no discard),3,10000000,20260926,Flush (See),Flush Q-5-2,"(2, 12, 5, 2)",4,4,0.01809955,10831,0.018052,86.2081,80.0877,74.44,69.2365
baseline,Baseline: deal 3 / deal 2+1 (no discard),3,10000000,20260926,Flush (See),Flush Q-4-3,"(2, 12, 4, 3)",4,4,0.01809955,10604,0.017673,86.441,80.3584,74.702,69.4455
baseline,Baseline: deal 3 / deal 2+1 (no discard),3,10000000,20260926,Flush (See),Flush Q-4-2,"(2, 12, 4, 2)",4,4,0.01809955,11023,0.018372,86.0846,79.8821,74.1359,68.8107
baseline,Baseline: deal 3 / deal 2+1 (no discard),3,10000000,20260926,Flush (See),Flush Q-3-2,"(2, 12, 3, 2)",4,4,0.01809955,11029,0.018382,85.7385,79.427,73.6114,68.2564
baseline,Baseline: deal 3 / deal 2+1 (no discard),3,10000000,20260926,Flush (See),Flush J-10-8,"(2, 11, 10, 8)",4,4,0.01809955,10928,0.018213,85.3907,78.9431,72.9923,67.4872
baseline,Baseline: deal 3 / deal 2+1 (no discard),3,10000000,20260926,Flush (See),Flush J-10-7,"(2, 11, 10, 7)",4,4,0.01809955,10971,0.018285,85.6248,79.2371,73.3242,67.8425
baseline,Baseline: deal 3 / deal 2+1 (no discard),3,10000000,20260926,Flush (See),Flush J-10-6,"(2, 11, 10, 6)",4,4,0.01809955,10973,0.018288,85.4898,79.0604,73.1249,67.6479
baseline,Baseline: deal 3 / deal 2+1 (no discard),3,10000000,20260926,Flush (See),Flush J-10-5,"(2, 11, 10, 5)",4,4,0.01809955,10983,0.018305,85.9747,79.705,73.8869,68.4877
baseline,Baseline: deal 3 / deal 2+1 (no discard),3,10000000,20260926,Flush (See),Flush J-10-4,"(2, 11, 10, 4)",4,4,0.01809955,10961,0.018268,85.9365,79.6716,73.86,68.4609
baseline,Baseline: deal 3 / deal 2+1 (no discard),3,10000000,20260926,Flush (See),Flush J-10-3,"(2, 11, 10, 3)",4,4,0.01809955,10901,0.018168,85.8453,79.5367,73.6776,68.2323
baseline,Baseline: deal 3 / deal 2+1 (no discard),3,10000000,20260926,Flush (See),Flush J-10-2,"(2, 11, 10, 2)",4,4,0.01809955,10765,0.017942,85.7427,79.3683,73.4491,67.9517
baseline,Baseline: deal 3 / deal 2+1 (no discard),3,10000000,20260926,Flush (See),Flush J-9-8,"(2, 11, 9, 8)",4,4,0.01809955,10799,0.017998,85.5005,79.0407,73.0568,67.5155
baseline,Baseline: deal 3 / deal 2+1 (no discard),3,10000000,20260926,Flush (See),Flush J-9-7,"(2, 11, 9, 7)",4,4,0.01809955,10717,0.017862,85.4782,79.1248,73.306,67.9761
baseline,Baseline: deal 3 / deal 2+1 (no discard),3,10000000,20260926,Flush (See),Flush J-9-6,"(2, 11, 9, 6)",4,4,0.01809955,10745,0.017908,85.8492,79.5803,73.7887,68.4318
baseline,Baseline: deal 3 / deal 2+1 (no discard),3,10000000,20260926,Flush (See),Flush J-9-5,"(2, 11, 9, 5)",4,4,0.01809955,10940,0.018233,85.8199,79.5091,73.6581,68.2267
baseline,Baseline: deal 3 / deal 2+1 (no discard),3,10000000,20260926,Flush (See),Flush J-9-4,"(2, 11, 9, 4)",4,4,0.01809955,10817,0.018028,85.692,79.3159,73.4122,67.9486
baseline,Baseline: deal 3 / deal 2+1 (no discard),3,10000000,20260926,Flush (See),Flush J-9-3,"(2, 11, 9, 3)",4,4,0.01809955,11069,0.018448,85.6012,79.2158,73.3201,67.8742
baseline,Baseline: deal 3 / deal 2+1 (no discard),3,10000000,20260926,Flush (See),Flush J-9-2,"(2, 11, 9, 2)",4,4,0.01809955,10660,0.017767,85.3274,78.7908,72.7223,67.0826
baseline,Baseline: deal 3 / deal 2+1 (no discard),3,10000000,20260926,Flush (See),Flush J-8-7,"(2, 11, 8, 7)",4,4,0.01809955,11029,0.018382,85.5554,79.1967,73.3666,68.0297
baseline,Baseline: deal 3 / deal 2+1 (no discard),3,10000000,20260926,Flush (See),Flush J-8-6,"(2, 11, 8, 6)",4,4,0.01809955,11075,0.018458,85.4104,78.8966,72.856,67.2596
baseline,Baseline: deal 3 / deal 2+1 (no discard),3,10000000,20260926,Flush (See),Flush J-8-5,"(2, 11, 8, 5)",4,4,0.01809955,10797,0.017995,85.3126,78.82,72.835,67.315
baseline,Baseline: deal 3 / deal 2+1 (no discard),3,10000000,20260926,Flush (See),Flush J-8-4,"(2, 11, 8, 4)",4,4,0.01809955,10750,0.017917,85.5981,79.1786,73.226,67.7023
baseline,Baseline: deal 3 / deal 2+1 (no discard),3,10000000,20260926,Flush (See),Flush J-8-3,"(2, 11, 8, 3)",4,4,0.01809955,10786,0.017977,84.9768,78.3163,72.1713,66.5029
baseline,Baseline: deal 3 / deal 2+1 (no discard),3,10000000,20260926,Flush (See),Flush J-8-2,"(2, 11, 8, 2)",4,4,0.01809955,11007,0.018345,85.1785,78.59,72.4902,66.8393
baseline,Baseline: deal 3 / deal 2+1 (no discard),3,10000000,20260926,Flush (See),Flush J-7-6,"(2, 11, 7, 6)",4,4,0.01809955,10769,0.017948,84.9122,78.2561,72.1367,66.515
baseline,Baseline: deal 3 / deal 2+1 (no discard),3,10000000,20260926,Flush (See),Flush J-7-5,"(2, 11, 7, 5)",4,4,0.01809955,10710,0.01785,84.6209,77.8553,71.6396,65.929
baseline,Baseline: deal 3 / deal 2+1 (no discard),3,10000000,20260926,Flush (See),Flush J-7-4,"(2, 11, 7, 4)",4,4,0.01809955,10744,0.017907,85.0391,78.3703,72.1966,66.4836
baseline,Baseline: deal 3 / deal 2+1 (no discard),3,10000000,20260926,Flush (See),Flush J-7-3,"(2, 11, 7, 3)",4,4,0.01809955,10972,0.018287,85.3454,78.7896,72.6923,67.016
baseline,Baseline: deal 3 / deal 2+1 (no discard),3,10000000,20260926,Flush (See),Flush J-7-2,"(2, 11, 7, 2)",4,4,0.01809955,10919,0.018198,85.3302,78.8625,72.8968,67.3871
baseline,Baseline: deal 3 / deal 2+1 (no discard),3,10000000,20260926,Flush (See),Flush J-6-5,"(2, 11, 6, 5)",4,4,0.01809955,10784,0.017973,85.2875,78.7676,72.7522,67.2014
baseline,Baseline: deal 3 / deal 2+1 (no discard),3,10000000,20260926,Flush (See),Flush J-6-4,"(2, 11, 6, 4)",4,4,0.01809955,10776,0.01796,84.7123,78.0085,71.8615,66.2212
baseline,Baseline: deal 3 / deal 2+1 (no discard),3,10000000,20260926,Flush (See),Flush J-6-3,"(2, 11, 6, 3)",4,4,0.01809955,10761,0.017935,84.9159,78.2223,72.0453,66.3507
baseline,Baseline: deal 3 / deal 2+1 (no discard),3,10000000,20260926,Flush (See),Flush J-6-2,"(2, 11, 6, 2)",4,4,0.01809955,10767,0.017945,84.5965,77.8332,71.6226,65.9144
baseline,Baseline: deal 3 / deal 2+1 (no discard),3,10000000,20260926,Flush (See),Flush J-5-4,"(2, 11, 5, 4)",4,4,0.01809955,10715,0.017858,84.8661,78.224,72.1269,66.5329
baseline,Baseline: deal 3 / deal 2+1 (no discard),3,10000000,20260926,Flush (See),Flush J-5-3,"(2, 11, 5, 3)",4,4,0.01809955,10945,0.018242,85.0105,78.3344,72.1498,66.423
baseline,Baseline: deal 3 / deal 2+1 (no discard),3,10000000,20260926,Flush (See),Flush J-5-2,"(2, 11, 5, 2)",4,4,0.01809955,10885,0.018142,84.7175,77.9495,71.695,65.9072
baseline,Baseline: deal 3 / deal 2+1 (no discard),3,10000000,20260926,Flush (See),Flush J-4-3,"(2, 11, 4, 3)",4,4,0.01809955,11137,0.018562,84.8505,78.2356,72.1828,66.6427
baseline,Baseline: deal 3 / deal 2+1 (no discard),3,10000000,20260926,Flush (See),Flush J-4-2,"(2, 11, 4, 2)",4,4,0.01809955,10895,0.018158,84.4773,77.6209,71.3043,65.4796
baseline,Baseline: deal 3 / deal 2+1 (no discard),3,10000000,20260926,Flush (See),Flush J-3-2,"(2, 11, 3, 2)",4,4,0.01809955,10766,0.017943,84.7139,78.0253,71.8967,66.2735
baseline,Baseline: deal 3 / deal 2+1 (no discard),3,10000000,20260926,Flush (See),Flush 10-9-7,"(2, 10, 9, 7)",4,4,0.01809955,10896,0.01816,84.2373,77.2742,70.8627,64.9596
baseline,Baseline: deal 3 / deal 2+1 (no discard),3,10000000,20260926,Flush (See),Flush 10-9-6,"(2, 10, 9, 6)",4,4,0.01809955,10763,0.017938,84.2321,77.2833,70.891,65.0098
baseline,Baseline: deal 3 / deal 2+1 (no discard),3,10000000,20260926,Flush (See),Flush 10-9-5,"(2, 10, 9, 5)",4,4,0.01809955,10828,0.018047,83.9121,76.848,70.3676,64.4256
baseline,Baseline: deal 3 / deal 2+1 (no discard),3,10000000,20260926,Flush (See),Flush 10-9-4,"(2, 10, 9, 4)",4,4,0.01809955,10831,0.018052,84.2074,77.2856,70.9593,65.1925
baseline,Baseline: deal 3 / deal 2+1 (no discard),3,10000000,20260926,Flush (See),Flush 10-9-3,"(2, 10, 9, 3)",4,4,0.01809955,10907,0.018178,84.2899,77.3852,71.0498,65.2425
baseline,Baseline: deal 3 / deal 2+1 (no discard),3,10000000,20260926,Flush (See),Flush 10-9-2,"(2, 10, 9, 2)",4,4,0.01809955,10937,0.018228,83.9353,76.8465,70.3246,64.3321
baseline,Baseline: deal 3 / deal 2+1 (no discard),3,10000000,20260926,Flush (See),Flush 10-8-7,"(2, 10, 8, 7)",4,4,0.01809955,11048,0.018413,83.9709,76.9424,70.496,64.5818
baseline,Baseline: deal 3 / deal 2+1 (no discard),3,10000000,20260926,Flush (See),Flush 10-8-6,"(2, 10, 8, 6)",4,4,0.01809955,10877,0.018128,84.1399,77.1637,70.753,64.8616
baseline,Baseline: deal 3 / deal 2+1 (no discard),3,10000000,20260926,Flush (See),Flush 10-8-5,"(2, 10, 8, 5)",4,4,0.01809955,10920,0.0182,84.174,77.1694,70.7015,64.7253
baseline,Baseline: deal 3 / deal 2+1 (no discard),3,10000000,20260926,Flush (See),Flush 10-8-4,"(2, 10, 8, 4)",4,4,0.01809955,10957,0.018262,84.1407,77.1771,70.8004,64.9722
baseline,Baseline: deal 3 / deal 2+1 (no discard),3,10000000,20260926,Flush (See),Flush 10-8-3,"(2, 10, 8, 3)",4,4,0.01809955,10918,0.018197,83.8643,76.7311,70.1667,64.1326
baseline,Baseline: deal 3 / deal 2+1 (no discard),3,10000000,20260926,Flush (See),Flush 10-8-2,"(2, 10, 8, 2)",4,4,0.01809955,10909,0.018182,83.9894,76.9475,70.4868,64.5614
baseline,Baseline: deal 3 / deal 2+1 (no discard),3,10000000,20260926,Flush (See),Flush 10-7-6,"(2, 10, 7, 6)",4,4,0.01809955,10780,0.017967,83.9323,76.9221,70.5083,64.6289
baseline,Baseline: deal 3 / deal 2+1 (no discard),3,10000000,20260926,Flush (See),Flush 10-7-5,"(2, 10, 7, 5)",4,4,0.01809955,10902,0.01817,83.8718,76.7859,70.2752,64.291
baseline,Baseline: deal 3 / deal 2+1 (no discard),3,10000000,20260926,Flush (See),Flush 10-7-4,"(2, 10, 7, 4)",4,4,0.01809955,11041,0.018402,84.015,77.0437,70.682,64.8764
baseline,Baseline: deal 3 / deal 2+1 (no discard),3,10000000,20260926,Flush (See),Flush 10-7-3,"(2, 10, 7, 3)",4,4,0.01809955,10921,0.018202,83.7799,76.6835,70.1877,64.2432
baseline,Baseline: deal 3 / deal 2+1 (no discard),3,10000000,20260926,Flush (See),Flush 10-7-2,"(2, 10, 7, 2)",4,4,0.01809955,10948,0.018247,83.9569,76.9109,70.4403,64.4958
baseline,Baseline: deal 3 / deal 2+1 (no discard),3,10000000,20260926,Flush (See),Flush 10-6-5,"(2, 10, 6, 5)",4,4,0.01809955,10794,0.01799,83.892,76.8733,70.4651,64.61
baseline,Baseline: deal 3 / deal 2+1 (no discard),3,10000000,20260926,Flush (See),Flush 10-6-4,"(2, 10, 6, 4)",4,4,0.01809955,10750,0.017917,83.7507,76.614,70.0726,64.0837
baseline,Baseline: deal 3 / deal 2+1 (no discard),3,10000000,20260926,Flush (See),Flush 10-6-3,"(2, 10, 6, 3)",4,4,0.01809955,10835,0.018058,83.761,76.7097,70.2907,64.4485
baseline,Baseline: deal 3 / deal 2+1 (no discard),3,10000000,20260926,Flush (See),Flush 10-6-2,"(2, 10, 6, 2)",4,4,0.01809955,10932,0.01822,83.5364,76.3401,69.7603,63.7486
baseline,Baseline: deal 3 / deal 2+1 (no discard),3,10000000,20260926,Flush (See),Flush 10-5-4,"(2, 10, 5, 4)",4,4,0.01809955,10807,0.018012,83.7189,76.592,70.0527,64.0418
baseline,Baseline: deal 3 / deal 2+1 (no discard),3,10000000,20260926,Flush (See),Flush 10-5-3,"(2, 10, 5, 3)",4,4,0.01809955,10981,0.018302,83.9077,76.8008,70.2614,64.2473
baseline,Baseline: deal 3 / deal 2+1 (no discard),3,10000000,20260926,Flush (See),Flush 10-5-2,"(2, 10, 5, 2)",4,4,0.01809955,10941,0.018235,83.5317,76.3248,69.7377,63.7236
baseline,Baseline: deal 3 / deal 2+1 (no discard),3,10000000,20260926,Flush (See),Flush 10-4-3,"(2, 10, 4, 3)",4,4,0.01809955,10868,0.018113,83.7569,76.6756,70.2135,64.3173
baseline,Baseline: deal 3 / deal 2+1 (no discard),3,10000000,20260926,Flush (See),Flush 10-4-2,"(2, 10, 4, 2)",4,4,0.01809955,10853,0.018088,83.4258,76.202,69.6102,63.5953
baseline,Baseline: deal 3 / deal 2+1 (no discard),3,10000000,20260926,Flush (See),Flush 10-3-2,"(2, 10, 3, 2)",4,4,0.01809955,10827,0.018045,83.5504,76.4219,69.9455,64.0713
baseline,Baseline: deal 3 / deal 2+1 (no discard),3,10000000,20260926,Flush (See),Flush 9-8-6,"(2, 9, 8, 6)",4,4,0.01809955,10809,0.018015,83.4767,76.2559,69.6605,63.6414
baseline,Baseline: deal 3 / deal 2+1 (no discard),3,10000000,20260926,Flush (See),Flush 9-8-5,"(2, 9, 8, 5)",4,4,0.01809955,10752,0.01792,83.3408,76.1458,69.6205,63.7091
baseline,Baseline: deal 3 / deal 2+1 (no discard),3,10000000,20260926,Flush (See),Flush 9-8-4,"(2, 9, 8, 4)",4,4,0.01809955,11046,0.01841,83.4148,76.157,69.5111,63.4257
baseline,Baseline: deal 3 / deal 2+1 (no discard),3,10000000,20260926,Flush (See),Flush 9-8-3,"(2, 9, 8, 3)",4,4,0.01809955,11054,0.018423,82.9302,75.465,68.6412,62.4118
baseline,Baseline: deal 3 / deal 2+1 (no discard),3,10000000,20260926,Flush (See),Flush 9-8-2,"(2, 9, 8, 2)",4,4,0.01809955,10870,0.018117,83.4655,76.2677,69.7056,63.7259
baseline,Baseline: deal 3 / deal 2+1 (no discard),3,10000000,20260926,Flush (See),Flush 9-7-6,"(2, 9, 7, 6)",4,4,0.01809955,10825,0.018042,83.1113,75.7746,69.103,63.0485
baseline,Baseline: deal 3 / deal 2+1 (no discard),3,10000000,20260926,Flush (See),Flush 9-7-5,"(2, 9, 7, 5)",4,4,0.01809955,11117,0.018528,83.4677,76.3209,69.8318,63.9471
baseline,Baseline: deal 3 / deal 2+1 (no discard),3,10000000,20260926,Flush (See),Flush 9-7-4,"(2, 9, 7, 4)",4,4,0.01809955,10842,0.01807,83.3324,76.0782,69.4558,63.4016
baseline,Baseline: deal 3 / deal 2+1 (no discard),3,10000000,20260926,Flush (See),Flush 9-7-3,"(2, 9, 7, 3)",4,4,0.01809955,10876,0.018127,83.3735,76.0886,69.4115,63.2861
baseline,Baseline: deal 3 / deal 2+1 (no discard),3,10000000,20260926,Flush (See),Flush 9-7-2,"(2, 9, 7, 2)",4,4,0.01809955,10977,0.018295,82.8296,75.3421,68.4996,62.2483
baseline,Baseline: deal 3 / deal 2+1 (no discard),3,10000000,20260926,Flush (See),Flush 9-6-5,"(2, 9, 6, 5)",4,4,0.01809955,10904,0.018173,83.2676,75.9611,69.2847,63.1878
baseline,Baseline: deal 3 / deal 2+1 (no discard),3,10000000,20260926,Flush (See),Flush 9-6-4,"(2, 9, 6, 4)",4,4,0.01809955,10855,0.018092,83.3957,76.222,69.7153,63.8139
baseline,Baseline: deal 3 / deal 2+1 (no discard),3,10000000,20260926,Flush (See),Flush 9-6-3,"(2, 9, 6, 3)",4,4,0.01809955,10897,0.018162,83.2403,75.9411,69.2796,63.2009
baseline,Baseline: deal 3 / deal 2+1 (no discard),3,10000000,20260926,Flush (See),Flush 9-6-2,"(2, 9, 6, 2)",4,4,0.01809955,10775,0.017958,82.7861,75.2835,68.4399,62.1995
baseline,Baseline: deal 3 / deal 2+1 (no discard),3,10000000,20260926,Flush (See),Flush 9-5-4,"(2, 9, 5, 4)",4,4,0.01809955,10653,0.017755,83.0686,75.7083,69.004,62.9025
baseline,Baseline: deal 3 / deal 2+1 (no discard),3,10000000,20260926,Flush (See),Flush 9-5-3,"(2, 9, 5, 3)",4,4,0.01809955,10750,0.017917,83.0577,75.7042,69.014,62.9302
baseline,Baseline: deal 3 / deal 2+1 (no discard),3,10000000,20260926,Flush (See),Flush 9-5-2,"(2, 9, 5, 2)",4,4,0.01809955,11007,0.018345,82.8064,75.3757,68.6454,62.5602
baseline,Baseline: deal 3 / deal 2+1 (no discard),3,10000000,20260926,Flush (See),Flush 9-4-3,"(2, 9, 4, 3)",4,4,0.01809955,10932,0.01822,82.9427,75.5763,68.873,62.7607
baseline,Baseline: deal 3 / deal 2+1 (no discard),3,10000000,20260926,Flush (See),Flush 9-4-2,"(2, 9, 4, 2)",4,4,0.01809955,11025,0.018375,82.8617,75.3968,68.5769,62.3401
baseline,Baseline: deal 3 / deal 2+1 (no discard),3,10000000,20260926,Flush (See),Flush 9-3-2,"(2, 9, 3, 2)",4,4,0.01809955,10864,0.018107,82.407,74.7726,67.8203,61.4875
baseline,Baseline: deal 3 / deal 2+1 (no discard),3,10000000,20260926,Flush (See),Flush 8-7-5,"(2, 8, 7, 5)",4,4,0.01809955,10874,0.018123,82.5382,74.9761,68.0964,61.8356
baseline,Baseline: deal 3 / deal 2+1 (no discard),3,10000000,20260926,Flush (See),Flush 8-7-4,"(2, 8, 7, 4)",4,4,0.01809955,10822,0.018037,82.9126,75.4907,68.7285,62.567
baseline,Baseline: deal 3 / deal 2+1 (no discard),3,10000000,20260926,Flush (See),Flush 8-7-3,"(2, 8, 7, 3)",4,4,0.01809955,10743,0.017905,82.7041,75.1801,68.3273,62.0962
baseline,Baseline: deal 3 / deal 2+1 (no discard),3,10000000,20260926,Flush (See),Flush 8-7-2,"(2, 8, 7, 2)",4,4,0.01809955,10952,0.018253,82.7493,75.2237,68.3455,62.0526
baseline,Baseline: deal 3 / deal 2+1 (no discard),3,10000000,20260926,Flush (See),Flush 8-6-5,"(2, 8, 6, 5)",4,4,0.01809955,10824,0.01804,82.3651,74.7653,67.8843,61.6593
baseline,Baseline: deal 3 / deal 2+1 (no discard),3,10000000,20260926,Flush (See),Flush 8-6-4,"(2, 8, 6, 4)",4,4,0.01809955,10725,0.017875,82.6592,75.2224,68.483,62.359
baseline,Baseline: deal 3 / deal 2+1 (no discard),3,10000000,20260926,Flush (See),Flush 8-6-3,"(2, 8, 6, 3)",4,4,0.01809955,10830,0.01805,82.2946,74.6214,67.6436,61.3019
baseline,Baseline: deal 3 / deal 2+1 (no discard),3,10000000,20260926,Flush (See),Flush 8-6-2,"(2, 8, 6, 2)",4,4,0.01809955,10884,0.01814,82.2446,74.5746,67.6167,61.3102
baseline,Baseline: deal 3 / deal 2+1 (no discard),3,10000000,20260926,Flush (See),Flush 8-5-4,"(2, 8, 5, 4)",4,4,0.01809955,10888,0.018147,82.5771,75.0294,68.1594,61.903
baseline,Baseline: deal 3 / deal 2+1 (no discard),3,10000000,20260926,Flush (See),Flush 8-5-3,"(2, 8, 5, 3)",4,4,0.01809955,10842,0.01807,82.5032,74.9262,68.0391,61.7783
baseline,Baseline: deal 3 / deal 2+1 (no discard),3,10000000,20260926,Flush (See),Flush 8-5-2,"(2, 8, 5, 2)",4,4,0.01809955,10832,0.018053,82.5203,74.9889,68.1739,62.0107
baseline,Baseline: deal 3 / deal 2+1 (no discard),3,10000000,20260926,Flush (See),Flush 8-4-3,"(2, 8, 4, 3)",4,4,0.01809955,10794,0.01799,82.6163,75.1195,68.3176,62.1456
baseline,Baseline: deal 3 / deal 2+1 (no discard),3,10000000,20260926,Flush (See),Flush 8-4-2,"(2, 8, 4, 2)",4,4,0.01809955,10985,0.018308,82.274,74.6181,67.6705,61.3655
baseline,Baseline: deal 3 / deal 2+1 (no discard),3,10000000,20260926,Flush (See),Flush 8-3-2,"(2, 8, 3, 2)",4,4,0.01809955,10914,0.01819,82.1743,74.4695,67.4601,61.0684
baseline,Baseline: deal 3 / deal 2+1 (no discard),3,10000000,20260926,Flush (See),Flush 7-6-4,"(2, 7, 6, 4)",4,4,0.01809955,10823,0.018038,82.308,74.6956,67.8111,61.5911
baseline,Baseline: deal 3 / deal 2+1 (no discard),3,10000000,20260926,Flush (See),Flush 7-6-3,"(2, 7, 6, 3)",4,4,0.01809955,10724,0.017873,82.1941,74.5571,67.6613,61.4416
baseline,Baseline: deal 3 / deal 2+1 (no discard),3,10000000,20260926,Flush (See),Flush 7-6-2,"(2, 7, 6, 2)",4,4,0.01809955,10766,0.017943,81.9803,74.2736,67.3175,61.0347
baseline,Baseline: deal 3 / deal 2+1 (no discard),3,10000000,20260926,Flush (See),Flush 7-5-4,"(2, 7, 5, 4)",4,4,0.01809955,10722,0.01787,82.0285,74.3359,67.3848,61.0987
baseline,Baseline: deal 3 / deal 2+1 (no discard),3,10000000,20260926,Flush (See),Flush 7-5-3,"(2, 7, 5, 3)",4,4,0.01809955,10848,0.01808,82.099,74.3639,67.323,60.9052
baseline,Baseline: deal 3 / deal 2+1 (no discard),3,10000000,20260926,Flush (See),Flush 7-5-2,"(2, 7, 5, 2)",4,4,0.01809955,10625,0.017708,81.8767,74.1195,67.1059,60.7529
baseline,Baseline: deal 3 / deal 2+1 (no discard),3,10000000,20260926,Flush (See),Flush 7-4-3,"(2, 7, 4, 3)",4,4,0.01809955,10744,0.017907,81.8969,74.1344,67.1351,60.834
baseline,Baseline: deal 3 / deal 2+1 (no discard),3,10000000,20260926,Flush (See),Flush 7-4-2,"(2, 7, 4, 2)",4,4,0.01809955,10910,0.018183,82.1797,74.5252,67.5949,61.3199
baseline,Baseline: deal 3 / deal 2+1 (no discard),3,10000000,20260926,Flush (See),Flush 7-3-2,"(2, 7, 3, 2)",4,4,0.01809955,10621,0.017702,81.8435,74.0721,67.0558,60.7193
baseline,Baseline: deal 3 / deal 2+1 (no discard),3,10000000,20260926,Flush (See),Flush 6-5-3,"(2, 6, 5, 3)",4,4,0.01809955,10987,0.018312,81.8968,74.1331,67.1248,60.8082
baseline,Baseline: deal 3 / deal 2+1 (no discard),3,10000000,20260926,Flush (See),Flush 6-5-2,"(2, 6, 5, 2)",4,4,0.01809955,10847,0.018078,81.8798,74.1145,67.0987,60.7633
baseline,Baseline: deal 3 / deal 2+1 (no discard),3,10000000,20260926,Flush (See),Flush 6-4-3,"(2, 6, 4, 3)",4,4,0.01809955,11035,0.018392,81.7744,73.8958,66.7585,60.3081
baseline,Baseline: deal 3 / deal 2+1 (no discard),3,10000000,20260926,Flush (See),Flush 6-4-2,"(2, 6, 4, 2)",4,4,0.01809955,10924,0.018207,82.0487,74.3455,67.3819,61.0857
baseline,Baseline: deal 3 / deal 2+1 (no discard),3,10000000,20260926,Flush (See),Flush 6-3-2,"(2, 6, 3, 2)",4,4,0.01809955,10900,0.018167,81.6028,73.6771,66.4881,59.9633
baseline,Baseline: deal 3 / deal 2+1 (no discard),3,10000000,20260926,Flush (See),Flush 5-4-2,"(2, 5, 4, 2)",4,4,0.01809955,10911,0.018185,81.9586,74.193,67.1707,60.8285
baseline,Baseline: deal 3 / deal 2+1 (no discard),3,10000000,20260926,Flush (See),Flush 5-3-2,"(2, 5, 3, 2)",4,4,0.01809955,10875,0.018125,81.4556,73.5439,66.4,59.954
baseline,Baseline: deal 3 / deal 2+1 (no discard),3,10000000,20260926,Point total (Tam),"9 points, pair A, kicker 7","(1, 9, 1, 14, 7)",24,24,0.10859729,65338,0.108897,81.7774,73.9847,66.9589,60.6248
baseline,Baseline: deal 3 / deal 2+1 (no discard),3,10000000,20260926,Point total (Tam),"9 points, pair K, kicker 9","(1, 9, 1, 13, 9)",24,24,0.10859729,65370,0.10895,82.1998,74.5391,67.6056,61.3324
baseline,Baseline: deal 3 / deal 2+1 (no discard),3,10000000,20260926,Point total (Tam),"9 points, pair Q, kicker 9","(1, 9, 1, 12, 9)",24,24,0.10859729,65331,0.108885,82.4713,74.9284,68.0948,61.9002
baseline,Baseline: deal 3 / deal 2+1 (no discard),3,10000000,20260926,Point total (Tam),"9 points, pair J, kicker 9","(1, 9, 1, 11, 9)",24,24,0.10859729,65234,0.108723,82.0618,74.3408,67.3492,61.0203
baseline,Baseline: deal 3 / deal 2+1 (no discard),3,10000000,20260926,Point total (Tam),"9 points, pair 10, kicker 9","(1, 9, 1, 10, 9)",24,24,0.10859729,64940,0.108233,81.2381,73.2541,66.0745,59.615
baseline,Baseline: deal 3 / deal 2+1 (no discard),3,10000000,20260926,Point total (Tam),"9 points, pair 9, kicker A","(1, 9, 1, 9, 14)",24,24,0.10859729,65593,0.109322,81.2959,73.2964,66.0805,59.5704
baseline,Baseline: deal 3 / deal 2+1 (no discard),3,10000000,20260926,Point total (Tam),"9 points, pair 8, kicker 3","(1, 9, 1, 8, 3)",24,24,0.10859729,65787,0.109645,80.7194,72.5421,65.2038,58.618
baseline,Baseline: deal 3 / deal 2+1 (no discard),3,10000000,20260926,Point total (Tam),"9 points, pair 7, kicker 5","(1, 9, 1, 7, 5)",24,24,0.10859729,65516,0.109193,80.6569,72.4429,65.0711,58.4575
baseline,Baseline: deal 3 / deal 2+1 (no discard),3,10000000,20260926,Point total (Tam),"9 points, pair 6, kicker 7","(1, 9, 1, 6, 7)",24,24,0.10859729,65183,0.108638,80.3122,71.982,64.5199,57.8356
baseline,Baseline: deal 3 / deal 2+1 (no discard),3,10000000,20260926,Point total (Tam),"9 points, pair 5, kicker 9","(1, 9, 1, 5, 9)",24,24,0.10859729,65392,0.108987,80.3901,72.0596,64.5773,57.8557
baseline,Baseline: deal 3 / deal 2+1 (no discard),3,10000000,20260926,Point total (Tam),"9 points, pair 4, kicker A","(1, 9, 1, 4, 14)",24,24,0.10859729,65441,0.109068,79.8281,71.3369,63.7585,56.9918
baseline,Baseline: deal 3 / deal 2+1 (no discard),3,10000000,20260926,Point total (Tam),"9 points, pair 2, kicker 5","(1, 9, 1, 2, 5)",24,24,0.10859729,64968,0.10828,79.342,70.6793,62.9627,56.0907
baseline,Baseline: deal 3 / deal 2+1 (no discard),3,10000000,20260926,Point total (Tam),"9 points, A-K-8","(1, 9, 0, 14, 13, 8)",60,60,0.27149321,162958,0.271597,79.6137,71.0405,63.3892,56.5587
baseline,Baseline: deal 3 / deal 2+1 (no discard),3,10000000,20260926,Point total (Tam),"9 points, A-Q-8","(1, 9, 0, 14, 12, 8)",60,60,0.27149321,162712,0.271187,79.3696,70.707,62.987,56.1053
baseline,Baseline: deal 3 / deal 2+1 (no discard),3,10000000,20260926,Point total (Tam),"9 points, A-J-8","(1, 9, 0, 14, 11, 8)",60,60,0.27149321,163221,0.272035,79.0789,70.3237,62.5435,55.6338
baseline,Baseline: deal 3 / deal 2+1 (no discard),3,10000000,20260926,Point total (Tam),"9 points, A-10-8","(1, 9, 0, 14, 10, 8)",60,60,0.27149321,162579,0.270965,78.4194,69.4553,61.5212,54.4972
baseline,Baseline: deal 3 / deal 2+1 (no discard),3,10000000,20260926,Point total (Tam),"9 points, A-6-2","(1, 9, 0, 14, 6, 2)",60,60,0.27149321,163310,0.272183,77.452,68.1779,60.0211,52.8473
baseline,Baseline: deal 3 / deal 2+1 (no discard),3,10000000,20260926,Point total (Tam),"9 points, A-5-3","(1, 9, 0, 14, 5, 3)",60,60,0.27149321,162629,0.271048,77.1859,67.8117,59.5792,52.3511
baseline,Baseline: deal 3 / deal 2+1 (no discard),3,10000000,20260926,Point total (Tam),"9 points, K-Q-9","(1, 9, 0, 13, 12, 9)",60,60,0.27149321,163473,0.272455,76.9538,67.5319,59.2798,52.0496
baseline,Baseline: deal 3 / deal 2+1 (no discard),3,10000000,20260926,Point total (Tam),"9 points, K-J-9","(1, 9, 0, 13, 11, 9)",60,60,0.27149321,163079,0.271798,76.6318,67.0988,58.7584,51.4597
baseline,Baseline: deal 3 / deal 2+1 (no discard),3,10000000,20260926,Point total (Tam),"9 points, K-10-9","(1, 9, 0, 13, 10, 9)",60,60,0.27149321,162401,0.270668,75.9223,66.149,57.6345,50.2177
baseline,Baseline: deal 3 / deal 2+1 (no discard),3,10000000,20260926,Point total (Tam),"9 points, K-7-2","(1, 9, 0, 13, 7, 2)",60,60,0.27149321,162516,0.27086,75.2243,65.2464,56.5971,49.1047
baseline,Baseline: deal 3 / deal 2+1 (no discard),3,10000000,20260926,Point total (Tam),"9 points, K-6-3","(1, 9, 0, 13, 6, 3)",60,60,0.27149321,162488,0.270813,74.9081,64.8466,56.1445,48.6171
baseline,Baseline: deal 3 / deal 2+1 (no discard),3,10000000,20260926,Point total (Tam),"9 points, K-5-4","(1, 9, 0, 13, 5, 4)",60,60,0.27149321,162466,0.270777,74.4483,64.2302,55.4093,47.7922
baseline,Baseline: deal 3 / deal 2+1 (no discard),3,10000000,20260926,Point total (Tam),"9 points, Q-J-9","(1, 9, 0, 12, 11, 9)",60,60,0.27149321,162671,0.271118,74.2133,63.9387,55.0836,47.4467
baseline,Baseline: deal 3 / deal 2+1 (no discard),3,10000000,20260926,Point total (Tam),"9 points, Q-10-9","(1, 9, 0, 12, 10, 9)",60,60,0.27149321,162495,0.270825,73.6676,63.2382,54.2946,46.6261
baseline,Baseline: deal 3 / deal 2+1 (no discard),3,10000000,20260926,Point total (Tam),"9 points, Q-7-2","(1, 9, 0, 12, 7, 2)",60,60,0.27149321,161816,0.269693,72.7937,62.1269,53.0417,45.3045
baseline,Baseline: deal 3 / deal 2+1 (no discard),3,10000000,20260926,Point total (Tam),"9 points, Q-6-3","(1, 9, 0, 12, 6, 3)",60,60,0.27149321,163669,0.272782,72.4143,61.6194,52.4278,44.5949
baseline,Baseline: deal 3 / deal 2+1 (no discard),3,10000000,20260926,Point total (Tam),"9 points, Q-5-4","(1, 9, 0, 12, 5, 4)",60,60,0.27149321,163356,0.27226,71.92,60.9556,51.6434,43.7425
baseline,Baseline: deal 3 / deal 2+1 (no discard),3,10000000,20260926,Point total (Tam),"9 points, J-7-2","(1, 9, 0, 11, 7, 2)",60,60,0.27149321,163506,0.27251,71.314,60.2218,50.8505,42.9281
baseline,Baseline: deal 3 / deal 2+1 (no discard),3,10000000,20260926,Point total (Tam),"9 points, J-6-3","(1, 9, 0, 11, 6, 3)",60,60,0.27149321,162897,0.271495,71.0064,59.8603,50.4734,42.5625
baseline,Baseline: deal 3 / deal 2+1 (no discard),3,10000000,20260926,Point total (Tam),"9 points, J-5-4","(1, 9, 0, 11, 5, 4)",60,60,0.27149321,162732,0.27122,70.4719,59.1503,49.6428,41.6599
baseline,Baseline: deal 3 / deal 2+1 (no discard),3,10000000,20260926,Point total (Tam),"9 points, 10-7-2","(1, 9, 0, 10, 7, 2)",60,60,0.27149321,162848,0.271413,69.5806,58.0535,48.4449,40.4359
baseline,Baseline: deal 3 / deal 2+1 (no discard),3,10000000,20260926,Point total (Tam),"9 points, 10-6-3","(1, 9, 0, 10, 6, 3)",60,60,0.27149321,163074,0.27179,69.1422,57.483,47.7793,39.701
baseline,Baseline: deal 3 / deal 2+1 (no discard),3,10000000,20260926,Point total (Tam),"9 points, 10-5-4","(1, 9, 0, 10, 5, 4)",60,60,0.27149321,163260,0.2721,68.7223,56.9518,47.1851,39.0824
baseline,Baseline: deal 3 / deal 2+1 (no discard),3,10000000,20260926,Point total (Tam),"9 points, 9-8-2","(1, 9, 0, 9, 8, 2)",60,60,0.27149321,163051,0.271752,68.5986,56.8096,47.0482,38.9688
baseline,Baseline: deal 3 / deal 2+1 (no discard),3,10000000,20260926,Point total (Tam),"9 points, 9-7-3","(1, 9, 0, 9, 7, 3)",60,60,0.27149321,162704,0.271173,68.293,56.4255,46.6205,38.5258
baseline,Baseline: deal 3 / deal 2+1 (no discard),3,10000000,20260926,Point total (Tam),"9 points, 9-6-4","(1, 9, 0, 9, 6, 4)",60,60,0.27149321,162109,0.270182,68.0194,56.0855,46.232,38.0917
baseline,Baseline: deal 3 / deal 2+1 (no discard),3,10000000,20260926,Point total (Tam),"9 points, 8-7-4","(1, 9, 0, 8, 7, 4)",60,60,0.27149321,162978,0.27163,67.1205,54.9759,45.0179,36.8528
baseline,Baseline: deal 3 / deal 2+1 (no discard),3,10000000,20260926,Point total (Tam),"9 points, 8-6-5","(1, 9, 0, 8, 6, 5)",60,60,0.27149321,163004,0.271673,66.7614,54.5241,44.5156,36.3273
baseline,Baseline: deal 3 / deal 2+1 (no discard),3,10000000,20260926,Point total (Tam),"8 points, pair A, kicker 6","(1, 8, 1, 14, 6)",24,24,0.10859729,65004,0.10834,66.6728,54.4088,44.3776,36.1716
baseline,Baseline: deal 3 / deal 2+1 (no discard),3,10000000,20260926,Point total (Tam),"8 points, pair K, kicker 8","(1, 8, 1, 13, 8)",24,24,0.10859729,64701,0.107835,67.0041,54.8602,44.9236,36.7939
baseline,Baseline: deal 3 / deal 2+1 (no discard),3,10000000,20260926,Point total (Tam),"8 points, pair Q, kicker 8","(1, 8, 1, 12, 8)",24,24,0.10859729,65038,0.108397,67.0892,54.9517,45.0118,36.8723
baseline,Baseline: deal 3 / deal 2+1 (no discard),3,10000000,20260926,Point total (Tam),"8 points, pair J, kicker 8","(1, 8, 1, 11, 8)",24,24,0.10859729,65273,0.108788,66.4403,54.129,44.0807,35.8755
baseline,Baseline: deal 3 / deal 2+1 (no discard),3,10000000,20260926,Point total (Tam),"8 points, pair 10, kicker 8","(1, 8, 1, 10, 8)",24,24,0.10859729,65429,0.109048,65.8013,53.3482,43.2307,35.0181
baseline,Baseline: deal 3 / deal 2+1 (no discard),3,10000000,20260926,Point total (Tam),"8 points, pair 9, kicker K","(1, 8, 1, 9, 13)",24,24,0.10859729,65329,0.108882,66.8354,54.6679,44.7308,36.6131
baseline,Baseline: deal 3 / deal 2+1 (no discard),3,10000000,20260926,Point total (Tam),"8 points, pair 9, kicker Q","(1, 8, 1, 9, 12)",24,24,0.10859729,65156,0.108593,66.7165,54.5199,44.5546,36.3973
baseline,Baseline: deal 3 / deal 2+1 (no discard),3,10000000,20260926,Point total (Tam),"8 points, pair 9, kicker J","(1, 8, 1, 9, 11)",24,24,0.10859729,65292,0.10882,66.5667,54.3183,44.3114,36.1223
baseline,Baseline: deal 3 / deal 2+1 (no discard),3,10000000,20260926,Point total (Tam),"8 points, pair 9, kicker 10","(1, 8, 1, 9, 10)",24,24,0.10859729,65268,0.10878,66.1755,53.8593,43.8586,35.7403
baseline,Baseline: deal 3 / deal 2+1 (no discard),3,10000000,20260926,Point total (Tam),"8 points, pair 8, kicker 2","(1, 8, 1, 8, 2)",24,24,0.10859729,64545,0.107575,65.1516,52.5464,42.358,34.1173
baseline,Baseline: deal 3 / deal 2+1 (no discard),3,10000000,20260926,Point total (Tam),"8 points, pair 7, kicker 4","(1, 8, 1, 7, 4)",24,24,0.10859729,65276,0.108793,64.644,51.9594,41.748,33.5315
baseline,Baseline: deal 3 / deal 2+1 (no discard),3,10000000,20260926,Point total (Tam),"8 points, pair 5, kicker 8","(1, 8, 1, 5, 8)",24,24,0.10859729,64719,0.107865,64.7305,52.0345,41.8078,33.5836
baseline,Baseline: deal 3 / deal 2+1 (no discard),3,10000000,20260926,Point total (Tam),"8 points, pair 4, kicker K","(1, 8, 1, 4, 13)",24,24,0.10859729,64603,0.107672,64.4503,51.6934,41.4346,33.192
baseline,Baseline: deal 3 / deal 2+1 (no discard),3,10000000,20260926,Point total (Tam),"8 points, pair 4, kicker Q","(1, 8, 1, 4, 12)",24,24,0.10859729,65080,0.108467,64.6311,51.9765,41.8098,33.6371
baseline,Baseline: deal 3 / deal 2+1 (no discard),3,10000000,20260926,Point total (Tam),"8 points, pair 4, kicker J","(1, 8, 1, 4, 11)",24,24,0.10859729,64912,0.108187,64.3368,51.5666,41.3113,33.0863
baseline,Baseline: deal 3 / deal 2+1 (no discard),3,10000000,20260926,Point total (Tam),"8 points, pair 4, kicker 10","(1, 8, 1, 4, 10)",24,24,0.10859729,65217,0.108695,64.1675,51.4136,41.1932,32.996
baseline,Baseline: deal 3 / deal 2+1 (no discard),3,10000000,20260926,Point total (Tam),"8 points, pair 3, kicker 2","(1, 8, 1, 3, 2)",24,24,0.10859729,65318,0.108863,62.6867,49.6226,39.2798,31.0971
baseline,Baseline: deal 3 / deal 2+1 (no discard),3,10000000,20260926,Point total (Tam),"8 points, pair 2, kicker 4","(1, 8, 1, 2, 4)",24,24,0.10859729,65409,0.109015,63.211,50.2192,39.8893,31.6944
baseline,Baseline: deal 3 / deal 2+1 (no discard),3,10000000,20260926,Point total (Tam),"8 points, A-K-7","(1, 8, 0, 14, 13, 7)",60,60,0.27149321,163047,0.271745,63.3289,50.4241,40.1694,32.0233
baseline,Baseline: deal 3 / deal 2+1 (no discard),3,10000000,20260926,Point total (Tam),"8 points, A-Q-7","(1, 8, 0, 14, 12, 7)",60,60,0.27149321,163070,0.271783,63.1242,50.1609,39.8671,31.6944
baseline,Baseline: deal 3 / deal 2+1 (no discard),3,10000000,20260926,Point total (Tam),"8 points, A-J-7","(1, 8, 0, 14, 11, 7)",60,60,0.27149321,162972,0.27162,62.6264,49.5534,39.2006,31.001
baseline,Baseline: deal 3 / deal 2+1 (no discard),3,10000000,20260926,Point total (Tam),"8 points, A-10-7","(1, 8, 0, 14, 10, 7)",60,60,0.27149321,162715,0.271192,62.2528,49.1142,38.7421,30.554
baseline,Baseline: deal 3 / deal 2+1 (no discard),3,10000000,20260926,Point total (Tam),"8 points, A-9-8","(1, 8, 0, 14, 9, 8)",60,60,0.27149321,163532,0.272553,62.2769,49.1287,38.7421,30.5371
baseline,Baseline: deal 3 / deal 2+1 (no discard),3,10000000,20260926,Point total (Tam),"8 points, A-5-2","(1, 8, 0, 14, 5, 2)",60,60,0.27149321,162632,0.271053,60.9245,47.5702,37.1611,29.0496
baseline,Baseline: deal 3 / deal 2+1 (no discard),3,10000000,20260926,Point total (Tam),"8 points, A-4-3","(1, 8, 0, 14, 4, 3)",60,60,0.27149321,162395,0.270658,60.7859,47.3572,36.8915,28.754
baseline,Baseline: deal 3 / deal 2+1 (no discard),3,10000000,20260926,Point total (Tam),"8 points, K-Q-8","(1, 8, 0, 13, 12, 8)",60,60,0.27149321,162558,0.27093,60.7681,47.3572,36.9098,28.7823
baseline,Baseline: deal 3 / deal 2+1 (no discard),3,10000000,20260926,Point total (Tam),"8 points, K-J-8","(1, 8, 0, 13, 11, 8)",60,60,0.27149321,162756,0.27126,60.4012,46.9355,36.4703,28.3338
baseline,Baseline: deal 3 / deal 2+1 (no discard),3,10000000,20260926,Point total (Tam),"8 points, K-10-8","(1, 8, 0, 13, 10, 8)",60,60,0.27149321,162840,0.2714,59.7595,46.1688,35.6592,27.5418
baseline,Baseline: deal 3 / deal 2+1 (no discard),3,10000000,20260926,Point total (Tam),"8 points, K-6-2","(1, 8, 0, 13, 6, 2)",60,60,0.27149321,163025,0.271708,58.9164,45.2326,34.7315,26.6695
baseline,Baseline: deal 3 / deal 2+1 (no discard),3,10000000,20260926,Point total (Tam),"8 points, K-5-3","(1, 8, 0, 13, 5, 3)",60,60,0.27149321,162832,0.271387,58.6513,44.8996,34.3585,26.2731
baseline,Baseline: deal 3 / deal 2+1 (no discard),3,10000000,20260926,Point total (Tam),"8 points, Q-J-8","(1, 8, 0, 12, 11, 8)",60,60,0.27149321,162977,0.271628,58.7671,45.0524,34.5369,26.4737
baseline,Baseline: deal 3 / deal 2+1 (no discard),3,10000000,20260926,Point total (Tam),"8 points, Q-10-8","(1, 8, 0, 12, 10, 8)",60,60,0.27149321,162935,0.271558,58.2474,44.4826,33.988,25.9858
baseline,Baseline: deal 3 / deal 2+1 (no discard),3,10000000,20260926,Point total (Tam),"8 points, Q-6-2","(1, 8, 0, 12, 6, 2)",60,60,0.27149321,162712,0.271187,57.2772,43.2842,32.6726,24.6349
baseline,Baseline: deal 3 / deal 2+1 (no discard),3,10000000,20260926,Point total (Tam),"8 points, Q-5-3","(1, 8, 0, 12, 5, 3)",60,60,0.27149321,163062,0.27177,57.0065,43.0282,32.4756,24.5103
baseline,Baseline: deal 3 / deal 2+1 (no discard),3,10000000,20260926,Point total (Tam),"8 points, J-10-8","(1, 8, 0, 11, 10, 8)",60,60,0.27149321,162329,0.270548,56.9287,42.9712,32.4398,24.4861
baseline,Baseline: deal 3 / deal 2+1 (no discard),3,10000000,20260926,Point total (Tam),"8 points, J-6-2","(1, 8, 0, 11, 6, 2)",60,60,0.27149321,163377,0.272295,55.8326,41.7301,31.1852,23.2934
baseline,Baseline: deal 3 / deal 2+1 (no discard),3,10000000,20260926,Point total (Tam),"8 points, J-5-3","(1, 8, 0, 11, 5, 3)",60,60,0.27149321,162961,0.271602,55.5162,41.343,30.7816,22.9214
baseline,Baseline: deal 3 / deal 2+1 (no discard),3,10000000,20260926,Point total (Tam),"8 points, 10-6-2","(1, 8, 0, 10, 6, 2)",60,60,0.27149321,162950,0.271583,54.6836,40.4082,29.8472,22.0442
baseline,Baseline: deal 3 / deal 2+1 (no discard),3,10000000,20260926,Point total (Tam),"8 points, 10-5-3","(1, 8, 0, 10, 5, 3)",60,60,0.27149321,162947,0.271578,54.4939,40.2125,29.6636,21.8752
baseline,Baseline: deal 3 / deal 2+1 (no discard),3,10000000,20260926,Point total (Tam),"8 points, 9-7-2","(1, 8, 0, 9, 7, 2)",60,60,0.27149321,163305,0.272175,54.3429,40.0401,29.481,21.6815
baseline,Baseline: deal 3 / deal 2+1 (no discard),3,10000000,20260926,Point total (Tam),"8 points, 9-6-3","(1, 8, 0, 9, 6, 3)",60,60,0.27149321,162410,0.270683,53.9605,39.6498,29.1292,21.3854
baseline,Baseline: deal 3 / deal 2+1 (no discard),3,10000000,20260926,Point total (Tam),"8 points, 9-5-4","(1, 8, 0, 9, 5, 4)",60,60,0.27149321,162695,0.271158,53.6034,39.2152,28.6729,20.9607
baseline,Baseline: deal 3 / deal 2+1 (no discard),3,10000000,20260926,Point total (Tam),"8 points, 8-7-3","(1, 8, 0, 8, 7, 3)",60,60,0.27149321,162765,0.271275,53.5616,39.1472,28.5688,20.7975
baseline,Baseline: deal 3 / deal 2+1 (no discard),3,10000000,20260926,Point total (Tam),"8 points, 8-6-4","(1, 8, 0, 8, 6, 4)",60,60,0.27149321,162463,0.270772,53.1743,38.7653,28.2507,20.5727
baseline,Baseline: deal 3 / deal 2+1 (no discard),3,10000000,20260926,Point total (Tam),"7 points, pair A, kicker 5","(1, 7, 1, 14, 5)",24,24,0.10859729,65386,0.108977,52.7146,38.2869,27.8145,20.2306
baseline,Baseline: deal 3 / deal 2+1 (no discard),3,10000000,20260926,Point total (Tam),"7 points, pair K, kicker 7","(1, 7, 1, 13, 7)",24,24,0.10859729,65564,0.109273,53.0666,38.65,28.1166,20.403
baseline,Baseline: deal 3 / deal 2+1 (no discard),3,10000000,20260926,Point total (Tam),"7 points, pair Q, kicker 7","(1, 7, 1, 12, 7)",24,24,0.10859729,64742,0.107903,52.9513,38.4869,27.9216,20.1863
baseline,Baseline: deal 3 / deal 2+1 (no discard),3,10000000,20260926,Point total (Tam),"7 points, pair J, kicker 7","(1, 7, 1, 11, 7)",24,24,0.10859729,65011,0.108352,52.4914,38.0677,27.6116,20.0212
baseline,Baseline: deal 3 / deal 2+1 (no discard),3,10000000,20260926,Point total (Tam),"7 points, pair 10, kicker 7","(1, 7, 1, 10, 7)",24,24,0.10859729,65058,0.10843,51.9713,37.545,27.1764,19.704
baseline,Baseline: deal 3 / deal 2+1 (no discard),3,10000000,20260926,Point total (Tam),"7 points, pair 8, kicker A","(1, 7, 1, 8, 14)",24,24,0.10859729,65655,0.109425,52.8482,38.4286,27.9439,20.3168
baseline,Baseline: deal 3 / deal 2+1 (no discard),3,10000000,20260926,Point total (Tam),"7 points, pair 7, kicker 3","(1, 7, 1, 7, 3)",24,24,0.10859729,64993,0.108322,51.8176,37.3056,26.8555,19.339
baseline,Baseline: deal 3 / deal 2+1 (no discard),3,10000000,20260926,Point total (Tam),"7 points, pair 6, kicker 5","(1, 7, 1, 6, 5)",24,24,0.10859729,65349,0.108915,51.2185,36.6189,26.1562,18.6675
baseline,Baseline: deal 3 / deal 2+1 (no discard),3,10000000,20260926,Point total (Tam),"7 points, pair 5, kicker 7","(1, 7, 1, 5, 7)",24,24,0.10859729,65057,0.108428,51.4747,36.8964,26.4165,18.8742
baseline,Baseline: deal 3 / deal 2+1 (no discard),3,10000000,20260926,Point total (Tam),"7 points, pair 4, kicker 9","(1, 7, 1, 4, 9)",24,24,0.10859729,65077,0.108462,51.111,36.5129,26.0919,18.6687
baseline,Baseline: deal 3 / deal 2+1 (no discard),3,10000000,20260926,Point total (Tam),"7 points, pair 3, kicker A","(1, 7, 1, 3, 14)",24,24,0.10859729,64999,0.108332,50.7925,36.2115,25.8315,18.4403
baseline,Baseline: deal 3 / deal 2+1 (no discard),3,10000000,20260926,Point total (Tam),"7 points, pair 2, kicker 3","(1, 7, 1, 2, 3)",24,24,0.10859729,64931,0.108218,50.3228,35.674,25.2908,17.9544
baseline,Baseline: deal 3 / deal 2+1 (no discard),3,10000000,20260926,Point total (Tam),"7 points, A-K-6","(1, 7, 0, 14, 13, 6)",60,60,0.27149321,162585,0.270975,50.7239,36.1266,25.7235,18.3012
baseline,Baseline: deal 3 / deal 2+1 (no discard),3,10000000,20260926,Point total (Tam),"7 points, A-Q-6","(1, 7, 0, 14, 12, 6)",60,60,0.27149321,163294,0.272157,50.7425,36.1487,25.7564,18.3516
baseline,Baseline: deal 3 / deal 2+1 (no discard),3,10000000,20260926,Point total (Tam),"7 points, A-J-6","(1, 7, 0, 14, 11, 6)",60,60,0.27149321,162605,0.271008,50.2911,35.6559,25.2824,17.9293
baseline,Baseline: deal 3 / deal 2+1 (no discard),3,10000000,20260926,Point total (Tam),"7 points, A-10-6","(1, 7, 0, 14, 10, 6)",60,60,0.27149321,163754,0.272923,49.7164,35.0603,24.7471,17.4958
baseline,Baseline: deal 3 / deal 2+1 (no discard),3,10000000,20260926,Point total (Tam),"7 points, A-9-7","(1, 7, 0, 14, 9, 7)",60,60,0.27149321,162584,0.270973,49.7436,35.0864,24.7376,17.4279
baseline,Baseline: deal 3 / deal 2+1 (no discard),3,10000000,20260926,Point total (Tam),"7 points, A-4-2","(1, 7, 0, 14, 4, 2)",60,60,0.27149321,163553,0.272588,48.7019,33.9815,23.7014,16.5188
baseline,Baseline: deal 3 / deal 2+1 (no discard),3,10000000,20260926,Point total (Tam),"7 points, K-Q-7","(1, 7, 0, 13, 12, 7)",60,60,0.27149321,162404,0.270673,48.7389,34.0275,23.7616,16.5987
baseline,Baseline: deal 3 / deal 2+1 (no discard),3,10000000,20260926,Point total (Tam),"7 points, K-J-7","(1, 7, 0, 13, 11, 7)",60,60,0.27149321,163157,0.271928,48.4691,33.7688,23.5491,16.4394
baseline,Baseline: deal 3 / deal 2+1 (no discard),3,10000000,20260926,Point total (Tam),"7 points, K-10-7","(1, 7, 0, 13, 10, 7)",60,60,0.27149321,163331,0.272218,47.9657,33.2059,22.9964,15.9559
baseline,Baseline: deal 3 / deal 2+1 (no discard),3,10000000,20260926,Point total (Tam),"7 points, K-9-8","(1, 7, 0, 13, 9, 8)",60,60,0.27149321,162447,0.270745,47.9571,33.2002,22.9792,15.9036
baseline,Baseline: deal 3 / deal 2+1 (no discard),3,10000000,20260926,Point total (Tam),"7 points, K-5-2","(1, 7, 0, 13, 5, 2)",60,60,0.27149321,162773,0.271288,46.7228,31.9324,21.8308,14.9441
baseline,Baseline: deal 3 / deal 2+1 (no discard),3,10000000,20260926,Point total (Tam),"7 points, K-4-3","(1, 7, 0, 13, 4, 3)",60,60,0.27149321,162421,0.270702,46.4635,31.6646,21.5928,14.7579
baseline,Baseline: deal 3 / deal 2+1 (no discard),3,10000000,20260926,Point total (Tam),"7 points, Q-J-7","(1, 7, 0, 12, 11, 7)",60,60,0.27149321,163115,0.271858,46.6113,31.8251,21.7255,14.8178
baseline,Baseline: deal 3 / deal 2+1 (no discard),3,10000000,20260926,Point total (Tam),"7 points, Q-10-7","(1, 7, 0, 12, 10, 7)",60,60,0.27149321,163207,0.272012,46.1585,31.3792,21.3474,14.5398
baseline,Baseline: deal 3 / deal 2+1 (no discard),3,10000000,20260926,Point total (Tam),"7 points, Q-9-8","(1, 7, 0, 12, 9, 8)",60,60,0.27149321,163960,0.273267,46.1052,31.2949,21.2273,14.3761
baseline,Baseline: deal 3 / deal 2+1 (no discard),3,10000000,20260926,Point total (Tam),"7 points, Q-5-2","(1, 7, 0, 12, 5, 2)",60,60,0.27149321,163466,0.272443,44.7852,29.9293,19.9639,13.2694
baseline,Baseline: deal 3 / deal 2+1 (no discard),3,10000000,20260926,Point total (Tam),"7 points, Q-4-3","(1, 7, 0, 12, 4, 3)",60,60,0.27149321,163674,0.27279,44.6343,29.8294,19.9322,13.3033
baseline,Baseline: deal 3 / deal 2+1 (no discard),3,10000000,20260926,Point total (Tam),"7 points, J-10-7","(1, 7, 0, 11, 10, 7)",60,60,0.27149321,163387,0.272312,44.4415,29.6162,19.7343,13.1553
baseline,Baseline: deal 3 / deal 2+1 (no discard),3,10000000,20260926,Point total (Tam),"7 points, J-9-8","(1, 7, 0, 11, 9, 8)",60,60,0.27149321,162754,0.271257,44.4396,29.6015,19.7241,13.145
baseline,Baseline: deal 3 / deal 2+1 (no discard),3,10000000,20260926,Point total (Tam),"7 points, J-5-2","(1, 7, 0, 11, 5, 2)",60,60,0.27149321,162918,0.27153,43.3872,28.5624,18.7876,12.3338
baseline,Baseline: deal 3 / deal 2+1 (no discard),3,10000000,20260926,Point total (Tam),"7 points, J-4-3","(1, 7, 0, 11, 4, 3)",60,60,0.27149321,162783,0.271305,42.9224,28.134,18.4444,12.0995
baseline,Baseline: deal 3 / deal 2+1 (no discard),3,10000000,20260926,Point total (Tam),"7 points, 10-5-2","(1, 7, 0, 10, 5, 2)",60,60,0.27149321,163632,0.27272,42.293,27.4934,17.8613,11.5937
baseline,Baseline: deal 3 / deal 2+1 (no discard),3,10000000,20260926,Point total (Tam),"7 points, 10-4-3","(1, 7, 0, 10, 4, 3)",60,60,0.27149321,162137,0.270228,41.7768,26.9914,17.4375,11.2633
baseline,Baseline: deal 3 / deal 2+1 (no discard),3,10000000,20260926,Point total (Tam),"7 points, 9-6-2","(1, 7, 0, 9, 6, 2)",60,60,0.27149321,162581,0.270968,41.9264,27.1648,17.6102,11.4294
baseline,Baseline: deal 3 / deal 2+1 (no discard),3,10000000,20260926,Point total (Tam),"7 points, 9-5-3","(1, 7, 0, 9, 5, 3)",60,60,0.27149321,162676,0.271127,41.6163,26.8395,17.3134,11.1658
baseline,Baseline: deal 3 / deal 2+1 (no discard),3,10000000,20260926,Point total (Tam),"7 points, 8-7-2","(1, 7, 0, 8, 7, 2)",60,60,0.27149321,163132,0.271887,41.7647,26.9703,17.3901,11.1873
baseline,Baseline: deal 3 / deal 2+1 (no discard),3,10000000,20260926,Point total (Tam),"7 points, 8-6-3","(1, 7, 0, 8, 6, 3)",60,60,0.27149321,162569,0.270948,41.0746,26.3149,16.8484,10.7733
baseline,Baseline: deal 3 / deal 2+1 (no discard),3,10000000,20260926,Point total (Tam),"7 points, 8-5-4","(1, 7, 0, 8, 5, 4)",60,60,0.27149321,162944,0.271573,40.6765,25.9312,16.524,10.5226
baseline,Baseline: deal 3 / deal 2+1 (no discard),3,10000000,20260926,Point total (Tam),"7 points, 7-6-4","(1, 7, 0, 7, 6, 4)",60,60,0.27149321,162462,0.27077,40.46,25.7557,16.4085,10.448
baseline,Baseline: deal 3 / deal 2+1 (no discard),3,10000000,20260926,Point total (Tam),"6 points, pair A, kicker 4","(1, 6, 1, 14, 4)",24,24,0.10859729,65195,0.108658,39.9793,25.2421,15.9172,10.0514
baseline,Baseline: deal 3 / deal 2+1 (no discard),3,10000000,20260926,Point total (Tam),"6 points, pair K, kicker 6","(1, 6, 1, 13, 6)",24,24,0.10859729,65459,0.109098,40.3731,25.6493,16.3024,10.3592
baseline,Baseline: deal 3 / deal 2+1 (no discard),3,10000000,20260926,Point total (Tam),"6 points, pair Q, kicker 6","(1, 6, 1, 12, 6)",24,24,0.10859729,65118,0.10853,40.6212,25.8885,16.487,10.4856
baseline,Baseline: deal 3 / deal 2+1 (no discard),3,10000000,20260926,Point total (Tam),"6 points, pair J, kicker 6","(1, 6, 1, 11, 6)",24,24,0.10859729,65133,0.108555,40.1211,25.4092,16.1018,10.2437
baseline,Baseline: deal 3 / deal 2+1 (no discard),3,10000000,20260926,Point total (Tam),"6 points, pair 10, kicker 6","(1, 6, 1, 10, 6)",24,24,0.10859729,64813,0.108022,39.2546,24.6002,15.4142,9.6539
baseline,Baseline: deal 3 / deal 2+1 (no discard),3,10000000,20260926,Point total (Tam),"6 points, pair 9, kicker 8","(1, 6, 1, 9, 8)",24,24,0.10859729,65411,0.109018,39.8384,25.1366,15.8625,10.0381
baseline,Baseline: deal 3 / deal 2+1 (no discard),3,10000000,20260926,Point total (Tam),"6 points, pair 8, kicker K","(1, 6, 1, 8, 13)",24,24,0.10859729,65107,0.108512,40.1256,25.4214,16.095,10.174
baseline,Baseline: deal 3 / deal 2+1 (no discard),3,10000000,20260926,Point total (Tam),"6 points, pair 8, kicker Q","(1, 6, 1, 8, 12)",24,24,0.10859729,64794,0.10799,40.2023,25.5266,16.2058,10.2911
baseline,Baseline: deal 3 / deal 2+1 (no discard),3,10000000,20260926,Point total (Tam),"6 points, pair 8, kicker J","(1, 6, 1, 8, 11)",24,24,0.10859729,65077,0.108462,40.1812,25.4629,16.1375,10.2586
baseline,Baseline: deal 3 / deal 2+1 (no discard),3,10000000,20260926,Point total (Tam),"6 points, pair 8, kicker 10","(1, 6, 1, 8, 10)",24,24,0.10859729,64923,0.108205,40.0134,25.3158,16.0177,10.1428
baseline,Baseline: deal 3 / deal 2+1 (no discard),3,10000000,20260926,Point total (Tam),"6 points, pair 7, kicker 2","(1, 6, 1, 7, 2)",24,24,0.10859729,65611,0.109352,39.1376,24.4773,15.3051,9.5777
baseline,Baseline: deal 3 / deal 2+1 (no discard),3,10000000,20260926,Point total (Tam),"6 points, pair 6, kicker 4","(1, 6, 1, 6, 4)",24,24,0.10859729,65363,0.108938,38.5492,23.9232,14.8803,9.3248
baseline,Baseline: deal 3 / deal 2+1 (no discard),3,10000000,20260926,Point total (Tam),"6 points, pair 5, kicker 6","(1, 6, 1, 5, 6)",24,24,0.10859729,64943,0.108238,38.4579,23.8532,14.792,9.1788
baseline,Baseline: deal 3 / deal 2+1 (no discard),3,10000000,20260926,Point total (Tam),"6 points, pair 4, kicker 8","(1, 6, 1, 4, 8)",24,24,0.10859729,65681,0.109468,38.7796,24.1368,15.0333,9.3832
baseline,Baseline: deal 3 / deal 2+1 (no discard),3,10000000,20260926,Point total (Tam),"6 points, pair 3, kicker K","(1, 6, 1, 3, 13)",24,24,0.10859729,65589,0.109315,37.9902,23.4076,14.4302,8.9146
baseline,Baseline: deal 3 / deal 2+1 (no discard),3,10000000,20260926,Point total (Tam),"6 points, pair 3, kicker Q","(1, 6, 1, 3, 12)",24,24,0.10859729,65149,0.108582,38.2027,23.6094,14.5727,8.9625
baseline,Baseline: deal 3 / deal 2+1 (no discard),3,10000000,20260926,Point total (Tam),"6 points, pair 3, kicker J","(1, 6, 1, 3, 11)",24,24,0.10859729,64987,0.108312,38.0765,23.4685,14.4601,8.9264
baseline,Baseline: deal 3 / deal 2+1 (no discard),3,10000000,20260926,Point total (Tam),"6 points, pair 3, kicker 10","(1, 6, 1, 3, 10)",24,24,0.10859729,65270,0.108783,37.5695,22.9818,14.0441,8.5966
baseline,Baseline: deal 3 / deal 2+1 (no discard),3,10000000,20260926,Point total (Tam),"6 points, A-K-5","(1, 6, 0, 14, 13, 5)",60,60,0.27149321,163154,0.271923,37.5948,23.0329,14.1177,8.6618
baseline,Baseline: deal 3 / deal 2+1 (no discard),3,10000000,20260926,Point total (Tam),"6 points, A-Q-5","(1, 6, 0, 14, 12, 5)",60,60,0.27149321,162088,0.270147,37.4161,22.8816,13.9885,8.5349
baseline,Baseline: deal 3 / deal 2+1 (no discard),3,10000000,20260926,Point total (Tam),"6 points, A-J-5","(1, 6, 0, 14, 11, 5)",60,60,0.27149321,162164,0.270273,37.2538,22.7588,13.9017,8.4914
baseline,Baseline: deal 3 / deal 2+1 (no discard),3,10000000,20260926,Point total (Tam),"6 points, A-10-5","(1, 6, 0, 14, 10, 5)",60,60,0.27149321,162406,0.270677,36.4125,21.9419,13.2059,7.9307
baseline,Baseline: deal 3 / deal 2+1 (no discard),3,10000000,20260926,Point total (Tam),"6 points, A-9-6","(1, 6, 0, 14, 9, 6)",60,60,0.27149321,162656,0.271093,36.4237,21.9847,13.2644,7.9972
baseline,Baseline: deal 3 / deal 2+1 (no discard),3,10000000,20260926,Point total (Tam),"6 points, A-8-7","(1, 6, 0, 14, 8, 7)",60,60,0.27149321,163140,0.2719,36.6629,22.2062,13.4659,8.1911
baseline,Baseline: deal 3 / deal 2+1 (no discard),3,10000000,20260926,Point total (Tam),"6 points, K-Q-6","(1, 6, 0, 13, 12, 6)",60,60,0.27149321,162667,0.271112,36.1084,21.7008,13.047,7.8455
baseline,Baseline: deal 3 / deal 2+1 (no discard),3,10000000,20260926,Point total (Tam),"6 points, K-J-6","(1, 6, 0, 13, 11, 6)",60,60,0.27149321,162891,0.271485,35.8314,21.458,12.8589,7.707
baseline,Baseline: deal 3 / deal 2+1 (no discard),3,10000000,20260926,Point total (Tam),"6 points, K-10-6","(1, 6, 0, 13, 10, 6)",60,60,0.27149321,162901,0.271502,35.3057,20.9562,12.4345,7.375
baseline,Baseline: deal 3 / deal 2+1 (no discard),3,10000000,20260926,Point total (Tam),"6 points, K-9-7","(1, 6, 0, 13, 9, 7)",60,60,0.27149321,163129,0.271882,35.1201,20.7967,12.2985,7.2501
baseline,Baseline: deal 3 / deal 2+1 (no discard),3,10000000,20260926,Point total (Tam),"6 points, K-4-2","(1, 6, 0, 13, 4, 2)",60,60,0.27149321,162774,0.27129,33.9884,19.7842,11.5013,6.6712
baseline,Baseline: deal 3 / deal 2+1 (no discard),3,10000000,20260926,Point total (Tam),"6 points, Q-J-6","(1, 6, 0, 12, 11, 6)",60,60,0.27149321,162066,0.27011,34.4761,20.2226,11.8365,6.9095
baseline,Baseline: deal 3 / deal 2+1 (no discard),3,10000000,20260926,Point total (Tam),"6 points, Q-10-6","(1, 6, 0, 12, 10, 6)",60,60,0.27149321,162702,0.27117,34.0687,19.886,11.623,6.8217
baseline,Baseline: deal 3 / deal 2+1 (no discard),3,10000000,20260926,Point total (Tam),"6 points, Q-9-7","(1, 6, 0, 12, 9, 7)",60,60,0.27149321,162596,0.270993,33.7596,19.6043,11.3856,6.6121
baseline,Baseline: deal 3 / deal 2+1 (no discard),3,10000000,20260926,Point total (Tam),"6 points, Q-4-2","(1, 6, 0, 12, 4, 2)",60,60,0.27149321,162371,0.270618,32.7752,18.721,10.6753,6.0824
baseline,Baseline: deal 3 / deal 2+1 (no discard),3,10000000,20260926,Point total (Tam),"6 points, J-10-6","(1, 6, 0, 11, 10, 6)",60,60,0.27149321,162743,0.271238,32.8536,18.8198,10.7804,6.1723
baseline,Baseline: deal 3 / deal 2+1 (no discard),3,10000000,20260926,Point total (Tam),"6 points, J-9-7","(1, 6, 0, 11, 9, 7)",60,60,0.27149321,163182,0.27197,32.7146,18.7179,10.7144,6.1471
baseline,Baseline: deal 3 / deal 2+1 (no discard),3,10000000,20260926,Point total (Tam),"6 points, J-4-2","(1, 6, 0, 11, 4, 2)",60,60,0.27149321,162314,0.270523,31.8597,17.9884,10.1571,5.7401
baseline,Baseline: deal 3 / deal 2+1 (no discard),3,10000000,20260926,Point total (Tam),"6 points, 10-9-7","(1, 6, 0, 10, 9, 7)",60,60,0.27149321,162750,0.27125,31.9214,18.0193,10.1606,5.721
baseline,Baseline: deal 3 / deal 2+1 (no discard),3,10000000,20260926,Point total (Tam),"6 points, 10-4-2","(1, 6, 0, 10, 4, 2)",60,60,0.27149321,162724,0.271207,30.9283,17.1617,9.4987,5.2402
baseline,Baseline: deal 3 / deal 2+1 (no discard),3,10000000,20260926,Point total (Tam),"6 points, 9-5-2","(1, 6, 0, 9, 5, 2)",60,60,0.27149321,162378,0.27063,30.8409,17.1065,9.479,5.2655
baseline,Baseline: deal 3 / deal 2+1 (no discard),3,10000000,20260926,Point total (Tam),"6 points, 9-4-3","(1, 6, 0, 9, 4, 3)",60,60,0.27149321,163072,0.271787,30.4613,16.8151,9.2852,5.1211
baseline,Baseline: deal 3 / deal 2+1 (no discard),3,10000000,20260926,Point total (Tam),"6 points, 8-6-2","(1, 6, 0, 8, 6, 2)",60,60,0.27149321,162929,0.271548,30.9325,17.2573,9.6606,5.4257
baseline,Baseline: deal 3 / deal 2+1 (no discard),3,10000000,20260926,Point total (Tam),"6 points, 8-5-3","(1, 6, 0, 8, 5, 3)",60,60,0.27149321,163238,0.272063,30.0961,16.515,9.0748,4.9798
baseline,Baseline: deal 3 / deal 2+1 (no discard),3,10000000,20260926,Point total (Tam),"6 points, 7-6-3","(1, 6, 0, 7, 6, 3)",60,60,0.27149321,163012,0.271687,30.2691,16.6436,9.1504,5.0242
baseline,Baseline: deal 3 / deal 2+1 (no discard),3,10000000,20260926,Point total (Tam),"6 points, 7-5-4","(1, 6, 0, 7, 5, 4)",60,60,0.27149321,162690,0.27115,29.8173,16.285,8.8983,4.8583
baseline,Baseline: deal 3 / deal 2+1 (no discard),3,10000000,20260926,Point total (Tam),"5 points, pair A, kicker 3","(1, 5, 1, 14, 3)",24,24,0.10859729,65321,0.108868,29.3187,15.843,8.5348,4.5621
baseline,Baseline: deal 3 / deal 2+1 (no discard),3,10000000,20260926,Point total (Tam),"5 points, pair K, kicker 5","(1, 5, 1, 13, 5)",24,24,0.10859729,65317,0.108862,29.7426,16.2471,8.8721,4.818
baseline,Baseline: deal 3 / deal 2+1 (no discard),3,10000000,20260926,Point total (Tam),"5 points, pair Q, kicker 5","(1, 5, 1, 12, 5)",24,24,0.10859729,64980,0.1083,29.7439,16.2201,8.8501,4.8415
baseline,Baseline: deal 3 / deal 2+1 (no discard),3,10000000,20260926,Point total (Tam),"5 points, pair J, kicker 5","(1, 5, 1, 11, 5)",24,24,0.10859729,65223,0.108705,29.5899,16.1201,8.7892,4.7775
baseline,Baseline: deal 3 / deal 2+1 (no discard),3,10000000,20260926,Point total (Tam),"5 points, pair 10, kicker 5","(1, 5, 1, 10, 5)",24,24,0.10859729,64656,0.10776,28.6935,15.3537,8.2009,4.3708
baseline,Baseline: deal 3 / deal 2+1 (no discard),3,10000000,20260926,Point total (Tam),"5 points, pair 9, kicker 7","(1, 5, 1, 9, 7)",24,24,0.10859729,65387,0.108978,29.4893,16.0173,8.7155,4.7701
baseline,Baseline: deal 3 / deal 2+1 (no discard),3,10000000,20260926,Point total (Tam),"5 points, pair 8, kicker 9","(1, 5, 1, 8, 9)",24,24,0.10859729,65023,0.108372,29.532,16.0216,8.6686,4.6922
baseline,Baseline: deal 3 / deal 2+1 (no discard),3,10000000,20260926,Point total (Tam),"5 points, pair 7, kicker A","(1, 5, 1, 7, 14)",24,24,0.10859729,64882,0.108137,29.2335,15.8653,8.6539,4.7486
baseline,Baseline: deal 3 / deal 2+1 (no discard),3,10000000,20260926,Point total (Tam),"5 points, pair 6, kicker 3","(1, 5, 1, 6, 3)",24,24,0.10859729,65124,0.10854,28.6907,15.3363,8.177,4.3425
baseline,Baseline: deal 3 / deal 2+1 (no discard),3,10000000,20260926,Point total (Tam),"5 points, pair 4, kicker 7","(1, 5, 1, 4, 7)",24,24,0.10859729,64558,0.107597,28.4803,15.1761,8.0672,4.269
baseline,Baseline: deal 3 / deal 2+1 (no discard),3,10000000,20260926,Point total (Tam),"5 points, pair 3, kicker 9","(1, 5, 1, 3, 9)",24,24,0.10859729,64437,0.107395,28.2063,14.9801,7.9948,4.3034
baseline,Baseline: deal 3 / deal 2+1 (no discard),3,10000000,20260926,Point total (Tam),"5 points, pair 2, kicker A","(1, 5, 1, 2, 14)",24,24,0.10859729,64917,0.108195,27.7602,14.621,7.6997,4.0544
baseline,Baseline: deal 3 / deal 2+1 (no discard),3,10000000,20260926,Point total (Tam),"5 points, A-K-4","(1, 5, 0, 14, 13, 4)",60,60,0.27149321,162855,0.271425,28.0349,14.829,7.8225,4.0975
baseline,Baseline: deal 3 / deal 2+1 (no discard),3,10000000,20260926,Point total (Tam),"5 points, A-Q-4","(1, 5, 0, 14, 12, 4)",60,60,0.27149321,163425,0.272375,27.9281,14.7492,7.7922,4.1089
baseline,Baseline: deal 3 / deal 2+1 (no discard),3,10000000,20260926,Point total (Tam),"5 points, A-J-4","(1, 5, 0, 14, 11, 4)",60,60,0.27149321,163604,0.272673,27.7029,14.5655,7.6496,4.0152
baseline,Baseline: deal 3 / deal 2+1 (no discard),3,10000000,20260926,Point total (Tam),"5 points, A-10-4","(1, 5, 0, 14, 10, 4)",60,60,0.27149321,163507,0.272512,27.1643,14.156,7.3799,3.8567
baseline,Baseline: deal 3 / deal 2+1 (no discard),3,10000000,20260926,Point total (Tam),"5 points, A-9-5","(1, 5, 0, 14, 9, 5)",60,60,0.27149321,163392,0.27232,27.1939,14.1799,7.3827,3.816
baseline,Baseline: deal 3 / deal 2+1 (no discard),3,10000000,20260926,Point total (Tam),"5 points, A-8-6","(1, 5, 0, 14, 8, 6)",60,60,0.27149321,162780,0.2713,27.1178,14.1309,7.3819,3.8813
baseline,Baseline: deal 3 / deal 2+1 (no discard),3,10000000,20260926,Point total (Tam),"5 points, K-Q-5","(1, 5, 0, 13, 12, 5)",60,60,0.27149321,163388,0.272313,26.5673,13.6808,7.0381,3.6129
baseline,Baseline: deal 3 / deal 2+1 (no discard),3,10000000,20260926,Point total (Tam),"5 points, K-J-5","(1, 5, 0, 13, 11, 5)",60,60,0.27149321,162538,0.270897,26.332,13.5131,6.9341,3.5499
baseline,Baseline: deal 3 / deal 2+1 (no discard),3,10000000,20260926,Point total (Tam),"5 points, K-10-5","(1, 5, 0, 13, 10, 5)",60,60,0.27149321,162831,0.271385,25.9209,13.2004,6.7125,3.3955
baseline,Baseline: deal 3 / deal 2+1 (no discard),3,10000000,20260926,Point total (Tam),"5 points, K-9-6","(1, 5, 0, 13, 9, 6)",60,60,0.27149321,162940,0.271567,26.1288,13.3852,6.8601,3.5087
baseline,Baseline: deal 3 / deal 2+1 (no discard),3,10000000,20260926,Point total (Tam),"5 points, K-8-7","(1, 5, 0, 13, 8, 7)",60,60,0.27149321,162734,0.271223,25.7355,13.0542,6.6236,3.3736
baseline,Baseline: deal 3 / deal 2+1 (no discard),3,10000000,20260926,Point total (Tam),"5 points, K-3-2","(1, 5, 0, 13, 3, 2)",60,60,0.27149321,162831,0.271385,24.6763,12.248,6.0782,3.0215
baseline,Baseline: deal 3 / deal 2+1 (no discard),3,10000000,20260926,Point total (Tam),"5 points, Q-J-5","(1, 5, 0, 12, 11, 5)",60,60,0.27149321,162756,0.27126,24.9531,12.4141,6.1384,3.0039
baseline,Baseline: deal 3 / deal 2+1 (no discard),3,10000000,20260926,Point total (Tam),"5 points, Q-10-5","(1, 5, 0, 12, 10, 5)",60,60,0.27149321,162437,0.270728,24.5581,12.1624,6.0188,2.9815
baseline,Baseline: deal 3 / deal 2+1 (no discard),3,10000000,20260926,Point total (Tam),"5 points, Q-9-6","(1, 5, 0, 12, 9, 6)",60,60,0.27149321,162886,0.271477,24.6372,12.2047,6.035,2.9806
baseline,Baseline: deal 3 / deal 2+1 (no discard),3,10000000,20260926,Point total (Tam),"5 points, Q-8-7","(1, 5, 0, 12, 8, 7)",60,60,0.27149321,162416,0.270693,24.4414,12.0753,5.9686,2.9529
baseline,Baseline: deal 3 / deal 2+1 (no discard),3,10000000,20260926,Point total (Tam),"5 points, Q-3-2","(1, 5, 0, 12, 3, 2)",60,60,0.27149321,163163,0.271938,23.2672,11.2082,5.385,2.5717
baseline,Baseline: deal 3 / deal 2+1 (no discard),3,10000000,20260926,Point total (Tam),"5 points, J-10-5","(1, 5, 0, 11, 10, 5)",60,60,0.27149321,162334,0.270557,23.4218,11.321,5.4638,2.6365
baseline,Baseline: deal 3 / deal 2+1 (no discard),3,10000000,20260926,Point total (Tam),"5 points, J-9-6","(1, 5, 0, 11, 9, 6)",60,60,0.27149321,163770,0.27295,23.3778,11.3165,5.4969,2.6983
baseline,Baseline: deal 3 / deal 2+1 (no discard),3,10000000,20260926,Point total (Tam),"5 points, J-8-7","(1, 5, 0, 11, 8, 7)",60,60,0.27149321,163140,0.2719,23.2292,11.1656,5.3825,2.6345
baseline,Baseline: deal 3 / deal 2+1 (no discard),3,10000000,20260926,Point total (Tam),"5 points, J-3-2","(1, 5, 0, 11, 3, 2)",60,60,0.27149321,162999,0.271665,22.0679,10.3547,4.8568,2.2767
baseline,Baseline: deal 3 / deal 2+1 (no discard),3,10000000,20260926,Point total (Tam),"5 points, 10-9-6","(1, 5, 0, 10, 9, 6)",60,60,0.27149321,163212,0.27202,22.311,10.5356,4.9839,2.3736
baseline,Baseline: deal 3 / deal 2+1 (no discard),3,10000000,20260926,Point total (Tam),"5 points, 10-8-7","(1, 5, 0, 10, 8, 7)",60,60,0.27149321,162435,0.270725,22.1683,10.4317,4.905,2.3086
baseline,Baseline: deal 3 / deal 2+1 (no discard),3,10000000,20260926,Point total (Tam),"5 points, 10-3-2","(1, 5, 0, 10, 3, 2)",60,60,0.27149321,162867,0.271445,21.0534,9.6335,4.3887,1.9863
baseline,Baseline: deal 3 / deal 2+1 (no discard),3,10000000,20260926,Point total (Tam),"5 points, 9-4-2","(1, 5, 0, 9, 4, 2)",60,60,0.27149321,163096,0.271827,21.2356,9.7543,4.4663,2.0221
baseline,Baseline: deal 3 / deal 2+1 (no discard),3,10000000,20260926,Point total (Tam),"5 points, 8-5-2","(1, 5, 0, 8, 5, 2)",60,60,0.27149321,163156,0.271927,21.3684,9.8964,4.5961,2.1599
baseline,Baseline: deal 3 / deal 2+1 (no discard),3,10000000,20260926,Point total (Tam),"5 points, 8-4-3","(1, 5, 0, 8, 4, 3)",60,60,0.27149321,162011,0.270018,20.8484,9.5097,4.3242,1.9474
baseline,Baseline: deal 3 / deal 2+1 (no discard),3,10000000,20260926,Point total (Tam),"5 points, 7-6-2","(1, 5, 0, 7, 6, 2)",60,60,0.27149321,163183,0.271972,20.8254,9.5226,4.3682,2.0063
baseline,Baseline: deal 3 / deal 2+1 (no discard),3,10000000,20260926,Point total (Tam),"5 points, 7-5-3","(1, 5, 0, 7, 5, 3)",60,60,0.27149321,162717,0.271195,20.6746,9.4035,4.2813,1.9574
baseline,Baseline: deal 3 / deal 2+1 (no discard),3,10000000,20260926,Point total (Tam),"4 points, pair A, kicker 2","(1, 4, 1, 14, 2)",24,24,0.10859729,65130,0.10855,20.1288,9.023,4.0611,1.8425
baseline,Baseline: deal 3 / deal 2+1 (no discard),3,10000000,20260926,Point total (Tam),"4 points, pair K, kicker 4","(1, 4, 1, 13, 4)",24,24,0.10859729,65586,0.10931,20.5728,9.3509,4.2585,1.9547
baseline,Baseline: deal 3 / deal 2+1 (no discard),3,10000000,20260926,Point total (Tam),"4 points, pair Q, kicker 4","(1, 4, 1, 12, 4)",24,24,0.10859729,65564,0.109273,20.6447,9.3663,4.2334,1.8913
baseline,Baseline: deal 3 / deal 2+1 (no discard),3,10000000,20260926,Point total (Tam),"4 points, pair J, kicker 4","(1, 4, 1, 11, 4)",24,24,0.10859729,65299,0.108832,20.321,9.1785,4.1639,1.9051
baseline,Baseline: deal 3 / deal 2+1 (no discard),3,10000000,20260926,Point total (Tam),"4 points, pair 10, kicker 4","(1, 4, 1, 10, 4)",24,24,0.10859729,65476,0.109127,19.6669,8.703,3.8472,1.7029
baseline,Baseline: deal 3 / deal 2+1 (no discard),3,10000000,20260926,Point total (Tam),"4 points, pair 9, kicker 6","(1, 4, 1, 9, 6)",24,24,0.10859729,65197,0.108662,20.1574,9.0501,4.0468,1.7777
baseline,Baseline: deal 3 / deal 2+1 (no discard),3,10000000,20260926,Point total (Tam),"4 points, pair 7, kicker K","(1, 4, 1, 7, 13)",24,24,0.10859729,64774,0.107957,20.5184,9.2972,4.2258,1.9591
baseline,Baseline: deal 3 / deal 2+1 (no discard),3,10000000,20260926,Point total (Tam),"4 points, pair 7, kicker Q","(1, 4, 1, 7, 12)",24,24,0.10859729,65408,0.109013,20.5117,9.2655,4.1481,1.8148
baseline,Baseline: deal 3 / deal 2+1 (no discard),3,10000000,20260926,Point total (Tam),"4 points, pair 7, kicker J","(1, 4, 1, 7, 11)",24,24,0.10859729,65463,0.109105,20.3642,9.183,4.1492,1.8988
baseline,Baseline: deal 3 / deal 2+1 (no discard),3,10000000,20260926,Point total (Tam),"4 points, pair 7, kicker 10","(1, 4, 1, 7, 10)",24,24,0.10859729,65429,0.109048,20.1395,9.0387,4.0713,1.8723
baseline,Baseline: deal 3 / deal 2+1 (no discard),3,10000000,20260926,Point total (Tam),"4 points, pair 6, kicker 2","(1, 4, 1, 6, 2)",24,24,0.10859729,64722,0.10787,19.4753,8.568,3.7638,1.6563
baseline,Baseline: deal 3 / deal 2+1 (no discard),3,10000000,20260926,Point total (Tam),"4 points, pair 5, kicker 4","(1, 4, 1, 5, 4)",24,24,0.10859729,65081,0.108468,19.388,8.4842,3.6856,1.5734
baseline,Baseline: deal 3 / deal 2+1 (no discard),3,10000000,20260926,Point total (Tam),"4 points, pair 4, kicker 6","(1, 4, 1, 4, 6)",24,24,0.10859729,65198,0.108663,19.3619,8.5006,3.7289,1.6166
baseline,Baseline: deal 3 / deal 2+1 (no discard),3,10000000,20260926,Point total (Tam),"4 points, pair 3, kicker 8","(1, 4, 1, 3, 8)",24,24,0.10859729,65044,0.108407,18.7249,8.0818,3.4838,1.499
baseline,Baseline: deal 3 / deal 2+1 (no discard),3,10000000,20260926,Point total (Tam),"4 points, pair 2, kicker K","(1, 4, 1, 2, 13)",24,24,0.10859729,65149,0.108582,18.7719,8.114,3.4822,1.4628
baseline,Baseline: deal 3 / deal 2+1 (no discard),3,10000000,20260926,Point total (Tam),"4 points, pair 2, kicker Q","(1, 4, 1, 2, 12)",24,24,0.10859729,65061,0.108435,18.911,8.2138,3.556,1.514
baseline,Baseline: deal 3 / deal 2+1 (no discard),3,10000000,20260926,Point total (Tam),"4 points, pair 2, kicker J","(1, 4, 1, 2, 11)",24,24,0.10859729,65033,0.108388,18.8946,8.2326,3.6102,1.5869
baseline,Baseline: deal 3 / deal 2+1 (no discard),3,10000000,20260926,Point total (Tam),"4 points, pair 2, kicker 10","(1, 4, 1, 2, 10)",24,24,0.10859729,65439,0.109065,18.5174,7.9641,3.424,1.4426
baseline,Baseline: deal 3 / deal 2+1 (no discard),3,10000000,20260926,Point total (Tam),"4 points, A-K-3","(1, 4, 0, 14, 13, 3)",60,60,0.27149321,162251,0.270418,18.3812,7.8763,3.366,1.4311
baseline,Baseline: deal 3 / deal 2+1 (no discard),3,10000000,20260926,Point total (Tam),"4 points, A-Q-3","(1, 4, 0, 14, 12, 3)",60,60,0.27149321,162476,0.270793,18.3084,7.8252,3.3454,1.4217
baseline,Baseline: deal 3 / deal 2+1 (no discard),3,10000000,20260926,Point total (Tam),"4 points, A-J-3","(1, 4, 0, 14, 11, 3)",60,60,0.27149321,162666,0.27111,18.1455,7.7141,3.2658,1.3592
baseline,Baseline: deal 3 / deal 2+1 (no discard),3,10000000,20260926,Point total (Tam),"4 points, A-10-3","(1, 4, 0, 14, 10, 3)",60,60,0.27149321,163249,0.272082,17.6116,7.3702,3.072,1.2766
baseline,Baseline: deal 3 / deal 2+1 (no discard),3,10000000,20260926,Point total (Tam),"4 points, A-9-4","(1, 4, 0, 14, 9, 4)",60,60,0.27149321,163095,0.271825,17.6564,7.3873,3.0791,1.2821
baseline,Baseline: deal 3 / deal 2+1 (no discard),3,10000000,20260926,Point total (Tam),"4 points, A-8-5","(1, 4, 0, 14, 8, 5)",60,60,0.27149321,162749,0.271248,17.6727,7.412,3.102,1.2989
baseline,Baseline: deal 3 / deal 2+1 (no discard),3,10000000,20260926,Point total (Tam),"4 points, A-7-6","(1, 4, 0, 14, 7, 6)",60,60,0.27149321,162451,0.270752,17.6635,7.4159,3.1122,1.3087
baseline,Baseline: deal 3 / deal 2+1 (no discard),3,10000000,20260926,Point total (Tam),"4 points, K-Q-4","(1, 4, 0, 13, 12, 4)",60,60,0.27149321,163800,0.273,17.2283,7.1748,3.006,1.2686
baseline,Baseline: deal 3 / deal 2+1 (no discard),3,10000000,20260926,Point total (Tam),"4 points, K-J-4","(1, 4, 0, 13, 11, 4)",60,60,0.27149321,163543,0.272572,16.9401,6.968,2.8777,1.2101
baseline,Baseline: deal 3 / deal 2+1 (no discard),3,10000000,20260926,Point total (Tam),"4 points, K-10-4","(1, 4, 0, 13, 10, 4)",60,60,0.27149321,162859,0.271432,16.542,6.726,2.74,1.1206
baseline,Baseline: deal 3 / deal 2+1 (no discard),3,10000000,20260926,Point total (Tam),"4 points, K-9-5","(1, 4, 0, 13, 9, 5)",60,60,0.27149321,162680,0.271133,16.5779,6.7408,2.7249,1.0776
baseline,Baseline: deal 3 / deal 2+1 (no discard),3,10000000,20260926,Point total (Tam),"4 points, K-8-6","(1, 4, 0, 13, 8, 6)",60,60,0.27149321,162104,0.270173,16.4815,6.6976,2.7155,1.0944
baseline,Baseline: deal 3 / deal 2+1 (no discard),3,10000000,20260926,Point total (Tam),"4 points, Q-J-4","(1, 4, 0, 12, 11, 4)",60,60,0.27149321,163143,0.271905,16.1133,6.477,2.6048,1.0433
baseline,Baseline: deal 3 / deal 2+1 (no discard),3,10000000,20260926,Point total (Tam),"4 points, Q-10-4","(1, 4, 0, 12, 10, 4)",60,60,0.27149321,163047,0.271745,15.7212,6.22,2.4603,0.9819
baseline,Baseline: deal 3 / deal 2+1 (no discard),3,10000000,20260926,Point total (Tam),"4 points, Q-9-5","(1, 4, 0, 12, 9, 5)",60,60,0.27149321,163130,0.271883,15.7484,6.242,2.4591,0.9502
baseline,Baseline: deal 3 / deal 2+1 (no discard),3,10000000,20260926,Point total (Tam),"4 points, Q-8-6","(1, 4, 0, 12, 8, 6)",60,60,0.27149321,162765,0.271275,15.5705,6.1521,2.4473,0.9836
baseline,Baseline: deal 3 / deal 2+1 (no discard),3,10000000,20260926,Point total (Tam),"4 points, J-10-4","(1, 4, 0, 11, 10, 4)",60,60,0.27149321,163237,0.272062,15.018,5.8033,2.2506,0.8809
baseline,Baseline: deal 3 / deal 2+1 (no discard),3,10000000,20260926,Point total (Tam),"4 points, J-9-5","(1, 4, 0, 11, 9, 5)",60,60,0.27149321,162954,0.27159,14.9918,5.8042,2.2317,0.8211
baseline,Baseline: deal 3 / deal 2+1 (no discard),3,10000000,20260926,Point total (Tam),"4 points, J-8-6","(1, 4, 0, 11, 8, 6)",60,60,0.27149321,163486,0.272477,14.9132,5.7563,2.2244,0.8667
baseline,Baseline: deal 3 / deal 2+1 (no discard),3,10000000,20260926,Point total (Tam),"4 points, 10-9-5","(1, 4, 0, 10, 9, 5)",60,60,0.27149321,163492,0.272487,14.3655,5.434,2.0351,0.7444
baseline,Baseline: deal 3 / deal 2+1 (no discard),3,10000000,20260926,Point total (Tam),"4 points, 10-8-6","(1, 4, 0, 10, 8, 6)",60,60,0.27149321,162380,0.270633,14.1482,5.3077,1.9845,0.7433
baseline,Baseline: deal 3 / deal 2+1 (no discard),3,10000000,20260926,Point total (Tam),"4 points, 9-3-2","(1, 4, 0, 9, 3, 2)",60,60,0.27149321,162603,0.271005,13.6641,5.0634,1.8901,0.7226
baseline,Baseline: deal 3 / deal 2+1 (no discard),3,10000000,20260926,Point total (Tam),"4 points, 8-4-2","(1, 4, 0, 8, 4, 2)",60,60,0.27149321,162062,0.270103,13.7501,5.0979,1.8904,0.6868
baseline,Baseline: deal 3 / deal 2+1 (no discard),3,10000000,20260926,Point total (Tam),"4 points, 7-5-2","(1, 4, 0, 7, 5, 2)",60,60,0.27149321,162544,0.270907,13.5203,4.9345,1.7793,0.6361
baseline,Baseline: deal 3 / deal 2+1 (no discard),3,10000000,20260926,Point total (Tam),"4 points, 7-4-3","(1, 4, 0, 7, 4, 3)",60,60,0.27149321,163245,0.272075,13.432,4.9204,1.794,0.6395
baseline,Baseline: deal 3 / deal 2+1 (no discard),3,10000000,20260926,Point total (Tam),"4 points, 6-5-3","(1, 4, 0, 6, 5, 3)",60,60,0.27149321,162878,0.271463,13.2596,4.8241,1.7667,0.6649
baseline,Baseline: deal 3 / deal 2+1 (no discard),3,10000000,20260926,Point total (Tam),"3 points, pair K, kicker 3","(1, 3, 1, 13, 3)",24,24,0.10859729,65406,0.10901,13.2492,4.8373,1.7564,0.6253
baseline,Baseline: deal 3 / deal 2+1 (no discard),3,10000000,20260926,Point total (Tam),"3 points, pair Q, kicker 3","(1, 3, 1, 12, 3)",24,24,0.10859729,64987,0.108312,13.3177,4.8888,1.805,0.6755
baseline,Baseline: deal 3 / deal 2+1 (no discard),3,10000000,20260926,Point total (Tam),"3 points, pair J, kicker 3","(1, 3, 1, 11, 3)",24,24,0.10859729,65300,0.108833,13.0819,4.7086,1.6931,0.6279
baseline,Baseline: deal 3 / deal 2+1 (no discard),3,10000000,20260926,Point total (Tam),"3 points, pair 10, kicker 3","(1, 3, 1, 10, 3)",24,24,0.10859729,64752,0.10792,12.8407,4.5906,1.6423,0.5869
baseline,Baseline: deal 3 / deal 2+1 (no discard),3,10000000,20260926,Point total (Tam),"3 points, pair 9, kicker 5","(1, 3, 1, 9, 5)",24,24,0.10859729,65511,0.109185,12.8955,4.6166,1.6504,0.577
baseline,Baseline: deal 3 / deal 2+1 (no discard),3,10000000,20260926,Point total (Tam),"3 points, pair 8, kicker 7","(1, 3, 1, 8, 7)",24,24,0.10859729,65245,0.108742,12.9406,4.6683,1.681,0.5993
baseline,Baseline: deal 3 / deal 2+1 (no discard),3,10000000,20260926,Point total (Tam),"3 points, pair 7, kicker 9","(1, 3, 1, 7, 9)",24,24,0.10859729,64790,0.107983,12.8521,4.6063,1.6543,0.5803
baseline,Baseline: deal 3 / deal 2+1 (no discard),3,10000000,20260926,Point total (Tam),"3 points, pair 6, kicker A","(1, 3, 1, 6, 14)",24,24,0.10859729,64954,0.108257,12.5909,4.4946,1.6141,0.5927
baseline,Baseline: deal 3 / deal 2+1 (no discard),3,10000000,20260926,Point total (Tam),"3 points, pair 5, kicker 3","(1, 3, 1, 5, 3)",24,24,0.10859729,65252,0.108753,12.6232,4.4953,1.6285,0.6161
baseline,Baseline: deal 3 / deal 2+1 (no discard),3,10000000,20260926,Point total (Tam),"3 points, pair 4, kicker 5","(1, 3, 1, 4, 5)",24,24,0.10859729,65403,0.109005,12.5052,4.3819,1.5012,0.4816
baseline,Baseline: deal 3 / deal 2+1 (no discard),3,10000000,20260926,Point total (Tam),"3 points, pair 3, kicker 7","(1, 3, 1, 3, 7)",24,24,0.10859729,65368,0.108947,12.2636,4.2658,1.4683,0.5094
baseline,Baseline: deal 3 / deal 2+1 (no discard),3,10000000,20260926,Point total (Tam),"3 points, pair 2, kicker 9","(1, 3, 1, 2, 9)",24,24,0.10859729,65221,0.108702,11.898,4.097,1.4008,0.4722
baseline,Baseline: deal 3 / deal 2+1 (no discard),3,10000000,20260926,Point total (Tam),"3 points, A-K-2","(1, 3, 0, 14, 13, 2)",60,60,0.27149321,163264,0.272107,11.8556,4.077,1.3975,0.4778
baseline,Baseline: deal 3 / deal 2+1 (no discard),3,10000000,20260926,Point total (Tam),"3 points, A-Q-2","(1, 3, 0, 14, 12, 2)",60,60,0.27149321,162901,0.271502,11.8442,4.0708,1.3902,0.4733
baseline,Baseline: deal 3 / deal 2+1 (no discard),3,10000000,20260926,Point total (Tam),"3 points, A-J-2","(1, 3, 0, 14, 11, 2)",60,60,0.27149321,163016,0.271693,11.7197,4.0306,1.3996,0.4993
baseline,Baseline: deal 3 / deal 2+1 (no discard),3,10000000,20260926,Point total (Tam),"3 points, A-10-2","(1, 3, 0, 14, 10, 2)",60,60,0.27149321,162713,0.271188,11.4448,3.8785,1.3028,0.4296
baseline,Baseline: deal 3 / deal 2+1 (no discard),3,10000000,20260926,Point total (Tam),"3 points, A-9-3","(1, 3, 0, 14, 9, 3)",60,60,0.27149321,162739,0.271232,11.4057,3.8505,1.2931,0.4351
baseline,Baseline: deal 3 / deal 2+1 (no discard),3,10000000,20260926,Point total (Tam),"3 points, A-8-4","(1, 3, 0, 14, 8, 4)",60,60,0.27149321,162682,0.271137,11.3095,3.7924,1.2721,0.4254
baseline,Baseline: deal 3 / deal 2+1 (no discard),3,10000000,20260926,Point total (Tam),"3 points, A-7-5","(1, 3, 0, 14, 7, 5)",60,60,0.27149321,162853,0.271422,11.2797,3.8177,1.312,0.4605
baseline,Baseline: deal 3 / deal 2+1 (no discard),3,10000000,20260926,Point total (Tam),"3 points, K-Q-3","(1, 3, 0, 13, 12, 3)",60,60,0.27149321,162811,0.271352,10.9405,3.6194,1.2016,0.4048
baseline,Baseline: deal 3 / deal 2+1 (no discard),3,10000000,20260926,Point total (Tam),"3 points, K-J-3","(1, 3, 0, 13, 11, 3)",60,60,0.27149321,162796,0.271327,10.7412,3.5263,1.1583,0.3839
baseline,Baseline: deal 3 / deal 2+1 (no discard),3,10000000,20260926,Point total (Tam),"3 points, K-10-3","(1, 3, 0, 13, 10, 3)",60,60,0.27149321,162900,0.2715,10.5573,3.4374,1.1252,0.3788
baseline,Baseline: deal 3 / deal 2+1 (no discard),3,10000000,20260926,Point total (Tam),"3 points, K-9-4","(1, 3, 0, 13, 9, 4)",60,60,0.27149321,163459,0.272432,10.4898,3.4079,1.1054,0.353
baseline,Baseline: deal 3 / deal 2+1 (no discard),3,10000000,20260926,Point total (Tam),"3 points, K-8-5","(1, 3, 0, 13, 8, 5)",60,60,0.27149321,163423,0.272372,10.4216,3.3577,1.0811,0.3488
baseline,Baseline: deal 3 / deal 2+1 (no discard),3,10000000,20260926,Point total (Tam),"3 points, K-7-6","(1, 3, 0, 13, 7, 6)",60,60,0.27149321,163092,0.27182,10.2009,3.2607,1.0535,0.3501
baseline,Baseline: deal 3 / deal 2+1 (no discard),3,10000000,20260926,Point total (Tam),"3 points, Q-J-3","(1, 3, 0, 12, 11, 3)",60,60,0.27149321,162407,0.270678,9.8579,3.1073,0.9837,0.3085
baseline,Baseline: deal 3 / deal 2+1 (no discard),3,10000000,20260926,Point total (Tam),"3 points, Q-10-3","(1, 3, 0, 12, 10, 3)",60,60,0.27149321,162656,0.271093,9.6699,3.0158,0.9385,0.2877
baseline,Baseline: deal 3 / deal 2+1 (no discard),3,10000000,20260926,Point total (Tam),"3 points, Q-9-4","(1, 3, 0, 12, 9, 4)",60,60,0.27149321,163202,0.272003,9.6578,2.9968,0.9293,0.2874
baseline,Baseline: deal 3 / deal 2+1 (no discard),3,10000000,20260926,Point total (Tam),"3 points, Q-8-5","(1, 3, 0, 12, 8, 5)",60,60,0.27149321,162977,0.271628,9.5318,2.9485,0.9156,0.2872
baseline,Baseline: deal 3 / deal 2+1 (no discard),3,10000000,20260926,Point total (Tam),"3 points, Q-7-6","(1, 3, 0, 12, 7, 6)",60,60,0.27149321,163108,0.271847,9.2786,2.825,0.8618,0.2575
baseline,Baseline: deal 3 / deal 2+1 (no discard),3,10000000,20260926,Point total (Tam),"3 points, J-10-3","(1, 3, 0, 11, 10, 3)",60,60,0.27149321,162931,0.271552,8.815,2.615,0.7757,0.2277
baseline,Baseline: deal 3 / deal 2+1 (no discard),3,10000000,20260926,Point total (Tam),"3 points, J-9-4","(1, 3, 0, 11, 9, 4)",60,60,0.27149321,162607,0.271012,8.8262,2.6236,0.7831,0.2362
baseline,Baseline: deal 3 / deal 2+1 (no discard),3,10000000,20260926,Point total (Tam),"3 points, J-8-5","(1, 3, 0, 11, 8, 5)",60,60,0.27149321,162309,0.270515,8.8042,2.6328,0.7923,0.236
baseline,Baseline: deal 3 / deal 2+1 (no discard),3,10000000,20260926,Point total (Tam),"3 points, J-7-6","(1, 3, 0, 11, 7, 6)",60,60,0.27149321,162793,0.271322,8.5746,2.5041,0.7334,0.2138
baseline,Baseline: deal 3 / deal 2+1 (no discard),3,10000000,20260926,Point total (Tam),"3 points, 10-9-4","(1, 3, 0, 10, 9, 4)",60,60,0.27149321,163229,0.272048,8.1966,2.3554,0.6784,0.1905
baseline,Baseline: deal 3 / deal 2+1 (no discard),3,10000000,20260926,Point total (Tam),"3 points, 10-8-5","(1, 3, 0, 10, 8, 5)",60,60,0.27149321,162827,0.271378,8.138,2.3082,0.6419,0.1683
baseline,Baseline: deal 3 / deal 2+1 (no discard),3,10000000,20260926,Point total (Tam),"3 points, 10-7-6","(1, 3, 0, 10, 7, 6)",60,60,0.27149321,162307,0.270512,7.9049,2.2102,0.616,0.175
baseline,Baseline: deal 3 / deal 2+1 (no discard),3,10000000,20260926,Point total (Tam),"3 points, 9-8-6","(1, 3, 0, 9, 8, 6)",60,60,0.27149321,163260,0.2721,7.8324,2.1861,0.608,0.1648
baseline,Baseline: deal 3 / deal 2+1 (no discard),3,10000000,20260926,Point total (Tam),"3 points, 8-3-2","(1, 3, 0, 8, 3, 2)",60,60,0.27149321,162974,0.271623,7.5414,2.0708,0.5726,0.1669
baseline,Baseline: deal 3 / deal 2+1 (no discard),3,10000000,20260926,Point total (Tam),"3 points, 7-4-2","(1, 3, 0, 7, 4, 2)",60,60,0.27149321,163279,0.272132,7.4302,2.0351,0.5583,0.1556
baseline,Baseline: deal 3 / deal 2+1 (no discard),3,10000000,20260926,Point total (Tam),"3 points, 6-5-2","(1, 3, 0, 6, 5, 2)",60,60,0.27149321,162561,0.270935,7.3266,1.9757,0.5258,0.1353
baseline,Baseline: deal 3 / deal 2+1 (no discard),3,10000000,20260926,Point total (Tam),"3 points, 6-4-3","(1, 3, 0, 6, 4, 3)",60,60,0.27149321,163063,0.271772,7.4192,2.0245,0.5579,0.1607
baseline,Baseline: deal 3 / deal 2+1 (no discard),3,10000000,20260926,Point total (Tam),"2 points, pair A, kicker K","(1, 2, 1, 14, 13)",24,24,0.10859729,65103,0.108505,7.1212,1.8905,0.5023,0.1336
baseline,Baseline: deal 3 / deal 2+1 (no discard),3,10000000,20260926,Point total (Tam),"2 points, pair A, kicker Q","(1, 2, 1, 14, 12)",24,24,0.10859729,65293,0.108822,7.1175,1.8892,0.5045,0.1532
baseline,Baseline: deal 3 / deal 2+1 (no discard),3,10000000,20260926,Point total (Tam),"2 points, pair A, kicker J","(1, 2, 1, 14, 11)",24,24,0.10859729,65245,0.108742,7.1023,1.891,0.507,0.1471
baseline,Baseline: deal 3 / deal 2+1 (no discard),3,10000000,20260926,Point total (Tam),"2 points, pair A, kicker 10","(1, 2, 1, 14, 10)",24,24,0.10859729,65442,0.10907,6.9735,1.8271,0.4694,0.1253
baseline,Baseline: deal 3 / deal 2+1 (no discard),3,10000000,20260926,Point total (Tam),"2 points, pair K, kicker 2","(1, 2, 1, 13, 2)",24,24,0.10859729,65388,0.10898,6.9052,1.828,0.4866,0.1331
baseline,Baseline: deal 3 / deal 2+1 (no discard),3,10000000,20260926,Point total (Tam),"2 points, pair Q, kicker 2","(1, 2, 1, 12, 2)",24,24,0.10859729,65265,0.108775,6.9636,1.8509,0.4971,0.1333
baseline,Baseline: deal 3 / deal 2+1 (no discard),3,10000000,20260926,Point total (Tam),"2 points, pair J, kicker 2","(1, 2, 1, 11, 2)",24,24,0.10859729,65386,0.108977,6.7788,1.7609,0.4548,0.1193
baseline,Baseline: deal 3 / deal 2+1 (no discard),3,10000000,20260926,Point total (Tam),"2 points, pair 10, kicker 2","(1, 2, 1, 10, 2)",24,24,0.10859729,65220,0.1087,6.4913,1.6562,0.4192,0.1043
baseline,Baseline: deal 3 / deal 2+1 (no discard),3,10000000,20260926,Point total (Tam),"2 points, pair 9, kicker 4","(1, 2, 1, 9, 4)",24,24,0.10859729,65314,0.108857,6.7215,1.7434,0.4492,0.1087
baseline,Baseline: deal 3 / deal 2+1 (no discard),3,10000000,20260926,Point total (Tam),"2 points, pair 8, kicker 6","(1, 2, 1, 8, 6)",24,24,0.10859729,65518,0.109197,6.7476,1.7391,0.4326,0.1099
baseline,Baseline: deal 3 / deal 2+1 (no discard),3,10000000,20260926,Point total (Tam),"2 points, pair 7, kicker 8","(1, 2, 1, 7, 8)",24,24,0.10859729,64755,0.107925,6.6614,1.7121,0.4327,0.1019
baseline,Baseline: deal 3 / deal 2+1 (no discard),3,10000000,20260926,Point total (Tam),"2 points, pair 6, kicker K","(1, 2, 1, 6, 13)",24,24,0.10859729,65283,0.108805,6.7462,1.7495,0.4602,0.1348
baseline,Baseline: deal 3 / deal 2+1 (no discard),3,10000000,20260926,Point total (Tam),"2 points, pair 6, kicker Q","(1, 2, 1, 6, 12)",24,24,0.10859729,65439,0.109065,6.6966,1.7121,0.4267,0.1009
baseline,Baseline: deal 3 / deal 2+1 (no discard),3,10000000,20260926,Point total (Tam),"2 points, pair 6, kicker J","(1, 2, 1, 6, 11)",24,24,0.10859729,64909,0.108182,6.7169,1.7301,0.4499,0.1186
baseline,Baseline: deal 3 / deal 2+1 (no discard),3,10000000,20260926,Point total (Tam),"2 points, pair 6, kicker 10","(1, 2, 1, 6, 10)",24,24,0.10859729,65333,0.108888,6.5543,1.6797,0.4344,0.1041
baseline,Baseline: deal 3 / deal 2+1 (no discard),3,10000000,20260926,Point total (Tam),"2 points, pair 5, kicker 2","(1, 2, 1, 5, 2)",24,24,0.10859729,64846,0.108077,6.1675,1.5176,0.3744,0.0925
baseline,Baseline: deal 3 / deal 2+1 (no discard),3,10000000,20260926,Point total (Tam),"2 points, pair 3, kicker 6","(1, 2, 1, 3, 6)",24,24,0.10859729,65033,0.108388,6.3872,1.6243,0.4219,0.1138
baseline,Baseline: deal 3 / deal 2+1 (no discard),3,10000000,20260926,Point total (Tam),"2 points, pair 2, kicker 8","(1, 2, 1, 2, 8)",24,24,0.10859729,64825,0.108042,6.0919,1.509,0.3681,0.0818
baseline,Baseline: deal 3 / deal 2+1 (no discard),3,10000000,20260926,Point total (Tam),"2 points, A-9-2","(1, 2, 0, 14, 9, 2)",60,60,0.27149321,162903,0.271505,5.9578,1.4563,0.3562,0.0878
baseline,Baseline: deal 3 / deal 2+1 (no discard),3,10000000,20260926,Point total (Tam),"2 points, A-8-3","(1, 2, 0, 14, 8, 3)",60,60,0.27149321,163139,0.271898,6.0638,1.4828,0.3541,0.0797
baseline,Baseline: deal 3 / deal 2+1 (no discard),3,10000000,20260926,Point total (Tam),"2 points, A-7-4","(1, 2, 0, 14, 7, 4)",60,60,0.27149321,163110,0.27185,5.863,1.4143,0.3433,0.0815
baseline,Baseline: deal 3 / deal 2+1 (no discard),3,10000000,20260926,Point total (Tam),"2 points, A-6-5","(1, 2, 0, 14, 6, 5)",60,60,0.27149321,163496,0.272493,5.8607,1.4141,0.3428,0.0844
baseline,Baseline: deal 3 / deal 2+1 (no discard),3,10000000,20260926,Point total (Tam),"2 points, K-Q-2","(1, 2, 0, 13, 12, 2)",60,60,0.27149321,163099,0.271832,5.6096,1.3353,0.3142,0.0644
baseline,Baseline: deal 3 / deal 2+1 (no discard),3,10000000,20260926,Point total (Tam),"2 points, K-J-2","(1, 2, 0, 13, 11, 2)",60,60,0.27149321,163456,0.272427,5.4795,1.2842,0.297,0.0661
baseline,Baseline: deal 3 / deal 2+1 (no discard),3,10000000,20260926,Point total (Tam),"2 points, K-10-2","(1, 2, 0, 13, 10, 2)",60,60,0.27149321,162935,0.271558,5.2619,1.2085,0.2715,0.0571
baseline,Baseline: deal 3 / deal 2+1 (no discard),3,10000000,20260926,Point total (Tam),"2 points, K-9-3","(1, 2, 0, 13, 9, 3)",60,60,0.27149321,163658,0.272763,5.2724,1.2082,0.2711,0.055
baseline,Baseline: deal 3 / deal 2+1 (no discard),3,10000000,20260926,Point total (Tam),"2 points, K-8-4","(1, 2, 0, 13, 8, 4)",60,60,0.27149321,162505,0.270842,5.2287,1.1862,0.2699,0.0615
baseline,Baseline: deal 3 / deal 2+1 (no discard),3,10000000,20260926,Point total (Tam),"2 points, K-7-5","(1, 2, 0, 13, 7, 5)",60,60,0.27149321,162539,0.270898,5.1757,1.1744,0.2604,0.0529
baseline,Baseline: deal 3 / deal 2+1 (no discard),3,10000000,20260926,Point total (Tam),"2 points, Q-J-2","(1, 2, 0, 12, 11, 2)",60,60,0.27149321,162632,0.271053,4.8532,1.0804,0.2403,0.0609
baseline,Baseline: deal 3 / deal 2+1 (no discard),3,10000000,20260926,Point total (Tam),"2 points, Q-10-2","(1, 2, 0, 12, 10, 2)",60,60,0.27149321,163038,0.27173,4.6787,1.0123,0.2206,0.0497
baseline,Baseline: deal 3 / deal 2+1 (no discard),3,10000000,20260926,Point total (Tam),"2 points, Q-9-3","(1, 2, 0, 12, 9, 3)",60,60,0.27149321,162741,0.271235,4.6074,0.9851,0.2109,0.0449
baseline,Baseline: deal 3 / deal 2+1 (no discard),3,10000000,20260926,Point total (Tam),"2 points, Q-8-4","(1, 2, 0, 12, 8, 4)",60,60,0.27149321,162932,0.271553,4.5841,0.9705,0.1987,0.0368
baseline,Baseline: deal 3 / deal 2+1 (no discard),3,10000000,20260926,Point total (Tam),"2 points, Q-7-5","(1, 2, 0, 12, 7, 5)",60,60,0.27149321,163048,0.271747,4.5177,0.9593,0.2062,0.046
baseline,Baseline: deal 3 / deal 2+1 (no discard),3,10000000,20260926,Point total (Tam),"2 points, J-10-2","(1, 2, 0, 11, 10, 2)",60,60,0.27149321,162633,0.271055,4.1137,0.8228,0.1642,0.0332
baseline,Baseline: deal 3 / deal 2+1 (no discard),3,10000000,20260926,Point total (Tam),"2 points, J-9-3","(1, 2, 0, 11, 9, 3)",60,60,0.27149321,163547,0.272578,4.1381,0.8478,0.1757,0.0361
baseline,Baseline: deal 3 / deal 2+1 (no discard),3,10000000,20260926,Point total (Tam),"2 points, J-8-4","(1, 2, 0, 11, 8, 4)",60,60,0.27149321,162306,0.27051,4.0487,0.8111,0.162,0.0296
baseline,Baseline: deal 3 / deal 2+1 (no discard),3,10000000,20260926,Point total (Tam),"2 points, J-7-5","(1, 2, 0, 11, 7, 5)",60,60,0.27149321,163541,0.272568,3.9925,0.7951,0.1574,0.0336
baseline,Baseline: deal 3 / deal 2+1 (no discard),3,10000000,20260926,Point total (Tam),"2 points, 10-9-3","(1, 2, 0, 10, 9, 3)",60,60,0.27149321,162890,0.271483,3.6916,0.7056,0.136,0.0264
baseline,Baseline: deal 3 / deal 2+1 (no discard),3,10000000,20260926,Point total (Tam),"2 points, 10-8-4","(1, 2, 0, 10, 8, 4)",60,60,0.27149321,162599,0.270998,3.6591,0.6955,0.131,0.0271
baseline,Baseline: deal 3 / deal 2+1 (no discard),3,10000000,20260926,Point total (Tam),"2 points, 10-7-5","(1, 2, 0, 10, 7, 5)",60,60,0.27149321,163557,0.272595,3.5892,0.6803,0.13,0.0257
baseline,Baseline: deal 3 / deal 2+1 (no discard),3,10000000,20260926,Point total (Tam),"2 points, 9-8-5","(1, 2, 0, 9, 8, 5)",60,60,0.27149321,162372,0.27062,3.5693,0.6794,0.1318,0.0277
baseline,Baseline: deal 3 / deal 2+1 (no discard),3,10000000,20260926,Point total (Tam),"2 points, 9-7-6","(1, 2, 0, 9, 7, 6)",60,60,0.27149321,162633,0.271055,3.3589,0.607,0.1101,0.0215
baseline,Baseline: deal 3 / deal 2+1 (no discard),3,10000000,20260926,Point total (Tam),"2 points, 7-3-2","(1, 2, 0, 7, 3, 2)",60,60,0.27149321,162186,0.27031,3.3433,0.6135,0.117,0.0234
baseline,Baseline: deal 3 / deal 2+1 (no discard),3,10000000,20260926,Point total (Tam),"2 points, 6-4-2","(1, 2, 0, 6, 4, 2)",60,60,0.27149321,163526,0.272543,3.2284,0.5812,0.1084,0.0202
baseline,Baseline: deal 3 / deal 2+1 (no discard),3,10000000,20260926,Point total (Tam),"1 points, pair A, kicker 9","(1, 1, 1, 14, 9)",24,24,0.10859729,65344,0.108907,3.0844,0.5382,0.0958,0.0184
baseline,Baseline: deal 3 / deal 2+1 (no discard),3,10000000,20260926,Point total (Tam),"1 points, pair K, kicker A","(1, 1, 1, 13, 14)",24,24,0.10859729,65209,0.108682,3.0772,0.5369,0.0972,0.0184
baseline,Baseline: deal 3 / deal 2+1 (no discard),3,10000000,20260926,Point total (Tam),"1 points, pair Q, kicker A","(1, 1, 1, 12, 14)",24,24,0.10859729,65126,0.108543,3.1824,0.5823,0.109,0.0215
baseline,Baseline: deal 3 / deal 2+1 (no discard),3,10000000,20260926,Point total (Tam),"1 points, pair J, kicker A","(1, 1, 1, 11, 14)",24,24,0.10859729,65507,0.109178,3.0774,0.536,0.0879,0.0046
baseline,Baseline: deal 3 / deal 2+1 (no discard),3,10000000,20260926,Point total (Tam),"1 points, pair 10, kicker A","(1, 1, 1, 10, 14)",24,24,0.10859729,65277,0.108795,2.9373,0.5126,0.0913,0.0123
baseline,Baseline: deal 3 / deal 2+1 (no discard),3,10000000,20260926,Point total (Tam),"1 points, pair 9, kicker 3","(1, 1, 1, 9, 3)",24,24,0.10859729,65099,0.108498,2.9237,0.4975,0.0839,0.0123
baseline,Baseline: deal 3 / deal 2+1 (no discard),3,10000000,20260926,Point total (Tam),"1 points, pair 8, kicker 5","(1, 1, 1, 8, 5)",24,24,0.10859729,65132,0.108553,2.9515,0.5062,0.089,0.0154
baseline,Baseline: deal 3 / deal 2+1 (no discard),3,10000000,20260926,Point total (Tam),"1 points, pair 6, kicker 9","(1, 1, 1, 6, 9)",24,24,0.10859729,65707,0.109512,2.9265,0.4928,0.0804,0.0122
baseline,Baseline: deal 3 / deal 2+1 (no discard),3,10000000,20260926,Point total (Tam),"1 points, pair 5, kicker A","(1, 1, 1, 5, 14)",24,24,0.10859729,65135,0.108558,2.8845,0.491,0.0783,0.0061
baseline,Baseline: deal 3 / deal 2+1 (no discard),3,10000000,20260926,Point total (Tam),"1 points, pair 4, kicker 3","(1, 1, 1, 4, 3)",24,24,0.10859729,65343,0.108905,2.8331,0.4824,0.0857,0.0245
baseline,Baseline: deal 3 / deal 2+1 (no discard),3,10000000,20260926,Point total (Tam),"1 points, pair 3, kicker 5","(1, 1, 1, 3, 5)",24,24,0.10859729,65610,0.10935,2.824,0.472,0.079,0.0137
baseline,Baseline: deal 3 / deal 2+1 (no discard),3,10000000,20260926,Point total (Tam),"1 points, pair 2, kicker 7","(1, 1, 1, 2, 7)",24,24,0.10859729,65102,0.108503,2.7236,0.4456,0.0747,0.0184
baseline,Baseline: deal 3 / deal 2+1 (no discard),3,10000000,20260926,Point total (Tam),"1 points, A-K-J","(1, 1, 0, 14, 13, 11)",60,60,0.27149321,162920,0.271533,2.6946,0.4384,0.0711,0.0123
baseline,Baseline: deal 3 / deal 2+1 (no discard),3,10000000,20260926,Point total (Tam),"1 points, A-K-10","(1, 1, 0, 14, 13, 10)",60,60,0.27149321,162543,0.270905,2.5825,0.4182,0.0708,0.016
baseline,Baseline: deal 3 / deal 2+1 (no discard),3,10000000,20260926,Point total (Tam),"1 points, A-Q-J","(1, 1, 0, 14, 12, 11)",60,60,0.27149321,162911,0.271518,2.5873,0.4125,0.0606,0.0074
baseline,Baseline: deal 3 / deal 2+1 (no discard),3,10000000,20260926,Point total (Tam),"1 points, A-Q-10","(1, 1, 0, 14, 12, 10)",60,60,0.27149321,163158,0.27193,2.4637,0.3815,0.0579,0.0092
baseline,Baseline: deal 3 / deal 2+1 (no discard),3,10000000,20260926,Point total (Tam),"1 points, A-J-10","(1, 1, 0, 14, 11, 10)",60,60,0.27149321,162865,0.271442,2.4071,0.3683,0.0535,0.0055
baseline,Baseline: deal 3 / deal 2+1 (no discard),3,10000000,20260926,Point total (Tam),"1 points, A-8-2","(1, 1, 0, 14, 8, 2)",60,60,0.27149321,162604,0.271007,2.2991,0.3497,0.0528,0.0092
baseline,Baseline: deal 3 / deal 2+1 (no discard),3,10000000,20260926,Point total (Tam),"1 points, A-7-3","(1, 1, 0, 14, 7, 3)",60,60,0.27149321,163349,0.272248,2.2517,0.3412,0.0533,0.0086
baseline,Baseline: deal 3 / deal 2+1 (no discard),3,10000000,20260926,Point total (Tam),"1 points, A-6-4","(1, 1, 0, 14, 6, 4)",60,60,0.27149321,162962,0.271603,2.1507,0.3092,0.0448,0.0086
baseline,Baseline: deal 3 / deal 2+1 (no discard),3,10000000,20260926,Point total (Tam),"1 points, K-9-2","(1, 1, 0, 13, 9, 2)",60,60,0.27149321,162066,0.27011,1.9897,0.2761,0.0343,0.0031
baseline,Baseline: deal 3 / deal 2+1 (no discard),3,10000000,20260926,Point total (Tam),"1 points, K-8-3","(1, 1, 0, 13, 8, 3)",60,60,0.27149321,162775,0.271292,2.0111,0.2916,0.0435,0.0043
baseline,Baseline: deal 3 / deal 2+1 (no discard),3,10000000,20260926,Point total (Tam),"1 points, K-7-4","(1, 1, 0, 13, 7, 4)",60,60,0.27149321,162397,0.270662,1.8899,0.2514,0.0331,0.0062
baseline,Baseline: deal 3 / deal 2+1 (no discard),3,10000000,20260926,Point total (Tam),"1 points, K-6-5","(1, 1, 0, 13, 6, 5)",60,60,0.27149321,162569,0.270948,1.8223,0.251,0.0349,0.0043
baseline,Baseline: deal 3 / deal 2+1 (no discard),3,10000000,20260926,Point total (Tam),"1 points, Q-9-2","(1, 1, 0, 12, 9, 2)",60,60,0.27149321,162256,0.270427,1.6826,0.2161,0.0277,0.0031
baseline,Baseline: deal 3 / deal 2+1 (no discard),3,10000000,20260926,Point total (Tam),"1 points, Q-8-3","(1, 1, 0, 12, 8, 3)",60,60,0.27149321,162166,0.270277,1.7007,0.2216,0.0292,0.0043
baseline,Baseline: deal 3 / deal 2+1 (no discard),3,10000000,20260926,Point total (Tam),"1 points, Q-7-4","(1, 1, 0, 12, 7, 4)",60,60,0.27149321,163547,0.272578,1.6004,0.1962,0.0234,0.0012
baseline,Baseline: deal 3 / deal 2+1 (no discard),3,10000000,20260926,Point total (Tam),"1 points, Q-6-5","(1, 1, 0, 12, 6, 5)",60,60,0.27149321,162425,0.270708,1.5549,0.1927,0.0234,0.0037
baseline,Baseline: deal 3 / deal 2+1 (no discard),3,10000000,20260926,Point total (Tam),"1 points, J-9-2","(1, 1, 0, 11, 9, 2)",60,60,0.27149321,163043,0.271738,1.4139,0.1685,0.0222,0.0025
baseline,Baseline: deal 3 / deal 2+1 (no discard),3,10000000,20260926,Point total (Tam),"1 points, J-8-3","(1, 1, 0, 11, 8, 3)",60,60,0.27149321,162412,0.270687,1.3916,0.1616,0.017,0.0006
baseline,Baseline: deal 3 / deal 2+1 (no discard),3,10000000,20260926,Point total (Tam),"1 points, J-7-4","(1, 1, 0, 11, 7, 4)",60,60,0.27149321,163233,0.272055,1.3119,0.1496,0.0176,0.0025
baseline,Baseline: deal 3 / deal 2+1 (no discard),3,10000000,20260926,Point total (Tam),"1 points, J-6-5","(1, 1, 0, 11, 6, 5)",60,60,0.27149321,162678,0.27113,1.283,0.1427,0.0143,0.0
baseline,Baseline: deal 3 / deal 2+1 (no discard),3,10000000,20260926,Point total (Tam),"1 points, 10-9-2","(1, 1, 0, 10, 9, 2)",60,60,0.27149321,162596,0.270993,1.0893,0.1173,0.0129,0.0012
baseline,Baseline: deal 3 / deal 2+1 (no discard),3,10000000,20260926,Point total (Tam),"1 points, 10-8-3","(1, 1, 0, 10, 8, 3)",60,60,0.27149321,163266,0.27211,1.0927,0.1142,0.0111,0.0012
baseline,Baseline: deal 3 / deal 2+1 (no discard),3,10000000,20260926,Point total (Tam),"1 points, 10-7-4","(1, 1, 0, 10, 7, 4)",60,60,0.27149321,163026,0.27171,1.0175,0.1012,0.0096,0.0006
baseline,Baseline: deal 3 / deal 2+1 (no discard),3,10000000,20260926,Point total (Tam),"1 points, 10-6-5","(1, 1, 0, 10, 6, 5)",60,60,0.27149321,162882,0.27147,0.9592,0.093,0.0107,0.0031
baseline,Baseline: deal 3 / deal 2+1 (no discard),3,10000000,20260926,Point total (Tam),"1 points, 9-8-4","(1, 1, 0, 9, 8, 4)",60,60,0.27149321,163429,0.272382,0.9479,0.092,0.0091,0.0006
baseline,Baseline: deal 3 / deal 2+1 (no discard),3,10000000,20260926,Point total (Tam),"1 points, 9-7-5","(1, 1, 0, 9, 7, 5)",60,60,0.27149321,163208,0.272013,0.9089,0.0863,0.0085,0.0006
baseline,Baseline: deal 3 / deal 2+1 (no discard),3,10000000,20260926,Point total (Tam),"1 points, 6-3-2","(1, 1, 0, 6, 3, 2)",60,60,0.27149321,163119,0.271865,0.8618,0.0799,0.0077,0.0012
baseline,Baseline: deal 3 / deal 2+1 (no discard),3,10000000,20260926,Point total (Tam),"1 points, 5-4-2","(1, 1, 0, 5, 4, 2)",60,60,0.27149321,162636,0.27106,0.8172,0.0756,0.008,0.0006
baseline,Baseline: deal 3 / deal 2+1 (no discard),3,10000000,20260926,Point total (Tam),"0 points, pair A, kicker 8","(1, 0, 1, 14, 8)",24,24,0.10859729,65198,0.108663,0.8069,0.0712,0.0071,0.0
baseline,Baseline: deal 3 / deal 2+1 (no discard),3,10000000,20260926,Point total (Tam),"0 points, pair K, kicker 10","(1, 0, 1, 13, 10)",24,24,0.10859729,65437,0.109062,0.7785,0.0709,0.0086,0.0
baseline,Baseline: deal 3 / deal 2+1 (no discard),3,10000000,20260926,Point total (Tam),"0 points, pair Q, kicker 10","(1, 0, 1, 12, 10)",24,24,0.10859729,64873,0.108122,0.8026,0.0798,0.0096,0.0015
baseline,Baseline: deal 3 / deal 2+1 (no discard),3,10000000,20260926,Point total (Tam),"0 points, pair J, kicker 10","(1, 0, 1, 11, 10)",24,24,0.10859729,65045,0.108408,0.7609,0.062,0.004,0.0
baseline,Baseline: deal 3 / deal 2+1 (no discard),3,10000000,20260926,Point total (Tam),"0 points, pair 10, kicker K","(1, 0, 1, 10, 13)",24,24,0.10859729,65183,0.108638,0.7224,0.0608,0.0037,0.0
baseline,Baseline: deal 3 / deal 2+1 (no discard),3,10000000,20260926,Point total (Tam),"0 points, pair 10, kicker Q","(1, 0, 1, 10, 12)",24,24,0.10859729,65152,0.108587,0.7062,0.0565,0.004,0.0
baseline,Baseline: deal 3 / deal 2+1 (no discard),3,10000000,20260926,Point total (Tam),"0 points, pair 10, kicker J","(1, 0, 1, 10, 11)",24,24,0.10859729,65099,0.108498,0.7158,0.0578,0.0034,0.0
baseline,Baseline: deal 3 / deal 2+1 (no discard),3,10000000,20260926,Point total (Tam),"0 points, pair 9, kicker 2","(1, 0, 1, 9, 2)",24,24,0.10859729,65017,0.108362,0.6269,0.05,0.0031,0.0
baseline,Baseline: deal 3 / deal 2+1 (no discard),3,10000000,20260926,Point total (Tam),"0 points, pair 8, kicker 4","(1, 0, 1, 8, 4)",24,24,0.10859729,65452,0.109087,0.6299,0.046,0.0021,0.0
baseline,Baseline: deal 3 / deal 2+1 (no discard),3,10000000,20260926,Point total (Tam),"0 points, pair 7, kicker 6","(1, 0, 1, 7, 6)",24,24,0.10859729,65172,0.10862,0.6039,0.0453,0.0021,0.0
baseline,Baseline: deal 3 / deal 2+1 (no discard),3,10000000,20260926,Point total (Tam),"0 points, pair 6, kicker 8","(1, 0, 1, 6, 8)",24,24,0.10859729,64939,0.108232,0.5984,0.0464,0.0037,0.0
baseline,Baseline: deal 3 / deal 2+1 (no discard),3,10000000,20260926,Point total (Tam),"0 points, pair 5, kicker K","(1, 0, 1, 5, 13)",24,24,0.10859729,65824,0.109707,0.6054,0.0501,0.003,0.0
baseline,Baseline: deal 3 / deal 2+1 (no discard),3,10000000,20260926,Point total (Tam),"0 points, pair 5, kicker Q","(1, 0, 1, 5, 12)",24,24,0.10859729,65373,0.108955,0.5914,0.0471,0.0028,0.0
baseline,Baseline: deal 3 / deal 2+1 (no discard),3,10000000,20260926,Point total (Tam),"0 points, pair 5, kicker J","(1, 0, 1, 5, 11)",24,24,0.10859729,65363,0.108938,0.6068,0.0476,0.0046,0.0015
baseline,Baseline: deal 3 / deal 2+1 (no discard),3,10000000,20260926,Point total (Tam),"0 points, pair 5, kicker 10","(1, 0, 1, 5, 10)",24,24,0.10859729,65051,0.108418,0.5923,0.0435,0.0025,0.0
baseline,Baseline: deal 3 / deal 2+1 (no discard),3,10000000,20260926,Point total (Tam),"0 points, pair 4, kicker 2","(1, 0, 1, 4, 2)",24,24,0.10859729,65251,0.108752,0.5077,0.0365,0.0055,0.0031
baseline,Baseline: deal 3 / deal 2+1 (no discard),3,10000000,20260926,Point total (Tam),"0 points, pair 3, kicker 4","(1, 0, 1, 3, 4)",24,24,0.10859729,64663,0.107772,0.4953,0.0384,0.0028,0.0
baseline,Baseline: deal 3 / deal 2+1 (no discard),3,10000000,20260926,Point total (Tam),"0 points, pair 2, kicker 6","(1, 0, 1, 2, 6)",24,24,0.10859729,64980,0.1083,0.5025,0.0351,0.0018,0.0
baseline,Baseline: deal 3 / deal 2+1 (no discard),3,10000000,20260926,Point total (Tam),"0 points, A-K-9","(1, 0, 0, 14, 13, 9)",60,60,0.27149321,163032,0.27172,0.4594,0.0325,0.0026,0.0
baseline,Baseline: deal 3 / deal 2+1 (no discard),3,10000000,20260926,Point total (Tam),"0 points, A-Q-9","(1, 0, 0, 14, 12, 9)",60,60,0.27149321,162371,0.270618,0.4484,0.0336,0.0028,0.0
baseline,Baseline: deal 3 / deal 2+1 (no discard),3,10000000,20260926,Point total (Tam),"0 points, A-J-9","(1, 0, 0, 14, 11, 9)",60,60,0.27149321,162943,0.271572,0.4268,0.0296,0.0015,0.0
baseline,Baseline: deal 3 / deal 2+1 (no discard),3,10000000,20260926,Point total (Tam),"0 points, A-10-9","(1, 0, 0, 14, 10, 9)",60,60,0.27149321,163466,0.272443,0.3903,0.0246,0.0026,0.0
baseline,Baseline: deal 3 / deal 2+1 (no discard),3,10000000,20260926,Point total (Tam),"0 points, A-7-2","(1, 0, 0, 14, 7, 2)",60,60,0.27149321,162811,0.271352,0.3259,0.0183,0.0006,0.0
baseline,Baseline: deal 3 / deal 2+1 (no discard),3,10000000,20260926,Point total (Tam),"0 points, A-6-3","(1, 0, 0, 14, 6, 3)",60,60,0.27149321,163496,0.272493,0.305,0.015,0.0009,0.0
baseline,Baseline: deal 3 / deal 2+1 (no discard),3,10000000,20260926,Point total (Tam),"0 points, A-5-4","(1, 0, 0, 14, 5, 4)",60,60,0.27149321,162431,0.270718,0.2978,0.0159,0.001,0.0
baseline,Baseline: deal 3 / deal 2+1 (no discard),3,10000000,20260926,Point total (Tam),"0 points, K-Q-10","(1, 0, 0, 13, 12, 10)",60,60,0.27149321,162458,0.270763,0.2521,0.0143,0.0015,0.0006
baseline,Baseline: deal 3 / deal 2+1 (no discard),3,10000000,20260926,Point total (Tam),"0 points, K-J-10","(1, 0, 0, 13, 11, 10)",60,60,0.27149321,163330,0.272217,0.2235,0.0099,0.0004,0.0
baseline,Baseline: deal 3 / deal 2+1 (no discard),3,10000000,20260926,Point total (Tam),"0 points, K-8-2","(1, 0, 0, 13, 8, 2)",60,60,0.27149321,162505,0.270842,0.1855,0.0079,0.0004,0.0
baseline,Baseline: deal 3 / deal 2+1 (no discard),3,10000000,20260926,Point total (Tam),"0 points, K-7-3","(1, 0, 0, 13, 7, 3)",60,60,0.27149321,162369,0.270615,0.1637,0.0071,0.0001,0.0
baseline,Baseline: deal 3 / deal 2+1 (no discard),3,10000000,20260926,Point total (Tam),"0 points, K-6-4","(1, 0, 0, 13, 6, 4)",60,60,0.27149321,162724,0.271207,0.1474,0.0045,0.0001,0.0
baseline,Baseline: deal 3 / deal 2+1 (no discard),3,10000000,20260926,Point total (Tam),"0 points, Q-8-2","(1, 0, 0, 12, 8, 2)",60,60,0.27149321,162992,0.271653,0.1233,0.0043,0.0,0.0
baseline,Baseline: deal 3 / deal 2+1 (no discard),3,10000000,20260926,Point total (Tam),"0 points, Q-7-3","(1, 0, 0, 12, 7, 3)",60,60,0.27149321,162472,0.270787,0.0966,0.0028,0.0,0.0
baseline,Baseline: deal 3 / deal 2+1 (no discard),3,10000000,20260926,Point total (Tam),"0 points, Q-6-4","(1, 0, 0, 12, 6, 4)",60,60,0.27149321,162802,0.271337,0.0911,0.0026,0.0001,0.0
baseline,Baseline: deal 3 / deal 2+1 (no discard),3,10000000,20260926,Point total (Tam),"0 points, J-8-2","(1, 0, 0, 11, 8, 2)",60,60,0.27149321,163493,0.272488,0.0695,0.002,0.0,0.0
baseline,Baseline: deal 3 / deal 2+1 (no discard),3,10000000,20260926,Point total (Tam),"0 points, J-7-3","(1, 0, 0, 11, 7, 3)",60,60,0.27149321,163036,0.271727,0.0552,0.0012,0.0001,0.0
baseline,Baseline: deal 3 / deal 2+1 (no discard),3,10000000,20260926,Point total (Tam),"0 points, J-6-4","(1, 0, 0, 11, 6, 4)",60,60,0.27149321,162712,0.271187,0.0486,0.0011,0.0,0.0
baseline,Baseline: deal 3 / deal 2+1 (no discard),3,10000000,20260926,Point total (Tam),"0 points, 10-8-2","(1, 0, 0, 10, 8, 2)",60,60,0.27149321,162563,0.270938,0.0327,0.0007,0.0,0.0
baseline,Baseline: deal 3 / deal 2+1 (no discard),3,10000000,20260926,Point total (Tam),"0 points, 10-7-3","(1, 0, 0, 10, 7, 3)",60,60,0.27149321,162449,0.270748,0.0208,0.0003,0.0,0.0
baseline,Baseline: deal 3 / deal 2+1 (no discard),3,10000000,20260926,Point total (Tam),"0 points, 10-6-4","(1, 0, 0, 10, 6, 4)",60,60,0.27149321,162319,0.270532,0.0177,0.0001,0.0,0.0
baseline,Baseline: deal 3 / deal 2+1 (no discard),3,10000000,20260926,Point total (Tam),"0 points, 9-8-3","(1, 0, 0, 9, 8, 3)",60,60,0.27149321,162332,0.270553,0.0086,0.0001,0.0,0.0
baseline,Baseline: deal 3 / deal 2+1 (no discard),3,10000000,20260926,Point total (Tam),"0 points, 9-7-4","(1, 0, 0, 9, 7, 4)",60,60,0.27149321,162861,0.271435,0.0054,0.0001,0.0,0.0
baseline,Baseline: deal 3 / deal 2+1 (no discard),3,10000000,20260926,Point total (Tam),"0 points, 9-6-5","(1, 0, 0, 9, 6, 5)",60,60,0.27149321,162030,0.27005,0.0015,0.0,0.0,0.0
baseline,Baseline: deal 3 / deal 2+1 (no discard),3,10000000,20260926,Point total (Tam),"0 points, 8-7-5","(1, 0, 0, 8, 7, 5)",60,60,0.27149321,162826,0.271377,0.0002,0.0,0.0,0.0
baseline,Baseline: deal 3 / deal 2+1 (no discard),3,10000000,20260926,Point total (Tam),"0 points, 5-3-2","(1, 0, 0, 5, 3, 2)",60,60,0.27149321,162880,0.271467,0.0,0.0,0.0,0.0
