variant,variant_name,cards_dealt_per_player,rounds,seed,category,hand,strength_key,physical_3card_hands,dealt_hands_ending_at_strength,exact_final_hand_frequency_pct,observed_final_hands,simulated_final_hand_frequency_pct,win_3_players_pct,win_4_players_pct,win_5_players_pct,win_6_players_pct
discard1,"Deal 4, discard 1",4,10000000,21260929,Tong (three of a kind),Tong A-A-A,"(6, 14)",4,193,0.07129005,42686,0.071143,100.0,100.0,100.0,100.0
discard1,"Deal 4, discard 1",4,10000000,21260929,Tong (three of a kind),Tong K-K-K,"(6, 13)",4,193,0.07129005,43005,0.071675,99.8289,99.7433,99.6577,99.5721
discard1,"Deal 4, discard 1",4,10000000,21260929,Tong (three of a kind),Tong Q-Q-Q,"(6, 12)",4,193,0.07129005,43125,0.071875,99.664,99.497,99.3308,99.1652
discard1,"Deal 4, discard 1",4,10000000,21260929,Tong (three of a kind),Tong J-J-J,"(6, 11)",4,193,0.07129005,42481,0.070802,99.4842,99.2267,98.9694,98.7124
discard1,"Deal 4, discard 1",4,10000000,21260929,Tong (three of a kind),Tong 10-10-10,"(6, 10)",4,193,0.07129005,42818,0.071363,99.2804,98.9231,98.5674,98.2134
discard1,"Deal 4, discard 1",4,10000000,21260929,Tong (three of a kind),Tong 9-9-9,"(6, 9)",4,193,0.07129005,43280,0.072133,99.1541,98.7336,98.3147,97.8974
discard1,"Deal 4, discard 1",4,10000000,21260929,Tong (three of a kind),Tong 8-8-8,"(6, 8)",4,193,0.07129005,43168,0.071947,99.0025,98.5086,98.018,97.5306
discard1,"Deal 4, discard 1",4,10000000,21260929,Tong (three of a kind),Tong 7-7-7,"(6, 7)",4,193,0.07129005,42465,0.070775,98.7715,98.1625,97.557,96.9551
discard1,"Deal 4, discard 1",4,10000000,21260929,Tong (three of a kind),Tong 6-6-6,"(6, 6)",4,193,0.07129005,42705,0.071175,98.6915,98.0429,97.398,96.7568
discard1,"Deal 4, discard 1",4,10000000,21260929,Tong (three of a kind),Tong 5-5-5,"(6, 5)",4,193,0.07129005,42675,0.071125,98.4663,97.7104,96.9617,96.2203
discard1,"Deal 4, discard 1",4,10000000,21260929,Tong (three of a kind),Tong 4-4-4,"(6, 4)",4,193,0.07129005,42598,0.070997,98.2448,97.3806,96.5252,95.6782
discard1,"Deal 4, discard 1",4,10000000,21260929,Tong (three of a kind),Tong 3-3-3,"(6, 3)",4,193,0.07129005,42788,0.071313,98.1649,97.2623,96.3691,95.4847
discard1,"Deal 4, discard 1",4,10000000,21260929,Tong (three of a kind),Tong 2-2-2,"(6, 2)",4,193,0.07129005,43028,0.071713,97.9,96.8695,95.852,94.8475
discard1,"Deal 4, discard 1",4,10000000,21260929,Straight flush,Straight flush Q-K-A ♠,"(5, 11, 4)",1,49,0.01809955,10820,0.018033,98.1165,97.1932,96.281,95.3789
discard1,"Deal 4, discard 1",4,10000000,21260929,Straight flush,Straight flush Q-K-A ♥,"(5, 11, 3)",1,49,0.01809955,10849,0.018082,98.1713,97.2716,96.3794,95.4927
discard1,"Deal 4, discard 1",4,10000000,21260929,Straight flush,Straight flush Q-K-A ♦,"(5, 11, 2)",1,49,0.01809955,10958,0.018263,98.1292,97.213,96.3095,95.4189
discard1,"Deal 4, discard 1",4,10000000,21260929,Straight flush,Straight flush Q-K-A ♣,"(5, 11, 1)",1,49,0.01809955,10762,0.017937,98.0338,97.073,96.1271,95.1961
discard1,"Deal 4, discard 1",4,10000000,21260929,Straight flush,Straight flush J-Q-K ♠,"(5, 10, 4)",1,48,0.01773017,10523,0.017538,98.1023,97.1748,96.2615,95.3625
discard1,"Deal 4, discard 1",4,10000000,21260929,Straight flush,Straight flush J-Q-K ♥,"(5, 10, 3)",1,48,0.01773017,10648,0.017747,98.0287,97.0614,96.1063,95.1634
discard1,"Deal 4, discard 1",4,10000000,21260929,Straight flush,Straight flush J-Q-K ♦,"(5, 10, 2)",1,48,0.01773017,10590,0.01765,98.1662,97.2691,96.3853,95.5146
discard1,"Deal 4, discard 1",4,10000000,21260929,Straight flush,Straight flush J-Q-K ♣,"(5, 10, 1)",1,48,0.01773017,10553,0.017588,97.8063,96.7336,95.6771,94.6366
discard1,"Deal 4, discard 1",4,10000000,21260929,Straight flush,Straight flush 10-J-Q ♠,"(5, 9, 4)",1,48,0.01773017,10671,0.017785,97.8296,96.7726,95.7342,94.7146
discard1,"Deal 4, discard 1",4,10000000,21260929,Straight flush,Straight flush 10-J-Q ♥,"(5, 9, 3)",1,48,0.01773017,10608,0.01768,97.8733,96.8326,95.8069,94.7964
discard1,"Deal 4, discard 1",4,10000000,21260929,Straight flush,Straight flush 10-J-Q ♦,"(5, 9, 2)",1,48,0.01773017,10607,0.017678,97.6779,96.5344,95.4012,94.2774
discard1,"Deal 4, discard 1",4,10000000,21260929,Straight flush,Straight flush 10-J-Q ♣,"(5, 9, 1)",1,48,0.01773017,10563,0.017605,97.7421,96.6345,95.541,94.4618
discard1,"Deal 4, discard 1",4,10000000,21260929,Straight flush,Straight flush 9-10-J ♠,"(5, 8, 4)",1,48,0.01773017,10714,0.017857,97.9653,96.9647,95.9754,94.9972
discard1,"Deal 4, discard 1",4,10000000,21260929,Straight flush,Straight flush 9-10-J ♥,"(5, 8, 3)",1,48,0.01773017,10596,0.01766,97.7407,96.6308,95.5342,94.4507
discard1,"Deal 4, discard 1",4,10000000,21260929,Straight flush,Straight flush 9-10-J ♦,"(5, 8, 2)",1,48,0.01773017,10730,0.017883,97.5937,96.4101,95.2395,94.082
discard1,"Deal 4, discard 1",4,10000000,21260929,Straight flush,Straight flush 9-10-J ♣,"(5, 8, 1)",1,48,0.01773017,10448,0.017413,97.6206,96.451,95.2948,94.152
discard1,"Deal 4, discard 1",4,10000000,21260929,Straight flush,Straight flush 8-9-10 ♠,"(5, 7, 4)",1,48,0.01773017,10662,0.01777,97.5764,96.3975,95.2392,94.1005
discard1,"Deal 4, discard 1",4,10000000,21260929,Straight flush,Straight flush 8-9-10 ♥,"(5, 7, 3)",1,48,0.01773017,10740,0.0179,97.4926,96.2765,95.0857,93.9199
discard1,"Deal 4, discard 1",4,10000000,21260929,Straight flush,Straight flush 8-9-10 ♦,"(5, 7, 2)",1,48,0.01773017,10676,0.017793,97.4766,96.2345,95.0056,93.7898
discard1,"Deal 4, discard 1",4,10000000,21260929,Straight flush,Straight flush 8-9-10 ♣,"(5, 7, 1)",1,48,0.01773017,10545,0.017575,97.5097,96.2959,95.1029,93.9308
discard1,"Deal 4, discard 1",4,10000000,21260929,Straight flush,Straight flush 7-8-9 ♠,"(5, 6, 4)",1,48,0.01773017,10602,0.01767,97.3769,96.0922,94.8255,93.5767
discard1,"Deal 4, discard 1",4,10000000,21260929,Straight flush,Straight flush 7-8-9 ♥,"(5, 6, 3)",1,48,0.01773017,10591,0.017652,97.412,96.1505,94.9108,93.6928
discard1,"Deal 4, discard 1",4,10000000,21260929,Straight flush,Straight flush 7-8-9 ♦,"(5, 6, 2)",1,48,0.01773017,10914,0.01819,97.2476,95.9034,94.5794,93.2747
discard1,"Deal 4, discard 1",4,10000000,21260929,Straight flush,Straight flush 7-8-9 ♣,"(5, 6, 1)",1,48,0.01773017,10626,0.01771,97.3038,95.9825,94.6791,93.3936
discard1,"Deal 4, discard 1",4,10000000,21260929,Straight flush,Straight flush 6-7-8 ♠,"(5, 5, 4)",1,48,0.01773017,10677,0.017795,97.1921,95.8247,94.4816,93.1629
discard1,"Deal 4, discard 1",4,10000000,21260929,Straight flush,Straight flush 6-7-8 ♥,"(5, 5, 3)",1,48,0.01773017,10721,0.017868,97.2241,95.8642,94.5229,93.2003
discard1,"Deal 4, discard 1",4,10000000,21260929,Straight flush,Straight flush 6-7-8 ♦,"(5, 5, 2)",1,48,0.01773017,10439,0.017398,97.2823,95.967,94.6796,93.4189
discard1,"Deal 4, discard 1",4,10000000,21260929,Straight flush,Straight flush 6-7-8 ♣,"(5, 5, 1)",1,48,0.01773017,10607,0.017678,97.3697,96.0903,94.8336,93.5986
discard1,"Deal 4, discard 1",4,10000000,21260929,Straight flush,Straight flush 5-6-7 ♠,"(5, 4, 4)",1,48,0.01773017,10446,0.01741,97.0438,95.5935,94.1604,92.7436
discard1,"Deal 4, discard 1",4,10000000,21260929,Straight flush,Straight flush 5-6-7 ♥,"(5, 4, 3)",1,48,0.01773017,10501,0.017502,96.9241,95.4223,93.9434,92.4864
discard1,"Deal 4, discard 1",4,10000000,21260929,Straight flush,Straight flush 5-6-7 ♦,"(5, 4, 2)",1,48,0.01773017,10626,0.01771,97.2558,95.9176,94.6019,93.3089
discard1,"Deal 4, discard 1",4,10000000,21260929,Straight flush,Straight flush 5-6-7 ♣,"(5, 4, 1)",1,48,0.01773017,10638,0.01773,96.9515,95.4672,94.0083,92.5738
discard1,"Deal 4, discard 1",4,10000000,21260929,Straight flush,Straight flush 4-5-6 ♠,"(5, 3, 4)",1,48,0.01773017,10703,0.017838,96.9822,95.5097,94.0615,92.6376
discard1,"Deal 4, discard 1",4,10000000,21260929,Straight flush,Straight flush 4-5-6 ♥,"(5, 3, 3)",1,48,0.01773017,10579,0.017632,96.7435,95.147,93.5703,92.0125
discard1,"Deal 4, discard 1",4,10000000,21260929,Straight flush,Straight flush 4-5-6 ♦,"(5, 3, 2)",1,48,0.01773017,11036,0.018393,96.9373,95.444,93.9761,92.5335
discard1,"Deal 4, discard 1",4,10000000,21260929,Straight flush,Straight flush 4-5-6 ♣,"(5, 3, 1)",1,48,0.01773017,10566,0.01761,96.75,95.1675,93.6135,92.0878
discard1,"Deal 4, discard 1",4,10000000,21260929,Straight flush,Straight flush 3-4-5 ♠,"(5, 2, 4)",1,48,0.01773017,10568,0.017613,96.7099,95.1088,93.5371,91.9947
discard1,"Deal 4, discard 1",4,10000000,21260929,Straight flush,Straight flush 3-4-5 ♥,"(5, 2, 3)",1,48,0.01773017,10614,0.01769,96.727,95.1262,93.5481,91.9917
discard1,"Deal 4, discard 1",4,10000000,21260929,Straight flush,Straight flush 3-4-5 ♦,"(5, 2, 2)",1,48,0.01773017,10528,0.017547,96.7667,95.1995,93.6626,92.1543
discard1,"Deal 4, discard 1",4,10000000,21260929,Straight flush,Straight flush 3-4-5 ♣,"(5, 2, 1)",1,48,0.01773017,10825,0.018042,96.7649,95.1991,93.6665,92.1663
discard1,"Deal 4, discard 1",4,10000000,21260929,Straight flush,Straight flush 2-3-4 ♠,"(5, 1, 4)",1,48,0.01773017,10715,0.017858,96.5376,94.8418,93.1685,91.5166
discard1,"Deal 4, discard 1",4,10000000,21260929,Straight flush,Straight flush 2-3-4 ♥,"(5, 1, 3)",1,48,0.01773017,10690,0.017817,96.58,94.9196,93.2909,91.6932
discard1,"Deal 4, discard 1",4,10000000,21260929,Straight flush,Straight flush 2-3-4 ♦,"(5, 1, 2)",1,48,0.01773017,10459,0.017432,96.4939,94.7815,93.0949,91.4332
discard1,"Deal 4, discard 1",4,10000000,21260929,Straight flush,Straight flush 2-3-4 ♣,"(5, 1, 1)",1,48,0.01773017,10495,0.017492,96.4802,94.7632,93.0748,91.415
discard1,"Deal 4, discard 1",4,10000000,21260929,Straight flush,Straight flush A-2-3 ♠,"(5, 0, 4)",1,48,0.01773017,10522,0.017537,96.4455,94.7139,93.0127,91.342
discard1,"Deal 4, discard 1",4,10000000,21260929,Straight flush,Straight flush A-2-3 ♥,"(5, 0, 3)",1,48,0.01773017,10667,0.017778,96.2492,94.4399,92.6746,90.9534
discard1,"Deal 4, discard 1",4,10000000,21260929,Straight flush,Straight flush A-2-3 ♦,"(5, 0, 2)",1,48,0.01773017,10682,0.017803,96.5081,94.81,93.1436,91.5091
discard1,"Deal 4, discard 1",4,10000000,21260929,Straight flush,Straight flush A-2-3 ♣,"(5, 0, 1)",1,48,0.01773017,10761,0.017935,96.0022,94.0721,92.1866,90.3448
discard1,"Deal 4, discard 1",4,10000000,21260929,Sian (three court cards J/Q/K),"Sian J-Q-K, control K♠","(4, 1, 0, 0, 4)",15,678,0.25043864,149371,0.248952,96.4861,94.7768,93.0985,91.4508
discard1,"Deal 4, discard 1",4,10000000,21260929,Sian (three court cards J/Q/K),"Sian J-Q-K, control K♥","(4, 1, 0, 0, 3)",15,664,0.24526734,147766,0.246277,96.0691,94.1671,92.3061,90.485
discard1,"Deal 4, discard 1",4,10000000,21260929,Sian (three court cards J/Q/K),"Sian J-Q-K, control K♦","(4, 1, 0, 0, 2)",15,650,0.24009604,144273,0.240455,95.8068,93.7828,91.8054,89.8734
discard1,"Deal 4, discard 1",4,10000000,21260929,Sian (three court cards J/Q/K),"Sian J-Q-K, control K♣","(4, 1, 0, 0, 1)",15,636,0.23492474,140835,0.234725,95.4079,93.1917,91.0265,88.9104
discard1,"Deal 4, discard 1",4,10000000,21260929,Sian (three court cards J/Q/K),"Sian pair K, kicker Q♠","(4, 0, 13, 12, 4)",6,255,0.09419152,56602,0.094337,95.3993,93.1852,91.0268,88.9227
discard1,"Deal 4, discard 1",4,10000000,21260929,Sian (three court cards J/Q/K),"Sian pair K, kicker Q♥","(4, 0, 13, 12, 3)",6,249,0.09197525,55408,0.092347,95.4326,93.2253,91.0681,88.9601
discard1,"Deal 4, discard 1",4,10000000,21260929,Sian (three court cards J/Q/K),"Sian pair K, kicker Q♦","(4, 0, 13, 12, 2)",6,243,0.08975898,53746,0.089577,95.4491,93.2548,91.1134,89.0243
discard1,"Deal 4, discard 1",4,10000000,21260929,Sian (three court cards J/Q/K),"Sian pair K, kicker Q♣","(4, 0, 13, 12, 1)",6,237,0.08754271,52577,0.087628,95.305,93.0426,90.8336,88.6757
discard1,"Deal 4, discard 1",4,10000000,21260929,Sian (three court cards J/Q/K),"Sian pair K, kicker J♠","(4, 0, 13, 11, 4)",6,258,0.09529966,57018,0.09503,95.3423,93.1052,90.9267,88.8053
discard1,"Deal 4, discard 1",4,10000000,21260929,Sian (three court cards J/Q/K),"Sian pair K, kicker J♥","(4, 0, 13, 11, 3)",6,252,0.09308339,55864,0.093107,95.1803,92.8585,90.5932,88.3825
discard1,"Deal 4, discard 1",4,10000000,21260929,Sian (three court cards J/Q/K),"Sian pair K, kicker J♦","(4, 0, 13, 11, 2)",6,246,0.09086712,54307,0.090512,95.2653,92.99,90.7743,88.6166
discard1,"Deal 4, discard 1",4,10000000,21260929,Sian (three court cards J/Q/K),"Sian pair K, kicker J♣","(4, 0, 13, 11, 1)",6,240,0.08865084,53160,0.0886,95.1401,92.8002,90.5181,88.2919
discard1,"Deal 4, discard 1",4,10000000,21260929,Sian (three court cards J/Q/K),"Sian pair Q, kicker K♠","(4, 0, 12, 13, 4)",6,237,0.08754271,52436,0.087393,94.7677,92.2509,89.7986,87.4094
discard1,"Deal 4, discard 1",4,10000000,21260929,Sian (three court cards J/Q/K),"Sian pair Q, kicker K♥","(4, 0, 12, 13, 3)",6,237,0.08754271,52660,0.087767,94.6035,92.0127,89.4918,87.0395
discard1,"Deal 4, discard 1",4,10000000,21260929,Sian (three court cards J/Q/K),"Sian pair Q, kicker K♦","(4, 0, 12, 13, 2)",6,237,0.08754271,52697,0.087828,94.7008,92.1531,89.6696,87.2479
discard1,"Deal 4, discard 1",4,10000000,21260929,Sian (three court cards J/Q/K),"Sian pair Q, kicker K♣","(4, 0, 12, 13, 1)",6,237,0.08754271,52554,0.08759,94.5266,91.8956,89.3325,86.8364
discard1,"Deal 4, discard 1",4,10000000,21260929,Sian (three court cards J/Q/K),"Sian pair Q, kicker J♠","(4, 0, 12, 11, 4)",6,255,0.09419152,56005,0.093342,94.0632,91.2172,88.4478,85.7513
discard1,"Deal 4, discard 1",4,10000000,21260929,Sian (three court cards J/Q/K),"Sian pair Q, kicker J♥","(4, 0, 12, 11, 3)",6,249,0.09197525,55210,0.092017,94.0994,91.2746,88.53,85.8631
discard1,"Deal 4, discard 1",4,10000000,21260929,Sian (three court cards J/Q/K),"Sian pair Q, kicker J♦","(4, 0, 12, 11, 2)",6,243,0.08975898,53856,0.08976,94.128,91.3202,88.5922,85.9403
discard1,"Deal 4, discard 1",4,10000000,21260929,Sian (three court cards J/Q/K),"Sian pair Q, kicker J♣","(4, 0, 12, 11, 1)",6,237,0.08754271,52307,0.087178,94.0195,91.1585,88.3809,85.6845
discard1,"Deal 4, discard 1",4,10000000,21260929,Sian (three court cards J/Q/K),"Sian pair J, kicker K♠","(4, 0, 11, 13, 4)",6,240,0.08865084,52678,0.087797,93.6706,90.6523,87.7262,84.8893
discard1,"Deal 4, discard 1",4,10000000,21260929,Sian (three court cards J/Q/K),"Sian pair J, kicker K♥","(4, 0, 11, 13, 3)",6,240,0.08865084,52997,0.088328,93.6155,90.5761,87.6344,84.7878
discard1,"Deal 4, discard 1",4,10000000,21260929,Sian (three court cards J/Q/K),"Sian pair J, kicker K♦","(4, 0, 11, 13, 2)",6,240,0.08865084,53595,0.089325,93.4835,90.3767,87.3671,84.4519
discard1,"Deal 4, discard 1",4,10000000,21260929,Sian (three court cards J/Q/K),"Sian pair J, kicker K♣","(4, 0, 11, 13, 1)",6,240,0.08865084,52916,0.088193,93.5469,90.4626,87.4703,84.568
discard1,"Deal 4, discard 1",4,10000000,21260929,Sian (three court cards J/Q/K),"Sian pair J, kicker Q♠","(4, 0, 11, 12, 4)",6,237,0.08754271,52203,0.087005,93.342,90.168,87.0915,84.1082
discard1,"Deal 4, discard 1",4,10000000,21260929,Sian (three court cards J/Q/K),"Sian pair J, kicker Q♥","(4, 0, 11, 12, 3)",6,237,0.08754271,52409,0.087348,93.5177,90.4215,87.4186,84.5065
discard1,"Deal 4, discard 1",4,10000000,21260929,Sian (three court cards J/Q/K),"Sian pair J, kicker Q♦","(4, 0, 11, 12, 2)",6,237,0.08754271,52661,0.087768,93.3784,90.2197,87.1567,84.1856
discard1,"Deal 4, discard 1",4,10000000,21260929,Sian (three court cards J/Q/K),"Sian pair J, kicker Q♣","(4, 0, 11, 12, 1)",6,237,0.08754271,52089,0.086815,93.3111,90.1229,87.036,84.0485
discard1,"Deal 4, discard 1",4,10000000,21260929,Straight (Riang),"Straight Q-K-A, control A♠","(3, 11, 4)",15,582,0.2149783,129678,0.21613,92.0571,88.2915,84.658,81.1525
discard1,"Deal 4, discard 1",4,10000000,21260929,Straight (Riang),"Straight Q-K-A, control A♥","(3, 11, 3)",15,568,0.209807,126196,0.210327,91.7796,87.8882,84.1367,80.5208
discard1,"Deal 4, discard 1",4,10000000,21260929,Straight (Riang),"Straight Q-K-A, control A♦","(3, 11, 2)",15,554,0.2046357,122840,0.204733,91.4151,87.3669,83.4743,79.7322
discard1,"Deal 4, discard 1",4,10000000,21260929,Straight (Riang),"Straight Q-K-A, control A♣","(3, 11, 1)",15,540,0.1994644,118884,0.19814,91.1319,86.9482,82.9232,79.051
discard1,"Deal 4, discard 1",4,10000000,21260929,Straight (Riang),"Straight 10-J-Q, control Q♠","(3, 9, 4)",15,558,0.20611321,123834,0.20639,90.5513,86.0902,81.7968,77.6653
discard1,"Deal 4, discard 1",4,10000000,21260929,Straight (Riang),"Straight 10-J-Q, control Q♥","(3, 9, 3)",15,558,0.20611321,123698,0.206163,90.272,85.7079,81.3328,77.1387
discard1,"Deal 4, discard 1",4,10000000,21260929,Straight (Riang),"Straight 10-J-Q, control Q♦","(3, 9, 2)",15,558,0.20611321,123842,0.206403,89.9386,85.2263,80.7143,76.3941
discard1,"Deal 4, discard 1",4,10000000,21260929,Straight (Riang),"Straight 10-J-Q, control Q♣","(3, 9, 1)",15,558,0.20611321,123298,0.205497,89.7375,84.9374,80.3468,75.9574
discard1,"Deal 4, discard 1",4,10000000,21260929,Straight (Riang),"Straight 9-10-J, control J♠","(3, 8, 4)",15,621,0.22938406,137482,0.229137,87.7823,82.1303,76.7639,71.6697
discard1,"Deal 4, discard 1",4,10000000,21260929,Straight (Riang),"Straight 9-10-J, control J♥","(3, 8, 3)",15,607,0.22421276,134306,0.223843,87.4373,81.6536,76.1804,71.0028
discard1,"Deal 4, discard 1",4,10000000,21260929,Straight (Riang),"Straight 9-10-J, control J♦","(3, 8, 2)",15,593,0.21904146,131636,0.219393,87.139,81.2306,75.6471,70.3728
discard1,"Deal 4, discard 1",4,10000000,21260929,Straight (Riang),"Straight 9-10-J, control J♣","(3, 8, 1)",15,579,0.21387016,128027,0.213378,86.8667,80.8487,75.1729,69.8228
discard1,"Deal 4, discard 1",4,10000000,21260929,Straight (Riang),"Straight 8-9-10, control 10♠","(3, 7, 4)",15,621,0.22938406,137625,0.229375,84.8163,77.9516,71.5348,65.5397
discard1,"Deal 4, discard 1",4,10000000,21260929,Straight (Riang),"Straight 8-9-10, control 10♥","(3, 7, 3)",15,607,0.22421276,134651,0.224418,84.3687,77.3344,70.7805,64.6791
discard1,"Deal 4, discard 1",4,10000000,21260929,Straight (Riang),"Straight 8-9-10, control 10♦","(3, 7, 2)",15,593,0.21904146,131659,0.219432,84.1961,77.1038,70.5081,64.3792
discard1,"Deal 4, discard 1",4,10000000,21260929,Straight (Riang),"Straight 8-9-10, control 10♣","(3, 7, 1)",15,579,0.21387016,128383,0.213972,83.8425,76.6182,69.9158,63.7016
discard1,"Deal 4, discard 1",4,10000000,21260929,Straight (Riang),"Straight 7-8-9, control 9♠","(3, 6, 4)",15,621,0.22938406,137630,0.229383,83.0865,75.5878,68.6699,62.2931
discard1,"Deal 4, discard 1",4,10000000,21260929,Straight (Riang),"Straight 7-8-9, control 9♥","(3, 6, 3)",15,607,0.22421276,134402,0.224003,82.7485,75.1131,68.078,61.6018
discard1,"Deal 4, discard 1",4,10000000,21260929,Straight (Riang),"Straight 7-8-9, control 9♦","(3, 6, 2)",15,593,0.21904146,131807,0.219678,82.5672,74.8753,67.8003,61.2964
discard1,"Deal 4, discard 1",4,10000000,21260929,Straight (Riang),"Straight 7-8-9, control 9♣","(3, 6, 1)",15,579,0.21387016,128368,0.213947,82.0076,74.1058,66.8584,60.2144
discard1,"Deal 4, discard 1",4,10000000,21260929,Straight (Riang),"Straight 6-7-8, control 8♠","(3, 5, 4)",15,621,0.22938406,137634,0.22939,81.1401,72.9217,65.4276,58.5996
discard1,"Deal 4, discard 1",4,10000000,21260929,Straight (Riang),"Straight 6-7-8, control 8♥","(3, 5, 3)",15,607,0.22421276,134787,0.224645,80.9414,72.6695,65.1447,58.3046
discard1,"Deal 4, discard 1",4,10000000,21260929,Straight (Riang),"Straight 6-7-8, control 8♦","(3, 5, 2)",15,593,0.21904146,131454,0.21909,80.5394,72.139,64.5278,57.6392
discard1,"Deal 4, discard 1",4,10000000,21260929,Straight (Riang),"Straight 6-7-8, control 8♣","(3, 5, 1)",15,579,0.21387016,128303,0.213838,80.3392,71.8552,64.1729,57.2255
discard1,"Deal 4, discard 1",4,10000000,21260929,Straight (Riang),"Straight 5-6-7, control 7♠","(3, 4, 4)",15,621,0.22938406,137780,0.229633,79.376,70.5756,62.6583,55.5414
discard1,"Deal 4, discard 1",4,10000000,21260929,Straight (Riang),"Straight 5-6-7, control 7♥","(3, 4, 3)",15,607,0.22421276,134201,0.223668,79.0967,70.2221,62.2675,55.1456
discard1,"Deal 4, discard 1",4,10000000,21260929,Straight (Riang),"Straight 5-6-7, control 7♦","(3, 4, 2)",15,593,0.21904146,131844,0.21974,78.706,69.6751,61.5893,54.3612
discard1,"Deal 4, discard 1",4,10000000,21260929,Straight (Riang),"Straight 5-6-7, control 7♣","(3, 4, 1)",15,579,0.21387016,128375,0.213958,78.5364,69.4789,61.393,54.1834
discard1,"Deal 4, discard 1",4,10000000,21260929,Straight (Riang),"Straight 4-5-6, control 6♠","(3, 3, 4)",15,621,0.22938406,138163,0.230272,77.5628,68.1935,59.8887,52.5401
discard1,"Deal 4, discard 1",4,10000000,21260929,Straight (Riang),"Straight 4-5-6, control 6♥","(3, 3, 3)",15,607,0.22421276,134712,0.22452,77.2329,67.7411,59.3346,51.8974
discard1,"Deal 4, discard 1",4,10000000,21260929,Straight (Riang),"Straight 4-5-6, control 6♦","(3, 3, 2)",15,593,0.21904146,131260,0.218767,76.8285,67.2435,58.7897,51.337
discard1,"Deal 4, discard 1",4,10000000,21260929,Straight (Riang),"Straight 4-5-6, control 6♣","(3, 3, 1)",15,579,0.21387016,128101,0.213502,76.6062,66.9419,58.4239,50.9184
discard1,"Deal 4, discard 1",4,10000000,21260929,Straight (Riang),"Straight 3-4-5, control 5♠","(3, 2, 4)",15,621,0.22938406,138214,0.230357,75.7896,65.8603,57.1634,49.5565
discard1,"Deal 4, discard 1",4,10000000,21260929,Straight (Riang),"Straight 3-4-5, control 5♥","(3, 2, 3)",15,607,0.22421276,134903,0.224838,75.3745,65.3461,56.6001,48.9804
discard1,"Deal 4, discard 1",4,10000000,21260929,Straight (Riang),"Straight 3-4-5, control 5♦","(3, 2, 2)",15,593,0.21904146,131930,0.219883,75.2119,65.1344,56.3449,48.6804
discard1,"Deal 4, discard 1",4,10000000,21260929,Straight (Riang),"Straight 3-4-5, control 5♣","(3, 2, 1)",15,579,0.21387016,128136,0.21356,74.8431,64.697,55.9012,48.28
discard1,"Deal 4, discard 1",4,10000000,21260929,Straight (Riang),"Straight 2-3-4, control 4♠","(3, 1, 4)",15,621,0.22938406,137417,0.229028,73.9016,63.4712,54.4752,46.7191
discard1,"Deal 4, discard 1",4,10000000,21260929,Straight (Riang),"Straight 2-3-4, control 4♥","(3, 1, 3)",15,607,0.22421276,134330,0.223883,73.6407,63.1423,54.105,46.3247
discard1,"Deal 4, discard 1",4,10000000,21260929,Straight (Riang),"Straight 2-3-4, control 4♦","(3, 1, 2)",15,593,0.21904146,131865,0.219775,73.3882,62.8165,53.7322,45.9273
discard1,"Deal 4, discard 1",4,10000000,21260929,Straight (Riang),"Straight 2-3-4, control 4♣","(3, 1, 1)",15,579,0.21387016,128326,0.213877,73.0917,62.4303,53.2851,45.4444
discard1,"Deal 4, discard 1",4,10000000,21260929,Straight (Riang),"Straight A-2-3, control 3♠","(3, 0, 4)",15,624,0.2304922,138202,0.230337,72.6322,61.8642,52.6715,44.8271
discard1,"Deal 4, discard 1",4,10000000,21260929,Straight (Riang),"Straight A-2-3, control 3♥","(3, 0, 3)",15,610,0.2253209,134804,0.224673,72.2437,61.3704,52.1164,44.2502
discard1,"Deal 4, discard 1",4,10000000,21260929,Straight (Riang),"Straight A-2-3, control 3♦","(3, 0, 2)",15,596,0.2201496,132108,0.22018,71.9115,60.9815,51.7134,43.852
discard1,"Deal 4, discard 1",4,10000000,21260929,Straight (Riang),"Straight A-2-3, control 3♣","(3, 0, 1)",15,582,0.2149783,128426,0.214043,71.9,60.946,51.6439,43.7404
discard1,"Deal 4, discard 1",4,10000000,21260929,Flush (See),Flush A-K-J ♠,"(2, 14, 13, 11, 4)",1,39,0.01440576,8728,0.014547,72.8666,62.1826,53.05,45.2452
discard1,"Deal 4, discard 1",4,10000000,21260929,Flush (See),Flush A-K-J ♥,"(2, 14, 13, 11, 3)",1,39,0.01440576,8676,0.01446,72.9576,62.2914,53.1743,45.3896
discard1,"Deal 4, discard 1",4,10000000,21260929,Flush (See),Flush A-K-J ♦,"(2, 14, 13, 11, 2)",1,39,0.01440576,8772,0.01462,73.8406,63.4622,54.528,46.8194
discard1,"Deal 4, discard 1",4,10000000,21260929,Flush (See),Flush A-K-J ♣,"(2, 14, 13, 11, 1)",1,39,0.01440576,8509,0.014182,73.3083,62.8464,53.9546,46.3979
discard1,"Deal 4, discard 1",4,10000000,21260929,Flush (See),Flush A-K-10 ♠,"(2, 14, 13, 10, 4)",1,44,0.01625265,9797,0.016328,72.4997,61.7005,52.4732,44.5851
discard1,"Deal 4, discard 1",4,10000000,21260929,Flush (See),Flush A-K-10 ♥,"(2, 14, 13, 10, 3)",1,44,0.01625265,9683,0.016138,73.0848,62.5374,53.5206,45.7916
discard1,"Deal 4, discard 1",4,10000000,21260929,Flush (See),Flush A-K-10 ♦,"(2, 14, 13, 10, 2)",1,44,0.01625265,9995,0.016658,72.5763,61.7979,52.6003,44.7524
discard1,"Deal 4, discard 1",4,10000000,21260929,Flush (See),Flush A-K-10 ♣,"(2, 14, 13, 10, 1)",1,44,0.01625265,9800,0.016333,72.1847,61.301,52.051,44.1939
discard1,"Deal 4, discard 1",4,10000000,21260929,Flush (See),Flush A-K-9 ♠,"(2, 14, 13, 9, 4)",1,43,0.01588328,9552,0.01592,72.4372,61.6771,52.5293,44.7446
discard1,"Deal 4, discard 1",4,10000000,21260929,Flush (See),Flush A-K-9 ♥,"(2, 14, 13, 9, 3)",1,43,0.01588328,9579,0.015965,72.2633,61.2694,51.8572,43.8146
discard1,"Deal 4, discard 1",4,10000000,21260929,Flush (See),Flush A-K-9 ♦,"(2, 14, 13, 9, 2)",1,43,0.01588328,9639,0.016065,72.6009,61.8902,52.7752,45.015
discard1,"Deal 4, discard 1",4,10000000,21260929,Flush (See),Flush A-K-9 ♣,"(2, 14, 13, 9, 1)",1,43,0.01588328,9416,0.015693,73.1563,62.5117,53.3496,45.4545
discard1,"Deal 4, discard 1",4,10000000,21260929,Flush (See),Flush A-K-8 ♠,"(2, 14, 13, 8, 4)",1,42,0.0155139,9427,0.015712,72.8588,62.1544,53.0285,45.2636
discard1,"Deal 4, discard 1",4,10000000,21260929,Flush (See),Flush A-K-8 ♥,"(2, 14, 13, 8, 3)",1,42,0.0155139,9302,0.015503,72.579,61.8716,52.765,45.0118
discard1,"Deal 4, discard 1",4,10000000,21260929,Flush (See),Flush A-K-8 ♦,"(2, 14, 13, 8, 2)",1,42,0.0155139,9364,0.015607,72.1711,61.3531,52.1892,44.4361
discard1,"Deal 4, discard 1",4,10000000,21260929,Flush (See),Flush A-K-8 ♣,"(2, 14, 13, 8, 1)",1,42,0.0155139,9247,0.015412,72.5944,61.8795,52.7328,44.9227
discard1,"Deal 4, discard 1",4,10000000,21260929,Flush (See),Flush A-K-7 ♠,"(2, 14, 13, 7, 4)",1,41,0.01514452,8938,0.014897,72.6706,61.8796,52.6516,44.7863
discard1,"Deal 4, discard 1",4,10000000,21260929,Flush (See),Flush A-K-7 ♥,"(2, 14, 13, 7, 3)",1,41,0.01514452,9082,0.015137,72.4675,61.6924,52.5149,44.6928
discard1,"Deal 4, discard 1",4,10000000,21260929,Flush (See),Flush A-K-7 ♦,"(2, 14, 13, 7, 2)",1,41,0.01514452,9047,0.015078,72.4052,61.6547,52.5456,44.8215
discard1,"Deal 4, discard 1",4,10000000,21260929,Flush (See),Flush A-K-7 ♣,"(2, 14, 13, 7, 1)",1,41,0.01514452,9102,0.01517,72.5753,61.8238,52.661,44.8583
discard1,"Deal 4, discard 1",4,10000000,21260929,Flush (See),Flush A-K-6 ♠,"(2, 14, 13, 6, 4)",1,40,0.01477514,8903,0.014838,72.6171,61.8522,52.6879,44.895
discard1,"Deal 4, discard 1",4,10000000,21260929,Flush (See),Flush A-K-6 ♥,"(2, 14, 13, 6, 3)",1,40,0.01477514,9070,0.015117,72.495,61.7354,52.5645,44.7409
discard1,"Deal 4, discard 1",4,10000000,21260929,Flush (See),Flush A-K-6 ♦,"(2, 14, 13, 6, 2)",1,40,0.01477514,8828,0.014713,72.2542,61.4703,52.3357,44.5967
discard1,"Deal 4, discard 1",4,10000000,21260929,Flush (See),Flush A-K-6 ♣,"(2, 14, 13, 6, 1)",1,40,0.01477514,8706,0.01451,72.0457,61.1934,52.0262,44.3028
discard1,"Deal 4, discard 1",4,10000000,21260929,Flush (See),Flush A-K-5 ♠,"(2, 14, 13, 5, 4)",1,39,0.01440576,8503,0.014172,72.1886,61.4277,52.3062,44.5607
discard1,"Deal 4, discard 1",4,10000000,21260929,Flush (See),Flush A-K-5 ♥,"(2, 14, 13, 5, 3)",1,39,0.01440576,8513,0.014188,71.8231,60.8117,51.446,43.4747
discard1,"Deal 4, discard 1",4,10000000,21260929,Flush (See),Flush A-K-5 ♦,"(2, 14, 13, 5, 2)",1,39,0.01440576,8596,0.014327,72.5582,61.8322,52.7245,45.0093
discard1,"Deal 4, discard 1",4,10000000,21260929,Flush (See),Flush A-K-5 ♣,"(2, 14, 13, 5, 1)",1,39,0.01440576,8716,0.014527,72.3646,61.6407,52.5677,44.883
discard1,"Deal 4, discard 1",4,10000000,21260929,Flush (See),Flush A-K-4 ♠,"(2, 14, 13, 4, 4)",1,38,0.01403638,8386,0.013977,71.797,60.762,51.3809,43.4057
discard1,"Deal 4, discard 1",4,10000000,21260929,Flush (See),Flush A-K-4 ♥,"(2, 14, 13, 4, 3)",1,38,0.01403638,8247,0.013745,72.4336,61.7121,52.6106,44.8891
discard1,"Deal 4, discard 1",4,10000000,21260929,Flush (See),Flush A-K-4 ♦,"(2, 14, 13, 4, 2)",1,38,0.01403638,8448,0.01408,71.978,61.0606,51.7921,43.9276
discard1,"Deal 4, discard 1",4,10000000,21260929,Flush (See),Flush A-K-4 ♣,"(2, 14, 13, 4, 1)",1,38,0.01403638,8470,0.014117,72.4723,61.7037,52.5148,44.6517
discard1,"Deal 4, discard 1",4,10000000,21260929,Flush (See),Flush A-K-3 ♠,"(2, 14, 13, 3, 4)",1,33,0.01218949,7377,0.012295,71.9019,60.9421,51.5982,43.6221
discard1,"Deal 4, discard 1",4,10000000,21260929,Flush (See),Flush A-K-3 ♥,"(2, 14, 13, 3, 3)",1,33,0.01218949,7323,0.012205,71.2331,60.1502,50.8016,42.9196
discard1,"Deal 4, discard 1",4,10000000,21260929,Flush (See),Flush A-K-3 ♦,"(2, 14, 13, 3, 2)",1,33,0.01218949,7312,0.012187,72.3318,61.529,52.3605,44.5842
discard1,"Deal 4, discard 1",4,10000000,21260929,Flush (See),Flush A-K-3 ♣,"(2, 14, 13, 3, 1)",1,33,0.01218949,7355,0.012258,72.2121,61.3365,52.0707,44.174
discard1,"Deal 4, discard 1",4,10000000,21260929,Flush (See),Flush A-K-2 ♠,"(2, 14, 13, 2, 4)",1,33,0.01218949,7216,0.012027,71.1419,60.0236,50.6707,42.8076
discard1,"Deal 4, discard 1",4,10000000,21260929,Flush (See),Flush A-K-2 ♥,"(2, 14, 13, 2, 3)",1,33,0.01218949,7270,0.012117,71.5736,60.5695,51.3012,43.5213
discard1,"Deal 4, discard 1",4,10000000,21260929,Flush (See),Flush A-K-2 ♦,"(2, 14, 13, 2, 2)",1,33,0.01218949,7280,0.012133,71.5481,60.3887,50.8956,42.8434
discard1,"Deal 4, discard 1",4,10000000,21260929,Flush (See),Flush A-K-2 ♣,"(2, 14, 13, 2, 1)",1,33,0.01218949,7386,0.01231,71.1061,59.9377,50.4982,42.5264
discard1,"Deal 4, discard 1",4,10000000,21260929,Flush (See),Flush A-Q-J ♠,"(2, 14, 12, 11, 4)",1,35,0.01292825,7788,0.01298,72.7119,61.9312,52.6836,44.7355
discard1,"Deal 4, discard 1",4,10000000,21260929,Flush (See),Flush A-Q-J ♥,"(2, 14, 12, 11, 3)",1,35,0.01292825,7728,0.01288,72.9762,62.2748,53.0901,45.1993
discard1,"Deal 4, discard 1",4,10000000,21260929,Flush (See),Flush A-Q-J ♦,"(2, 14, 12, 11, 2)",1,35,0.01292825,7933,0.013222,72.5652,61.9022,52.84,45.1153
discard1,"Deal 4, discard 1",4,10000000,21260929,Flush (See),Flush A-Q-J ♣,"(2, 14, 12, 11, 1)",1,35,0.01292825,7971,0.013285,73.0548,62.4639,53.4237,45.7032
discard1,"Deal 4, discard 1",4,10000000,21260929,Flush (See),Flush A-Q-10 ♠,"(2, 14, 12, 10, 4)",1,41,0.01514452,9138,0.01523,72.2915,61.508,52.3747,44.6597
discard1,"Deal 4, discard 1",4,10000000,21260929,Flush (See),Flush A-Q-10 ♥,"(2, 14, 12, 10, 3)",1,41,0.01514452,9025,0.015042,72.1374,61.3917,52.3324,44.7202
discard1,"Deal 4, discard 1",4,10000000,21260929,Flush (See),Flush A-Q-10 ♦,"(2, 14, 12, 10, 2)",1,41,0.01514452,8951,0.014918,71.9126,60.9988,51.773,43.9951
discard1,"Deal 4, discard 1",4,10000000,21260929,Flush (See),Flush A-Q-10 ♣,"(2, 14, 12, 10, 1)",1,41,0.01514452,9065,0.015108,71.9515,60.9542,51.5962,43.6404
discard1,"Deal 4, discard 1",4,10000000,21260929,Flush (See),Flush A-Q-9 ♠,"(2, 14, 12, 9, 4)",1,43,0.01588328,9370,0.015617,72.6745,61.9168,52.7492,44.9626
discard1,"Deal 4, discard 1",4,10000000,21260929,Flush (See),Flush A-Q-9 ♥,"(2, 14, 12, 9, 3)",1,43,0.01588328,9781,0.016302,72.0836,61.1481,51.8413,43.9321
discard1,"Deal 4, discard 1",4,10000000,21260929,Flush (See),Flush A-Q-9 ♦,"(2, 14, 12, 9, 2)",1,43,0.01588328,9548,0.015913,72.3178,61.5155,52.3628,44.6376
discard1,"Deal 4, discard 1",4,10000000,21260929,Flush (See),Flush A-Q-9 ♣,"(2, 14, 12, 9, 1)",1,43,0.01588328,9664,0.016107,72.4338,61.6981,52.5786,44.8262
discard1,"Deal 4, discard 1",4,10000000,21260929,Flush (See),Flush A-Q-8 ♠,"(2, 14, 12, 8, 4)",1,42,0.0155139,9285,0.015475,71.8977,61.0059,51.8104,44.0603
discard1,"Deal 4, discard 1",4,10000000,21260929,Flush (See),Flush A-Q-8 ♥,"(2, 14, 12, 8, 3)",1,42,0.0155139,9451,0.015752,71.7533,60.7608,51.4295,43.5086
discard1,"Deal 4, discard 1",4,10000000,21260929,Flush (See),Flush A-Q-8 ♦,"(2, 14, 12, 8, 2)",1,42,0.0155139,9209,0.015348,71.7385,60.797,51.5474,43.7181
discard1,"Deal 4, discard 1",4,10000000,21260929,Flush (See),Flush A-Q-8 ♣,"(2, 14, 12, 8, 1)",1,42,0.0155139,9417,0.015695,71.9146,61.0332,51.8233,44.0374
discard1,"Deal 4, discard 1",4,10000000,21260929,Flush (See),Flush A-Q-7 ♠,"(2, 14, 12, 7, 4)",1,41,0.01514452,9289,0.015482,71.688,60.6395,51.2649,43.2985
discard1,"Deal 4, discard 1",4,10000000,21260929,Flush (See),Flush A-Q-7 ♥,"(2, 14, 12, 7, 3)",1,41,0.01514452,9061,0.015102,72.2702,61.3597,52.0516,44.1232
discard1,"Deal 4, discard 1",4,10000000,21260929,Flush (See),Flush A-Q-7 ♦,"(2, 14, 12, 7, 2)",1,41,0.01514452,9124,0.015207,71.9334,60.9765,51.6944,43.8404
discard1,"Deal 4, discard 1",4,10000000,21260929,Flush (See),Flush A-Q-7 ♣,"(2, 14, 12, 7, 1)",1,41,0.01514452,9137,0.015228,71.8956,60.9752,51.7128,43.8437
discard1,"Deal 4, discard 1",4,10000000,21260929,Flush (See),Flush A-Q-6 ♠,"(2, 14, 12, 6, 4)",1,40,0.01477514,8790,0.01465,71.6553,60.6746,51.4107,43.6291
discard1,"Deal 4, discard 1",4,10000000,21260929,Flush (See),Flush A-Q-6 ♥,"(2, 14, 12, 6, 3)",1,40,0.01477514,8823,0.014705,71.9699,61.0461,51.7806,43.9193
discard1,"Deal 4, discard 1",4,10000000,21260929,Flush (See),Flush A-Q-6 ♦,"(2, 14, 12, 6, 2)",1,40,0.01477514,8955,0.014925,71.5187,60.4009,50.9816,43.0151
discard1,"Deal 4, discard 1",4,10000000,21260929,Flush (See),Flush A-Q-6 ♣,"(2, 14, 12, 6, 1)",1,40,0.01477514,9004,0.015007,71.7481,60.8252,51.586,43.7583
discard1,"Deal 4, discard 1",4,10000000,21260929,Flush (See),Flush A-Q-5 ♠,"(2, 14, 12, 5, 4)",1,39,0.01440576,8616,0.01436,71.5727,60.5316,51.1653,43.2103
discard1,"Deal 4, discard 1",4,10000000,21260929,Flush (See),Flush A-Q-5 ♥,"(2, 14, 12, 5, 3)",1,39,0.01440576,8762,0.014603,71.9607,60.9256,51.527,43.5403
discard1,"Deal 4, discard 1",4,10000000,21260929,Flush (See),Flush A-Q-5 ♦,"(2, 14, 12, 5, 2)",1,39,0.01440576,8482,0.014137,71.9029,61.0174,51.8321,44.0816
discard1,"Deal 4, discard 1",4,10000000,21260929,Flush (See),Flush A-Q-5 ♣,"(2, 14, 12, 5, 1)",1,39,0.01440576,8709,0.014515,71.8314,60.8463,51.4916,43.5182
discard1,"Deal 4, discard 1",4,10000000,21260929,Flush (See),Flush A-Q-4 ♠,"(2, 14, 12, 4, 4)",1,38,0.01403638,8260,0.013767,71.7554,60.6937,51.2809,43.2809
discard1,"Deal 4, discard 1",4,10000000,21260929,Flush (See),Flush A-Q-4 ♥,"(2, 14, 12, 4, 3)",1,38,0.01403638,8450,0.014083,71.3586,60.3302,51.0438,43.2071
discard1,"Deal 4, discard 1",4,10000000,21260929,Flush (See),Flush A-Q-4 ♦,"(2, 14, 12, 4, 2)",1,38,0.01403638,8405,0.014008,71.5883,60.5699,51.279,43.4503
discard1,"Deal 4, discard 1",4,10000000,21260929,Flush (See),Flush A-Q-4 ♣,"(2, 14, 12, 4, 1)",1,38,0.01403638,8283,0.013805,71.194,59.9831,50.4914,42.4605
discard1,"Deal 4, discard 1",4,10000000,21260929,Flush (See),Flush A-Q-3 ♠,"(2, 14, 12, 3, 4)",1,33,0.01218949,7182,0.01197,71.817,60.9036,51.6597,43.804
discard1,"Deal 4, discard 1",4,10000000,21260929,Flush (See),Flush A-Q-3 ♥,"(2, 14, 12, 3, 3)",1,33,0.01218949,7267,0.012112,71.6004,60.6454,51.4105,43.6356
discard1,"Deal 4, discard 1",4,10000000,21260929,Flush (See),Flush A-Q-3 ♦,"(2, 14, 12, 3, 2)",1,33,0.01218949,7287,0.012145,71.935,61.1459,52.0736,44.449
discard1,"Deal 4, discard 1",4,10000000,21260929,Flush (See),Flush A-Q-3 ♣,"(2, 14, 12, 3, 1)",1,33,0.01218949,7340,0.012233,71.6294,60.5422,51.1444,43.2016
discard1,"Deal 4, discard 1",4,10000000,21260929,Flush (See),Flush A-Q-2 ♠,"(2, 14, 12, 2, 4)",1,33,0.01218949,7149,0.011915,70.9204,59.8042,50.4854,42.6773
discard1,"Deal 4, discard 1",4,10000000,21260929,Flush (See),Flush A-Q-2 ♥,"(2, 14, 12, 2, 3)",1,33,0.01218949,7324,0.012207,71.2288,60.0464,50.6199,42.7089
discard1,"Deal 4, discard 1",4,10000000,21260929,Flush (See),Flush A-Q-2 ♦,"(2, 14, 12, 2, 2)",1,33,0.01218949,7355,0.012258,71.3297,60.1577,50.6785,42.6377
discard1,"Deal 4, discard 1",4,10000000,21260929,Flush (See),Flush A-Q-2 ♣,"(2, 14, 12, 2, 1)",1,33,0.01218949,7285,0.012142,70.9828,59.7914,50.3802,42.4846
discard1,"Deal 4, discard 1",4,10000000,21260929,Flush (See),Flush A-J-10 ♠,"(2, 14, 11, 10, 4)",1,40,0.01477514,8868,0.01478,71.3543,60.3823,51.1773,43.4596
discard1,"Deal 4, discard 1",4,10000000,21260929,Flush (See),Flush A-J-10 ♥,"(2, 14, 11, 10, 3)",1,40,0.01477514,8912,0.014853,71.3431,60.2715,50.8887,42.9084
discard1,"Deal 4, discard 1",4,10000000,21260929,Flush (See),Flush A-J-10 ♦,"(2, 14, 11, 10, 2)",1,40,0.01477514,8941,0.014902,71.1263,60.0559,50.7974,43.0712
discard1,"Deal 4, discard 1",4,10000000,21260929,Flush (See),Flush A-J-10 ♣,"(2, 14, 11, 10, 1)",1,40,0.01477514,8756,0.014593,71.415,60.3118,50.9365,43.0562
discard1,"Deal 4, discard 1",4,10000000,21260929,Flush (See),Flush A-J-9 ♠,"(2, 14, 11, 9, 4)",1,43,0.01588328,9557,0.015928,71.58,60.6571,51.4659,43.7376
discard1,"Deal 4, discard 1",4,10000000,21260929,Flush (See),Flush A-J-9 ♥,"(2, 14, 11, 9, 3)",1,43,0.01588328,9530,0.015883,71.7712,60.7964,51.4711,43.5257
discard1,"Deal 4, discard 1",4,10000000,21260929,Flush (See),Flush A-J-9 ♦,"(2, 14, 11, 9, 2)",1,43,0.01588328,9508,0.015847,71.6344,60.6542,51.4114,43.6475
discard1,"Deal 4, discard 1",4,10000000,21260929,Flush (See),Flush A-J-9 ♣,"(2, 14, 11, 9, 1)",1,43,0.01588328,9408,0.01568,71.8463,60.895,51.6029,43.7075
discard1,"Deal 4, discard 1",4,10000000,21260929,Flush (See),Flush A-J-8 ♠,"(2, 14, 11, 8, 4)",1,45,0.01662203,9876,0.01646,71.0925,59.9656,50.6096,42.7501
discard1,"Deal 4, discard 1",4,10000000,21260929,Flush (See),Flush A-J-8 ♥,"(2, 14, 11, 8, 3)",1,45,0.01662203,9913,0.016522,71.7058,60.7566,51.5021,43.6901
discard1,"Deal 4, discard 1",4,10000000,21260929,Flush (See),Flush A-J-8 ♦,"(2, 14, 11, 8, 2)",1,45,0.01662203,9897,0.016495,71.557,60.4961,51.1367,43.2151
discard1,"Deal 4, discard 1",4,10000000,21260929,Flush (See),Flush A-J-8 ♣,"(2, 14, 11, 8, 1)",1,45,0.01662203,9944,0.016573,70.5632,59.285,49.8371,41.9248
discard1,"Deal 4, discard 1",4,10000000,21260929,Flush (See),Flush A-J-7 ♠,"(2, 14, 11, 7, 4)",1,44,0.01625265,9701,0.016168,71.2473,60.1804,50.8999,43.1399
discard1,"Deal 4, discard 1",4,10000000,21260929,Flush (See),Flush A-J-7 ♥,"(2, 14, 11, 7, 3)",1,44,0.01625265,9567,0.015945,71.4759,60.4327,51.0881,43.1797
discard1,"Deal 4, discard 1",4,10000000,21260929,Flush (See),Flush A-J-7 ♦,"(2, 14, 11, 7, 2)",1,44,0.01625265,9749,0.016248,71.0288,59.799,50.3211,42.3325
discard1,"Deal 4, discard 1",4,10000000,21260929,Flush (See),Flush A-J-7 ♣,"(2, 14, 11, 7, 1)",1,44,0.01625265,9864,0.01644,71.542,60.4907,51.101,43.1062
discard1,"Deal 4, discard 1",4,10000000,21260929,Flush (See),Flush A-J-6 ♠,"(2, 14, 11, 6, 4)",1,43,0.01588328,9495,0.015825,71.2838,60.1896,50.7888,42.8015
discard1,"Deal 4, discard 1",4,10000000,21260929,Flush (See),Flush A-J-6 ♥,"(2, 14, 11, 6, 3)",1,43,0.01588328,9471,0.015785,70.7138,59.3971,49.8532,41.8118
discard1,"Deal 4, discard 1",4,10000000,21260929,Flush (See),Flush A-J-6 ♦,"(2, 14, 11, 6, 2)",1,43,0.01588328,9456,0.01576,71.0766,59.872,50.4019,42.3964
discard1,"Deal 4, discard 1",4,10000000,21260929,Flush (See),Flush A-J-6 ♣,"(2, 14, 11, 6, 1)",1,43,0.01588328,9647,0.016078,70.9951,59.8134,50.3784,42.3862
discard1,"Deal 4, discard 1",4,10000000,21260929,Flush (See),Flush A-J-5 ♠,"(2, 14, 11, 5, 4)",1,42,0.0155139,9351,0.015585,70.909,59.753,50.3882,42.5195
discard1,"Deal 4, discard 1",4,10000000,21260929,Flush (See),Flush A-J-5 ♥,"(2, 14, 11, 5, 3)",1,42,0.0155139,9334,0.015557,70.9546,59.7547,50.2978,42.3077
discard1,"Deal 4, discard 1",4,10000000,21260929,Flush (See),Flush A-J-5 ♦,"(2, 14, 11, 5, 2)",1,42,0.0155139,9379,0.015632,71.1984,60.1141,50.7965,42.979
discard1,"Deal 4, discard 1",4,10000000,21260929,Flush (See),Flush A-J-5 ♣,"(2, 14, 11, 5, 1)",1,42,0.0155139,9297,0.015495,71.3736,60.3098,50.9799,43.1107
discard1,"Deal 4, discard 1",4,10000000,21260929,Flush (See),Flush A-J-4 ♠,"(2, 14, 11, 4, 4)",1,41,0.01514452,9085,0.015142,71.1216,60.0121,50.6659,42.8178
discard1,"Deal 4, discard 1",4,10000000,21260929,Flush (See),Flush A-J-4 ♥,"(2, 14, 11, 4, 3)",1,41,0.01514452,9226,0.015377,70.6948,59.4819,50.0715,42.1743
discard1,"Deal 4, discard 1",4,10000000,21260929,Flush (See),Flush A-J-4 ♦,"(2, 14, 11, 4, 2)",1,41,0.01514452,9083,0.015138,70.8731,59.6301,50.1574,42.1887
discard1,"Deal 4, discard 1",4,10000000,21260929,Flush (See),Flush A-J-4 ♣,"(2, 14, 11, 4, 1)",1,41,0.01514452,9190,0.015317,71.1099,59.9456,50.5245,42.5789
discard1,"Deal 4, discard 1",4,10000000,21260929,Flush (See),Flush A-J-3 ♠,"(2, 14, 11, 3, 4)",1,36,0.01329763,7984,0.013307,71.1636,60.0426,50.6338,42.6603
discard1,"Deal 4, discard 1",4,10000000,21260929,Flush (See),Flush A-J-3 ♥,"(2, 14, 11, 3, 3)",1,36,0.01329763,7967,0.013278,70.6251,59.2419,49.6147,41.4836
discard1,"Deal 4, discard 1",4,10000000,21260929,Flush (See),Flush A-J-3 ♦,"(2, 14, 11, 3, 2)",1,36,0.01329763,7966,0.013277,70.8988,59.7188,50.3038,42.3676
discard1,"Deal 4, discard 1",4,10000000,21260929,Flush (See),Flush A-J-3 ♣,"(2, 14, 11, 3, 1)",1,36,0.01329763,7916,0.013193,70.9083,59.7966,50.5104,42.7489
discard1,"Deal 4, discard 1",4,10000000,21260929,Flush (See),Flush A-J-2 ♠,"(2, 14, 11, 2, 4)",1,36,0.01329763,7976,0.013293,70.84,59.6928,50.3561,42.5527
discard1,"Deal 4, discard 1",4,10000000,21260929,Flush (See),Flush A-J-2 ♥,"(2, 14, 11, 2, 3)",1,36,0.01329763,7968,0.01328,70.251,58.8128,49.1968,41.1145
discard1,"Deal 4, discard 1",4,10000000,21260929,Flush (See),Flush A-J-2 ♦,"(2, 14, 11, 2, 2)",1,36,0.01329763,7870,0.013117,70.9771,59.8488,50.4752,42.554
discard1,"Deal 4, discard 1",4,10000000,21260929,Flush (See),Flush A-J-2 ♣,"(2, 14, 11, 2, 1)",1,36,0.01329763,7971,0.013285,70.0452,58.5811,48.9449,40.823
discard1,"Deal 4, discard 1",4,10000000,21260929,Flush (See),Flush A-10-9 ♠,"(2, 14, 10, 9, 4)",1,39,0.01440576,8617,0.014362,69.2573,57.5978,47.8751,39.7586
discard1,"Deal 4, discard 1",4,10000000,21260929,Flush (See),Flush A-10-9 ♥,"(2, 14, 10, 9, 3)",1,39,0.01440576,8614,0.014357,69.6854,58.2296,48.6673,40.6547
discard1,"Deal 4, discard 1",4,10000000,21260929,Flush (See),Flush A-10-9 ♦,"(2, 14, 10, 9, 2)",1,39,0.01440576,8553,0.014255,69.4856,57.9808,48.4345,40.5121
discard1,"Deal 4, discard 1",4,10000000,21260929,Flush (See),Flush A-10-9 ♣,"(2, 14, 10, 9, 1)",1,39,0.01440576,8678,0.014463,69.9827,58.555,49.0182,41.0694
discard1,"Deal 4, discard 1",4,10000000,21260929,Flush (See),Flush A-10-8 ♠,"(2, 14, 10, 8, 4)",1,42,0.0155139,9288,0.01548,69.5887,58.0943,48.5164,40.5254
discard1,"Deal 4, discard 1",4,10000000,21260929,Flush (See),Flush A-10-8 ♥,"(2, 14, 10, 8, 3)",1,42,0.0155139,9439,0.015732,69.5095,57.9532,48.3547,40.4068
discard1,"Deal 4, discard 1",4,10000000,21260929,Flush (See),Flush A-10-8 ♦,"(2, 14, 10, 8, 2)",1,42,0.0155139,9137,0.015228,69.3149,57.7006,48.0398,40.0131
discard1,"Deal 4, discard 1",4,10000000,21260929,Flush (See),Flush A-10-8 ♣,"(2, 14, 10, 8, 1)",1,42,0.0155139,9291,0.015485,70.1205,58.731,49.2304,41.3196
discard1,"Deal 4, discard 1",4,10000000,21260929,Flush (See),Flush A-10-7 ♠,"(2, 14, 10, 7, 4)",1,44,0.01625265,9649,0.016082,69.6787,58.1438,48.5252,40.5016
discard1,"Deal 4, discard 1",4,10000000,21260929,Flush (See),Flush A-10-7 ♥,"(2, 14, 10, 7, 3)",1,44,0.01625265,9755,0.016258,69.6269,58.165,48.5987,40.5946
discard1,"Deal 4, discard 1",4,10000000,21260929,Flush (See),Flush A-10-7 ♦,"(2, 14, 10, 7, 2)",1,44,0.01625265,9709,0.016182,69.4109,57.8886,48.3428,40.4367
discard1,"Deal 4, discard 1",4,10000000,21260929,Flush (See),Flush A-10-7 ♣,"(2, 14, 10, 7, 1)",1,44,0.01625265,9922,0.016537,69.101,57.3483,47.5287,39.3469
discard1,"Deal 4, discard 1",4,10000000,21260929,Flush (See),Flush A-10-6 ♠,"(2, 14, 10, 6, 4)",1,43,0.01588328,9448,0.015747,69.0707,57.4016,47.6799,39.5745
discard1,"Deal 4, discard 1",4,10000000,21260929,Flush (See),Flush A-10-6 ♥,"(2, 14, 10, 6, 3)",1,43,0.01588328,9489,0.015815,69.2602,57.7342,48.1695,40.215
discard1,"Deal 4, discard 1",4,10000000,21260929,Flush (See),Flush A-10-6 ♦,"(2, 14, 10, 6, 2)",1,43,0.01588328,9572,0.015953,69.5581,58.0422,48.4496,40.4618
discard1,"Deal 4, discard 1",4,10000000,21260929,Flush (See),Flush A-10-6 ♣,"(2, 14, 10, 6, 1)",1,43,0.01588328,9439,0.015732,69.625,58.0506,48.3526,40.2267
discard1,"Deal 4, discard 1",4,10000000,21260929,Flush (See),Flush A-10-5 ♠,"(2, 14, 10, 5, 4)",1,42,0.0155139,9387,0.015645,69.8019,58.2774,48.614,40.4922
discard1,"Deal 4, discard 1",4,10000000,21260929,Flush (See),Flush A-10-5 ♥,"(2, 14, 10, 5, 3)",1,42,0.0155139,9336,0.01556,69.7708,58.2509,48.5883,40.4456
discard1,"Deal 4, discard 1",4,10000000,21260929,Flush (See),Flush A-10-5 ♦,"(2, 14, 10, 5, 2)",1,42,0.0155139,9284,0.015473,69.0823,57.3535,47.5636,39.3903
discard1,"Deal 4, discard 1",4,10000000,21260929,Flush (See),Flush A-10-5 ♣,"(2, 14, 10, 5, 1)",1,42,0.0155139,9356,0.015593,69.1599,57.4818,47.7405,39.6003
discard1,"Deal 4, discard 1",4,10000000,21260929,Flush (See),Flush A-10-4 ♠,"(2, 14, 10, 4, 4)",1,41,0.01514452,9111,0.015185,69.7179,58.3218,48.8816,41.0712
discard1,"Deal 4, discard 1",4,10000000,21260929,Flush (See),Flush A-10-4 ♥,"(2, 14, 10, 4, 3)",1,41,0.01514452,9102,0.01517,69.1584,57.4797,47.7675,39.7165
discard1,"Deal 4, discard 1",4,10000000,21260929,Flush (See),Flush A-10-4 ♦,"(2, 14, 10, 4, 2)",1,41,0.01514452,9142,0.015237,69.5417,57.9578,48.2936,40.2538
discard1,"Deal 4, discard 1",4,10000000,21260929,Flush (See),Flush A-10-4 ♣,"(2, 14, 10, 4, 1)",1,41,0.01514452,9034,0.015057,68.5411,56.7069,46.874,38.665
discard1,"Deal 4, discard 1",4,10000000,21260929,Flush (See),Flush A-10-3 ♠,"(2, 14, 10, 3, 4)",1,36,0.01329763,7839,0.013065,68.9807,57.2854,47.5724,39.4948
discard1,"Deal 4, discard 1",4,10000000,21260929,Flush (See),Flush A-10-3 ♥,"(2, 14, 10, 3, 3)",1,36,0.01329763,8051,0.013418,68.8126,57.1171,47.4177,39.374
discard1,"Deal 4, discard 1",4,10000000,21260929,Flush (See),Flush A-10-3 ♦,"(2, 14, 10, 3, 2)",1,36,0.01329763,7891,0.013152,69.1851,57.6061,48.0345,40.1217
discard1,"Deal 4, discard 1",4,10000000,21260929,Flush (See),Flush A-10-3 ♣,"(2, 14, 10, 3, 1)",1,36,0.01329763,7928,0.013213,69.4349,57.7737,48.0399,39.947
discard1,"Deal 4, discard 1",4,10000000,21260929,Flush (See),Flush A-10-2 ♠,"(2, 14, 10, 2, 4)",1,36,0.01329763,7865,0.013108,68.4196,56.637,46.932,38.9193
discard1,"Deal 4, discard 1",4,10000000,21260929,Flush (See),Flush A-10-2 ♥,"(2, 14, 10, 2, 3)",1,36,0.01329763,7880,0.013133,68.9048,57.2373,47.6066,39.6954
discard1,"Deal 4, discard 1",4,10000000,21260929,Flush (See),Flush A-10-2 ♦,"(2, 14, 10, 2, 2)",1,36,0.01329763,7765,0.012942,67.982,55.9833,46.0528,37.8364
discard1,"Deal 4, discard 1",4,10000000,21260929,Flush (See),Flush A-10-2 ♣,"(2, 14, 10, 2, 1)",1,36,0.01329763,8034,0.01339,68.6047,56.8546,47.1446,39.1212
discard1,"Deal 4, discard 1",4,10000000,21260929,Flush (See),Flush A-9-8 ♠,"(2, 14, 9, 8, 4)",1,38,0.01403638,8515,0.014192,68.943,57.1767,47.3494,39.1309
discard1,"Deal 4, discard 1",4,10000000,21260929,Flush (See),Flush A-9-8 ♥,"(2, 14, 9, 8, 3)",1,38,0.01403638,8565,0.014275,69.2026,57.5447,47.8202,39.7081
discard1,"Deal 4, discard 1",4,10000000,21260929,Flush (See),Flush A-9-8 ♦,"(2, 14, 9, 8, 2)",1,38,0.01403638,8379,0.013965,68.3781,56.6022,46.9268,38.9903
discard1,"Deal 4, discard 1",4,10000000,21260929,Flush (See),Flush A-9-8 ♣,"(2, 14, 9, 8, 1)",1,38,0.01403638,8268,0.01378,68.591,56.7622,46.9545,38.8244
discard1,"Deal 4, discard 1",4,10000000,21260929,Flush (See),Flush A-9-7 ♠,"(2, 14, 9, 7, 4)",1,41,0.01514452,8947,0.014912,69.2623,57.6841,48.1167,40.237
discard1,"Deal 4, discard 1",4,10000000,21260929,Flush (See),Flush A-9-7 ♥,"(2, 14, 9, 7, 3)",1,41,0.01514452,9099,0.015165,69.2933,57.725,48.1284,40.1583
discard1,"Deal 4, discard 1",4,10000000,21260929,Flush (See),Flush A-9-7 ♦,"(2, 14, 9, 7, 2)",1,41,0.01514452,9067,0.015112,68.7372,56.9858,47.224,39.1309
discard1,"Deal 4, discard 1",4,10000000,21260929,Flush (See),Flush A-9-7 ♣,"(2, 14, 9, 7, 1)",1,41,0.01514452,9111,0.015185,68.7784,57.0541,47.3669,39.3919
discard1,"Deal 4, discard 1",4,10000000,21260929,Flush (See),Flush A-9-6 ♠,"(2, 14, 9, 6, 4)",1,43,0.01588328,9640,0.016067,68.6566,56.8973,47.1515,39.0871
discard1,"Deal 4, discard 1",4,10000000,21260929,Flush (See),Flush A-9-6 ♥,"(2, 14, 9, 6, 3)",1,43,0.01588328,9336,0.01556,69.0371,57.3575,47.6607,39.6315
discard1,"Deal 4, discard 1",4,10000000,21260929,Flush (See),Flush A-9-6 ♦,"(2, 14, 9, 6, 2)",1,43,0.01588328,9437,0.015728,69.4998,57.9761,48.3671,40.3412
discard1,"Deal 4, discard 1",4,10000000,21260929,Flush (See),Flush A-9-6 ♣,"(2, 14, 9, 6, 1)",1,43,0.01588328,9419,0.015698,69.105,57.3968,47.6335,39.5053
discard1,"Deal 4, discard 1",4,10000000,21260929,Flush (See),Flush A-9-5 ♠,"(2, 14, 9, 5, 4)",1,42,0.0155139,9241,0.015402,68.538,56.7222,46.9322,38.7945
discard1,"Deal 4, discard 1",4,10000000,21260929,Flush (See),Flush A-9-5 ♥,"(2, 14, 9, 5, 3)",1,42,0.0155139,9206,0.015343,68.829,57.1497,47.4995,39.5394
discard1,"Deal 4, discard 1",4,10000000,21260929,Flush (See),Flush A-9-5 ♦,"(2, 14, 9, 5, 2)",1,42,0.0155139,9290,0.015483,68.831,57.1378,47.4704,39.5048
discard1,"Deal 4, discard 1",4,10000000,21260929,Flush (See),Flush A-9-5 ♣,"(2, 14, 9, 5, 1)",1,42,0.0155139,9333,0.015555,68.6317,56.7942,46.9474,38.7657
discard1,"Deal 4, discard 1",4,10000000,21260929,Flush (See),Flush A-9-4 ♠,"(2, 14, 9, 4, 4)",1,41,0.01514452,9153,0.015255,68.7239,56.8972,47.06,38.8834
discard1,"Deal 4, discard 1",4,10000000,21260929,Flush (See),Flush A-9-4 ♥,"(2, 14, 9, 4, 3)",1,41,0.01514452,8998,0.014997,69.2409,57.6095,47.9551,39.9644
discard1,"Deal 4, discard 1",4,10000000,21260929,Flush (See),Flush A-9-4 ♦,"(2, 14, 9, 4, 2)",1,41,0.01514452,9017,0.015028,68.7424,57.0766,47.4482,39.481
discard1,"Deal 4, discard 1",4,10000000,21260929,Flush (See),Flush A-9-4 ♣,"(2, 14, 9, 4, 1)",1,41,0.01514452,9100,0.015167,68.5385,56.7363,46.9758,38.9121
discard1,"Deal 4, discard 1",4,10000000,21260929,Flush (See),Flush A-9-3 ♠,"(2, 14, 9, 3, 4)",1,36,0.01329763,7881,0.013135,68.7908,57.0093,47.1793,38.9544
discard1,"Deal 4, discard 1",4,10000000,21260929,Flush (See),Flush A-9-3 ♥,"(2, 14, 9, 3, 3)",1,36,0.01329763,8051,0.013418,68.4399,56.6625,46.9134,38.8275
discard1,"Deal 4, discard 1",4,10000000,21260929,Flush (See),Flush A-9-3 ♦,"(2, 14, 9, 3, 2)",1,36,0.01329763,7996,0.013327,68.4267,56.5233,46.6183,38.3692
discard1,"Deal 4, discard 1",4,10000000,21260929,Flush (See),Flush A-9-3 ♣,"(2, 14, 9, 3, 1)",1,36,0.01329763,7973,0.013288,68.5576,56.6361,46.7252,38.505
discard1,"Deal 4, discard 1",4,10000000,21260929,Flush (See),Flush A-9-2 ♠,"(2, 14, 9, 2, 4)",1,36,0.01329763,8038,0.013397,68.3901,56.5713,46.8475,38.8778
discard1,"Deal 4, discard 1",4,10000000,21260929,Flush (See),Flush A-9-2 ♥,"(2, 14, 9, 2, 3)",1,36,0.01329763,7992,0.01332,68.2182,56.3651,46.5941,38.5636
discard1,"Deal 4, discard 1",4,10000000,21260929,Flush (See),Flush A-9-2 ♦,"(2, 14, 9, 2, 2)",1,36,0.01329763,7952,0.013253,68.1766,56.3229,46.6147,38.6947
discard1,"Deal 4, discard 1",4,10000000,21260929,Flush (See),Flush A-9-2 ♣,"(2, 14, 9, 2, 1)",1,36,0.01329763,7932,0.01322,69.0721,57.3613,47.5769,39.3848
discard1,"Deal 4, discard 1",4,10000000,21260929,Flush (See),Flush A-8-7 ♠,"(2, 14, 8, 7, 4)",1,37,0.01366701,8324,0.013873,68.1307,56.2206,46.3912,38.2749
discard1,"Deal 4, discard 1",4,10000000,21260929,Flush (See),Flush A-8-7 ♥,"(2, 14, 8, 7, 3)",1,37,0.01366701,8211,0.013685,68.3754,56.4621,46.5741,38.351
discard1,"Deal 4, discard 1",4,10000000,21260929,Flush (See),Flush A-8-7 ♦,"(2, 14, 8, 7, 2)",1,37,0.01366701,8190,0.01365,68.5946,56.8694,47.1893,39.1819
discard1,"Deal 4, discard 1",4,10000000,21260929,Flush (See),Flush A-8-7 ♣,"(2, 14, 8, 7, 1)",1,37,0.01366701,8254,0.013757,67.715,55.71,45.8105,37.6545
discard1,"Deal 4, discard 1",4,10000000,21260929,Flush (See),Flush A-8-6 ♠,"(2, 14, 8, 6, 4)",1,40,0.01477514,8954,0.014923,68.0958,56.0878,46.147,37.9384
discard1,"Deal 4, discard 1",4,10000000,21260929,Flush (See),Flush A-8-6 ♥,"(2, 14, 8, 6, 3)",1,40,0.01477514,8854,0.014757,68.6718,56.8579,47.0183,38.796
discard1,"Deal 4, discard 1",4,10000000,21260929,Flush (See),Flush A-8-6 ♦,"(2, 14, 8, 6, 2)",1,40,0.01477514,8977,0.014962,67.3956,55.3114,45.3938,37.273
discard1,"Deal 4, discard 1",4,10000000,21260929,Flush (See),Flush A-8-6 ♣,"(2, 14, 8, 6, 1)",1,40,0.01477514,9017,0.015028,68.555,56.8149,47.1221,39.1261
discard1,"Deal 4, discard 1",4,10000000,21260929,Flush (See),Flush A-8-5 ♠,"(2, 14, 8, 5, 4)",1,42,0.0155139,9313,0.015522,68.6105,56.8345,47.1019,39.0529
discard1,"Deal 4, discard 1",4,10000000,21260929,Flush (See),Flush A-8-5 ♥,"(2, 14, 8, 5, 3)",1,42,0.0155139,9323,0.015538,67.7132,55.6688,45.7235,37.4987
discard1,"Deal 4, discard 1",4,10000000,21260929,Flush (See),Flush A-8-5 ♦,"(2, 14, 8, 5, 2)",1,42,0.0155139,9179,0.015298,68.3713,56.5323,46.7415,38.6534
discard1,"Deal 4, discard 1",4,10000000,21260929,Flush (See),Flush A-8-5 ♣,"(2, 14, 8, 5, 1)",1,42,0.0155139,9472,0.015787,68.106,56.1444,46.2479,38.0912
discard1,"Deal 4, discard 1",4,10000000,21260929,Flush (See),Flush A-8-4 ♠,"(2, 14, 8, 4, 4)",1,41,0.01514452,8884,0.014807,68.5176,56.6794,46.8438,38.6538
discard1,"Deal 4, discard 1",4,10000000,21260929,Flush (See),Flush A-8-4 ♥,"(2, 14, 8, 4, 3)",1,41,0.01514452,9159,0.015265,68.4922,56.7245,47.0029,38.9562
discard1,"Deal 4, discard 1",4,10000000,21260929,Flush (See),Flush A-8-4 ♦,"(2, 14, 8, 4, 2)",1,41,0.01514452,9038,0.015063,68.222,56.3001,46.4351,38.2607
discard1,"Deal 4, discard 1",4,10000000,21260929,Flush (See),Flush A-8-4 ♣,"(2, 14, 8, 4, 1)",1,41,0.01514452,9122,0.015203,67.9303,55.9351,46.0096,37.7768
discard1,"Deal 4, discard 1",4,10000000,21260929,Flush (See),Flush A-8-3 ♠,"(2, 14, 8, 3, 4)",1,36,0.01329763,7800,0.013,68.2385,56.2154,46.159,37.7179
discard1,"Deal 4, discard 1",4,10000000,21260929,Flush (See),Flush A-8-3 ♥,"(2, 14, 8, 3, 3)",1,36,0.01329763,7921,0.013202,68.052,56.1255,46.325,38.3032
discard1,"Deal 4, discard 1",4,10000000,21260929,Flush (See),Flush A-8-3 ♦,"(2, 14, 8, 3, 2)",1,36,0.01329763,7925,0.013208,67.8385,55.8006,45.8372,37.6025
discard1,"Deal 4, discard 1",4,10000000,21260929,Flush (See),Flush A-8-3 ♣,"(2, 14, 8, 3, 1)",1,36,0.01329763,7873,0.013122,67.6731,55.5811,45.6014,37.3682
discard1,"Deal 4, discard 1",4,10000000,21260929,Flush (See),Flush A-8-2 ♠,"(2, 14, 8, 2, 4)",1,36,0.01329763,8114,0.013523,67.3121,55.1306,45.1023,36.8499
discard1,"Deal 4, discard 1",4,10000000,21260929,Flush (See),Flush A-8-2 ♥,"(2, 14, 8, 2, 3)",1,36,0.01329763,8007,0.013345,67.3748,55.2966,45.3803,37.2549
discard1,"Deal 4, discard 1",4,10000000,21260929,Flush (See),Flush A-8-2 ♦,"(2, 14, 8, 2, 2)",1,36,0.01329763,8029,0.013382,67.3434,55.2298,45.2709,37.0905
discard1,"Deal 4, discard 1",4,10000000,21260929,Flush (See),Flush A-8-2 ♣,"(2, 14, 8, 2, 1)",1,36,0.01329763,7977,0.013295,67.5893,55.5585,45.7039,37.6583
discard1,"Deal 4, discard 1",4,10000000,21260929,Flush (See),Flush A-7-6 ♠,"(2, 14, 7, 6, 4)",1,36,0.01329763,8048,0.013413,68.2667,56.4351,46.6725,38.6059
discard1,"Deal 4, discard 1",4,10000000,21260929,Flush (See),Flush A-7-6 ♥,"(2, 14, 7, 6, 3)",1,36,0.01329763,8000,0.013333,67.4275,55.3675,45.4575,37.3125
discard1,"Deal 4, discard 1",4,10000000,21260929,Flush (See),Flush A-7-6 ♦,"(2, 14, 7, 6, 2)",1,36,0.01329763,7900,0.013167,67.8494,55.8405,45.9063,37.6835
discard1,"Deal 4, discard 1",4,10000000,21260929,Flush (See),Flush A-7-6 ♣,"(2, 14, 7, 6, 1)",1,36,0.01329763,7974,0.01329,67.5445,55.4653,45.5581,37.4592
discard1,"Deal 4, discard 1",4,10000000,21260929,Flush (See),Flush A-7-5 ♠,"(2, 14, 7, 5, 4)",1,39,0.01440576,8566,0.014277,67.8321,55.8195,45.9351,37.8123
discard1,"Deal 4, discard 1",4,10000000,21260929,Flush (See),Flush A-7-5 ♥,"(2, 14, 7, 5, 3)",1,39,0.01440576,8680,0.014467,67.227,55.0369,45.0138,36.7857
discard1,"Deal 4, discard 1",4,10000000,21260929,Flush (See),Flush A-7-5 ♦,"(2, 14, 7, 5, 2)",1,39,0.01440576,8566,0.014277,67.6197,55.586,45.6923,37.5671
discard1,"Deal 4, discard 1",4,10000000,21260929,Flush (See),Flush A-7-5 ♣,"(2, 14, 7, 5, 1)",1,39,0.01440576,8609,0.014348,68.3773,56.5803,46.8045,38.6805
discard1,"Deal 4, discard 1",4,10000000,21260929,Flush (See),Flush A-7-4 ♠,"(2, 14, 7, 4, 4)",1,41,0.01514452,9077,0.015128,68.3023,56.3898,46.4999,38.2836
discard1,"Deal 4, discard 1",4,10000000,21260929,Flush (See),Flush A-7-4 ♥,"(2, 14, 7, 4, 3)",1,41,0.01514452,9025,0.015042,67.7651,55.8515,46.0942,38.1274
discard1,"Deal 4, discard 1",4,10000000,21260929,Flush (See),Flush A-7-4 ♦,"(2, 14, 7, 4, 2)",1,41,0.01514452,9205,0.015342,67.7512,55.6632,45.6687,37.4362
discard1,"Deal 4, discard 1",4,10000000,21260929,Flush (See),Flush A-7-4 ♣,"(2, 14, 7, 4, 1)",1,41,0.01514452,9204,0.01534,67.7575,55.7508,45.8431,37.6575
discard1,"Deal 4, discard 1",4,10000000,21260929,Flush (See),Flush A-7-3 ♠,"(2, 14, 7, 3, 4)",1,36,0.01329763,8119,0.013532,68.0675,56.0303,46.0697,37.8495
discard1,"Deal 4, discard 1",4,10000000,21260929,Flush (See),Flush A-7-3 ♥,"(2, 14, 7, 3, 3)",1,36,0.01329763,7863,0.013105,68.0198,56.013,46.0664,37.8354
discard1,"Deal 4, discard 1",4,10000000,21260929,Flush (See),Flush A-7-3 ♦,"(2, 14, 7, 3, 2)",1,36,0.01329763,7940,0.013233,68.0189,56.1637,46.4433,38.4761
discard1,"Deal 4, discard 1",4,10000000,21260929,Flush (See),Flush A-7-3 ♣,"(2, 14, 7, 3, 1)",1,36,0.01329763,8010,0.01335,67.2172,55.0874,45.1461,37.0162
discard1,"Deal 4, discard 1",4,10000000,21260929,Flush (See),Flush A-7-2 ♠,"(2, 14, 7, 2, 4)",1,36,0.01329763,8054,0.013423,67.2424,55.1813,45.3216,37.2858
discard1,"Deal 4, discard 1",4,10000000,21260929,Flush (See),Flush A-7-2 ♥,"(2, 14, 7, 2, 3)",1,36,0.01329763,8019,0.013365,67.6094,55.4907,45.4695,37.1742
discard1,"Deal 4, discard 1",4,10000000,21260929,Flush (See),Flush A-7-2 ♦,"(2, 14, 7, 2, 2)",1,36,0.01329763,7896,0.01316,66.7034,54.2996,44.1135,35.7649
discard1,"Deal 4, discard 1",4,10000000,21260929,Flush (See),Flush A-7-2 ♣,"(2, 14, 7, 2, 1)",1,36,0.01329763,7978,0.013297,67.0682,55.0138,45.1617,37.102
discard1,"Deal 4, discard 1",4,10000000,21260929,Flush (See),Flush A-6-5 ♠,"(2, 14, 6, 5, 4)",1,35,0.01292825,7866,0.01311,67.5083,55.4971,45.5937,37.3888
discard1,"Deal 4, discard 1",4,10000000,21260929,Flush (See),Flush A-6-5 ♥,"(2, 14, 6, 5, 3)",1,35,0.01292825,7773,0.012955,67.481,55.3531,45.3647,37.1543
discard1,"Deal 4, discard 1",4,10000000,21260929,Flush (See),Flush A-6-5 ♦,"(2, 14, 6, 5, 2)",1,35,0.01292825,7755,0.012925,67.3011,55.1051,45.0729,36.815
discard1,"Deal 4, discard 1",4,10000000,21260929,Flush (See),Flush A-6-5 ♣,"(2, 14, 6, 5, 1)",1,35,0.01292825,7773,0.012955,67.5852,55.4574,45.4471,37.1928
discard1,"Deal 4, discard 1",4,10000000,21260929,Flush (See),Flush A-6-4 ♠,"(2, 14, 6, 4, 4)",1,38,0.01403638,8220,0.0137,67.5876,55.5937,45.7202,37.5669
discard1,"Deal 4, discard 1",4,10000000,21260929,Flush (See),Flush A-6-4 ♥,"(2, 14, 6, 4, 3)",1,38,0.01403638,8502,0.01417,66.9101,54.6401,44.5495,36.2621
discard1,"Deal 4, discard 1",4,10000000,21260929,Flush (See),Flush A-6-4 ♦,"(2, 14, 6, 4, 2)",1,38,0.01403638,8524,0.014207,67.1926,55.1349,45.2933,37.2947
discard1,"Deal 4, discard 1",4,10000000,21260929,Flush (See),Flush A-6-4 ♣,"(2, 14, 6, 4, 1)",1,38,0.01403638,8507,0.014178,67.5996,55.6213,45.8117,37.7807
discard1,"Deal 4, discard 1",4,10000000,21260929,Flush (See),Flush A-6-3 ♠,"(2, 14, 6, 3, 4)",1,36,0.01329763,8137,0.013562,67.7019,55.6581,45.7343,37.5691
discard1,"Deal 4, discard 1",4,10000000,21260929,Flush (See),Flush A-6-3 ♥,"(2, 14, 6, 3, 3)",1,36,0.01329763,7949,0.013248,67.0789,54.9528,45.0623,37.0235
discard1,"Deal 4, discard 1",4,10000000,21260929,Flush (See),Flush A-6-3 ♦,"(2, 14, 6, 3, 2)",1,36,0.01329763,8051,0.013418,67.2885,55.1348,45.1149,36.8526
discard1,"Deal 4, discard 1",4,10000000,21260929,Flush (See),Flush A-6-3 ♣,"(2, 14, 6, 3, 1)",1,36,0.01329763,7840,0.013067,67.1977,55.0166,45.0434,36.9133
discard1,"Deal 4, discard 1",4,10000000,21260929,Flush (See),Flush A-6-2 ♠,"(2, 14, 6, 2, 4)",1,36,0.01329763,7913,0.013188,66.8937,54.7201,44.7466,36.5222
discard1,"Deal 4, discard 1",4,10000000,21260929,Flush (See),Flush A-6-2 ♥,"(2, 14, 6, 2, 3)",1,36,0.01329763,7887,0.013145,66.9672,54.7483,44.7065,36.4397
discard1,"Deal 4, discard 1",4,10000000,21260929,Flush (See),Flush A-6-2 ♦,"(2, 14, 6, 2, 2)",1,36,0.01329763,7965,0.013275,66.8575,54.5989,44.5047,36.1707
discard1,"Deal 4, discard 1",4,10000000,21260929,Flush (See),Flush A-6-2 ♣,"(2, 14, 6, 2, 1)",1,36,0.01329763,7966,0.013277,66.7273,54.4351,44.3083,35.9277
discard1,"Deal 4, discard 1",4,10000000,21260929,Flush (See),Flush A-5-4 ♠,"(2, 14, 5, 4, 4)",1,34,0.01255887,7619,0.012698,66.951,54.8392,44.9534,36.8946
discard1,"Deal 4, discard 1",4,10000000,21260929,Flush (See),Flush A-5-4 ♥,"(2, 14, 5, 4, 3)",1,34,0.01255887,7586,0.012643,67.4057,55.3546,45.4574,37.3187
discard1,"Deal 4, discard 1",4,10000000,21260929,Flush (See),Flush A-5-4 ♦,"(2, 14, 5, 4, 2)",1,34,0.01255887,7460,0.012433,67.1367,55.0214,45.0858,36.9169
discard1,"Deal 4, discard 1",4,10000000,21260929,Flush (See),Flush A-5-4 ♣,"(2, 14, 5, 4, 1)",1,34,0.01255887,7616,0.012693,67.5184,55.5685,45.8141,37.8808
discard1,"Deal 4, discard 1",4,10000000,21260929,Flush (See),Flush A-5-3 ♠,"(2, 14, 5, 3, 4)",1,33,0.01218949,7301,0.012168,67.2839,55.2034,45.3171,37.2552
discard1,"Deal 4, discard 1",4,10000000,21260929,Flush (See),Flush A-5-3 ♥,"(2, 14, 5, 3, 3)",1,33,0.01218949,7304,0.012173,67.3343,55.2273,45.2875,37.1303
discard1,"Deal 4, discard 1",4,10000000,21260929,Flush (See),Flush A-5-3 ♦,"(2, 14, 5, 3, 2)",1,33,0.01218949,7324,0.012207,67.2747,55.0737,45.0164,36.7422
discard1,"Deal 4, discard 1",4,10000000,21260929,Flush (See),Flush A-5-3 ♣,"(2, 14, 5, 3, 1)",1,33,0.01218949,7455,0.012425,66.9805,54.892,45.0597,37.0758
discard1,"Deal 4, discard 1",4,10000000,21260929,Flush (See),Flush A-5-2 ♠,"(2, 14, 5, 2, 4)",1,36,0.01329763,8029,0.013382,66.9174,54.6855,44.6332,36.3433
discard1,"Deal 4, discard 1",4,10000000,21260929,Flush (See),Flush A-5-2 ♥,"(2, 14, 5, 2, 3)",1,36,0.01329763,7914,0.01319,67.3414,55.3159,45.4688,37.3768
discard1,"Deal 4, discard 1",4,10000000,21260929,Flush (See),Flush A-5-2 ♦,"(2, 14, 5, 2, 2)",1,36,0.01329763,7945,0.013242,67.1857,55.1366,45.2989,37.2561
discard1,"Deal 4, discard 1",4,10000000,21260929,Flush (See),Flush A-5-2 ♣,"(2, 14, 5, 2, 1)",1,36,0.01329763,7989,0.013315,66.7142,54.4686,44.4837,36.3875
discard1,"Deal 4, discard 1",4,10000000,21260929,Flush (See),Flush A-4-3 ♠,"(2, 14, 4, 3, 4)",1,33,0.01218949,7346,0.012243,66.5859,54.3371,44.3915,36.3463
discard1,"Deal 4, discard 1",4,10000000,21260929,Flush (See),Flush A-4-3 ♥,"(2, 14, 4, 3, 3)",1,33,0.01218949,7387,0.012312,66.8512,54.5783,44.5296,36.2935
discard1,"Deal 4, discard 1",4,10000000,21260929,Flush (See),Flush A-4-3 ♦,"(2, 14, 4, 3, 2)",1,33,0.01218949,7288,0.012147,66.7536,54.5266,44.5719,36.4984
discard1,"Deal 4, discard 1",4,10000000,21260929,Flush (See),Flush A-4-3 ♣,"(2, 14, 4, 3, 1)",1,33,0.01218949,7428,0.01238,67.2873,55.1521,45.1616,36.9278
discard1,"Deal 4, discard 1",4,10000000,21260929,Flush (See),Flush A-4-2 ♠,"(2, 14, 4, 2, 4)",1,36,0.01329763,7892,0.013153,65.8287,53.3781,43.2641,35.0482
discard1,"Deal 4, discard 1",4,10000000,21260929,Flush (See),Flush A-4-2 ♥,"(2, 14, 4, 2, 3)",1,36,0.01329763,7959,0.013265,66.7735,54.532,44.5207,36.3362
discard1,"Deal 4, discard 1",4,10000000,21260929,Flush (See),Flush A-4-2 ♦,"(2, 14, 4, 2, 2)",1,36,0.01329763,7913,0.013188,66.3945,54.1704,44.2411,36.1557
discard1,"Deal 4, discard 1",4,10000000,21260929,Flush (See),Flush A-4-2 ♣,"(2, 14, 4, 2, 1)",1,36,0.01329763,7848,0.01308,66.6641,54.5018,44.5846,36.4679
discard1,"Deal 4, discard 1",4,10000000,21260929,Flush (See),Flush K-Q-10 ♠,"(2, 13, 12, 10, 4)",1,35,0.01292825,7682,0.012803,67.2963,55.289,45.4699,37.3991
discard1,"Deal 4, discard 1",4,10000000,21260929,Flush (See),Flush K-Q-10 ♥,"(2, 13, 12, 10, 3)",1,35,0.01292825,7776,0.01296,67.0923,54.856,44.7994,36.5355
discard1,"Deal 4, discard 1",4,10000000,21260929,Flush (See),Flush K-Q-10 ♦,"(2, 13, 12, 10, 2)",1,35,0.01292825,7698,0.01283,67.4071,55.5443,45.8976,38.0229
discard1,"Deal 4, discard 1",4,10000000,21260929,Flush (See),Flush K-Q-10 ♣,"(2, 13, 12, 10, 1)",1,35,0.01292825,7517,0.012528,67.2289,55.131,45.2335,37.1292
discard1,"Deal 4, discard 1",4,10000000,21260929,Flush (See),Flush K-Q-9 ♠,"(2, 13, 12, 9, 4)",1,34,0.01255887,7530,0.01255,66.8752,54.7384,44.8367,36.7596
discard1,"Deal 4, discard 1",4,10000000,21260929,Flush (See),Flush K-Q-9 ♥,"(2, 13, 12, 9, 3)",1,34,0.01255887,7760,0.012933,66.857,54.7255,44.8325,36.7655
discard1,"Deal 4, discard 1",4,10000000,21260929,Flush (See),Flush K-Q-9 ♦,"(2, 13, 12, 9, 2)",1,34,0.01255887,7406,0.012343,67.1982,55.1971,45.3929,37.3616
discard1,"Deal 4, discard 1",4,10000000,21260929,Flush (See),Flush K-Q-9 ♣,"(2, 13, 12, 9, 1)",1,34,0.01255887,7435,0.012392,67.4095,55.4983,45.7969,37.8615
discard1,"Deal 4, discard 1",4,10000000,21260929,Flush (See),Flush K-Q-8 ♠,"(2, 13, 12, 8, 4)",1,33,0.01218949,7293,0.012155,67.052,54.8992,44.9198,36.7201
discard1,"Deal 4, discard 1",4,10000000,21260929,Flush (See),Flush K-Q-8 ♥,"(2, 13, 12, 8, 3)",1,33,0.01218949,7418,0.012363,67.1556,55.1658,45.4219,37.5169
discard1,"Deal 4, discard 1",4,10000000,21260929,Flush (See),Flush K-Q-8 ♦,"(2, 13, 12, 8, 2)",1,33,0.01218949,7298,0.012163,67.376,55.3494,45.47,37.339
discard1,"Deal 4, discard 1",4,10000000,21260929,Flush (See),Flush K-Q-8 ♣,"(2, 13, 12, 8, 1)",1,33,0.01218949,7349,0.012248,67.0309,54.9653,45.1082,37.0118
discard1,"Deal 4, discard 1",4,10000000,21260929,Flush (See),Flush K-Q-7 ♠,"(2, 13, 12, 7, 4)",1,32,0.01182011,6983,0.011638,67.1445,55.1454,45.3673,37.3908
discard1,"Deal 4, discard 1",4,10000000,21260929,Flush (See),Flush K-Q-7 ♥,"(2, 13, 12, 7, 3)",1,32,0.01182011,7196,0.011993,66.9553,55.0056,45.3252,37.4653
discard1,"Deal 4, discard 1",4,10000000,21260929,Flush (See),Flush K-Q-7 ♦,"(2, 13, 12, 7, 2)",1,32,0.01182011,7025,0.011708,66.9979,54.8584,44.9338,36.8399
discard1,"Deal 4, discard 1",4,10000000,21260929,Flush (See),Flush K-Q-7 ♣,"(2, 13, 12, 7, 1)",1,32,0.01182011,7052,0.011753,66.7102,54.481,44.5065,36.3585
discard1,"Deal 4, discard 1",4,10000000,21260929,Flush (See),Flush K-Q-6 ♠,"(2, 13, 12, 6, 4)",1,31,0.01145073,6731,0.011218,66.7286,54.5283,44.5729,36.4582
discard1,"Deal 4, discard 1",4,10000000,21260929,Flush (See),Flush K-Q-6 ♥,"(2, 13, 12, 6, 3)",1,31,0.01145073,6791,0.011318,66.7015,54.6032,44.8005,36.9018
discard1,"Deal 4, discard 1",4,10000000,21260929,Flush (See),Flush K-Q-6 ♦,"(2, 13, 12, 6, 2)",1,31,0.01145073,6856,0.011427,67.0026,54.8454,44.9037,36.7853
discard1,"Deal 4, discard 1",4,10000000,21260929,Flush (See),Flush K-Q-6 ♣,"(2, 13, 12, 6, 1)",1,31,0.01145073,6834,0.01139,66.3579,54.0942,44.1381,36.0404
discard1,"Deal 4, discard 1",4,10000000,21260929,Flush (See),Flush K-Q-5 ♠,"(2, 13, 12, 5, 4)",1,30,0.01108136,6586,0.010977,66.7932,54.5415,44.4853,36.2284
discard1,"Deal 4, discard 1",4,10000000,21260929,Flush (See),Flush K-Q-5 ♥,"(2, 13, 12, 5, 3)",1,30,0.01108136,6595,0.010992,66.7445,54.4306,44.3306,36.0425
discard1,"Deal 4, discard 1",4,10000000,21260929,Flush (See),Flush K-Q-5 ♦,"(2, 13, 12, 5, 2)",1,30,0.01108136,6606,0.01101,66.8211,54.614,44.6473,36.5274
discard1,"Deal 4, discard 1",4,10000000,21260929,Flush (See),Flush K-Q-5 ♣,"(2, 13, 12, 5, 1)",1,30,0.01108136,6654,0.01109,66.3,53.945,43.8293,35.5275
discard1,"Deal 4, discard 1",4,10000000,21260929,Flush (See),Flush K-Q-4 ♠,"(2, 13, 12, 4, 4)",1,29,0.01071198,6419,0.010698,66.9777,54.8793,44.9821,36.8749
discard1,"Deal 4, discard 1",4,10000000,21260929,Flush (See),Flush K-Q-4 ♥,"(2, 13, 12, 4, 3)",1,29,0.01071198,6568,0.010947,66.3642,54.0301,43.9921,35.8404
discard1,"Deal 4, discard 1",4,10000000,21260929,Flush (See),Flush K-Q-4 ♦,"(2, 13, 12, 4, 2)",1,29,0.01071198,6439,0.010732,67.0415,54.8377,44.7834,36.4964
discard1,"Deal 4, discard 1",4,10000000,21260929,Flush (See),Flush K-Q-4 ♣,"(2, 13, 12, 4, 1)",1,29,0.01071198,6460,0.010767,66.5867,54.2523,44.161,35.9443
discard1,"Deal 4, discard 1",4,10000000,21260929,Flush (See),Flush K-Q-3 ♠,"(2, 13, 12, 3, 4)",1,28,0.0103426,6143,0.010238,67.0096,54.8055,44.799,36.5945
discard1,"Deal 4, discard 1",4,10000000,21260929,Flush (See),Flush K-Q-3 ♥,"(2, 13, 12, 3, 3)",1,28,0.0103426,6216,0.01036,66.7905,54.6091,44.675,36.583
discard1,"Deal 4, discard 1",4,10000000,21260929,Flush (See),Flush K-Q-3 ♦,"(2, 13, 12, 3, 2)",1,28,0.0103426,6274,0.010457,66.7772,54.4469,44.3003,35.942
discard1,"Deal 4, discard 1",4,10000000,21260929,Flush (See),Flush K-Q-3 ♣,"(2, 13, 12, 3, 1)",1,28,0.0103426,6231,0.010385,66.519,54.2577,44.2593,36.1258
discard1,"Deal 4, discard 1",4,10000000,21260929,Flush (See),Flush K-Q-2 ♠,"(2, 13, 12, 2, 4)",1,27,0.00997322,5994,0.00999,65.9059,53.4768,43.3534,35.1018
discard1,"Deal 4, discard 1",4,10000000,21260929,Flush (See),Flush K-Q-2 ♥,"(2, 13, 12, 2, 3)",1,27,0.00997322,6051,0.010085,65.9362,53.7234,43.8605,35.8618
discard1,"Deal 4, discard 1",4,10000000,21260929,Flush (See),Flush K-Q-2 ♦,"(2, 13, 12, 2, 2)",1,27,0.00997322,6018,0.01003,65.884,53.4995,43.4264,35.1944
discard1,"Deal 4, discard 1",4,10000000,21260929,Flush (See),Flush K-Q-2 ♣,"(2, 13, 12, 2, 1)",1,27,0.00997322,5988,0.00998,65.9302,53.517,43.3801,35.0534
discard1,"Deal 4, discard 1",4,10000000,21260929,Flush (See),Flush K-J-10 ♠,"(2, 13, 11, 10, 4)",1,34,0.01255887,7631,0.012718,66.5522,54.3402,44.3952,36.2731
discard1,"Deal 4, discard 1",4,10000000,21260929,Flush (See),Flush K-J-10 ♥,"(2, 13, 11, 10, 3)",1,34,0.01255887,7561,0.012602,66.6301,54.4465,44.5311,36.4502
discard1,"Deal 4, discard 1",4,10000000,21260929,Flush (See),Flush K-J-10 ♦,"(2, 13, 11, 10, 2)",1,34,0.01255887,7595,0.012658,66.7702,54.5872,44.6873,36.682
discard1,"Deal 4, discard 1",4,10000000,21260929,Flush (See),Flush K-J-10 ♣,"(2, 13, 11, 10, 1)",1,34,0.01255887,7617,0.012695,66.9529,54.8405,44.9074,36.7468
discard1,"Deal 4, discard 1",4,10000000,21260929,Flush (See),Flush K-J-9 ♠,"(2, 13, 11, 9, 4)",1,34,0.01255887,7598,0.012663,66.8386,54.646,44.6775,36.5359
discard1,"Deal 4, discard 1",4,10000000,21260929,Flush (See),Flush K-J-9 ♥,"(2, 13, 11, 9, 3)",1,34,0.01255887,7745,0.012908,67.1259,55.113,45.3092,37.3015
discard1,"Deal 4, discard 1",4,10000000,21260929,Flush (See),Flush K-J-9 ♦,"(2, 13, 11, 9, 2)",1,34,0.01255887,7596,0.01266,67.1327,55.1224,45.3318,37.3486
discard1,"Deal 4, discard 1",4,10000000,21260929,Flush (See),Flush K-J-9 ♣,"(2, 13, 11, 9, 1)",1,34,0.01255887,7549,0.012582,66.6075,54.3622,44.3741,36.23
discard1,"Deal 4, discard 1",4,10000000,21260929,Flush (See),Flush K-J-8 ♠,"(2, 13, 11, 8, 4)",1,36,0.01329763,7906,0.013177,67.216,54.9836,44.9178,36.681
discard1,"Deal 4, discard 1",4,10000000,21260929,Flush (See),Flush K-J-8 ♥,"(2, 13, 11, 8, 3)",1,36,0.01329763,7960,0.013267,66.9837,54.9058,45.0603,37.0226
discard1,"Deal 4, discard 1",4,10000000,21260929,Flush (See),Flush K-J-8 ♦,"(2, 13, 11, 8, 2)",1,36,0.01329763,8029,0.013382,66.1228,53.6667,43.4874,35.185
discard1,"Deal 4, discard 1",4,10000000,21260929,Flush (See),Flush K-J-8 ♣,"(2, 13, 11, 8, 1)",1,36,0.01329763,7996,0.013327,66.6846,54.4922,44.5698,36.5183
discard1,"Deal 4, discard 1",4,10000000,21260929,Flush (See),Flush K-J-7 ♠,"(2, 13, 11, 7, 4)",1,35,0.01292825,7846,0.013077,66.5396,54.285,44.262,36.0311
discard1,"Deal 4, discard 1",4,10000000,21260929,Flush (See),Flush K-J-7 ♥,"(2, 13, 11, 7, 3)",1,35,0.01292825,7735,0.012892,66.4939,54.1719,44.0879,35.8371
discard1,"Deal 4, discard 1",4,10000000,21260929,Flush (See),Flush K-J-7 ♦,"(2, 13, 11, 7, 2)",1,35,0.01292825,7819,0.013032,65.9228,53.4186,43.2152,34.9022
discard1,"Deal 4, discard 1",4,10000000,21260929,Flush (See),Flush K-J-7 ♣,"(2, 13, 11, 7, 1)",1,35,0.01292825,7777,0.012962,66.3096,53.9604,43.8858,35.6693
discard1,"Deal 4, discard 1",4,10000000,21260929,Flush (See),Flush K-J-6 ♠,"(2, 13, 11, 6, 4)",1,34,0.01255887,7457,0.012428,66.4503,54.1357,44.1411,36.0735
discard1,"Deal 4, discard 1",4,10000000,21260929,Flush (See),Flush K-J-6 ♥,"(2, 13, 11, 6, 3)",1,34,0.01255887,7614,0.01269,65.5936,53.0799,42.8789,34.5416
discard1,"Deal 4, discard 1",4,10000000,21260929,Flush (See),Flush K-J-6 ♦,"(2, 13, 11, 6, 2)",1,34,0.01255887,7564,0.012607,66.917,54.766,44.8414,36.7398
discard1,"Deal 4, discard 1",4,10000000,21260929,Flush (See),Flush K-J-6 ♣,"(2, 13, 11, 6, 1)",1,34,0.01255887,7616,0.012693,66.4903,54.3093,44.4512,36.4758
discard1,"Deal 4, discard 1",4,10000000,21260929,Flush (See),Flush K-J-5 ♠,"(2, 13, 11, 5, 4)",1,33,0.01218949,7445,0.012408,66.9066,54.8489,45.0772,37.1793
discard1,"Deal 4, discard 1",4,10000000,21260929,Flush (See),Flush K-J-5 ♥,"(2, 13, 11, 5, 3)",1,33,0.01218949,7317,0.012195,66.6489,54.346,44.2558,35.9847
discard1,"Deal 4, discard 1",4,10000000,21260929,Flush (See),Flush K-J-5 ♦,"(2, 13, 11, 5, 2)",1,33,0.01218949,7344,0.01224,66.2813,54.0291,44.085,36.0022
discard1,"Deal 4, discard 1",4,10000000,21260929,Flush (See),Flush K-J-5 ♣,"(2, 13, 11, 5, 1)",1,33,0.01218949,7262,0.012103,66.3812,54.0306,43.9851,35.8717
discard1,"Deal 4, discard 1",4,10000000,21260929,Flush (See),Flush K-J-4 ♠,"(2, 13, 11, 4, 4)",1,32,0.01182011,7155,0.011925,66.2669,54.0042,44.0419,35.9469
discard1,"Deal 4, discard 1",4,10000000,21260929,Flush (See),Flush K-J-4 ♥,"(2, 13, 11, 4, 3)",1,32,0.01182011,7020,0.0117,66.6667,54.5356,44.6952,36.7236
discard1,"Deal 4, discard 1",4,10000000,21260929,Flush (See),Flush K-J-4 ♦,"(2, 13, 11, 4, 2)",1,32,0.01182011,7106,0.011843,65.7656,53.4028,43.4253,35.3786
discard1,"Deal 4, discard 1",4,10000000,21260929,Flush (See),Flush K-J-4 ♣,"(2, 13, 11, 4, 1)",1,32,0.01182011,7175,0.011958,65.9972,53.4885,43.278,34.9408
discard1,"Deal 4, discard 1",4,10000000,21260929,Flush (See),Flush K-J-3 ♠,"(2, 13, 11, 3, 4)",1,31,0.01145073,6930,0.01155,66.3117,54.0924,44.1414,36.0029
discard1,"Deal 4, discard 1",4,10000000,21260929,Flush (See),Flush K-J-3 ♥,"(2, 13, 11, 3, 3)",1,31,0.01145073,6804,0.01134,66.7534,54.4459,44.318,35.9494
discard1,"Deal 4, discard 1",4,10000000,21260929,Flush (See),Flush K-J-3 ♦,"(2, 13, 11, 3, 2)",1,31,0.01145073,7024,0.011707,66.1133,53.7301,43.6475,35.4356
discard1,"Deal 4, discard 1",4,10000000,21260929,Flush (See),Flush K-J-3 ♣,"(2, 13, 11, 3, 1)",1,31,0.01145073,6843,0.011405,66.2736,54.0129,44.0772,36.0368
discard1,"Deal 4, discard 1",4,10000000,21260929,Flush (See),Flush K-J-2 ♠,"(2, 13, 11, 2, 4)",1,30,0.01108136,6644,0.011073,65.8429,53.4557,43.4437,35.4004
discard1,"Deal 4, discard 1",4,10000000,21260929,Flush (See),Flush K-J-2 ♥,"(2, 13, 11, 2, 3)",1,30,0.01108136,6646,0.011077,65.4619,52.9371,42.7866,34.5471
discard1,"Deal 4, discard 1",4,10000000,21260929,Flush (See),Flush K-J-2 ♦,"(2, 13, 11, 2, 2)",1,30,0.01108136,6662,0.011103,65.3738,52.876,42.795,34.6593
discard1,"Deal 4, discard 1",4,10000000,21260929,Flush (See),Flush K-J-2 ♣,"(2, 13, 11, 2, 1)",1,30,0.01108136,6622,0.011037,65.6433,53.2573,43.2347,35.0951
discard1,"Deal 4, discard 1",4,10000000,21260929,Flush (See),Flush K-10-9 ♠,"(2, 13, 10, 9, 4)",1,39,0.01440576,8722,0.014537,65.0504,52.4513,42.2931,34.1091
discard1,"Deal 4, discard 1",4,10000000,21260929,Flush (See),Flush K-10-9 ♥,"(2, 13, 10, 9, 3)",1,39,0.01440576,8656,0.014427,64.9388,52.3348,42.1765,33.9995
discard1,"Deal 4, discard 1",4,10000000,21260929,Flush (See),Flush K-10-9 ♦,"(2, 13, 10, 9, 2)",1,39,0.01440576,8687,0.014478,65.0489,52.5371,42.5003,34.4653
discard1,"Deal 4, discard 1",4,10000000,21260929,Flush (See),Flush K-10-9 ♣,"(2, 13, 10, 9, 1)",1,39,0.01440576,8762,0.014603,64.5914,52.0189,41.9607,33.9078
discard1,"Deal 4, discard 1",4,10000000,21260929,Flush (See),Flush K-10-8 ♠,"(2, 13, 10, 8, 4)",1,42,0.0155139,9323,0.015538,64.7667,52.0766,41.847,33.6051
discard1,"Deal 4, discard 1",4,10000000,21260929,Flush (See),Flush K-10-8 ♥,"(2, 13, 10, 8, 3)",1,42,0.0155139,9189,0.015315,65.4674,53.083,43.0841,34.9875
discard1,"Deal 4, discard 1",4,10000000,21260929,Flush (See),Flush K-10-8 ♦,"(2, 13, 10, 8, 2)",1,42,0.0155139,9222,0.01537,65.8642,53.4385,43.3637,35.1984
discard1,"Deal 4, discard 1",4,10000000,21260929,Flush (See),Flush K-10-8 ♣,"(2, 13, 10, 8, 1)",1,42,0.0155139,9271,0.015452,65.6003,53.1917,43.1712,35.0663
discard1,"Deal 4, discard 1",4,10000000,21260929,Flush (See),Flush K-10-7 ♠,"(2, 13, 10, 7, 4)",1,44,0.01625265,9833,0.016388,65.0809,52.5374,42.4428,34.313
discard1,"Deal 4, discard 1",4,10000000,21260929,Flush (See),Flush K-10-7 ♥,"(2, 13, 10, 7, 3)",1,44,0.01625265,9790,0.016317,65.7242,53.2829,43.1788,34.9642
discard1,"Deal 4, discard 1",4,10000000,21260929,Flush (See),Flush K-10-7 ♦,"(2, 13, 10, 7, 2)",1,44,0.01625265,9848,0.016413,65.7453,53.2819,43.1702,34.9614
discard1,"Deal 4, discard 1",4,10000000,21260929,Flush (See),Flush K-10-7 ♣,"(2, 13, 10, 7, 1)",1,44,0.01625265,9717,0.016195,65.3813,52.8332,42.6819,34.4654
discard1,"Deal 4, discard 1",4,10000000,21260929,Flush (See),Flush K-10-6 ♠,"(2, 13, 10, 6, 4)",1,43,0.01588328,9598,0.015997,65.9012,53.4945,43.4007,35.1948
discard1,"Deal 4, discard 1",4,10000000,21260929,Flush (See),Flush K-10-6 ♥,"(2, 13, 10, 6, 3)",1,43,0.01588328,9412,0.015687,65.4048,52.9728,42.9834,34.9766
discard1,"Deal 4, discard 1",4,10000000,21260929,Flush (See),Flush K-10-6 ♦,"(2, 13, 10, 6, 2)",1,43,0.01588328,9463,0.015772,65.5986,53.0625,42.8638,34.5556
discard1,"Deal 4, discard 1",4,10000000,21260929,Flush (See),Flush K-10-6 ♣,"(2, 13, 10, 6, 1)",1,43,0.01588328,9599,0.015998,65.5797,53.0055,42.7795,34.4619
discard1,"Deal 4, discard 1",4,10000000,21260929,Flush (See),Flush K-10-5 ♠,"(2, 13, 10, 5, 4)",1,42,0.0155139,9183,0.015305,64.9711,52.3827,42.1888,33.9214
discard1,"Deal 4, discard 1",4,10000000,21260929,Flush (See),Flush K-10-5 ♥,"(2, 13, 10, 5, 3)",1,42,0.0155139,9384,0.01564,64.9627,52.3636,42.1803,33.9301
discard1,"Deal 4, discard 1",4,10000000,21260929,Flush (See),Flush K-10-5 ♦,"(2, 13, 10, 5, 2)",1,42,0.0155139,9452,0.015753,64.9196,52.3371,42.2323,34.1198
discard1,"Deal 4, discard 1",4,10000000,21260929,Flush (See),Flush K-10-5 ♣,"(2, 13, 10, 5, 1)",1,42,0.0155139,9247,0.015412,65.777,53.3222,43.2119,34.9951
discard1,"Deal 4, discard 1",4,10000000,21260929,Flush (See),Flush K-10-4 ♠,"(2, 13, 10, 4, 4)",1,41,0.01514452,8997,0.014995,65.1773,52.6142,42.4564,34.2336
discard1,"Deal 4, discard 1",4,10000000,21260929,Flush (See),Flush K-10-4 ♥,"(2, 13, 10, 4, 3)",1,41,0.01514452,9161,0.015268,64.565,51.9736,41.9015,33.8282
discard1,"Deal 4, discard 1",4,10000000,21260929,Flush (See),Flush K-10-4 ♦,"(2, 13, 10, 4, 2)",1,41,0.01514452,8916,0.01486,65.0045,52.4641,42.3441,34.1521
discard1,"Deal 4, discard 1",4,10000000,21260929,Flush (See),Flush K-10-4 ♣,"(2, 13, 10, 4, 1)",1,41,0.01514452,9183,0.015305,65.1388,52.5384,42.3456,34.0847
discard1,"Deal 4, discard 1",4,10000000,21260929,Flush (See),Flush K-10-3 ♠,"(2, 13, 10, 3, 4)",1,40,0.01477514,9003,0.015005,65.0739,52.5691,42.5525,34.5329
discard1,"Deal 4, discard 1",4,10000000,21260929,Flush (See),Flush K-10-3 ♥,"(2, 13, 10, 3, 3)",1,40,0.01477514,8881,0.014802,65.0377,52.4141,42.2205,34.0052
discard1,"Deal 4, discard 1",4,10000000,21260929,Flush (See),Flush K-10-3 ♦,"(2, 13, 10, 3, 2)",1,40,0.01477514,8878,0.014797,64.7804,52.1818,42.0387,33.8364
discard1,"Deal 4, discard 1",4,10000000,21260929,Flush (See),Flush K-10-3 ♣,"(2, 13, 10, 3, 1)",1,40,0.01477514,8891,0.014818,65.1974,52.5374,42.2855,34.0119
discard1,"Deal 4, discard 1",4,10000000,21260929,Flush (See),Flush K-10-2 ♠,"(2, 13, 10, 2, 4)",1,39,0.01440576,8806,0.014677,64.3845,51.6795,41.4876,33.3182
discard1,"Deal 4, discard 1",4,10000000,21260929,Flush (See),Flush K-10-2 ♥,"(2, 13, 10, 2, 3)",1,39,0.01440576,8615,0.014358,64.4469,51.8015,41.7272,33.7319
discard1,"Deal 4, discard 1",4,10000000,21260929,Flush (See),Flush K-10-2 ♦,"(2, 13, 10, 2, 2)",1,39,0.01440576,8607,0.014345,64.4429,51.5929,41.2153,32.8337
discard1,"Deal 4, discard 1",4,10000000,21260929,Flush (See),Flush K-10-2 ♣,"(2, 13, 10, 2, 1)",1,39,0.01440576,8753,0.014588,64.2054,51.5138,41.3572,33.2229
discard1,"Deal 4, discard 1",4,10000000,21260929,Flush (See),Flush K-9-8 ♠,"(2, 13, 9, 8, 4)",1,38,0.01403638,8301,0.013835,64.0875,51.301,41.0601,32.8274
discard1,"Deal 4, discard 1",4,10000000,21260929,Flush (See),Flush K-9-8 ♥,"(2, 13, 9, 8, 3)",1,38,0.01403638,8388,0.01398,64.9893,52.2532,41.9671,33.691
discard1,"Deal 4, discard 1",4,10000000,21260929,Flush (See),Flush K-9-8 ♦,"(2, 13, 9, 8, 2)",1,38,0.01403638,8416,0.014027,64.8348,52.2101,42.039,33.8284
discard1,"Deal 4, discard 1",4,10000000,21260929,Flush (See),Flush K-9-8 ♣,"(2, 13, 9, 8, 1)",1,38,0.01403638,8480,0.014133,64.5861,51.9057,41.7005,33.4906
discard1,"Deal 4, discard 1",4,10000000,21260929,Flush (See),Flush K-9-7 ♠,"(2, 13, 9, 7, 4)",1,41,0.01514452,8991,0.014985,64.688,52.1121,42.0242,33.9228
discard1,"Deal 4, discard 1",4,10000000,21260929,Flush (See),Flush K-9-7 ♥,"(2, 13, 9, 7, 3)",1,41,0.01514452,9158,0.015263,64.4224,51.7089,41.4916,33.2715
discard1,"Deal 4, discard 1",4,10000000,21260929,Flush (See),Flush K-9-7 ♦,"(2, 13, 9, 7, 2)",1,41,0.01514452,9090,0.01515,65.2662,52.7921,42.7613,34.6865
discard1,"Deal 4, discard 1",4,10000000,21260929,Flush (See),Flush K-9-7 ♣,"(2, 13, 9, 7, 1)",1,41,0.01514452,8971,0.014952,65.1789,52.702,42.6931,34.6673
discard1,"Deal 4, discard 1",4,10000000,21260929,Flush (See),Flush K-9-6 ♠,"(2, 13, 9, 6, 4)",1,43,0.01588328,9440,0.015733,65.1811,52.6864,42.6568,34.6081
discard1,"Deal 4, discard 1",4,10000000,21260929,Flush (See),Flush K-9-6 ♥,"(2, 13, 9, 6, 3)",1,43,0.01588328,9571,0.015952,64.6819,51.9987,41.8075,33.612
discard1,"Deal 4, discard 1",4,10000000,21260929,Flush (See),Flush K-9-6 ♦,"(2, 13, 9, 6, 2)",1,43,0.01588328,9485,0.015808,65.2082,52.6115,42.4101,34.1592
discard1,"Deal 4, discard 1",4,10000000,21260929,Flush (See),Flush K-9-6 ♣,"(2, 13, 9, 6, 1)",1,43,0.01588328,9470,0.015783,64.5058,51.8332,41.6727,33.5375
discard1,"Deal 4, discard 1",4,10000000,21260929,Flush (See),Flush K-9-5 ♠,"(2, 13, 9, 5, 4)",1,42,0.0155139,9293,0.015488,64.767,52.1791,42.0467,33.8857
discard1,"Deal 4, discard 1",4,10000000,21260929,Flush (See),Flush K-9-5 ♥,"(2, 13, 9, 5, 3)",1,42,0.0155139,9209,0.015348,64.5629,51.8449,41.6158,33.3912
discard1,"Deal 4, discard 1",4,10000000,21260929,Flush (See),Flush K-9-5 ♦,"(2, 13, 9, 5, 2)",1,42,0.0155139,9311,0.015518,64.1886,51.4059,41.1513,32.961
discard1,"Deal 4, discard 1",4,10000000,21260929,Flush (See),Flush K-9-5 ♣,"(2, 13, 9, 5, 1)",1,42,0.0155139,9280,0.015467,64.3082,51.4774,41.1401,32.8233
discard1,"Deal 4, discard 1",4,10000000,21260929,Flush (See),Flush K-9-4 ♠,"(2, 13, 9, 4, 4)",1,41,0.01514452,9050,0.015083,64.5514,51.8144,41.5448,33.2376
discard1,"Deal 4, discard 1",4,10000000,21260929,Flush (See),Flush K-9-4 ♥,"(2, 13, 9, 4, 3)",1,41,0.01514452,9136,0.015227,64.1473,51.3091,40.961,32.5963
discard1,"Deal 4, discard 1",4,10000000,21260929,Flush (See),Flush K-9-4 ♦,"(2, 13, 9, 4, 2)",1,41,0.01514452,9201,0.015335,64.7799,51.9954,41.6694,33.3551
discard1,"Deal 4, discard 1",4,10000000,21260929,Flush (See),Flush K-9-4 ♣,"(2, 13, 9, 4, 1)",1,41,0.01514452,9318,0.01553,64.7929,52.2408,42.1657,34.0738
discard1,"Deal 4, discard 1",4,10000000,21260929,Flush (See),Flush K-9-3 ♠,"(2, 13, 9, 3, 4)",1,40,0.01477514,8944,0.014907,64.9251,52.2641,42.0036,33.665
discard1,"Deal 4, discard 1",4,10000000,21260929,Flush (See),Flush K-9-3 ♥,"(2, 13, 9, 3, 3)",1,40,0.01477514,9035,0.015058,64.4947,51.772,41.5473,33.337
discard1,"Deal 4, discard 1",4,10000000,21260929,Flush (See),Flush K-9-3 ♦,"(2, 13, 9, 3, 2)",1,40,0.01477514,8847,0.014745,64.7293,51.995,41.691,33.322
discard1,"Deal 4, discard 1",4,10000000,21260929,Flush (See),Flush K-9-3 ♣,"(2, 13, 9, 3, 1)",1,40,0.01477514,8871,0.014785,63.9612,51.169,40.9356,32.7133
discard1,"Deal 4, discard 1",4,10000000,21260929,Flush (See),Flush K-9-2 ♠,"(2, 13, 9, 2, 4)",1,39,0.01440576,8567,0.014278,63.6921,50.921,40.7657,32.6719
discard1,"Deal 4, discard 1",4,10000000,21260929,Flush (See),Flush K-9-2 ♥,"(2, 13, 9, 2, 3)",1,39,0.01440576,8630,0.014383,63.8621,51.102,40.9108,32.781
discard1,"Deal 4, discard 1",4,10000000,21260929,Flush (See),Flush K-9-2 ♦,"(2, 13, 9, 2, 2)",1,39,0.01440576,8692,0.014487,63.968,50.994,40.5131,32.0295
discard1,"Deal 4, discard 1",4,10000000,21260929,Flush (See),Flush K-9-2 ♣,"(2, 13, 9, 2, 1)",1,39,0.01440576,8513,0.014188,64.896,52.2906,42.1215,33.9128
discard1,"Deal 4, discard 1",4,10000000,21260929,Flush (See),Flush K-8-7 ♠,"(2, 13, 8, 7, 4)",1,37,0.01366701,8085,0.013475,64.0989,51.3395,41.1651,33.0489
discard1,"Deal 4, discard 1",4,10000000,21260929,Flush (See),Flush K-8-7 ♥,"(2, 13, 8, 7, 3)",1,37,0.01366701,8266,0.013777,63.7854,50.8868,40.5807,32.3494
discard1,"Deal 4, discard 1",4,10000000,21260929,Flush (See),Flush K-8-7 ♦,"(2, 13, 8, 7, 2)",1,37,0.01366701,8341,0.013902,63.7382,50.8956,40.609,32.3343
discard1,"Deal 4, discard 1",4,10000000,21260929,Flush (See),Flush K-8-7 ♣,"(2, 13, 8, 7, 1)",1,37,0.01366701,8125,0.013542,63.4018,50.4074,39.968,31.5569
discard1,"Deal 4, discard 1",4,10000000,21260929,Flush (See),Flush K-8-6 ♠,"(2, 13, 8, 6, 4)",1,40,0.01477514,8896,0.014827,64.1333,51.4119,41.241,33.0935
discard1,"Deal 4, discard 1",4,10000000,21260929,Flush (See),Flush K-8-6 ♥,"(2, 13, 8, 6, 3)",1,40,0.01477514,8866,0.014777,64.3436,51.4764,41.1099,32.7882
discard1,"Deal 4, discard 1",4,10000000,21260929,Flush (See),Flush K-8-6 ♦,"(2, 13, 8, 6, 2)",1,40,0.01477514,8637,0.014395,64.1704,51.548,41.4195,33.2176
discard1,"Deal 4, discard 1",4,10000000,21260929,Flush (See),Flush K-8-6 ♣,"(2, 13, 8, 6, 1)",1,40,0.01477514,8808,0.01468,64.2654,51.4907,41.2579,33.0609
discard1,"Deal 4, discard 1",4,10000000,21260929,Flush (See),Flush K-8-5 ♠,"(2, 13, 8, 5, 4)",1,42,0.0155139,9343,0.015572,64.5232,51.9095,41.8067,33.7258
discard1,"Deal 4, discard 1",4,10000000,21260929,Flush (See),Flush K-8-5 ♥,"(2, 13, 8, 5, 3)",1,42,0.0155139,9310,0.015517,64.4812,51.8034,41.667,33.5768
discard1,"Deal 4, discard 1",4,10000000,21260929,Flush (See),Flush K-8-5 ♦,"(2, 13, 8, 5, 2)",1,42,0.0155139,9150,0.01525,63.6536,50.7049,40.3454,32.0546
discard1,"Deal 4, discard 1",4,10000000,21260929,Flush (See),Flush K-8-5 ♣,"(2, 13, 8, 5, 1)",1,42,0.0155139,9413,0.015688,63.9934,51.0602,40.5907,32.0833
discard1,"Deal 4, discard 1",4,10000000,21260929,Flush (See),Flush K-8-4 ♠,"(2, 13, 8, 4, 4)",1,41,0.01514452,9158,0.015263,64.2695,51.4807,41.2208,33.0094
discard1,"Deal 4, discard 1",4,10000000,21260929,Flush (See),Flush K-8-4 ♥,"(2, 13, 8, 4, 3)",1,41,0.01514452,9181,0.015302,64.4276,51.8222,41.7449,33.6891
discard1,"Deal 4, discard 1",4,10000000,21260929,Flush (See),Flush K-8-4 ♦,"(2, 13, 8, 4, 2)",1,41,0.01514452,8986,0.014977,64.6372,51.9185,41.7049,33.5299
discard1,"Deal 4, discard 1",4,10000000,21260929,Flush (See),Flush K-8-4 ♣,"(2, 13, 8, 4, 1)",1,41,0.01514452,9330,0.01555,64.0107,51.1629,40.8296,32.4973
discard1,"Deal 4, discard 1",4,10000000,21260929,Flush (See),Flush K-8-3 ♠,"(2, 13, 8, 3, 4)",1,40,0.01477514,8754,0.01459,63.8885,51.1275,40.9687,32.8878
discard1,"Deal 4, discard 1",4,10000000,21260929,Flush (See),Flush K-8-3 ♥,"(2, 13, 8, 3, 3)",1,40,0.01477514,8903,0.014838,63.9369,51.0457,40.7301,32.4947
discard1,"Deal 4, discard 1",4,10000000,21260929,Flush (See),Flush K-8-3 ♦,"(2, 13, 8, 3, 2)",1,40,0.01477514,8920,0.014867,64.1872,51.4193,41.1457,32.8587
discard1,"Deal 4, discard 1",4,10000000,21260929,Flush (See),Flush K-8-3 ♣,"(2, 13, 8, 3, 1)",1,40,0.01477514,8812,0.014687,63.7052,50.825,40.5515,32.3763
discard1,"Deal 4, discard 1",4,10000000,21260929,Flush (See),Flush K-8-2 ♠,"(2, 13, 8, 2, 4)",1,39,0.01440576,8751,0.014585,63.971,51.1759,41.0193,33.0134
discard1,"Deal 4, discard 1",4,10000000,21260929,Flush (See),Flush K-8-2 ♥,"(2, 13, 8, 2, 3)",1,39,0.01440576,8687,0.014478,63.3867,50.6251,40.5525,32.5659
discard1,"Deal 4, discard 1",4,10000000,21260929,Flush (See),Flush K-8-2 ♦,"(2, 13, 8, 2, 2)",1,39,0.01440576,8714,0.014523,63.787,50.9468,40.6587,32.3961
discard1,"Deal 4, discard 1",4,10000000,21260929,Flush (See),Flush K-8-2 ♣,"(2, 13, 8, 2, 1)",1,39,0.01440576,8585,0.014308,63.2953,50.3925,40.212,32.2073
discard1,"Deal 4, discard 1",4,10000000,21260929,Flush (See),Flush K-7-6 ♠,"(2, 13, 7, 6, 4)",1,36,0.01329763,7969,0.013282,63.6429,50.7743,40.522,32.3755
discard1,"Deal 4, discard 1",4,10000000,21260929,Flush (See),Flush K-7-6 ♥,"(2, 13, 7, 6, 3)",1,36,0.01329763,8009,0.013348,63.5872,50.5506,40.0824,31.6769
discard1,"Deal 4, discard 1",4,10000000,21260929,Flush (See),Flush K-7-6 ♦,"(2, 13, 7, 6, 2)",1,36,0.01329763,7979,0.013298,64.087,51.2871,41.0503,32.8989
discard1,"Deal 4, discard 1",4,10000000,21260929,Flush (See),Flush K-7-6 ♣,"(2, 13, 7, 6, 1)",1,36,0.01329763,8030,0.013383,63.7347,50.8879,40.6301,32.4408
discard1,"Deal 4, discard 1",4,10000000,21260929,Flush (See),Flush K-7-5 ♠,"(2, 13, 7, 5, 4)",1,39,0.01440576,8623,0.014372,63.2842,50.2714,39.891,31.6131
discard1,"Deal 4, discard 1",4,10000000,21260929,Flush (See),Flush K-7-5 ♥,"(2, 13, 7, 5, 3)",1,39,0.01440576,8545,0.014242,63.0591,50.1697,39.9555,31.8432
discard1,"Deal 4, discard 1",4,10000000,21260929,Flush (See),Flush K-7-5 ♦,"(2, 13, 7, 5, 2)",1,39,0.01440576,8565,0.014275,63.791,51.0566,40.8873,32.7379
discard1,"Deal 4, discard 1",4,10000000,21260929,Flush (See),Flush K-7-5 ♣,"(2, 13, 7, 5, 1)",1,39,0.01440576,8602,0.014337,64.0688,51.2288,40.9347,32.6668
discard1,"Deal 4, discard 1",4,10000000,21260929,Flush (See),Flush K-7-4 ♠,"(2, 13, 7, 4, 4)",1,41,0.01514452,8964,0.01494,63.6635,50.8389,40.589,32.3963
discard1,"Deal 4, discard 1",4,10000000,21260929,Flush (See),Flush K-7-4 ♥,"(2, 13, 7, 4, 3)",1,41,0.01514452,9137,0.015228,63.6785,50.7497,40.3874,32.0674
discard1,"Deal 4, discard 1",4,10000000,21260929,Flush (See),Flush K-7-4 ♦,"(2, 13, 7, 4, 2)",1,41,0.01514452,9036,0.01506,63.5181,50.674,40.4626,32.3152
discard1,"Deal 4, discard 1",4,10000000,21260929,Flush (See),Flush K-7-4 ♣,"(2, 13, 7, 4, 1)",1,41,0.01514452,9006,0.01501,63.5254,50.6351,40.3709,32.2008
discard1,"Deal 4, discard 1",4,10000000,21260929,Flush (See),Flush K-7-3 ♠,"(2, 13, 7, 3, 4)",1,40,0.01477514,9090,0.01515,63.8988,51.0825,40.8273,32.6183
discard1,"Deal 4, discard 1",4,10000000,21260929,Flush (See),Flush K-7-3 ♥,"(2, 13, 7, 3, 3)",1,40,0.01477514,8938,0.014897,63.7055,50.9074,40.7518,32.7031
discard1,"Deal 4, discard 1",4,10000000,21260929,Flush (See),Flush K-7-3 ♦,"(2, 13, 7, 3, 2)",1,40,0.01477514,8923,0.014872,63.4887,50.5491,40.2353,32.0184
discard1,"Deal 4, discard 1",4,10000000,21260929,Flush (See),Flush K-7-3 ♣,"(2, 13, 7, 3, 1)",1,40,0.01477514,8802,0.01467,63.4208,50.4329,40.0523,31.7655
discard1,"Deal 4, discard 1",4,10000000,21260929,Flush (See),Flush K-7-2 ♠,"(2, 13, 7, 2, 4)",1,39,0.01440576,8558,0.014263,63.7135,50.7829,40.4113,32.0986
discard1,"Deal 4, discard 1",4,10000000,21260929,Flush (See),Flush K-7-2 ♥,"(2, 13, 7, 2, 3)",1,39,0.01440576,8865,0.014775,62.6306,49.5003,39.0931,30.8629
discard1,"Deal 4, discard 1",4,10000000,21260929,Flush (See),Flush K-7-2 ♦,"(2, 13, 7, 2, 2)",1,39,0.01440576,8672,0.014453,63.0858,50.2064,40.0185,31.9765
discard1,"Deal 4, discard 1",4,10000000,21260929,Flush (See),Flush K-7-2 ♣,"(2, 13, 7, 2, 1)",1,39,0.01440576,8654,0.014423,63.0379,50.0716,39.7989,31.6732
discard1,"Deal 4, discard 1",4,10000000,21260929,Flush (See),Flush K-6-5 ♠,"(2, 13, 6, 5, 4)",1,35,0.01292825,7744,0.012907,62.9416,49.8644,39.4499,31.1596
discard1,"Deal 4, discard 1",4,10000000,21260929,Flush (See),Flush K-6-5 ♥,"(2, 13, 6, 5, 3)",1,35,0.01292825,7695,0.012825,63.1163,50.1936,39.935,31.7739
discard1,"Deal 4, discard 1",4,10000000,21260929,Flush (See),Flush K-6-5 ♦,"(2, 13, 6, 5, 2)",1,35,0.01292825,7817,0.013028,64.0617,51.3458,41.2051,33.0945
discard1,"Deal 4, discard 1",4,10000000,21260929,Flush (See),Flush K-6-5 ♣,"(2, 13, 6, 5, 1)",1,35,0.01292825,7734,0.01289,62.3985,49.3251,39.0199,30.8896
discard1,"Deal 4, discard 1",4,10000000,21260929,Flush (See),Flush K-6-4 ♠,"(2, 13, 6, 4, 4)",1,38,0.01403638,8492,0.014153,63.5598,50.7595,40.6006,32.5247
discard1,"Deal 4, discard 1",4,10000000,21260929,Flush (See),Flush K-6-4 ♥,"(2, 13, 6, 4, 3)",1,38,0.01403638,8391,0.013985,63.7397,50.8926,40.6435,32.4395
discard1,"Deal 4, discard 1",4,10000000,21260929,Flush (See),Flush K-6-4 ♦,"(2, 13, 6, 4, 2)",1,38,0.01403638,8543,0.014238,63.2822,50.2833,39.9368,31.7102
discard1,"Deal 4, discard 1",4,10000000,21260929,Flush (See),Flush K-6-4 ♣,"(2, 13, 6, 4, 1)",1,38,0.01403638,8381,0.013968,63.8635,51.007,40.7732,32.6691
discard1,"Deal 4, discard 1",4,10000000,21260929,Flush (See),Flush K-6-3 ♠,"(2, 13, 6, 3, 4)",1,40,0.01477514,8931,0.014885,63.3333,50.1982,39.6954,31.3179
discard1,"Deal 4, discard 1",4,10000000,21260929,Flush (See),Flush K-6-3 ♥,"(2, 13, 6, 3, 3)",1,40,0.01477514,8877,0.014795,63.4584,50.6016,40.3695,32.2068
discard1,"Deal 4, discard 1",4,10000000,21260929,Flush (See),Flush K-6-3 ♦,"(2, 13, 6, 3, 2)",1,40,0.01477514,9047,0.015078,63.1204,50.1039,39.7148,31.4248
discard1,"Deal 4, discard 1",4,10000000,21260929,Flush (See),Flush K-6-3 ♣,"(2, 13, 6, 3, 1)",1,40,0.01477514,8937,0.014895,63.001,50.0492,39.765,31.5878
discard1,"Deal 4, discard 1",4,10000000,21260929,Flush (See),Flush K-6-2 ♠,"(2, 13, 6, 2, 4)",1,39,0.01440576,8532,0.01422,62.5152,49.3589,38.9264,30.6493
discard1,"Deal 4, discard 1",4,10000000,21260929,Flush (See),Flush K-6-2 ♥,"(2, 13, 6, 2, 3)",1,39,0.01440576,8616,0.01436,62.6683,49.7423,39.552,31.5111
discard1,"Deal 4, discard 1",4,10000000,21260929,Flush (See),Flush K-6-2 ♦,"(2, 13, 6, 2, 2)",1,39,0.01440576,8557,0.014262,62.6458,49.577,39.217,30.9805
discard1,"Deal 4, discard 1",4,10000000,21260929,Flush (See),Flush K-6-2 ♣,"(2, 13, 6, 2, 1)",1,39,0.01440576,8621,0.014368,62.1494,48.97,38.5245,30.2169
discard1,"Deal 4, discard 1",4,10000000,21260929,Flush (See),Flush K-5-4 ♠,"(2, 13, 5, 4, 4)",1,34,0.01255887,7415,0.012358,62.735,49.7262,39.4633,31.3958
discard1,"Deal 4, discard 1",4,10000000,21260929,Flush (See),Flush K-5-4 ♥,"(2, 13, 5, 4, 3)",1,34,0.01255887,7571,0.012618,62.7619,49.7385,39.4294,31.264
discard1,"Deal 4, discard 1",4,10000000,21260929,Flush (See),Flush K-5-4 ♦,"(2, 13, 5, 4, 2)",1,34,0.01255887,7604,0.012673,63.0892,50.1644,39.929,31.8122
discard1,"Deal 4, discard 1",4,10000000,21260929,Flush (See),Flush K-5-4 ♣,"(2, 13, 5, 4, 1)",1,34,0.01255887,7381,0.012302,63.3559,50.5284,40.3902,32.394
discard1,"Deal 4, discard 1",4,10000000,21260929,Flush (See),Flush K-5-3 ♠,"(2, 13, 5, 3, 4)",1,37,0.01366701,8229,0.013715,62.6941,49.6464,39.3608,31.2918
discard1,"Deal 4, discard 1",4,10000000,21260929,Flush (See),Flush K-5-3 ♥,"(2, 13, 5, 3, 3)",1,37,0.01366701,8249,0.013748,63.2319,50.2788,39.9927,31.8463
discard1,"Deal 4, discard 1",4,10000000,21260929,Flush (See),Flush K-5-3 ♦,"(2, 13, 5, 3, 2)",1,37,0.01366701,8134,0.013557,63.1374,50.0996,39.7197,31.4851
discard1,"Deal 4, discard 1",4,10000000,21260929,Flush (See),Flush K-5-3 ♣,"(2, 13, 5, 3, 1)",1,37,0.01366701,8110,0.013517,62.984,50.1307,39.9679,31.9112
discard1,"Deal 4, discard 1",4,10000000,21260929,Flush (See),Flush K-5-2 ♠,"(2, 13, 5, 2, 4)",1,39,0.01440576,8773,0.014622,62.3664,49.3343,39.1291,31.1524
discard1,"Deal 4, discard 1",4,10000000,21260929,Flush (See),Flush K-5-2 ♥,"(2, 13, 5, 2, 3)",1,39,0.01440576,8681,0.014468,63.0342,50.0691,39.7996,31.6899
discard1,"Deal 4, discard 1",4,10000000,21260929,Flush (See),Flush K-5-2 ♦,"(2, 13, 5, 2, 2)",1,39,0.01440576,8592,0.01432,62.8166,49.8161,39.5321,31.4246
discard1,"Deal 4, discard 1",4,10000000,21260929,Flush (See),Flush K-5-2 ♣,"(2, 13, 5, 2, 1)",1,39,0.01440576,8679,0.014465,62.1062,48.8916,38.4768,30.2685
discard1,"Deal 4, discard 1",4,10000000,21260929,Flush (See),Flush K-4-3 ♠,"(2, 13, 4, 3, 4)",1,33,0.01218949,7217,0.012028,62.4248,49.195,38.7086,30.442
discard1,"Deal 4, discard 1",4,10000000,21260929,Flush (See),Flush K-4-3 ♥,"(2, 13, 4, 3, 3)",1,33,0.01218949,7222,0.012037,62.9355,49.9737,39.7341,31.681
discard1,"Deal 4, discard 1",4,10000000,21260929,Flush (See),Flush K-4-3 ♦,"(2, 13, 4, 3, 2)",1,33,0.01218949,7256,0.012093,62.9024,49.9104,39.6031,31.4085
discard1,"Deal 4, discard 1",4,10000000,21260929,Flush (See),Flush K-4-3 ♣,"(2, 13, 4, 3, 1)",1,33,0.01218949,7320,0.0122,62.6803,49.6462,39.3579,31.2432
discard1,"Deal 4, discard 1",4,10000000,21260929,Flush (See),Flush K-4-2 ♠,"(2, 13, 4, 2, 4)",1,36,0.01329763,8021,0.013368,62.0758,48.8829,38.4815,30.283
discard1,"Deal 4, discard 1",4,10000000,21260929,Flush (See),Flush K-4-2 ♥,"(2, 13, 4, 2, 3)",1,36,0.01329763,7981,0.013302,62.4471,49.3773,39.0528,30.8859
discard1,"Deal 4, discard 1",4,10000000,21260929,Flush (See),Flush K-4-2 ♦,"(2, 13, 4, 2, 2)",1,36,0.01329763,8009,0.013348,62.5721,49.4906,39.1784,31.0401
discard1,"Deal 4, discard 1",4,10000000,21260929,Flush (See),Flush K-4-2 ♣,"(2, 13, 4, 2, 1)",1,36,0.01329763,8082,0.01347,61.9574,48.7219,38.3247,30.1905
discard1,"Deal 4, discard 1",4,10000000,21260929,Flush (See),Flush K-3-2 ♠,"(2, 13, 3, 2, 4)",1,33,0.01218949,7178,0.011963,61.4071,47.9813,37.3837,29.0053
discard1,"Deal 4, discard 1",4,10000000,21260929,Flush (See),Flush K-3-2 ♥,"(2, 13, 3, 2, 3)",1,33,0.01218949,7364,0.012273,62.1673,49.0263,38.6556,30.4726
discard1,"Deal 4, discard 1",4,10000000,21260929,Flush (See),Flush K-3-2 ♦,"(2, 13, 3, 2, 2)",1,33,0.01218949,7371,0.012285,62.0838,48.8726,38.4344,30.1859
discard1,"Deal 4, discard 1",4,10000000,21260929,Flush (See),Flush K-3-2 ♣,"(2, 13, 3, 2, 1)",1,33,0.01218949,7388,0.012313,62.1765,48.9429,38.4732,30.1705
discard1,"Deal 4, discard 1",4,10000000,21260929,Flush (See),Flush Q-J-9 ♠,"(2, 12, 11, 9, 4)",1,34,0.01255887,7415,0.012358,62.8968,49.9541,39.7033,31.5442
discard1,"Deal 4, discard 1",4,10000000,21260929,Flush (See),Flush Q-J-9 ♥,"(2, 12, 11, 9, 3)",1,34,0.01255887,7452,0.01242,62.4061,49.4189,39.2217,31.2131
discard1,"Deal 4, discard 1",4,10000000,21260929,Flush (See),Flush Q-J-9 ♦,"(2, 12, 11, 9, 2)",1,34,0.01255887,7515,0.012525,61.9375,48.7026,38.2675,30.02
discard1,"Deal 4, discard 1",4,10000000,21260929,Flush (See),Flush Q-J-9 ♣,"(2, 12, 11, 9, 1)",1,34,0.01255887,7432,0.012387,62.7691,49.6825,39.2949,31.0549
discard1,"Deal 4, discard 1",4,10000000,21260929,Flush (See),Flush Q-J-8 ♠,"(2, 12, 11, 8, 4)",1,33,0.01218949,7341,0.012235,62.8634,49.8161,39.4742,31.3036
discard1,"Deal 4, discard 1",4,10000000,21260929,Flush (See),Flush Q-J-8 ♥,"(2, 12, 11, 8, 3)",1,33,0.01218949,7219,0.012032,62.9312,49.9169,39.6038,31.4587
discard1,"Deal 4, discard 1",4,10000000,21260929,Flush (See),Flush Q-J-8 ♦,"(2, 12, 11, 8, 2)",1,33,0.01218949,7319,0.012198,62.3692,49.2882,38.9725,30.8512
discard1,"Deal 4, discard 1",4,10000000,21260929,Flush (See),Flush Q-J-8 ♣,"(2, 12, 11, 8, 1)",1,33,0.01218949,7305,0.012175,61.6865,48.4476,38.026,29.8152
discard1,"Deal 4, discard 1",4,10000000,21260929,Flush (See),Flush Q-J-7 ♠,"(2, 12, 11, 7, 4)",1,32,0.01182011,6954,0.01159,62.2347,49.0624,38.6972,30.5723
discard1,"Deal 4, discard 1",4,10000000,21260929,Flush (See),Flush Q-J-7 ♥,"(2, 12, 11, 7, 3)",1,32,0.01182011,7076,0.011793,62.0591,48.8595,38.4568,30.2431
discard1,"Deal 4, discard 1",4,10000000,21260929,Flush (See),Flush Q-J-7 ♦,"(2, 12, 11, 7, 2)",1,32,0.01182011,7037,0.011728,61.927,48.7992,38.4937,30.3965
discard1,"Deal 4, discard 1",4,10000000,21260929,Flush (See),Flush Q-J-7 ♣,"(2, 12, 11, 7, 1)",1,32,0.01182011,7175,0.011958,61.9805,48.722,38.1993,29.8118
discard1,"Deal 4, discard 1",4,10000000,21260929,Flush (See),Flush Q-J-6 ♠,"(2, 12, 11, 6, 4)",1,31,0.01145073,6817,0.011362,62.5656,49.5071,39.1785,31.0107
discard1,"Deal 4, discard 1",4,10000000,21260929,Flush (See),Flush Q-J-6 ♥,"(2, 12, 11, 6, 3)",1,31,0.01145073,6857,0.011428,62.0563,48.9237,38.635,30.6402
discard1,"Deal 4, discard 1",4,10000000,21260929,Flush (See),Flush Q-J-6 ♦,"(2, 12, 11, 6, 2)",1,31,0.01145073,6959,0.011598,62.463,49.3332,38.9453,30.7228
discard1,"Deal 4, discard 1",4,10000000,21260929,Flush (See),Flush Q-J-6 ♣,"(2, 12, 11, 6, 1)",1,31,0.01145073,6887,0.011478,62.7501,49.6138,39.1085,30.652
discard1,"Deal 4, discard 1",4,10000000,21260929,Flush (See),Flush Q-J-5 ♠,"(2, 12, 11, 5, 4)",1,30,0.01108136,6629,0.011048,61.685,48.327,37.8157,29.5821
discard1,"Deal 4, discard 1",4,10000000,21260929,Flush (See),Flush Q-J-5 ♥,"(2, 12, 11, 5, 3)",1,30,0.01108136,6763,0.011272,62.5654,49.5268,39.2666,31.2287
discard1,"Deal 4, discard 1",4,10000000,21260929,Flush (See),Flush Q-J-5 ♦,"(2, 12, 11, 5, 2)",1,30,0.01108136,6624,0.01104,61.6848,48.4752,38.125,30.0121
discard1,"Deal 4, discard 1",4,10000000,21260929,Flush (See),Flush Q-J-5 ♣,"(2, 12, 11, 5, 1)",1,30,0.01108136,6758,0.011263,62.8677,49.8683,39.562,31.3998
discard1,"Deal 4, discard 1",4,10000000,21260929,Flush (See),Flush Q-J-4 ♠,"(2, 12, 11, 4, 4)",1,29,0.01071198,6456,0.01076,62.641,49.6437,39.4362,31.4436
discard1,"Deal 4, discard 1",4,10000000,21260929,Flush (See),Flush Q-J-4 ♥,"(2, 12, 11, 4, 3)",1,29,0.01071198,6401,0.010668,62.145,49.1736,38.9908,30.9795
discard1,"Deal 4, discard 1",4,10000000,21260929,Flush (See),Flush Q-J-4 ♦,"(2, 12, 11, 4, 2)",1,29,0.01071198,6475,0.010792,62.2301,48.99,38.4988,30.1776
discard1,"Deal 4, discard 1",4,10000000,21260929,Flush (See),Flush Q-J-4 ♣,"(2, 12, 11, 4, 1)",1,29,0.01071198,6519,0.010865,62.3424,49.2269,38.8741,30.7102
discard1,"Deal 4, discard 1",4,10000000,21260929,Flush (See),Flush Q-J-3 ♠,"(2, 12, 11, 3, 4)",1,28,0.0103426,6288,0.01048,62.9119,49.8441,39.437,31.1387
discard1,"Deal 4, discard 1",4,10000000,21260929,Flush (See),Flush Q-J-3 ♥,"(2, 12, 11, 3, 3)",1,28,0.0103426,6269,0.010448,62.2667,49.1019,38.7207,30.579
discard1,"Deal 4, discard 1",4,10000000,21260929,Flush (See),Flush Q-J-3 ♦,"(2, 12, 11, 3, 2)",1,28,0.0103426,6074,0.010123,61.3253,48.0836,37.8202,29.9144
discard1,"Deal 4, discard 1",4,10000000,21260929,Flush (See),Flush Q-J-3 ♣,"(2, 12, 11, 3, 1)",1,28,0.0103426,6184,0.010307,62.7506,49.7057,39.3629,31.1611
discard1,"Deal 4, discard 1",4,10000000,21260929,Flush (See),Flush Q-J-2 ♠,"(2, 12, 11, 2, 4)",1,27,0.00997322,5945,0.009908,61.529,48.2439,37.8469,29.7225
discard1,"Deal 4, discard 1",4,10000000,21260929,Flush (See),Flush Q-J-2 ♥,"(2, 12, 11, 2, 3)",1,27,0.00997322,5985,0.009975,61.5455,48.2373,37.7778,29.5238
discard1,"Deal 4, discard 1",4,10000000,21260929,Flush (See),Flush Q-J-2 ♦,"(2, 12, 11, 2, 2)",1,27,0.00997322,6170,0.010283,62.5592,49.731,39.6888,31.799
discard1,"Deal 4, discard 1",4,10000000,21260929,Flush (See),Flush Q-J-2 ♣,"(2, 12, 11, 2, 1)",1,27,0.00997322,6136,0.010227,62.2115,48.9342,38.3801,29.9707
discard1,"Deal 4, discard 1",4,10000000,21260929,Flush (See),Flush Q-10-9 ♠,"(2, 12, 10, 9, 4)",1,39,0.01440576,8587,0.014312,61.4033,48.1146,37.7291,29.6145
discard1,"Deal 4, discard 1",4,10000000,21260929,Flush (See),Flush Q-10-9 ♥,"(2, 12, 10, 9, 3)",1,39,0.01440576,8548,0.014247,61.281,47.975,37.6065,29.5625
discard1,"Deal 4, discard 1",4,10000000,21260929,Flush (See),Flush Q-10-9 ♦,"(2, 12, 10, 9, 2)",1,39,0.01440576,8633,0.014388,61.6286,48.3911,38.0053,29.8622
discard1,"Deal 4, discard 1",4,10000000,21260929,Flush (See),Flush Q-10-9 ♣,"(2, 12, 10, 9, 1)",1,39,0.01440576,8705,0.014508,61.6669,48.386,37.9345,29.7415
discard1,"Deal 4, discard 1",4,10000000,21260929,Flush (See),Flush Q-10-8 ♠,"(2, 12, 10, 8, 4)",1,39,0.01440576,8522,0.014203,61.3471,48.0122,37.5264,29.2654
discard1,"Deal 4, discard 1",4,10000000,21260929,Flush (See),Flush Q-10-8 ♥,"(2, 12, 10, 8, 3)",1,39,0.01440576,8604,0.01434,61.4935,48.2578,37.8708,29.7187
discard1,"Deal 4, discard 1",4,10000000,21260929,Flush (See),Flush Q-10-8 ♦,"(2, 12, 10, 8, 2)",1,39,0.01440576,8505,0.014175,61.4203,48.2434,37.9518,29.9001
discard1,"Deal 4, discard 1",4,10000000,21260929,Flush (See),Flush Q-10-8 ♣,"(2, 12, 10, 8, 1)",1,39,0.01440576,8490,0.01415,61.1755,47.9529,37.6113,29.4817
discard1,"Deal 4, discard 1",4,10000000,21260929,Flush (See),Flush Q-10-7 ♠,"(2, 12, 10, 7, 4)",1,41,0.01514452,9178,0.015297,61.3652,48.0192,37.5311,29.2765
discard1,"Deal 4, discard 1",4,10000000,21260929,Flush (See),Flush Q-10-7 ♥,"(2, 12, 10, 7, 3)",1,41,0.01514452,9052,0.015087,61.1279,47.8668,37.5298,29.4631
discard1,"Deal 4, discard 1",4,10000000,21260929,Flush (See),Flush Q-10-7 ♦,"(2, 12, 10, 7, 2)",1,41,0.01514452,8978,0.014963,61.3767,48.1677,37.8503,29.7728
discard1,"Deal 4, discard 1",4,10000000,21260929,Flush (See),Flush Q-10-7 ♣,"(2, 12, 10, 7, 1)",1,41,0.01514452,9070,0.015117,61.5777,48.3451,37.9603,29.7795
discard1,"Deal 4, discard 1",4,10000000,21260929,Flush (See),Flush Q-10-6 ♠,"(2, 12, 10, 6, 4)",1,40,0.01477514,8838,0.01473,61.1032,47.7993,37.4067,29.2487
discard1,"Deal 4, discard 1",4,10000000,21260929,Flush (See),Flush Q-10-6 ♥,"(2, 12, 10, 6, 3)",1,40,0.01477514,8801,0.014668,61.1396,47.8037,37.3821,29.2467
discard1,"Deal 4, discard 1",4,10000000,21260929,Flush (See),Flush Q-10-6 ♦,"(2, 12, 10, 6, 2)",1,40,0.01477514,9068,0.015113,61.6928,48.3888,37.854,29.4773
discard1,"Deal 4, discard 1",4,10000000,21260929,Flush (See),Flush Q-10-6 ♣,"(2, 12, 10, 6, 1)",1,40,0.01477514,8887,0.014812,61.626,48.4067,38.0331,29.8526
discard1,"Deal 4, discard 1",4,10000000,21260929,Flush (See),Flush Q-10-5 ♠,"(2, 12, 10, 5, 4)",1,39,0.01440576,8769,0.014615,61.5612,48.2358,37.7557,29.5245
discard1,"Deal 4, discard 1",4,10000000,21260929,Flush (See),Flush Q-10-5 ♥,"(2, 12, 10, 5, 3)",1,39,0.01440576,8709,0.014515,61.0036,47.5439,37.0054,28.7519
discard1,"Deal 4, discard 1",4,10000000,21260929,Flush (See),Flush Q-10-5 ♦,"(2, 12, 10, 5, 2)",1,39,0.01440576,8664,0.01444,61.1888,47.8797,37.5139,29.4783
discard1,"Deal 4, discard 1",4,10000000,21260929,Flush (See),Flush Q-10-5 ♣,"(2, 12, 10, 5, 1)",1,39,0.01440576,8671,0.014452,61.3701,48.0948,37.735,29.6736
discard1,"Deal 4, discard 1",4,10000000,21260929,Flush (See),Flush Q-10-4 ♠,"(2, 12, 10, 4, 4)",1,38,0.01403638,8396,0.013993,61.1422,47.8764,37.5369,29.4664
discard1,"Deal 4, discard 1",4,10000000,21260929,Flush (See),Flush Q-10-4 ♥,"(2, 12, 10, 4, 3)",1,38,0.01403638,8309,0.013848,61.1229,47.6507,37.0442,28.6918
discard1,"Deal 4, discard 1",4,10000000,21260929,Flush (See),Flush Q-10-4 ♦,"(2, 12, 10, 4, 2)",1,38,0.01403638,8448,0.01408,61.0464,47.7083,37.3366,29.2969
discard1,"Deal 4, discard 1",4,10000000,21260929,Flush (See),Flush Q-10-4 ♣,"(2, 12, 10, 4, 1)",1,38,0.01403638,8357,0.013928,60.3889,46.8493,36.2834,28.0364
discard1,"Deal 4, discard 1",4,10000000,21260929,Flush (See),Flush Q-10-3 ♠,"(2, 12, 10, 3, 4)",1,37,0.01366701,8069,0.013448,61.4116,48.1088,37.6751,29.508
discard1,"Deal 4, discard 1",4,10000000,21260929,Flush (See),Flush Q-10-3 ♥,"(2, 12, 10, 3, 3)",1,37,0.01366701,8255,0.013758,61.5566,48.3707,38.0545,29.9576
discard1,"Deal 4, discard 1",4,10000000,21260929,Flush (See),Flush Q-10-3 ♦,"(2, 12, 10, 3, 2)",1,37,0.01366701,8181,0.013635,60.7689,47.3267,36.817,28.5784
discard1,"Deal 4, discard 1",4,10000000,21260929,Flush (See),Flush Q-10-3 ♣,"(2, 12, 10, 3, 1)",1,37,0.01366701,8220,0.0137,60.9696,47.601,37.1752,29.0633
discard1,"Deal 4, discard 1",4,10000000,21260929,Flush (See),Flush Q-10-2 ♠,"(2, 12, 10, 2, 4)",1,36,0.01329763,7930,0.013217,61.14,47.7907,37.3897,29.3064
discard1,"Deal 4, discard 1",4,10000000,21260929,Flush (See),Flush Q-10-2 ♥,"(2, 12, 10, 2, 3)",1,36,0.01329763,7714,0.012857,60.5069,47.0729,36.6036,28.377
discard1,"Deal 4, discard 1",4,10000000,21260929,Flush (See),Flush Q-10-2 ♦,"(2, 12, 10, 2, 2)",1,36,0.01329763,7917,0.013195,60.8842,47.5496,37.1681,29.0893
discard1,"Deal 4, discard 1",4,10000000,21260929,Flush (See),Flush Q-10-2 ♣,"(2, 12, 10, 2, 1)",1,36,0.01329763,7865,0.013108,59.8818,46.3624,35.9415,27.9339
discard1,"Deal 4, discard 1",4,10000000,21260929,Flush (See),Flush Q-9-8 ♠,"(2, 12, 9, 8, 4)",1,38,0.01403638,8348,0.013913,60.9296,47.5156,37.0532,28.8931
discard1,"Deal 4, discard 1",4,10000000,21260929,Flush (See),Flush Q-9-8 ♥,"(2, 12, 9, 8, 3)",1,38,0.01403638,8524,0.014207,60.5221,47.0976,36.6307,28.4256
discard1,"Deal 4, discard 1",4,10000000,21260929,Flush (See),Flush Q-9-8 ♦,"(2, 12, 9, 8, 2)",1,38,0.01403638,8419,0.014032,60.3314,46.8048,36.2608,28.0081
discard1,"Deal 4, discard 1",4,10000000,21260929,Flush (See),Flush Q-9-8 ♣,"(2, 12, 9, 8, 1)",1,38,0.01403638,8481,0.014135,60.9669,47.4767,36.8636,28.5108
discard1,"Deal 4, discard 1",4,10000000,21260929,Flush (See),Flush Q-9-7 ♠,"(2, 12, 9, 7, 4)",1,41,0.01514452,8976,0.01496,61.0339,47.6905,37.3039,29.2558
discard1,"Deal 4, discard 1",4,10000000,21260929,Flush (See),Flush Q-9-7 ♥,"(2, 12, 9, 7, 3)",1,41,0.01514452,9200,0.015333,61.1761,47.8141,37.3783,29.2609
discard1,"Deal 4, discard 1",4,10000000,21260929,Flush (See),Flush Q-9-7 ♦,"(2, 12, 9, 7, 2)",1,41,0.01514452,9143,0.015238,60.9187,47.5643,37.1738,29.1042
discard1,"Deal 4, discard 1",4,10000000,21260929,Flush (See),Flush Q-9-7 ♣,"(2, 12, 9, 7, 1)",1,41,0.01514452,9073,0.015122,60.5764,47.1024,36.5899,28.403
discard1,"Deal 4, discard 1",4,10000000,21260929,Flush (See),Flush Q-9-6 ♠,"(2, 12, 9, 6, 4)",1,43,0.01588328,9483,0.015805,61.1072,47.7549,37.2667,28.9887
discard1,"Deal 4, discard 1",4,10000000,21260929,Flush (See),Flush Q-9-6 ♥,"(2, 12, 9, 6, 3)",1,43,0.01588328,9396,0.01566,60.4215,47.0392,36.6688,28.6292
discard1,"Deal 4, discard 1",4,10000000,21260929,Flush (See),Flush Q-9-6 ♦,"(2, 12, 9, 6, 2)",1,43,0.01588328,9496,0.015827,60.8393,47.4558,37.0282,28.8964
discard1,"Deal 4, discard 1",4,10000000,21260929,Flush (See),Flush Q-9-6 ♣,"(2, 12, 9, 6, 1)",1,43,0.01588328,9615,0.016025,60.4524,47.0692,36.7114,28.7051
discard1,"Deal 4, discard 1",4,10000000,21260929,Flush (See),Flush Q-9-5 ♠,"(2, 12, 9, 5, 4)",1,42,0.0155139,9178,0.015297,60.5971,47.0299,36.411,28.0998
discard1,"Deal 4, discard 1",4,10000000,21260929,Flush (See),Flush Q-9-5 ♥,"(2, 12, 9, 5, 3)",1,42,0.0155139,9161,0.015268,60.6932,47.2732,36.7951,28.6104
discard1,"Deal 4, discard 1",4,10000000,21260929,Flush (See),Flush Q-9-5 ♦,"(2, 12, 9, 5, 2)",1,42,0.0155139,9084,0.01514,61.4531,48.1264,37.653,29.4254
discard1,"Deal 4, discard 1",4,10000000,21260929,Flush (See),Flush Q-9-5 ♣,"(2, 12, 9, 5, 1)",1,42,0.0155139,9287,0.015478,60.6418,47.2618,36.8472,28.7391
discard1,"Deal 4, discard 1",4,10000000,21260929,Flush (See),Flush Q-9-4 ♠,"(2, 12, 9, 4, 4)",1,41,0.01514452,9107,0.015178,61.0981,47.8489,37.4942,29.351
discard1,"Deal 4, discard 1",4,10000000,21260929,Flush (See),Flush Q-9-4 ♥,"(2, 12, 9, 4, 3)",1,41,0.01514452,9090,0.01515,61.0407,47.7712,37.4433,29.4169
discard1,"Deal 4, discard 1",4,10000000,21260929,Flush (See),Flush Q-9-4 ♦,"(2, 12, 9, 4, 2)",1,41,0.01514452,9097,0.015162,60.7783,47.4189,36.9968,28.8337
discard1,"Deal 4, discard 1",4,10000000,21260929,Flush (See),Flush Q-9-4 ♣,"(2, 12, 9, 4, 1)",1,41,0.01514452,9116,0.015193,60.3499,46.9109,36.5358,28.5213
discard1,"Deal 4, discard 1",4,10000000,21260929,Flush (See),Flush Q-9-3 ♠,"(2, 12, 9, 3, 4)",1,40,0.01477514,8758,0.014597,60.6189,47.2608,36.892,28.865
discard1,"Deal 4, discard 1",4,10000000,21260929,Flush (See),Flush Q-9-3 ♥,"(2, 12, 9, 3, 3)",1,40,0.01477514,8913,0.014855,60.9301,47.6147,37.2377,29.1933
discard1,"Deal 4, discard 1",4,10000000,21260929,Flush (See),Flush Q-9-3 ♦,"(2, 12, 9, 3, 2)",1,40,0.01477514,8840,0.014733,61.2342,47.8541,37.3054,28.9819
discard1,"Deal 4, discard 1",4,10000000,21260929,Flush (See),Flush Q-9-3 ♣,"(2, 12, 9, 3, 1)",1,40,0.01477514,8867,0.014778,60.7894,47.5764,37.3407,29.4124
discard1,"Deal 4, discard 1",4,10000000,21260929,Flush (See),Flush Q-9-2 ♠,"(2, 12, 9, 2, 4)",1,39,0.01440576,8616,0.01436,60.0905,46.6017,36.1699,28.0989
discard1,"Deal 4, discard 1",4,10000000,21260929,Flush (See),Flush Q-9-2 ♥,"(2, 12, 9, 2, 3)",1,39,0.01440576,8623,0.014372,60.4024,46.9918,36.5534,28.3776
discard1,"Deal 4, discard 1",4,10000000,21260929,Flush (See),Flush Q-9-2 ♦,"(2, 12, 9, 2, 2)",1,39,0.01440576,8639,0.014398,60.0729,46.5413,36.0412,27.8967
discard1,"Deal 4, discard 1",4,10000000,21260929,Flush (See),Flush Q-9-2 ♣,"(2, 12, 9, 2, 1)",1,39,0.01440576,8605,0.014342,60.6275,47.2748,36.8948,28.8205
discard1,"Deal 4, discard 1",4,10000000,21260929,Flush (See),Flush Q-8-7 ♠,"(2, 12, 8, 7, 4)",1,37,0.01366701,8087,0.013478,60.3475,46.9284,36.4635,28.2552
discard1,"Deal 4, discard 1",4,10000000,21260929,Flush (See),Flush Q-8-7 ♥,"(2, 12, 8, 7, 3)",1,37,0.01366701,8228,0.013713,60.5372,47.1014,36.6602,28.5732
discard1,"Deal 4, discard 1",4,10000000,21260929,Flush (See),Flush Q-8-7 ♦,"(2, 12, 8, 7, 2)",1,37,0.01366701,8290,0.013817,60.4355,46.8733,36.3185,28.1423
discard1,"Deal 4, discard 1",4,10000000,21260929,Flush (See),Flush Q-8-7 ♣,"(2, 12, 8, 7, 1)",1,37,0.01366701,8119,0.013532,60.3917,46.8481,36.3419,28.2547
discard1,"Deal 4, discard 1",4,10000000,21260929,Flush (See),Flush Q-8-6 ♠,"(2, 12, 8, 6, 4)",1,40,0.01477514,8967,0.014945,60.5141,47.0994,36.6499,28.4934
discard1,"Deal 4, discard 1",4,10000000,21260929,Flush (See),Flush Q-8-6 ♥,"(2, 12, 8, 6, 3)",1,40,0.01477514,8935,0.014892,60.3984,47.089,36.8461,28.9759
discard1,"Deal 4, discard 1",4,10000000,21260929,Flush (See),Flush Q-8-6 ♦,"(2, 12, 8, 6, 2)",1,40,0.01477514,8817,0.014695,60.1474,46.7427,36.4047,28.4337
discard1,"Deal 4, discard 1",4,10000000,21260929,Flush (See),Flush Q-8-6 ♣,"(2, 12, 8, 6, 1)",1,40,0.01477514,8813,0.014688,59.537,45.8607,35.2615,27.0509
discard1,"Deal 4, discard 1",4,10000000,21260929,Flush (See),Flush Q-8-5 ♠,"(2, 12, 8, 5, 4)",1,42,0.0155139,9167,0.015278,59.9018,46.4296,36.0183,27.959
discard1,"Deal 4, discard 1",4,10000000,21260929,Flush (See),Flush Q-8-5 ♥,"(2, 12, 8, 5, 3)",1,42,0.0155139,9149,0.015248,60.6656,47.1625,36.6182,28.3856
discard1,"Deal 4, discard 1",4,10000000,21260929,Flush (See),Flush Q-8-5 ♦,"(2, 12, 8, 5, 2)",1,42,0.0155139,9399,0.015665,60.4352,47.0252,36.6209,28.5456
discard1,"Deal 4, discard 1",4,10000000,21260929,Flush (See),Flush Q-8-5 ♣,"(2, 12, 8, 5, 1)",1,42,0.0155139,9338,0.015563,59.9261,46.2979,35.6886,27.447
discard1,"Deal 4, discard 1",4,10000000,21260929,Flush (See),Flush Q-8-4 ♠,"(2, 12, 8, 4, 4)",1,41,0.01514452,9156,0.01526,60.3025,46.8087,36.3346,28.2329
discard1,"Deal 4, discard 1",4,10000000,21260929,Flush (See),Flush Q-8-4 ♥,"(2, 12, 8, 4, 3)",1,41,0.01514452,9180,0.0153,60.4314,46.8845,36.281,27.9521
discard1,"Deal 4, discard 1",4,10000000,21260929,Flush (See),Flush Q-8-4 ♦,"(2, 12, 8, 4, 2)",1,41,0.01514452,9117,0.015195,59.9594,46.4692,36.025,27.9368
discard1,"Deal 4, discard 1",4,10000000,21260929,Flush (See),Flush Q-8-4 ♣,"(2, 12, 8, 4, 1)",1,41,0.01514452,9285,0.015475,61.2978,48.0646,37.706,29.5854
discard1,"Deal 4, discard 1",4,10000000,21260929,Flush (See),Flush Q-8-3 ♠,"(2, 12, 8, 3, 4)",1,40,0.01477514,8920,0.014867,60.2029,46.6917,36.222,28.0942
discard1,"Deal 4, discard 1",4,10000000,21260929,Flush (See),Flush Q-8-3 ♥,"(2, 12, 8, 3, 3)",1,40,0.01477514,8780,0.014633,59.9966,46.426,35.9134,27.7904
discard1,"Deal 4, discard 1",4,10000000,21260929,Flush (See),Flush Q-8-3 ♦,"(2, 12, 8, 3, 2)",1,40,0.01477514,8834,0.014723,59.5789,45.9746,35.4834,27.3942
discard1,"Deal 4, discard 1",4,10000000,21260929,Flush (See),Flush Q-8-3 ♣,"(2, 12, 8, 3, 1)",1,40,0.01477514,8689,0.014482,60.0506,46.5117,36.0249,27.9319
discard1,"Deal 4, discard 1",4,10000000,21260929,Flush (See),Flush Q-8-2 ♠,"(2, 12, 8, 2, 4)",1,39,0.01440576,8664,0.01444,59.3363,45.7052,35.1916,27.066
discard1,"Deal 4, discard 1",4,10000000,21260929,Flush (See),Flush Q-8-2 ♥,"(2, 12, 8, 2, 3)",1,39,0.01440576,8710,0.014517,59.4948,45.7865,35.1527,26.8886
discard1,"Deal 4, discard 1",4,10000000,21260929,Flush (See),Flush Q-8-2 ♦,"(2, 12, 8, 2, 2)",1,39,0.01440576,8665,0.014442,59.7046,46.1454,35.6584,27.5245
discard1,"Deal 4, discard 1",4,10000000,21260929,Flush (See),Flush Q-8-2 ♣,"(2, 12, 8, 2, 1)",1,39,0.01440576,8635,0.014392,59.6109,45.9085,35.2727,27.0295
discard1,"Deal 4, discard 1",4,10000000,21260929,Flush (See),Flush Q-7-6 ♠,"(2, 12, 7, 6, 4)",1,36,0.01329763,8019,0.013365,59.9564,46.3512,35.78,27.5471
discard1,"Deal 4, discard 1",4,10000000,21260929,Flush (See),Flush Q-7-6 ♥,"(2, 12, 7, 6, 3)",1,36,0.01329763,7917,0.013195,60.0695,46.5618,36.0995,27.9904
discard1,"Deal 4, discard 1",4,10000000,21260929,Flush (See),Flush Q-7-6 ♦,"(2, 12, 7, 6, 2)",1,36,0.01329763,7992,0.01332,59.6459,46.0711,35.5856,27.4525
discard1,"Deal 4, discard 1",4,10000000,21260929,Flush (See),Flush Q-7-6 ♣,"(2, 12, 7, 6, 1)",1,36,0.01329763,7943,0.013238,59.0797,45.4778,35.0548,27.0301
discard1,"Deal 4, discard 1",4,10000000,21260929,Flush (See),Flush Q-7-5 ♠,"(2, 12, 7, 5, 4)",1,39,0.01440576,8659,0.014432,59.4745,45.8944,35.4429,27.3935
discard1,"Deal 4, discard 1",4,10000000,21260929,Flush (See),Flush Q-7-5 ♥,"(2, 12, 7, 5, 3)",1,39,0.01440576,8677,0.014462,59.4215,45.7773,35.2841,27.2329
discard1,"Deal 4, discard 1",4,10000000,21260929,Flush (See),Flush Q-7-5 ♦,"(2, 12, 7, 5, 2)",1,39,0.01440576,8669,0.014448,59.7831,46.0884,35.462,27.2465
discard1,"Deal 4, discard 1",4,10000000,21260929,Flush (See),Flush Q-7-5 ♣,"(2, 12, 7, 5, 1)",1,39,0.01440576,8645,0.014408,60.0312,46.5529,36.1226,28.0393
discard1,"Deal 4, discard 1",4,10000000,21260929,Flush (See),Flush Q-7-4 ♠,"(2, 12, 7, 4, 4)",1,41,0.01514452,9066,0.01511,60.2261,46.7913,36.3181,28.094
discard1,"Deal 4, discard 1",4,10000000,21260929,Flush (See),Flush Q-7-4 ♥,"(2, 12, 7, 4, 3)",1,41,0.01514452,9136,0.015227,59.8391,46.2555,35.775,27.7145
discard1,"Deal 4, discard 1",4,10000000,21260929,Flush (See),Flush Q-7-4 ♦,"(2, 12, 7, 4, 2)",1,41,0.01514452,9081,0.015135,59.5485,45.919,35.3529,27.1336
discard1,"Deal 4, discard 1",4,10000000,21260929,Flush (See),Flush Q-7-4 ♣,"(2, 12, 7, 4, 1)",1,41,0.01514452,9226,0.015377,59.8298,46.331,35.9051,27.8344
discard1,"Deal 4, discard 1",4,10000000,21260929,Flush (See),Flush Q-7-3 ♠,"(2, 12, 7, 3, 4)",1,40,0.01477514,9005,0.015008,59.9089,46.3609,35.9356,27.9622
discard1,"Deal 4, discard 1",4,10000000,21260929,Flush (See),Flush Q-7-3 ♥,"(2, 12, 7, 3, 3)",1,40,0.01477514,8829,0.014715,59.5368,45.9701,35.5035,27.3983
discard1,"Deal 4, discard 1",4,10000000,21260929,Flush (See),Flush Q-7-3 ♦,"(2, 12, 7, 3, 2)",1,40,0.01477514,8783,0.014638,59.8133,46.2894,35.8602,27.8493
discard1,"Deal 4, discard 1",4,10000000,21260929,Flush (See),Flush Q-7-3 ♣,"(2, 12, 7, 3, 1)",1,40,0.01477514,8939,0.014898,59.4183,45.8888,35.5118,27.5646
discard1,"Deal 4, discard 1",4,10000000,21260929,Flush (See),Flush Q-7-2 ♠,"(2, 12, 7, 2, 4)",1,39,0.01440576,8595,0.014325,59.4636,45.8767,35.3647,27.2135
discard1,"Deal 4, discard 1",4,10000000,21260929,Flush (See),Flush Q-7-2 ♥,"(2, 12, 7, 2, 3)",1,39,0.01440576,8637,0.014395,59.1247,45.2553,34.5212,26.236
discard1,"Deal 4, discard 1",4,10000000,21260929,Flush (See),Flush Q-7-2 ♦,"(2, 12, 7, 2, 2)",1,39,0.01440576,8774,0.014623,59.853,46.3278,35.9152,27.9234
discard1,"Deal 4, discard 1",4,10000000,21260929,Flush (See),Flush Q-7-2 ♣,"(2, 12, 7, 2, 1)",1,39,0.01440576,8549,0.014248,58.9285,44.9819,34.1771,25.851
discard1,"Deal 4, discard 1",4,10000000,21260929,Flush (See),Flush Q-6-5 ♠,"(2, 12, 6, 5, 4)",1,35,0.01292825,7690,0.012817,59.8401,46.3147,35.8466,27.7373
discard1,"Deal 4, discard 1",4,10000000,21260929,Flush (See),Flush Q-6-5 ♥,"(2, 12, 6, 5, 3)",1,35,0.01292825,7710,0.01285,59.6083,45.9014,35.2607,27.0298
discard1,"Deal 4, discard 1",4,10000000,21260929,Flush (See),Flush Q-6-5 ♦,"(2, 12, 6, 5, 2)",1,35,0.01292825,7763,0.012938,59.6612,46.0904,35.6228,27.5795
discard1,"Deal 4, discard 1",4,10000000,21260929,Flush (See),Flush Q-6-5 ♣,"(2, 12, 6, 5, 1)",1,35,0.01292825,7733,0.012888,58.9616,45.1287,34.4213,26.1477
discard1,"Deal 4, discard 1",4,10000000,21260929,Flush (See),Flush Q-6-4 ♠,"(2, 12, 6, 4, 4)",1,38,0.01403638,8503,0.014172,59.3214,45.6392,35.11,27.061
discard1,"Deal 4, discard 1",4,10000000,21260929,Flush (See),Flush Q-6-4 ♥,"(2, 12, 6, 4, 3)",1,38,0.01403638,8514,0.01419,59.8203,46.2485,35.7435,27.6016
discard1,"Deal 4, discard 1",4,10000000,21260929,Flush (See),Flush Q-6-4 ♦,"(2, 12, 6, 4, 2)",1,38,0.01403638,8513,0.014188,59.6781,46.0695,35.5409,27.3817
discard1,"Deal 4, discard 1",4,10000000,21260929,Flush (See),Flush Q-6-4 ♣,"(2, 12, 6, 4, 1)",1,38,0.01403638,8420,0.014033,59.209,45.6306,35.1781,27.1021
discard1,"Deal 4, discard 1",4,10000000,21260929,Flush (See),Flush Q-6-3 ♠,"(2, 12, 6, 3, 4)",1,40,0.01477514,8772,0.01462,59.6295,45.7866,34.927,26.3908
discard1,"Deal 4, discard 1",4,10000000,21260929,Flush (See),Flush Q-6-3 ♥,"(2, 12, 6, 3, 3)",1,40,0.01477514,8741,0.014568,59.2003,45.4765,34.9434,26.9077
discard1,"Deal 4, discard 1",4,10000000,21260929,Flush (See),Flush Q-6-3 ♦,"(2, 12, 6, 3, 2)",1,40,0.01477514,8948,0.014913,59.6111,45.9142,35.2436,26.9222
discard1,"Deal 4, discard 1",4,10000000,21260929,Flush (See),Flush Q-6-3 ♣,"(2, 12, 6, 3, 1)",1,40,0.01477514,8925,0.014875,59.7725,46.1692,35.5989,27.3838
discard1,"Deal 4, discard 1",4,10000000,21260929,Flush (See),Flush Q-6-2 ♠,"(2, 12, 6, 2, 4)",1,39,0.01440576,8747,0.014578,59.2283,45.6282,35.1549,27.0607
discard1,"Deal 4, discard 1",4,10000000,21260929,Flush (See),Flush Q-6-2 ♥,"(2, 12, 6, 2, 3)",1,39,0.01440576,8754,0.01459,59.0267,45.4638,35.1245,27.2561
discard1,"Deal 4, discard 1",4,10000000,21260929,Flush (See),Flush Q-6-2 ♦,"(2, 12, 6, 2, 2)",1,39,0.01440576,8625,0.014375,58.9519,45.2696,34.7757,26.7362
discard1,"Deal 4, discard 1",4,10000000,21260929,Flush (See),Flush Q-6-2 ♣,"(2, 12, 6, 2, 1)",1,39,0.01440576,8624,0.014373,58.7628,45.109,34.6614,26.6466
discard1,"Deal 4, discard 1",4,10000000,21260929,Flush (See),Flush Q-5-4 ♠,"(2, 12, 5, 4, 4)",1,34,0.01255887,7428,0.01238,58.919,45.276,34.8331,26.8309
discard1,"Deal 4, discard 1",4,10000000,21260929,Flush (See),Flush Q-5-4 ♥,"(2, 12, 5, 4, 3)",1,34,0.01255887,7650,0.01275,58.4719,44.5856,33.8928,25.6732
discard1,"Deal 4, discard 1",4,10000000,21260929,Flush (See),Flush Q-5-4 ♦,"(2, 12, 5, 4, 2)",1,34,0.01255887,7527,0.012545,59.4712,45.8762,35.4085,27.3416
discard1,"Deal 4, discard 1",4,10000000,21260929,Flush (See),Flush Q-5-4 ♣,"(2, 12, 5, 4, 1)",1,34,0.01255887,7565,0.012608,59.6352,46.0251,35.5083,27.3761
discard1,"Deal 4, discard 1",4,10000000,21260929,Flush (See),Flush Q-5-3 ♠,"(2, 12, 5, 3, 4)",1,37,0.01366701,8177,0.013628,59.1427,45.4421,34.8661,26.6846
discard1,"Deal 4, discard 1",4,10000000,21260929,Flush (See),Flush Q-5-3 ♥,"(2, 12, 5, 3, 3)",1,37,0.01366701,8194,0.013657,59.3007,45.6749,35.216,27.2028
discard1,"Deal 4, discard 1",4,10000000,21260929,Flush (See),Flush Q-5-3 ♦,"(2, 12, 5, 3, 2)",1,37,0.01366701,8219,0.013698,59.3479,45.7075,35.1576,27.0106
discard1,"Deal 4, discard 1",4,10000000,21260929,Flush (See),Flush Q-5-3 ♣,"(2, 12, 5, 3, 1)",1,37,0.01366701,8284,0.013807,59.7767,46.1939,35.6736,27.535
discard1,"Deal 4, discard 1",4,10000000,21260929,Flush (See),Flush Q-5-2 ♠,"(2, 12, 5, 2, 4)",1,39,0.01440576,8525,0.014208,58.5548,44.8235,34.3765,26.4516
discard1,"Deal 4, discard 1",4,10000000,21260929,Flush (See),Flush Q-5-2 ♥,"(2, 12, 5, 2, 3)",1,39,0.01440576,8714,0.014523,59.0337,45.2823,34.712,26.6123
discard1,"Deal 4, discard 1",4,10000000,21260929,Flush (See),Flush Q-5-2 ♦,"(2, 12, 5, 2, 2)",1,39,0.01440576,8733,0.014555,58.8206,45.0956,34.5334,26.3598
discard1,"Deal 4, discard 1",4,10000000,21260929,Flush (See),Flush Q-5-2 ♣,"(2, 12, 5, 2, 1)",1,39,0.01440576,8673,0.014455,58.9658,45.2923,34.7861,26.7036
discard1,"Deal 4, discard 1",4,10000000,21260929,Flush (See),Flush Q-4-3 ♠,"(2, 12, 4, 3, 4)",1,33,0.01218949,7307,0.012178,59.4676,45.7931,35.2402,27.0973
discard1,"Deal 4, discard 1",4,10000000,21260929,Flush (See),Flush Q-4-3 ♥,"(2, 12, 4, 3, 3)",1,33,0.01218949,7269,0.012115,59.0783,45.3708,34.8108,26.6474
discard1,"Deal 4, discard 1",4,10000000,21260929,Flush (See),Flush Q-4-3 ♦,"(2, 12, 4, 3, 2)",1,33,0.01218949,7300,0.012167,58.5822,44.911,34.4575,26.4384
discard1,"Deal 4, discard 1",4,10000000,21260929,Flush (See),Flush Q-4-3 ♣,"(2, 12, 4, 3, 1)",1,33,0.01218949,7346,0.012243,59.1791,45.7596,35.5432,27.7838
discard1,"Deal 4, discard 1",4,10000000,21260929,Flush (See),Flush Q-4-2 ♠,"(2, 12, 4, 2, 4)",1,36,0.01329763,8035,0.013392,58.6758,44.9085,34.2999,26.0983
discard1,"Deal 4, discard 1",4,10000000,21260929,Flush (See),Flush Q-4-2 ♥,"(2, 12, 4, 2, 3)",1,36,0.01329763,8040,0.0134,58.1567,44.2562,33.6791,25.6716
discard1,"Deal 4, discard 1",4,10000000,21260929,Flush (See),Flush Q-4-2 ♦,"(2, 12, 4, 2, 2)",1,36,0.01329763,7932,0.01322,58.6876,44.9697,34.5108,26.5759
discard1,"Deal 4, discard 1",4,10000000,21260929,Flush (See),Flush Q-4-2 ♣,"(2, 12, 4, 2, 1)",1,36,0.01329763,7864,0.013107,58.1879,44.1887,33.3952,25.0763
discard1,"Deal 4, discard 1",4,10000000,21260929,Flush (See),Flush Q-3-2 ♠,"(2, 12, 3, 2, 4)",1,33,0.01218949,7497,0.012495,58.7728,45.1007,34.5898,26.4639
discard1,"Deal 4, discard 1",4,10000000,21260929,Flush (See),Flush Q-3-2 ♥,"(2, 12, 3, 2, 3)",1,33,0.01218949,7354,0.012257,59.074,45.2502,34.5635,26.2986
discard1,"Deal 4, discard 1",4,10000000,21260929,Flush (See),Flush Q-3-2 ♦,"(2, 12, 3, 2, 2)",1,33,0.01218949,7251,0.012085,59.0498,45.4103,34.9717,26.9618
discard1,"Deal 4, discard 1",4,10000000,21260929,Flush (See),Flush Q-3-2 ♣,"(2, 12, 3, 2, 1)",1,33,0.01218949,7261,0.012102,59.1282,45.5337,35.0475,26.9384
discard1,"Deal 4, discard 1",4,10000000,21260929,Flush (See),Flush J-10-8 ♠,"(2, 11, 10, 8, 4)",1,39,0.01440576,8669,0.014448,58.3504,44.4238,33.794,25.7008
discard1,"Deal 4, discard 1",4,10000000,21260929,Flush (See),Flush J-10-8 ♥,"(2, 11, 10, 8, 3)",1,39,0.01440576,8687,0.014478,57.6194,43.8034,33.3188,25.3482
discard1,"Deal 4, discard 1",4,10000000,21260929,Flush (See),Flush J-10-8 ♦,"(2, 11, 10, 8, 2)",1,39,0.01440576,8502,0.01417,58.1945,44.3849,33.8462,25.7939
discard1,"Deal 4, discard 1",4,10000000,21260929,Flush (See),Flush J-10-8 ♣,"(2, 11, 10, 8, 1)",1,39,0.01440576,8630,0.014383,58.0023,44.0684,33.4415,25.3302
discard1,"Deal 4, discard 1",4,10000000,21260929,Flush (See),Flush J-10-7 ♠,"(2, 11, 10, 7, 4)",1,38,0.01403638,8266,0.013777,57.6518,43.8422,33.385,25.4779
discard1,"Deal 4, discard 1",4,10000000,21260929,Flush (See),Flush J-10-7 ♥,"(2, 11, 10, 7, 3)",1,38,0.01403638,8428,0.014047,57.4347,43.575,33.0921,25.1424
discard1,"Deal 4, discard 1",4,10000000,21260929,Flush (See),Flush J-10-7 ♦,"(2, 11, 10, 7, 2)",1,38,0.01403638,8556,0.01426,58.2013,44.453,33.9598,25.9233
discard1,"Deal 4, discard 1",4,10000000,21260929,Flush (See),Flush J-10-7 ♣,"(2, 11, 10, 7, 1)",1,38,0.01403638,8329,0.013882,57.7752,43.8876,33.2981,25.1651
discard1,"Deal 4, discard 1",4,10000000,21260929,Flush (See),Flush J-10-6 ♠,"(2, 11, 10, 6, 4)",1,37,0.01366701,8323,0.013872,57.9539,44.0046,33.375,25.2914
discard1,"Deal 4, discard 1",4,10000000,21260929,Flush (See),Flush J-10-6 ♥,"(2, 11, 10, 6, 3)",1,37,0.01366701,8270,0.013783,57.9927,44.2007,33.6977,25.6953
discard1,"Deal 4, discard 1",4,10000000,21260929,Flush (See),Flush J-10-6 ♦,"(2, 11, 10, 6, 2)",1,37,0.01366701,8194,0.013657,57.7459,43.7271,33.0461,24.9451
discard1,"Deal 4, discard 1",4,10000000,21260929,Flush (See),Flush J-10-6 ♣,"(2, 11, 10, 6, 1)",1,37,0.01366701,8281,0.013802,57.9858,44.1589,33.6215,25.5525
discard1,"Deal 4, discard 1",4,10000000,21260929,Flush (See),Flush J-10-5 ♠,"(2, 11, 10, 5, 4)",1,36,0.01329763,7967,0.013278,57.8938,44.0731,33.5258,25.4676
discard1,"Deal 4, discard 1",4,10000000,21260929,Flush (See),Flush J-10-5 ♥,"(2, 11, 10, 5, 3)",1,36,0.01329763,8037,0.013395,58.2008,44.5191,34.1371,26.2536
discard1,"Deal 4, discard 1",4,10000000,21260929,Flush (See),Flush J-10-5 ♦,"(2, 11, 10, 5, 2)",1,36,0.01329763,7919,0.013198,58.3458,44.6029,34.1179,26.127
discard1,"Deal 4, discard 1",4,10000000,21260929,Flush (See),Flush J-10-5 ♣,"(2, 11, 10, 5, 1)",1,36,0.01329763,7961,0.013268,58.0605,44.1615,33.536,25.4239
discard1,"Deal 4, discard 1",4,10000000,21260929,Flush (See),Flush J-10-4 ♠,"(2, 11, 10, 4, 4)",1,35,0.01292825,7715,0.012858,57.7745,43.8691,33.278,25.2366
discard1,"Deal 4, discard 1",4,10000000,21260929,Flush (See),Flush J-10-4 ♥,"(2, 11, 10, 4, 3)",1,35,0.01292825,7941,0.013235,57.5696,43.5739,32.9127,24.808
discard1,"Deal 4, discard 1",4,10000000,21260929,Flush (See),Flush J-10-4 ♦,"(2, 11, 10, 4, 2)",1,35,0.01292825,7701,0.012835,57.7016,43.8125,33.1801,24.9968
discard1,"Deal 4, discard 1",4,10000000,21260929,Flush (See),Flush J-10-4 ♣,"(2, 11, 10, 4, 1)",1,35,0.01292825,7775,0.012958,57.9537,44.2598,33.8547,25.9164
discard1,"Deal 4, discard 1",4,10000000,21260929,Flush (See),Flush J-10-3 ♠,"(2, 11, 10, 3, 4)",1,34,0.01255887,7614,0.01269,57.674,43.8272,33.3307,25.3874
discard1,"Deal 4, discard 1",4,10000000,21260929,Flush (See),Flush J-10-3 ♥,"(2, 11, 10, 3, 3)",1,34,0.01255887,7362,0.01227,58.1201,44.5409,34.3494,26.7454
discard1,"Deal 4, discard 1",4,10000000,21260929,Flush (See),Flush J-10-3 ♦,"(2, 11, 10, 3, 2)",1,34,0.01255887,7684,0.012807,57.5846,43.7936,33.4279,25.6767
discard1,"Deal 4, discard 1",4,10000000,21260929,Flush (See),Flush J-10-3 ♣,"(2, 11, 10, 3, 1)",1,34,0.01255887,7509,0.012515,58.318,44.7596,34.476,26.688
discard1,"Deal 4, discard 1",4,10000000,21260929,Flush (See),Flush J-10-2 ♠,"(2, 11, 10, 2, 4)",1,33,0.01218949,7479,0.012465,57.3058,43.4002,32.868,24.883
discard1,"Deal 4, discard 1",4,10000000,21260929,Flush (See),Flush J-10-2 ♥,"(2, 11, 10, 2, 3)",1,33,0.01218949,7422,0.01237,57.4643,43.6163,33.1124,25.1011
discard1,"Deal 4, discard 1",4,10000000,21260929,Flush (See),Flush J-10-2 ♦,"(2, 11, 10, 2, 2)",1,33,0.01218949,7281,0.012135,57.0457,43.1191,32.6191,24.6807
discard1,"Deal 4, discard 1",4,10000000,21260929,Flush (See),Flush J-10-2 ♣,"(2, 11, 10, 2, 1)",1,33,0.01218949,7296,0.01216,57.892,43.9666,33.3279,25.1919
discard1,"Deal 4, discard 1",4,10000000,21260929,Flush (See),Flush J-9-8 ♠,"(2, 11, 9, 8, 4)",1,38,0.01403638,8501,0.014168,57.5379,43.7478,33.3208,25.4323
discard1,"Deal 4, discard 1",4,10000000,21260929,Flush (See),Flush J-9-8 ♥,"(2, 11, 9, 8, 3)",1,38,0.01403638,8358,0.01393,57.7219,43.8777,33.3573,25.353
discard1,"Deal 4, discard 1",4,10000000,21260929,Flush (See),Flush J-9-8 ♦,"(2, 11, 9, 8, 2)",1,38,0.01403638,8450,0.014083,57.5787,43.6071,32.9444,24.7929
discard1,"Deal 4, discard 1",4,10000000,21260929,Flush (See),Flush J-9-8 ♣,"(2, 11, 9, 8, 1)",1,38,0.01403638,8470,0.014117,57.3813,43.3306,32.6541,24.6045
discard1,"Deal 4, discard 1",4,10000000,21260929,Flush (See),Flush J-9-7 ♠,"(2, 11, 9, 7, 4)",1,38,0.01403638,8430,0.01405,57.6311,43.7782,33.255,25.255
discard1,"Deal 4, discard 1",4,10000000,21260929,Flush (See),Flush J-9-7 ♥,"(2, 11, 9, 7, 3)",1,38,0.01403638,8484,0.01414,57.6214,43.7671,33.2485,25.2475
discard1,"Deal 4, discard 1",4,10000000,21260929,Flush (See),Flush J-9-7 ♦,"(2, 11, 9, 7, 2)",1,38,0.01403638,8396,0.013993,57.6906,43.8995,33.516,25.7265
discard1,"Deal 4, discard 1",4,10000000,21260929,Flush (See),Flush J-9-7 ♣,"(2, 11, 9, 7, 1)",1,38,0.01403638,8400,0.014,58.0583,44.3119,33.8238,25.7619
discard1,"Deal 4, discard 1",4,10000000,21260929,Flush (See),Flush J-9-6 ♠,"(2, 11, 9, 6, 4)",1,40,0.01477514,8764,0.014607,57.6985,43.7882,33.1561,25.0
discard1,"Deal 4, discard 1",4,10000000,21260929,Flush (See),Flush J-9-6 ♥,"(2, 11, 9, 6, 3)",1,40,0.01477514,8765,0.014608,57.344,43.425,32.8945,24.9629
discard1,"Deal 4, discard 1",4,10000000,21260929,Flush (See),Flush J-9-6 ♦,"(2, 11, 9, 6, 2)",1,40,0.01477514,8809,0.014682,57.7478,43.9414,33.4544,25.4399
discard1,"Deal 4, discard 1",4,10000000,21260929,Flush (See),Flush J-9-6 ♣,"(2, 11, 9, 6, 1)",1,40,0.01477514,8881,0.014802,57.3584,43.405,32.8454,24.9071
discard1,"Deal 4, discard 1",4,10000000,21260929,Flush (See),Flush J-9-5 ♠,"(2, 11, 9, 5, 4)",1,39,0.01440576,8697,0.014495,57.0772,43.0045,32.3307,24.2497
discard1,"Deal 4, discard 1",4,10000000,21260929,Flush (See),Flush J-9-5 ♥,"(2, 11, 9, 5, 3)",1,39,0.01440576,8643,0.014405,57.8457,43.8899,33.2385,25.0839
discard1,"Deal 4, discard 1",4,10000000,21260929,Flush (See),Flush J-9-5 ♦,"(2, 11, 9, 5, 2)",1,39,0.01440576,8672,0.014453,57.7445,43.8745,33.3741,25.4613
discard1,"Deal 4, discard 1",4,10000000,21260929,Flush (See),Flush J-9-5 ♣,"(2, 11, 9, 5, 1)",1,39,0.01440576,8697,0.014495,57.7739,43.8703,33.2574,25.1466
discard1,"Deal 4, discard 1",4,10000000,21260929,Flush (See),Flush J-9-4 ♠,"(2, 11, 9, 4, 4)",1,38,0.01403638,8338,0.013897,57.2164,43.237,32.6553,24.6462
discard1,"Deal 4, discard 1",4,10000000,21260929,Flush (See),Flush J-9-4 ♥,"(2, 11, 9, 4, 3)",1,38,0.01403638,8440,0.014067,57.4384,43.4905,32.9052,24.8934
discard1,"Deal 4, discard 1",4,10000000,21260929,Flush (See),Flush J-9-4 ♦,"(2, 11, 9, 4, 2)",1,38,0.01403638,8274,0.01379,56.9217,42.9526,32.4148,24.4743
discard1,"Deal 4, discard 1",4,10000000,21260929,Flush (See),Flush J-9-4 ♣,"(2, 11, 9, 4, 1)",1,38,0.01403638,8297,0.013828,57.5642,43.7435,33.2916,25.3586
discard1,"Deal 4, discard 1",4,10000000,21260929,Flush (See),Flush J-9-3 ♠,"(2, 11, 9, 3, 4)",1,37,0.01366701,8096,0.013493,57.2826,43.2386,32.5815,24.5183
discard1,"Deal 4, discard 1",4,10000000,21260929,Flush (See),Flush J-9-3 ♥,"(2, 11, 9, 3, 3)",1,37,0.01366701,8342,0.013903,57.4994,43.5243,32.8842,24.7902
discard1,"Deal 4, discard 1",4,10000000,21260929,Flush (See),Flush J-9-3 ♦,"(2, 11, 9, 3, 2)",1,37,0.01366701,8261,0.013768,56.8285,42.8374,32.2406,24.198
discard1,"Deal 4, discard 1",4,10000000,21260929,Flush (See),Flush J-9-3 ♣,"(2, 11, 9, 3, 1)",1,37,0.01366701,8223,0.013705,57.2005,43.3151,32.8396,24.9058
discard1,"Deal 4, discard 1",4,10000000,21260929,Flush (See),Flush J-9-2 ♠,"(2, 11, 9, 2, 4)",1,36,0.01329763,8226,0.01371,57.6234,43.8524,33.4719,25.6504
discard1,"Deal 4, discard 1",4,10000000,21260929,Flush (See),Flush J-9-2 ♥,"(2, 11, 9, 2, 3)",1,36,0.01329763,7866,0.01311,56.8091,42.7193,32.0264,23.8876
discard1,"Deal 4, discard 1",4,10000000,21260929,Flush (See),Flush J-9-2 ♦,"(2, 11, 9, 2, 2)",1,36,0.01329763,7851,0.013085,57.2908,43.313,32.7092,24.672
discard1,"Deal 4, discard 1",4,10000000,21260929,Flush (See),Flush J-9-2 ♣,"(2, 11, 9, 2, 1)",1,36,0.01329763,7777,0.012962,57.6431,43.9707,33.6685,25.8969
discard1,"Deal 4, discard 1",4,10000000,21260929,Flush (See),Flush J-8-7 ♠,"(2, 11, 8, 7, 4)",1,37,0.01366701,8365,0.013942,57.2313,43.1417,32.4088,24.208
discard1,"Deal 4, discard 1",4,10000000,21260929,Flush (See),Flush J-8-7 ♥,"(2, 11, 8, 7, 3)",1,37,0.01366701,8068,0.013447,57.5136,43.5957,33.0144,24.9504
discard1,"Deal 4, discard 1",4,10000000,21260929,Flush (See),Flush J-8-7 ♦,"(2, 11, 8, 7, 2)",1,37,0.01366701,8198,0.013663,57.1212,43.18,32.6519,24.7011
discard1,"Deal 4, discard 1",4,10000000,21260929,Flush (See),Flush J-8-7 ♣,"(2, 11, 8, 7, 1)",1,37,0.01366701,8293,0.013822,56.7696,42.8892,32.4732,24.6594
discard1,"Deal 4, discard 1",4,10000000,21260929,Flush (See),Flush J-8-6 ♠,"(2, 11, 8, 6, 4)",1,40,0.01477514,9018,0.01503,56.8208,42.8354,32.2732,24.2737
discard1,"Deal 4, discard 1",4,10000000,21260929,Flush (See),Flush J-8-6 ♥,"(2, 11, 8, 6, 3)",1,40,0.01477514,8979,0.014965,57.0899,43.2331,32.7943,24.9471
discard1,"Deal 4, discard 1",4,10000000,21260929,Flush (See),Flush J-8-6 ♦,"(2, 11, 8, 6, 2)",1,40,0.01477514,8795,0.014658,57.3144,43.4463,32.946,24.9801
discard1,"Deal 4, discard 1",4,10000000,21260929,Flush (See),Flush J-8-6 ♣,"(2, 11, 8, 6, 1)",1,40,0.01477514,8919,0.014865,57.1813,43.2156,32.6449,24.6889
discard1,"Deal 4, discard 1",4,10000000,21260929,Flush (See),Flush J-8-5 ♠,"(2, 11, 8, 5, 4)",1,42,0.0155139,9180,0.0153,58.098,44.4444,34.0458,26.0784
discard1,"Deal 4, discard 1",4,10000000,21260929,Flush (See),Flush J-8-5 ♥,"(2, 11, 8, 5, 3)",1,42,0.0155139,9324,0.01554,56.834,42.8121,32.2523,24.3136
discard1,"Deal 4, discard 1",4,10000000,21260929,Flush (See),Flush J-8-5 ♦,"(2, 11, 8, 5, 2)",1,42,0.0155139,9437,0.015728,57.2459,43.2796,32.699,24.6795
discard1,"Deal 4, discard 1",4,10000000,21260929,Flush (See),Flush J-8-5 ♣,"(2, 11, 8, 5, 1)",1,42,0.0155139,9242,0.015403,56.8394,42.9301,32.4562,24.5834
discard1,"Deal 4, discard 1",4,10000000,21260929,Flush (See),Flush J-8-4 ♠,"(2, 11, 8, 4, 4)",1,41,0.01514452,9022,0.015037,56.8621,42.8043,32.2146,24.2297
discard1,"Deal 4, discard 1",4,10000000,21260929,Flush (See),Flush J-8-4 ♥,"(2, 11, 8, 4, 3)",1,41,0.01514452,9218,0.015363,57.1447,43.1178,32.4908,24.463
discard1,"Deal 4, discard 1",4,10000000,21260929,Flush (See),Flush J-8-4 ♦,"(2, 11, 8, 4, 2)",1,41,0.01514452,9176,0.015293,57.6809,43.798,33.2912,25.3705
discard1,"Deal 4, discard 1",4,10000000,21260929,Flush (See),Flush J-8-4 ♣,"(2, 11, 8, 4, 1)",1,41,0.01514452,9099,0.015165,57.0744,43.0388,32.3772,24.2884
discard1,"Deal 4, discard 1",4,10000000,21260929,Flush (See),Flush J-8-3 ♠,"(2, 11, 8, 3, 4)",1,40,0.01477514,8828,0.014713,56.7648,42.8092,32.329,24.4563
discard1,"Deal 4, discard 1",4,10000000,21260929,Flush (See),Flush J-8-3 ♥,"(2, 11, 8, 3, 3)",1,40,0.01477514,8793,0.014655,56.4256,42.2507,31.5319,23.4505
discard1,"Deal 4, discard 1",4,10000000,21260929,Flush (See),Flush J-8-3 ♦,"(2, 11, 8, 3, 2)",1,40,0.01477514,8868,0.01478,57.0332,43.0187,32.4605,24.5038
discard1,"Deal 4, discard 1",4,10000000,21260929,Flush (See),Flush J-8-3 ♣,"(2, 11, 8, 3, 1)",1,40,0.01477514,8802,0.01467,56.9961,42.9652,32.3222,24.2104
discard1,"Deal 4, discard 1",4,10000000,21260929,Flush (See),Flush J-8-2 ♠,"(2, 11, 8, 2, 4)",1,39,0.01440576,8634,0.01439,56.9145,42.9117,32.3303,24.3572
discard1,"Deal 4, discard 1",4,10000000,21260929,Flush (See),Flush J-8-2 ♥,"(2, 11, 8, 2, 3)",1,39,0.01440576,8795,0.014658,56.996,43.1074,32.6413,24.7754
discard1,"Deal 4, discard 1",4,10000000,21260929,Flush (See),Flush J-8-2 ♦,"(2, 11, 8, 2, 2)",1,39,0.01440576,8637,0.014395,56.2927,42.1061,31.4206,23.3762
discard1,"Deal 4, discard 1",4,10000000,21260929,Flush (See),Flush J-8-2 ♣,"(2, 11, 8, 2, 1)",1,39,0.01440576,8593,0.014322,56.6903,42.6219,32.0633,24.1941
discard1,"Deal 4, discard 1",4,10000000,21260929,Flush (See),Flush J-7-6 ♠,"(2, 11, 7, 6, 4)",1,36,0.01329763,7763,0.012938,57.072,43.0903,32.5055,24.4751
discard1,"Deal 4, discard 1",4,10000000,21260929,Flush (See),Flush J-7-6 ♥,"(2, 11, 7, 6, 3)",1,36,0.01329763,8031,0.013385,57.0315,42.9623,32.3148,24.2809
discard1,"Deal 4, discard 1",4,10000000,21260929,Flush (See),Flush J-7-6 ♦,"(2, 11, 7, 6, 2)",1,36,0.01329763,8023,0.013372,56.257,42.1177,31.482,23.495
discard1,"Deal 4, discard 1",4,10000000,21260929,Flush (See),Flush J-7-6 ♣,"(2, 11, 7, 6, 1)",1,36,0.01329763,8033,0.013388,56.6376,42.7462,32.2719,24.3247
discard1,"Deal 4, discard 1",4,10000000,21260929,Flush (See),Flush J-7-5 ♠,"(2, 11, 7, 5, 4)",1,39,0.01440576,8591,0.014318,56.4614,42.3909,31.8659,24.0368
discard1,"Deal 4, discard 1",4,10000000,21260929,Flush (See),Flush J-7-5 ♥,"(2, 11, 7, 5, 3)",1,39,0.01440576,8775,0.014625,56.5368,42.7054,32.3692,24.6382
discard1,"Deal 4, discard 1",4,10000000,21260929,Flush (See),Flush J-7-5 ♦,"(2, 11, 7, 5, 2)",1,39,0.01440576,8639,0.014398,56.1732,41.9539,31.2351,23.1624
discard1,"Deal 4, discard 1",4,10000000,21260929,Flush (See),Flush J-7-5 ♣,"(2, 11, 7, 5, 1)",1,39,0.01440576,8561,0.014268,57.005,43.0183,32.5242,24.7284
discard1,"Deal 4, discard 1",4,10000000,21260929,Flush (See),Flush J-7-4 ♠,"(2, 11, 7, 4, 4)",1,41,0.01514452,9217,0.015362,56.3491,42.3294,31.7847,23.8364
discard1,"Deal 4, discard 1",4,10000000,21260929,Flush (See),Flush J-7-4 ♥,"(2, 11, 7, 4, 3)",1,41,0.01514452,9126,0.01521,56.6042,42.6277,32.0798,24.0631
discard1,"Deal 4, discard 1",4,10000000,21260929,Flush (See),Flush J-7-4 ♦,"(2, 11, 7, 4, 2)",1,41,0.01514452,8980,0.014967,57.1024,43.1203,32.5367,24.5434
discard1,"Deal 4, discard 1",4,10000000,21260929,Flush (See),Flush J-7-4 ♣,"(2, 11, 7, 4, 1)",1,41,0.01514452,9202,0.015337,56.4529,42.3712,31.7605,23.7557
discard1,"Deal 4, discard 1",4,10000000,21260929,Flush (See),Flush J-7-3 ♠,"(2, 11, 7, 3, 4)",1,40,0.01477514,8810,0.014683,56.193,42.0624,31.4756,23.5528
discard1,"Deal 4, discard 1",4,10000000,21260929,Flush (See),Flush J-7-3 ♥,"(2, 11, 7, 3, 3)",1,40,0.01477514,8961,0.014935,56.7515,42.7776,32.2866,24.3834
discard1,"Deal 4, discard 1",4,10000000,21260929,Flush (See),Flush J-7-3 ♦,"(2, 11, 7, 3, 2)",1,40,0.01477514,8955,0.014925,56.22,42.2915,31.9174,24.1541
discard1,"Deal 4, discard 1",4,10000000,21260929,Flush (See),Flush J-7-3 ♣,"(2, 11, 7, 3, 1)",1,40,0.01477514,8872,0.014787,56.339,42.2689,31.6794,23.6925
discard1,"Deal 4, discard 1",4,10000000,21260929,Flush (See),Flush J-7-2 ♠,"(2, 11, 7, 2, 4)",1,39,0.01440576,8346,0.01391,56.1311,42.128,31.6727,23.8917
discard1,"Deal 4, discard 1",4,10000000,21260929,Flush (See),Flush J-7-2 ♥,"(2, 11, 7, 2, 3)",1,39,0.01440576,8572,0.014287,55.9963,41.786,31.0919,23.0518
discard1,"Deal 4, discard 1",4,10000000,21260929,Flush (See),Flush J-7-2 ♦,"(2, 11, 7, 2, 2)",1,39,0.01440576,8767,0.014612,55.272,40.9285,30.2316,22.3109
discard1,"Deal 4, discard 1",4,10000000,21260929,Flush (See),Flush J-7-2 ♣,"(2, 11, 7, 2, 1)",1,39,0.01440576,8620,0.014367,55.9571,41.8759,31.3179,23.4223
discard1,"Deal 4, discard 1",4,10000000,21260929,Flush (See),Flush J-6-5 ♠,"(2, 11, 6, 5, 4)",1,35,0.01292825,7779,0.012965,56.47,42.5492,32.1301,24.309
discard1,"Deal 4, discard 1",4,10000000,21260929,Flush (See),Flush J-6-5 ♥,"(2, 11, 6, 5, 3)",1,35,0.01292825,7764,0.01294,56.2339,42.0775,31.4194,23.4029
discard1,"Deal 4, discard 1",4,10000000,21260929,Flush (See),Flush J-6-5 ♦,"(2, 11, 6, 5, 2)",1,35,0.01292825,7821,0.013035,56.2089,42.0483,31.4359,23.5136
discard1,"Deal 4, discard 1",4,10000000,21260929,Flush (See),Flush J-6-5 ♣,"(2, 11, 6, 5, 1)",1,35,0.01292825,7659,0.012765,56.5452,42.7014,32.328,24.5332
discard1,"Deal 4, discard 1",4,10000000,21260929,Flush (See),Flush J-6-4 ♠,"(2, 11, 6, 4, 4)",1,38,0.01403638,8485,0.014142,56.5834,42.5963,32.0801,24.1603
discard1,"Deal 4, discard 1",4,10000000,21260929,Flush (See),Flush J-6-4 ♥,"(2, 11, 6, 4, 3)",1,38,0.01403638,8248,0.013747,56.5179,42.5315,32.0175,24.1028
discard1,"Deal 4, discard 1",4,10000000,21260929,Flush (See),Flush J-6-4 ♦,"(2, 11, 6, 4, 2)",1,38,0.01403638,8297,0.013828,56.2565,42.0284,31.2595,23.0927
discard1,"Deal 4, discard 1",4,10000000,21260929,Flush (See),Flush J-6-4 ♣,"(2, 11, 6, 4, 1)",1,38,0.01403638,8293,0.013822,56.2438,42.1789,31.6749,23.8635
discard1,"Deal 4, discard 1",4,10000000,21260929,Flush (See),Flush J-6-3 ♠,"(2, 11, 6, 3, 4)",1,40,0.01477514,8840,0.014733,56.4514,42.3043,31.6312,23.6086
discard1,"Deal 4, discard 1",4,10000000,21260929,Flush (See),Flush J-6-3 ♥,"(2, 11, 6, 3, 3)",1,40,0.01477514,8845,0.014742,56.234,42.1877,31.6246,23.6631
discard1,"Deal 4, discard 1",4,10000000,21260929,Flush (See),Flush J-6-3 ♦,"(2, 11, 6, 3, 2)",1,40,0.01477514,8810,0.014683,55.8331,41.7537,31.2509,23.4166
discard1,"Deal 4, discard 1",4,10000000,21260929,Flush (See),Flush J-6-3 ♣,"(2, 11, 6, 3, 1)",1,40,0.01477514,9019,0.015032,55.9109,41.7507,31.2163,23.4061
discard1,"Deal 4, discard 1",4,10000000,21260929,Flush (See),Flush J-6-2 ♠,"(2, 11, 6, 2, 4)",1,39,0.01440576,8714,0.014523,56.4505,42.5625,32.1552,24.3057
discard1,"Deal 4, discard 1",4,10000000,21260929,Flush (See),Flush J-6-2 ♥,"(2, 11, 6, 2, 3)",1,39,0.01440576,8758,0.014597,55.8438,41.6979,31.1144,23.2016
discard1,"Deal 4, discard 1",4,10000000,21260929,Flush (See),Flush J-6-2 ♦,"(2, 11, 6, 2, 2)",1,39,0.01440576,8733,0.014555,56.117,42.0589,31.5745,23.7834
discard1,"Deal 4, discard 1",4,10000000,21260929,Flush (See),Flush J-6-2 ♣,"(2, 11, 6, 2, 1)",1,39,0.01440576,8756,0.014593,55.1028,40.9354,30.4363,22.6587
discard1,"Deal 4, discard 1",4,10000000,21260929,Flush (See),Flush J-5-4 ♠,"(2, 11, 5, 4, 4)",1,34,0.01255887,7716,0.01286,56.2947,42.4572,32.1669,24.5334
discard1,"Deal 4, discard 1",4,10000000,21260929,Flush (See),Flush J-5-4 ♥,"(2, 11, 5, 4, 3)",1,34,0.01255887,7483,0.012472,55.6461,41.5649,31.1212,23.4398
discard1,"Deal 4, discard 1",4,10000000,21260929,Flush (See),Flush J-5-4 ♦,"(2, 11, 5, 4, 2)",1,34,0.01255887,7440,0.0124,57.0914,43.0484,32.3495,24.207
discard1,"Deal 4, discard 1",4,10000000,21260929,Flush (See),Flush J-5-4 ♣,"(2, 11, 5, 4, 1)",1,34,0.01255887,7676,0.012793,56.3822,42.4596,32.0479,24.3095
discard1,"Deal 4, discard 1",4,10000000,21260929,Flush (See),Flush J-5-3 ♠,"(2, 11, 5, 3, 4)",1,37,0.01366701,8146,0.013577,56.1724,42.1164,31.5566,23.5944
discard1,"Deal 4, discard 1",4,10000000,21260929,Flush (See),Flush J-5-3 ♥,"(2, 11, 5, 3, 3)",1,37,0.01366701,8196,0.01366,55.3795,41.2823,30.8516,23.182
discard1,"Deal 4, discard 1",4,10000000,21260929,Flush (See),Flush J-5-3 ♦,"(2, 11, 5, 3, 2)",1,37,0.01366701,8314,0.013857,55.6928,41.6466,31.2052,23.4544
discard1,"Deal 4, discard 1",4,10000000,21260929,Flush (See),Flush J-5-3 ♣,"(2, 11, 5, 3, 1)",1,37,0.01366701,8152,0.013587,55.9274,41.7137,31.0108,22.9637
discard1,"Deal 4, discard 1",4,10000000,21260929,Flush (See),Flush J-5-2 ♠,"(2, 11, 5, 2, 4)",1,39,0.01440576,8599,0.014332,55.8577,41.8991,31.5339,23.8516
discard1,"Deal 4, discard 1",4,10000000,21260929,Flush (See),Flush J-5-2 ♥,"(2, 11, 5, 2, 3)",1,39,0.01440576,8588,0.014313,56.0876,42.1018,31.6372,23.789
discard1,"Deal 4, discard 1",4,10000000,21260929,Flush (See),Flush J-5-2 ♦,"(2, 11, 5, 2, 2)",1,39,0.01440576,8718,0.01453,55.8557,41.7883,31.3214,23.5375
discard1,"Deal 4, discard 1",4,10000000,21260929,Flush (See),Flush J-5-2 ♣,"(2, 11, 5, 2, 1)",1,39,0.01440576,8597,0.014328,55.6182,41.4738,30.9434,23.1243
discard1,"Deal 4, discard 1",4,10000000,21260929,Flush (See),Flush J-4-3 ♠,"(2, 11, 4, 3, 4)",1,33,0.01218949,7389,0.012315,56.0143,41.934,31.4332,23.6433
discard1,"Deal 4, discard 1",4,10000000,21260929,Flush (See),Flush J-4-3 ♥,"(2, 11, 4, 3, 3)",1,33,0.01218949,7285,0.012142,55.8545,41.6911,31.1544,23.3219
discard1,"Deal 4, discard 1",4,10000000,21260929,Flush (See),Flush J-4-3 ♦,"(2, 11, 4, 3, 2)",1,33,0.01218949,7305,0.012175,56.0383,41.8686,31.258,23.3402
discard1,"Deal 4, discard 1",4,10000000,21260929,Flush (See),Flush J-4-3 ♣,"(2, 11, 4, 3, 1)",1,33,0.01218949,7272,0.01212,56.7299,42.654,32.0352,24.0099
discard1,"Deal 4, discard 1",4,10000000,21260929,Flush (See),Flush J-4-2 ♠,"(2, 11, 4, 2, 4)",1,36,0.01329763,8013,0.013355,55.8255,41.7397,31.2317,23.3995
discard1,"Deal 4, discard 1",4,10000000,21260929,Flush (See),Flush J-4-2 ♥,"(2, 11, 4, 2, 3)",1,36,0.01329763,7984,0.013307,55.3069,41.0496,30.4058,22.4449
discard1,"Deal 4, discard 1",4,10000000,21260929,Flush (See),Flush J-4-2 ♦,"(2, 11, 4, 2, 2)",1,36,0.01329763,7937,0.013228,55.5374,41.3695,30.7723,22.8172
discard1,"Deal 4, discard 1",4,10000000,21260929,Flush (See),Flush J-4-2 ♣,"(2, 11, 4, 2, 1)",1,36,0.01329763,7969,0.013282,55.2541,41.1633,30.7241,23.0142
discard1,"Deal 4, discard 1",4,10000000,21260929,Flush (See),Flush J-3-2 ♠,"(2, 11, 3, 2, 4)",1,33,0.01218949,7200,0.012,55.6764,41.4764,30.875,23.0
discard1,"Deal 4, discard 1",4,10000000,21260929,Flush (See),Flush J-3-2 ♥,"(2, 11, 3, 2, 3)",1,33,0.01218949,7265,0.012108,55.5953,41.4508,30.9374,23.1108
discard1,"Deal 4, discard 1",4,10000000,21260929,Flush (See),Flush J-3-2 ♦,"(2, 11, 3, 2, 2)",1,33,0.01218949,7344,0.01224,55.5297,41.4107,30.8796,22.9984
discard1,"Deal 4, discard 1",4,10000000,21260929,Flush (See),Flush J-3-2 ♣,"(2, 11, 3, 2, 1)",1,33,0.01218949,7192,0.011987,55.4616,41.193,30.559,22.6502
discard1,"Deal 4, discard 1",4,10000000,21260929,Flush (See),Flush 10-9-7 ♠,"(2, 10, 9, 7, 4)",1,38,0.01403638,8337,0.013895,54.4117,39.958,29.2215,21.2666
discard1,"Deal 4, discard 1",4,10000000,21260929,Flush (See),Flush 10-9-7 ♥,"(2, 10, 9, 7, 3)",1,38,0.01403638,8402,0.014003,53.5289,39.08,28.5075,20.7808
discard1,"Deal 4, discard 1",4,10000000,21260929,Flush (See),Flush 10-9-7 ♦,"(2, 10, 9, 7, 2)",1,38,0.01403638,8408,0.014013,54.4791,40.157,29.5266,21.5747
discard1,"Deal 4, discard 1",4,10000000,21260929,Flush (See),Flush 10-9-7 ♣,"(2, 10, 9, 7, 1)",1,38,0.01403638,8298,0.01383,53.8792,39.489,28.9419,21.2702
discard1,"Deal 4, discard 1",4,10000000,21260929,Flush (See),Flush 10-9-6 ♠,"(2, 10, 9, 6, 4)",1,37,0.01366701,8116,0.013527,54.8731,40.6321,30.0764,22.2523
discard1,"Deal 4, discard 1",4,10000000,21260929,Flush (See),Flush 10-9-6 ♥,"(2, 10, 9, 6, 3)",1,37,0.01366701,8166,0.01361,54.3485,40.191,29.8261,22.2508
discard1,"Deal 4, discard 1",4,10000000,21260929,Flush (See),Flush 10-9-6 ♦,"(2, 10, 9, 6, 2)",1,37,0.01366701,8211,0.013685,53.9337,39.4045,28.6518,20.7405
discard1,"Deal 4, discard 1",4,10000000,21260929,Flush (See),Flush 10-9-6 ♣,"(2, 10, 9, 6, 1)",1,37,0.01366701,8169,0.013615,54.7619,40.5423,30.0673,22.3895
discard1,"Deal 4, discard 1",4,10000000,21260929,Flush (See),Flush 10-9-5 ♠,"(2, 10, 9, 5, 4)",1,36,0.01329763,7965,0.013275,53.9335,39.6987,29.3258,21.7577
discard1,"Deal 4, discard 1",4,10000000,21260929,Flush (See),Flush 10-9-5 ♥,"(2, 10, 9, 5, 3)",1,36,0.01329763,7930,0.013217,54.0946,39.7074,29.0895,21.2106
discard1,"Deal 4, discard 1",4,10000000,21260929,Flush (See),Flush 10-9-5 ♦,"(2, 10, 9, 5, 2)",1,36,0.01329763,8027,0.013378,54.5036,40.1981,29.6001,21.7765
discard1,"Deal 4, discard 1",4,10000000,21260929,Flush (See),Flush 10-9-5 ♣,"(2, 10, 9, 5, 1)",1,36,0.01329763,7997,0.013328,54.0115,39.4948,28.7433,20.8078
discard1,"Deal 4, discard 1",4,10000000,21260929,Flush (See),Flush 10-9-4 ♠,"(2, 10, 9, 4, 4)",1,35,0.01292825,7712,0.012853,54.1896,39.917,29.445,21.7194
discard1,"Deal 4, discard 1",4,10000000,21260929,Flush (See),Flush 10-9-4 ♥,"(2, 10, 9, 4, 3)",1,35,0.01292825,7770,0.01295,53.9344,39.601,29.1197,21.4672
discard1,"Deal 4, discard 1",4,10000000,21260929,Flush (See),Flush 10-9-4 ♦,"(2, 10, 9, 4, 2)",1,35,0.01292825,7811,0.013018,54.8432,40.6056,30.0935,22.3659
discard1,"Deal 4, discard 1",4,10000000,21260929,Flush (See),Flush 10-9-4 ♣,"(2, 10, 9, 4, 1)",1,35,0.01292825,7742,0.012903,53.9835,39.6525,29.1449,21.4544
discard1,"Deal 4, discard 1",4,10000000,21260929,Flush (See),Flush 10-9-3 ♠,"(2, 10, 9, 3, 4)",1,34,0.01255887,7556,0.012593,54.2046,39.8822,29.3647,21.6914
discard1,"Deal 4, discard 1",4,10000000,21260929,Flush (See),Flush 10-9-3 ♥,"(2, 10, 9, 3, 3)",1,34,0.01255887,7528,0.012547,53.1828,38.7367,28.1961,20.5101
discard1,"Deal 4, discard 1",4,10000000,21260929,Flush (See),Flush 10-9-3 ♦,"(2, 10, 9, 3, 2)",1,34,0.01255887,7472,0.012453,53.932,39.4767,28.849,21.0921
discard1,"Deal 4, discard 1",4,10000000,21260929,Flush (See),Flush 10-9-3 ♣,"(2, 10, 9, 3, 1)",1,34,0.01255887,7443,0.012405,54.2416,39.9987,29.5204,21.8192
discard1,"Deal 4, discard 1",4,10000000,21260929,Flush (See),Flush 10-9-2 ♠,"(2, 10, 9, 2, 4)",1,33,0.01218949,7411,0.012352,53.2236,38.9421,28.6331,21.2252
discard1,"Deal 4, discard 1",4,10000000,21260929,Flush (See),Flush 10-9-2 ♥,"(2, 10, 9, 2, 3)",1,33,0.01218949,7356,0.01226,53.4502,39.0511,28.5916,21.0305
discard1,"Deal 4, discard 1",4,10000000,21260929,Flush (See),Flush 10-9-2 ♦,"(2, 10, 9, 2, 2)",1,33,0.01218949,7216,0.012027,53.7098,39.2614,28.6197,20.7733
discard1,"Deal 4, discard 1",4,10000000,21260929,Flush (See),Flush 10-9-2 ♣,"(2, 10, 9, 2, 1)",1,33,0.01218949,7184,0.011973,53.8669,39.6061,29.1704,21.5757
discard1,"Deal 4, discard 1",4,10000000,21260929,Flush (See),Flush 10-8-7 ♠,"(2, 10, 8, 7, 4)",1,37,0.01366701,8197,0.013662,54.1064,39.695,29.0692,21.2029
discard1,"Deal 4, discard 1",4,10000000,21260929,Flush (See),Flush 10-8-7 ♥,"(2, 10, 8, 7, 3)",1,37,0.01366701,8264,0.013773,54.1058,39.7677,29.2207,21.4424
discard1,"Deal 4, discard 1",4,10000000,21260929,Flush (See),Flush 10-8-7 ♦,"(2, 10, 8, 7, 2)",1,37,0.01366701,8254,0.013757,53.723,39.4209,28.9508,21.2624
discard1,"Deal 4, discard 1",4,10000000,21260929,Flush (See),Flush 10-8-7 ♣,"(2, 10, 8, 7, 1)",1,37,0.01366701,8134,0.013557,53.9071,39.6508,29.255,21.7113
discard1,"Deal 4, discard 1",4,10000000,21260929,Flush (See),Flush 10-8-6 ♠,"(2, 10, 8, 6, 4)",1,37,0.01366701,8394,0.01399,54.1768,39.732,29.0326,21.1103
discard1,"Deal 4, discard 1",4,10000000,21260929,Flush (See),Flush 10-8-6 ♥,"(2, 10, 8, 6, 3)",1,37,0.01366701,8098,0.013497,53.6663,39.1825,28.5429,20.7829
discard1,"Deal 4, discard 1",4,10000000,21260929,Flush (See),Flush 10-8-6 ♦,"(2, 10, 8, 6, 2)",1,37,0.01366701,8242,0.013737,54.0864,39.7962,29.3157,21.6331
discard1,"Deal 4, discard 1",4,10000000,21260929,Flush (See),Flush 10-8-6 ♣,"(2, 10, 8, 6, 1)",1,37,0.01366701,8288,0.013813,53.1359,38.6185,27.9657,20.1134
discard1,"Deal 4, discard 1",4,10000000,21260929,Flush (See),Flush 10-8-5 ♠,"(2, 10, 8, 5, 4)",1,39,0.01440576,8779,0.014632,54.2807,39.9305,29.3336,21.5059
discard1,"Deal 4, discard 1",4,10000000,21260929,Flush (See),Flush 10-8-5 ♥,"(2, 10, 8, 5, 3)",1,39,0.01440576,8617,0.014362,54.1372,39.7226,29.0055,20.9818
discard1,"Deal 4, discard 1",4,10000000,21260929,Flush (See),Flush 10-8-5 ♦,"(2, 10, 8, 5, 2)",1,39,0.01440576,8697,0.014495,54.2796,40.0023,29.5044,21.7776
discard1,"Deal 4, discard 1",4,10000000,21260929,Flush (See),Flush 10-8-5 ♣,"(2, 10, 8, 5, 1)",1,39,0.01440576,8535,0.014225,53.9789,39.6942,29.2185,21.4997
discard1,"Deal 4, discard 1",4,10000000,21260929,Flush (See),Flush 10-8-4 ♠,"(2, 10, 8, 4, 4)",1,38,0.01403638,8245,0.013742,53.5961,39.1571,28.5894,20.8611
discard1,"Deal 4, discard 1",4,10000000,21260929,Flush (See),Flush 10-8-4 ♥,"(2, 10, 8, 4, 3)",1,38,0.01403638,8398,0.013997,53.639,39.1367,28.4472,20.5406
discard1,"Deal 4, discard 1",4,10000000,21260929,Flush (See),Flush 10-8-4 ♦,"(2, 10, 8, 4, 2)",1,38,0.01403638,8374,0.013957,53.9181,39.477,28.8536,21.0533
discard1,"Deal 4, discard 1",4,10000000,21260929,Flush (See),Flush 10-8-4 ♣,"(2, 10, 8, 4, 1)",1,38,0.01403638,8395,0.013992,54.5563,40.4133,29.9797,22.2275
discard1,"Deal 4, discard 1",4,10000000,21260929,Flush (See),Flush 10-8-3 ♠,"(2, 10, 8, 3, 4)",1,37,0.01366701,8192,0.013653,53.9563,39.6521,29.1162,21.3013
discard1,"Deal 4, discard 1",4,10000000,21260929,Flush (See),Flush 10-8-3 ♥,"(2, 10, 8, 3, 3)",1,37,0.01366701,8168,0.013613,54.1663,39.8592,29.4074,21.8291
discard1,"Deal 4, discard 1",4,10000000,21260929,Flush (See),Flush 10-8-3 ♦,"(2, 10, 8, 3, 2)",1,37,0.01366701,8183,0.013638,53.8666,39.4892,28.9478,21.2269
discard1,"Deal 4, discard 1",4,10000000,21260929,Flush (See),Flush 10-8-3 ♣,"(2, 10, 8, 3, 1)",1,37,0.01366701,7987,0.013312,54.0829,39.6419,28.932,20.9465
discard1,"Deal 4, discard 1",4,10000000,21260929,Flush (See),Flush 10-8-2 ♠,"(2, 10, 8, 2, 4)",1,36,0.01329763,7897,0.013162,52.9543,38.5944,28.1879,20.6787
discard1,"Deal 4, discard 1",4,10000000,21260929,Flush (See),Flush 10-8-2 ♥,"(2, 10, 8, 2, 3)",1,36,0.01329763,7881,0.013135,53.6125,39.2628,28.7349,20.9745
discard1,"Deal 4, discard 1",4,10000000,21260929,Flush (See),Flush 10-8-2 ♦,"(2, 10, 8, 2, 2)",1,36,0.01329763,7806,0.01301,53.1988,38.6703,28.0477,20.3177
discard1,"Deal 4, discard 1",4,10000000,21260929,Flush (See),Flush 10-8-2 ♣,"(2, 10, 8, 2, 1)",1,36,0.01329763,7845,0.013075,53.3244,38.9764,28.4156,20.5609
discard1,"Deal 4, discard 1",4,10000000,21260929,Flush (See),Flush 10-7-6 ♠,"(2, 10, 7, 6, 4)",1,36,0.01329763,8081,0.013468,53.6147,39.3194,28.8355,21.136
discard1,"Deal 4, discard 1",4,10000000,21260929,Flush (See),Flush 10-7-6 ♥,"(2, 10, 7, 6, 3)",1,36,0.01329763,8076,0.01346,53.8633,39.4787,28.9178,21.1862
discard1,"Deal 4, discard 1",4,10000000,21260929,Flush (See),Flush 10-7-6 ♦,"(2, 10, 7, 6, 2)",1,36,0.01329763,7884,0.01314,53.4665,38.9929,28.4272,20.7002
discard1,"Deal 4, discard 1",4,10000000,21260929,Flush (See),Flush 10-7-6 ♣,"(2, 10, 7, 6, 1)",1,36,0.01329763,7978,0.013297,53.373,39.0562,28.6613,21.1331
discard1,"Deal 4, discard 1",4,10000000,21260929,Flush (See),Flush 10-7-5 ♠,"(2, 10, 7, 5, 4)",1,39,0.01440576,8511,0.014185,53.6858,39.2704,28.6523,20.7731
discard1,"Deal 4, discard 1",4,10000000,21260929,Flush (See),Flush 10-7-5 ♥,"(2, 10, 7, 5, 3)",1,39,0.01440576,8649,0.014415,54.1808,39.9549,29.4971,21.8176
discard1,"Deal 4, discard 1",4,10000000,21260929,Flush (See),Flush 10-7-5 ♦,"(2, 10, 7, 5, 2)",1,39,0.01440576,8650,0.014417,53.8231,39.415,28.8763,21.2254
discard1,"Deal 4, discard 1",4,10000000,21260929,Flush (See),Flush 10-7-5 ♣,"(2, 10, 7, 5, 1)",1,39,0.01440576,8709,0.014515,53.5791,39.0757,28.4005,20.519
discard1,"Deal 4, discard 1",4,10000000,21260929,Flush (See),Flush 10-7-4 ♠,"(2, 10, 7, 4, 4)",1,41,0.01514452,9140,0.015233,53.7626,39.3731,28.8096,21.0722
discard1,"Deal 4, discard 1",4,10000000,21260929,Flush (See),Flush 10-7-4 ♥,"(2, 10, 7, 4, 3)",1,41,0.01514452,8962,0.014937,53.7949,39.5526,29.2189,21.7139
discard1,"Deal 4, discard 1",4,10000000,21260929,Flush (See),Flush 10-7-4 ♦,"(2, 10, 7, 4, 2)",1,41,0.01514452,9085,0.015142,54.0572,39.6698,29.0171,21.0897
discard1,"Deal 4, discard 1",4,10000000,21260929,Flush (See),Flush 10-7-4 ♣,"(2, 10, 7, 4, 1)",1,41,0.01514452,9041,0.015068,53.6191,39.0831,28.4172,20.6282
discard1,"Deal 4, discard 1",4,10000000,21260929,Flush (See),Flush 10-7-3 ♠,"(2, 10, 7, 3, 4)",1,40,0.01477514,8985,0.014975,53.7741,39.3623,28.7168,20.8347
discard1,"Deal 4, discard 1",4,10000000,21260929,Flush (See),Flush 10-7-3 ♥,"(2, 10, 7, 3, 3)",1,40,0.01477514,8918,0.014863,52.9536,38.4189,27.7304,19.8363
discard1,"Deal 4, discard 1",4,10000000,21260929,Flush (See),Flush 10-7-3 ♦,"(2, 10, 7, 3, 2)",1,40,0.01477514,8792,0.014653,53.1517,38.7079,28.162,20.4845
discard1,"Deal 4, discard 1",4,10000000,21260929,Flush (See),Flush 10-7-3 ♣,"(2, 10, 7, 3, 1)",1,40,0.01477514,8749,0.014582,52.6563,38.0775,27.482,19.7737
discard1,"Deal 4, discard 1",4,10000000,21260929,Flush (See),Flush 10-7-2 ♠,"(2, 10, 7, 2, 4)",1,39,0.01440576,8679,0.014465,53.2538,38.7717,28.1807,20.4517
discard1,"Deal 4, discard 1",4,10000000,21260929,Flush (See),Flush 10-7-2 ♥,"(2, 10, 7, 2, 3)",1,39,0.01440576,8455,0.014092,53.7918,39.5837,29.1875,21.573
discard1,"Deal 4, discard 1",4,10000000,21260929,Flush (See),Flush 10-7-2 ♦,"(2, 10, 7, 2, 2)",1,39,0.01440576,8558,0.014263,52.9247,38.4926,28.0065,20.4136
discard1,"Deal 4, discard 1",4,10000000,21260929,Flush (See),Flush 10-7-2 ♣,"(2, 10, 7, 2, 1)",1,39,0.01440576,8537,0.014228,53.1276,38.7572,28.2746,20.6044
discard1,"Deal 4, discard 1",4,10000000,21260929,Flush (See),Flush 10-6-5 ♠,"(2, 10, 6, 5, 4)",1,35,0.01292825,7890,0.01315,53.0051,38.5019,27.9138,20.2281
discard1,"Deal 4, discard 1",4,10000000,21260929,Flush (See),Flush 10-6-5 ♥,"(2, 10, 6, 5, 3)",1,35,0.01292825,7795,0.012992,53.6998,39.474,29.0058,21.1931
discard1,"Deal 4, discard 1",4,10000000,21260929,Flush (See),Flush 10-6-5 ♦,"(2, 10, 6, 5, 2)",1,35,0.01292825,7876,0.013127,53.0066,38.517,27.9457,20.2641
discard1,"Deal 4, discard 1",4,10000000,21260929,Flush (See),Flush 10-6-5 ♣,"(2, 10, 6, 5, 1)",1,35,0.01292825,7736,0.012893,53.1683,38.8276,28.4669,21.0445
discard1,"Deal 4, discard 1",4,10000000,21260929,Flush (See),Flush 10-6-4 ♠,"(2, 10, 6, 4, 4)",1,38,0.01403638,8402,0.014003,53.3337,38.9693,28.4813,20.8284
discard1,"Deal 4, discard 1",4,10000000,21260929,Flush (See),Flush 10-6-4 ♥,"(2, 10, 6, 4, 3)",1,38,0.01403638,8254,0.013757,52.9792,38.5244,28.0276,20.4022
discard1,"Deal 4, discard 1",4,10000000,21260929,Flush (See),Flush 10-6-4 ♦,"(2, 10, 6, 4, 2)",1,38,0.01403638,8384,0.013973,53.2347,38.744,28.1751,20.5391
discard1,"Deal 4, discard 1",4,10000000,21260929,Flush (See),Flush 10-6-4 ♣,"(2, 10, 6, 4, 1)",1,38,0.01403638,8428,0.014047,53.5833,39.2513,28.7565,20.9777
discard1,"Deal 4, discard 1",4,10000000,21260929,Flush (See),Flush 10-6-3 ♠,"(2, 10, 6, 3, 4)",1,40,0.01477514,8899,0.014832,53.3363,38.865,28.3021,20.6091
discard1,"Deal 4, discard 1",4,10000000,21260929,Flush (See),Flush 10-6-3 ♥,"(2, 10, 6, 3, 3)",1,40,0.01477514,8913,0.014855,52.9137,38.4741,27.9569,20.285
discard1,"Deal 4, discard 1",4,10000000,21260929,Flush (See),Flush 10-6-3 ♦,"(2, 10, 6, 3, 2)",1,40,0.01477514,8907,0.014845,53.3053,38.7482,28.0588,20.2762
discard1,"Deal 4, discard 1",4,10000000,21260929,Flush (See),Flush 10-6-3 ♣,"(2, 10, 6, 3, 1)",1,40,0.01477514,8835,0.014725,52.9157,38.5772,28.1743,20.6225
discard1,"Deal 4, discard 1",4,10000000,21260929,Flush (See),Flush 10-6-2 ♠,"(2, 10, 6, 2, 4)",1,39,0.01440576,8657,0.014428,53.2968,38.8402,28.2846,20.5845
discard1,"Deal 4, discard 1",4,10000000,21260929,Flush (See),Flush 10-6-2 ♥,"(2, 10, 6, 2, 3)",1,39,0.01440576,8659,0.014432,52.4864,37.9998,27.4743,19.8175
discard1,"Deal 4, discard 1",4,10000000,21260929,Flush (See),Flush 10-6-2 ♦,"(2, 10, 6, 2, 2)",1,39,0.01440576,8689,0.014482,53.4837,39.1173,28.6247,20.9806
discard1,"Deal 4, discard 1",4,10000000,21260929,Flush (See),Flush 10-6-2 ♣,"(2, 10, 6, 2, 1)",1,39,0.01440576,8781,0.014635,52.3437,37.8214,27.2816,19.6105
discard1,"Deal 4, discard 1",4,10000000,21260929,Flush (See),Flush 10-5-4 ♠,"(2, 10, 5, 4, 4)",1,34,0.01255887,7573,0.012622,52.9367,38.698,28.3851,20.8768
discard1,"Deal 4, discard 1",4,10000000,21260929,Flush (See),Flush 10-5-4 ♥,"(2, 10, 5, 4, 3)",1,34,0.01255887,7352,0.012253,52.9706,38.4657,27.9189,20.2666
discard1,"Deal 4, discard 1",4,10000000,21260929,Flush (See),Flush 10-5-4 ♦,"(2, 10, 5, 4, 2)",1,34,0.01255887,7532,0.012553,53.4546,39.0507,28.582,20.9904
discard1,"Deal 4, discard 1",4,10000000,21260929,Flush (See),Flush 10-5-4 ♣,"(2, 10, 5, 4, 1)",1,34,0.01255887,7429,0.012382,52.7554,38.2824,27.7722,20.1238
discard1,"Deal 4, discard 1",4,10000000,21260929,Flush (See),Flush 10-5-3 ♠,"(2, 10, 5, 3, 4)",1,37,0.01366701,8220,0.0137,53.0365,38.5401,27.9416,20.2068
discard1,"Deal 4, discard 1",4,10000000,21260929,Flush (See),Flush 10-5-3 ♥,"(2, 10, 5, 3, 3)",1,37,0.01366701,8223,0.013705,53.2275,38.6416,27.9582,20.1508
discard1,"Deal 4, discard 1",4,10000000,21260929,Flush (See),Flush 10-5-3 ♦,"(2, 10, 5, 3, 2)",1,37,0.01366701,8246,0.013743,52.976,38.7691,28.5181,21.1133
discard1,"Deal 4, discard 1",4,10000000,21260929,Flush (See),Flush 10-5-3 ♣,"(2, 10, 5, 3, 1)",1,37,0.01366701,8145,0.013575,52.9773,38.4653,27.8379,20.0859
discard1,"Deal 4, discard 1",4,10000000,21260929,Flush (See),Flush 10-5-2 ♠,"(2, 10, 5, 2, 4)",1,39,0.01440576,8801,0.014668,52.0134,37.4196,26.8788,19.2478
discard1,"Deal 4, discard 1",4,10000000,21260929,Flush (See),Flush 10-5-2 ♥,"(2, 10, 5, 2, 3)",1,39,0.01440576,8772,0.01462,53.3516,38.9672,28.4793,20.8504
discard1,"Deal 4, discard 1",4,10000000,21260929,Flush (See),Flush 10-5-2 ♦,"(2, 10, 5, 2, 2)",1,39,0.01440576,8739,0.014565,52.7921,38.4586,28.0581,20.4943
discard1,"Deal 4, discard 1",4,10000000,21260929,Flush (See),Flush 10-5-2 ♣,"(2, 10, 5, 2, 1)",1,39,0.01440576,8730,0.01455,52.9301,38.6037,28.2314,20.7331
discard1,"Deal 4, discard 1",4,10000000,21260929,Flush (See),Flush 10-4-3 ♠,"(2, 10, 4, 3, 4)",1,33,0.01218949,7322,0.012203,53.2068,38.9579,28.555,20.8959
discard1,"Deal 4, discard 1",4,10000000,21260929,Flush (See),Flush 10-4-3 ♥,"(2, 10, 4, 3, 3)",1,33,0.01218949,7326,0.01221,53.0194,38.6077,28.0699,20.3249
discard1,"Deal 4, discard 1",4,10000000,21260929,Flush (See),Flush 10-4-3 ♦,"(2, 10, 4, 3, 2)",1,33,0.01218949,7294,0.012157,52.7667,38.2986,27.7927,20.1947
discard1,"Deal 4, discard 1",4,10000000,21260929,Flush (See),Flush 10-4-3 ♣,"(2, 10, 4, 3, 1)",1,33,0.01218949,7244,0.012073,52.5787,38.1088,27.598,19.9752
discard1,"Deal 4, discard 1",4,10000000,21260929,Flush (See),Flush 10-4-2 ♠,"(2, 10, 4, 2, 4)",1,36,0.01329763,7943,0.013238,52.4814,37.9189,27.3524,19.6777
discard1,"Deal 4, discard 1",4,10000000,21260929,Flush (See),Flush 10-4-2 ♥,"(2, 10, 4, 2, 3)",1,36,0.01329763,8090,0.013483,53.0,38.5859,28.1137,20.4697
discard1,"Deal 4, discard 1",4,10000000,21260929,Flush (See),Flush 10-4-2 ♦,"(2, 10, 4, 2, 2)",1,36,0.01329763,7876,0.013127,51.9223,37.5267,27.2042,19.7689
discard1,"Deal 4, discard 1",4,10000000,21260929,Flush (See),Flush 10-4-2 ♣,"(2, 10, 4, 2, 1)",1,36,0.01329763,7992,0.01332,52.8816,38.5748,28.2533,20.8333
discard1,"Deal 4, discard 1",4,10000000,21260929,Flush (See),Flush 10-3-2 ♠,"(2, 10, 3, 2, 4)",1,33,0.01218949,7329,0.012215,51.449,36.8168,26.2901,18.7202
discard1,"Deal 4, discard 1",4,10000000,21260929,Flush (See),Flush 10-3-2 ♥,"(2, 10, 3, 2, 3)",1,33,0.01218949,7253,0.012088,52.3604,37.8368,27.3404,19.7573
discard1,"Deal 4, discard 1",4,10000000,21260929,Flush (See),Flush 10-3-2 ♦,"(2, 10, 3, 2, 2)",1,33,0.01218949,7433,0.012388,52.4337,38.0519,27.6927,20.2072
discard1,"Deal 4, discard 1",4,10000000,21260929,Flush (See),Flush 10-3-2 ♣,"(2, 10, 3, 2, 1)",1,33,0.01218949,7266,0.01211,52.6851,38.3719,27.9136,20.2175
discard1,"Deal 4, discard 1",4,10000000,21260929,Flush (See),Flush 9-8-6 ♠,"(2, 9, 8, 6, 4)",1,37,0.01366701,8111,0.013518,52.1872,37.6883,27.1385,19.3934
discard1,"Deal 4, discard 1",4,10000000,21260929,Flush (See),Flush 9-8-6 ♥,"(2, 9, 8, 6, 3)",1,37,0.01366701,8168,0.013613,52.5735,38.046,27.5049,19.8825
discard1,"Deal 4, discard 1",4,10000000,21260929,Flush (See),Flush 9-8-6 ♦,"(2, 9, 8, 6, 2)",1,37,0.01366701,8257,0.013762,51.8457,37.2411,26.6973,19.0747
discard1,"Deal 4, discard 1",4,10000000,21260929,Flush (See),Flush 9-8-6 ♣,"(2, 9, 8, 6, 1)",1,37,0.01366701,8227,0.013712,52.3812,37.7829,27.1253,19.3145
discard1,"Deal 4, discard 1",4,10000000,21260929,Flush (See),Flush 9-8-5 ♠,"(2, 9, 8, 5, 4)",1,36,0.01329763,8130,0.01355,52.5203,38.2128,27.9385,20.5658
discard1,"Deal 4, discard 1",4,10000000,21260929,Flush (See),Flush 9-8-5 ♥,"(2, 9, 8, 5, 3)",1,36,0.01329763,7818,0.01303,51.9046,37.3101,26.7869,19.2121
discard1,"Deal 4, discard 1",4,10000000,21260929,Flush (See),Flush 9-8-5 ♦,"(2, 9, 8, 5, 2)",1,36,0.01329763,8001,0.013335,52.326,37.7353,27.1016,19.3351
discard1,"Deal 4, discard 1",4,10000000,21260929,Flush (See),Flush 9-8-5 ♣,"(2, 9, 8, 5, 1)",1,36,0.01329763,7899,0.013165,52.2231,37.4642,26.6692,18.7872
discard1,"Deal 4, discard 1",4,10000000,21260929,Flush (See),Flush 9-8-4 ♠,"(2, 9, 8, 4, 4)",1,35,0.01292825,7785,0.012975,52.2826,37.6853,27.0931,19.4091
discard1,"Deal 4, discard 1",4,10000000,21260929,Flush (See),Flush 9-8-4 ♥,"(2, 9, 8, 4, 3)",1,35,0.01292825,7744,0.012907,52.3851,38.0152,27.6575,20.2092
discard1,"Deal 4, discard 1",4,10000000,21260929,Flush (See),Flush 9-8-4 ♦,"(2, 9, 8, 4, 2)",1,35,0.01292825,7681,0.012802,52.5114,38.051,27.5797,20.0495
discard1,"Deal 4, discard 1",4,10000000,21260929,Flush (See),Flush 9-8-4 ♣,"(2, 9, 8, 4, 1)",1,35,0.01292825,7735,0.012892,52.1099,37.6225,27.1493,19.5217
discard1,"Deal 4, discard 1",4,10000000,21260929,Flush (See),Flush 9-8-3 ♠,"(2, 9, 8, 3, 4)",1,34,0.01255887,7397,0.012328,52.6227,38.1479,27.6518,20.0216
discard1,"Deal 4, discard 1",4,10000000,21260929,Flush (See),Flush 9-8-3 ♥,"(2, 9, 8, 3, 3)",1,34,0.01255887,7467,0.012445,51.7182,37.2198,26.7952,19.325
discard1,"Deal 4, discard 1",4,10000000,21260929,Flush (See),Flush 9-8-3 ♦,"(2, 9, 8, 3, 2)",1,34,0.01255887,7643,0.012738,52.1248,37.7025,27.3479,19.9006
discard1,"Deal 4, discard 1",4,10000000,21260929,Flush (See),Flush 9-8-3 ♣,"(2, 9, 8, 3, 1)",1,34,0.01255887,7543,0.012572,52.3452,37.8669,27.4108,19.9125
discard1,"Deal 4, discard 1",4,10000000,21260929,Flush (See),Flush 9-8-2 ♠,"(2, 9, 8, 2, 4)",1,33,0.01218949,7305,0.012175,52.3819,38.0233,27.6496,20.1643
discard1,"Deal 4, discard 1",4,10000000,21260929,Flush (See),Flush 9-8-2 ♥,"(2, 9, 8, 2, 3)",1,33,0.01218949,7308,0.01218,52.4124,38.0528,27.7148,20.2791
discard1,"Deal 4, discard 1",4,10000000,21260929,Flush (See),Flush 9-8-2 ♦,"(2, 9, 8, 2, 2)",1,33,0.01218949,7326,0.01221,51.9902,37.4925,27.0025,19.3557
discard1,"Deal 4, discard 1",4,10000000,21260929,Flush (See),Flush 9-8-2 ♣,"(2, 9, 8, 2, 1)",1,33,0.01218949,7306,0.012177,51.7958,37.2146,26.6959,19.1076
discard1,"Deal 4, discard 1",4,10000000,21260929,Flush (See),Flush 9-7-6 ♠,"(2, 9, 7, 6, 4)",1,36,0.01329763,7873,0.013122,52.0996,37.5143,26.9732,19.3573
discard1,"Deal 4, discard 1",4,10000000,21260929,Flush (See),Flush 9-7-6 ♥,"(2, 9, 7, 6, 3)",1,36,0.01329763,7957,0.013262,52.2571,37.7253,27.2188,19.6431
discard1,"Deal 4, discard 1",4,10000000,21260929,Flush (See),Flush 9-7-6 ♦,"(2, 9, 7, 6, 2)",1,36,0.01329763,8026,0.013377,52.4508,37.9703,27.4707,19.8729
discard1,"Deal 4, discard 1",4,10000000,21260929,Flush (See),Flush 9-7-6 ♣,"(2, 9, 7, 6, 1)",1,36,0.01329763,7822,0.013037,51.5904,37.0391,26.538,18.9082
discard1,"Deal 4, discard 1",4,10000000,21260929,Flush (See),Flush 9-7-5 ♠,"(2, 9, 7, 5, 4)",1,36,0.01329763,8024,0.013373,52.0912,37.5748,27.0987,19.5538
discard1,"Deal 4, discard 1",4,10000000,21260929,Flush (See),Flush 9-7-5 ♥,"(2, 9, 7, 5, 3)",1,36,0.01329763,8128,0.013547,52.3167,37.7301,27.126,19.3529
discard1,"Deal 4, discard 1",4,10000000,21260929,Flush (See),Flush 9-7-5 ♦,"(2, 9, 7, 5, 2)",1,36,0.01329763,7945,0.013242,51.489,36.8899,26.3965,18.8924
discard1,"Deal 4, discard 1",4,10000000,21260929,Flush (See),Flush 9-7-5 ♣,"(2, 9, 7, 5, 1)",1,36,0.01329763,8236,0.013727,52.5559,38.0525,27.5255,19.9126
discard1,"Deal 4, discard 1",4,10000000,21260929,Flush (See),Flush 9-7-4 ♠,"(2, 9, 7, 4, 4)",1,38,0.01403638,8589,0.014315,52.197,37.6633,27.0881,19.3503
discard1,"Deal 4, discard 1",4,10000000,21260929,Flush (See),Flush 9-7-4 ♥,"(2, 9, 7, 4, 3)",1,38,0.01403638,8494,0.014157,52.3781,37.9868,27.5865,20.073
discard1,"Deal 4, discard 1",4,10000000,21260929,Flush (See),Flush 9-7-4 ♦,"(2, 9, 7, 4, 2)",1,38,0.01403638,8454,0.01409,51.8879,37.2652,26.7471,19.2098
discard1,"Deal 4, discard 1",4,10000000,21260929,Flush (See),Flush 9-7-4 ♣,"(2, 9, 7, 4, 1)",1,38,0.01403638,8365,0.013942,51.8446,37.3509,26.9408,19.474
discard1,"Deal 4, discard 1",4,10000000,21260929,Flush (See),Flush 9-7-3 ♠,"(2, 9, 7, 3, 4)",1,37,0.01366701,8190,0.01365,51.6654,37.1416,26.674,19.0965
discard1,"Deal 4, discard 1",4,10000000,21260929,Flush (See),Flush 9-7-3 ♥,"(2, 9, 7, 3, 3)",1,37,0.01366701,8200,0.013667,51.9598,37.4244,26.9439,19.4024
discard1,"Deal 4, discard 1",4,10000000,21260929,Flush (See),Flush 9-7-3 ♦,"(2, 9, 7, 3, 2)",1,37,0.01366701,8192,0.013653,52.0703,37.6636,27.2925,19.8242
discard1,"Deal 4, discard 1",4,10000000,21260929,Flush (See),Flush 9-7-3 ♣,"(2, 9, 7, 3, 1)",1,37,0.01366701,8375,0.013958,52.591,38.1696,27.711,20.1313
discard1,"Deal 4, discard 1",4,10000000,21260929,Flush (See),Flush 9-7-2 ♠,"(2, 9, 7, 2, 4)",1,36,0.01329763,7988,0.013313,51.3833,36.8027,26.3896,18.9534
discard1,"Deal 4, discard 1",4,10000000,21260929,Flush (See),Flush 9-7-2 ♥,"(2, 9, 7, 2, 3)",1,36,0.01329763,7968,0.01328,51.56,36.9327,26.3655,18.7249
discard1,"Deal 4, discard 1",4,10000000,21260929,Flush (See),Flush 9-7-2 ♦,"(2, 9, 7, 2, 2)",1,36,0.01329763,7745,0.012908,51.2912,36.7734,26.3267,18.7734
discard1,"Deal 4, discard 1",4,10000000,21260929,Flush (See),Flush 9-7-2 ♣,"(2, 9, 7, 2, 1)",1,36,0.01329763,8061,0.013435,51.4303,36.9024,26.4384,18.8686
discard1,"Deal 4, discard 1",4,10000000,21260929,Flush (See),Flush 9-6-5 ♠,"(2, 9, 6, 5, 4)",1,35,0.01292825,7706,0.012843,51.264,36.7168,26.3353,18.9593
discard1,"Deal 4, discard 1",4,10000000,21260929,Flush (See),Flush 9-6-5 ♥,"(2, 9, 6, 5, 3)",1,35,0.01292825,7759,0.012932,52.3006,37.8142,27.354,19.7835
discard1,"Deal 4, discard 1",4,10000000,21260929,Flush (See),Flush 9-6-5 ♦,"(2, 9, 6, 5, 2)",1,35,0.01292825,7570,0.012617,52.1651,37.8256,27.5139,20.1057
discard1,"Deal 4, discard 1",4,10000000,21260929,Flush (See),Flush 9-6-5 ♣,"(2, 9, 6, 5, 1)",1,35,0.01292825,7754,0.012923,51.4135,36.6585,25.9788,18.2873
discard1,"Deal 4, discard 1",4,10000000,21260929,Flush (See),Flush 9-6-4 ♠,"(2, 9, 6, 4, 4)",1,38,0.01403638,8611,0.014352,52.1403,37.7471,27.3255,19.7654
discard1,"Deal 4, discard 1",4,10000000,21260929,Flush (See),Flush 9-6-4 ♥,"(2, 9, 6, 4, 3)",1,38,0.01403638,8505,0.014175,51.9577,37.5791,27.3298,20.047
discard1,"Deal 4, discard 1",4,10000000,21260929,Flush (See),Flush 9-6-4 ♦,"(2, 9, 6, 4, 2)",1,38,0.01403638,8321,0.013868,51.9697,37.5892,27.2371,19.8053
discard1,"Deal 4, discard 1",4,10000000,21260929,Flush (See),Flush 9-6-4 ♣,"(2, 9, 6, 4, 1)",1,38,0.01403638,8463,0.014105,51.5881,37.1299,26.7636,19.3194
discard1,"Deal 4, discard 1",4,10000000,21260929,Flush (See),Flush 9-6-3 ♠,"(2, 9, 6, 3, 4)",1,40,0.01477514,8859,0.014765,51.236,36.4906,25.9171,18.3542
discard1,"Deal 4, discard 1",4,10000000,21260929,Flush (See),Flush 9-6-3 ♥,"(2, 9, 6, 3, 3)",1,40,0.01477514,8933,0.014888,51.6915,37.0805,26.5398,18.9858
discard1,"Deal 4, discard 1",4,10000000,21260929,Flush (See),Flush 9-6-3 ♦,"(2, 9, 6, 3, 2)",1,40,0.01477514,8842,0.014737,51.5969,37.2337,26.9645,19.5996
discard1,"Deal 4, discard 1",4,10000000,21260929,Flush (See),Flush 9-6-3 ♣,"(2, 9, 6, 3, 1)",1,40,0.01477514,8879,0.014798,52.2007,37.8196,27.4648,19.9797
discard1,"Deal 4, discard 1",4,10000000,21260929,Flush (See),Flush 9-6-2 ♠,"(2, 9, 6, 2, 4)",1,39,0.01440576,8710,0.014517,51.3146,36.7359,26.3261,18.8978
discard1,"Deal 4, discard 1",4,10000000,21260929,Flush (See),Flush 9-6-2 ♥,"(2, 9, 6, 2, 3)",1,39,0.01440576,8706,0.01451,52.1135,37.5569,27.0227,19.4004
discard1,"Deal 4, discard 1",4,10000000,21260929,Flush (See),Flush 9-6-2 ♦,"(2, 9, 6, 2, 2)",1,39,0.01440576,8623,0.014372,51.1226,36.5418,26.0907,18.555
discard1,"Deal 4, discard 1",4,10000000,21260929,Flush (See),Flush 9-6-2 ♣,"(2, 9, 6, 2, 1)",1,39,0.01440576,8633,0.014388,50.7494,36.1856,25.8079,18.4293
discard1,"Deal 4, discard 1",4,10000000,21260929,Flush (See),Flush 9-5-4 ♠,"(2, 9, 5, 4, 4)",1,34,0.01255887,7634,0.012723,51.378,36.9597,26.6309,19.1905
discard1,"Deal 4, discard 1",4,10000000,21260929,Flush (See),Flush 9-5-4 ♥,"(2, 9, 5, 4, 3)",1,34,0.01255887,7511,0.012518,51.1303,36.4958,26.0631,18.6926
discard1,"Deal 4, discard 1",4,10000000,21260929,Flush (See),Flush 9-5-4 ♦,"(2, 9, 5, 4, 2)",1,34,0.01255887,7546,0.012577,51.4286,36.8102,26.2868,18.7252
discard1,"Deal 4, discard 1",4,10000000,21260929,Flush (See),Flush 9-5-4 ♣,"(2, 9, 5, 4, 1)",1,34,0.01255887,7553,0.012588,51.463,36.8079,26.2862,18.8005
discard1,"Deal 4, discard 1",4,10000000,21260929,Flush (See),Flush 9-5-3 ♠,"(2, 9, 5, 3, 4)",1,37,0.01366701,8341,0.013902,51.6593,37.1202,26.6731,19.1704
discard1,"Deal 4, discard 1",4,10000000,21260929,Flush (See),Flush 9-5-3 ♥,"(2, 9, 5, 3, 3)",1,37,0.01366701,8205,0.013675,51.1127,36.5399,26.0597,18.4887
discard1,"Deal 4, discard 1",4,10000000,21260929,Flush (See),Flush 9-5-3 ♦,"(2, 9, 5, 3, 2)",1,37,0.01366701,8304,0.01384,51.2632,36.7799,26.4258,19.0149
discard1,"Deal 4, discard 1",4,10000000,21260929,Flush (See),Flush 9-5-3 ♣,"(2, 9, 5, 3, 1)",1,37,0.01366701,8321,0.013868,52.0803,37.6349,27.266,19.8414
discard1,"Deal 4, discard 1",4,10000000,21260929,Flush (See),Flush 9-5-2 ♠,"(2, 9, 5, 2, 4)",1,39,0.01440576,8597,0.014328,51.554,36.9815,26.5395,19.0881
discard1,"Deal 4, discard 1",4,10000000,21260929,Flush (See),Flush 9-5-2 ♥,"(2, 9, 5, 2, 3)",1,39,0.01440576,8657,0.014428,51.3319,36.7679,26.3232,18.8402
discard1,"Deal 4, discard 1",4,10000000,21260929,Flush (See),Flush 9-5-2 ♦,"(2, 9, 5, 2, 2)",1,39,0.01440576,8538,0.01423,50.6325,36.0834,25.7742,18.4587
discard1,"Deal 4, discard 1",4,10000000,21260929,Flush (See),Flush 9-5-2 ♣,"(2, 9, 5, 2, 1)",1,39,0.01440576,8632,0.014387,51.7041,37.1803,26.7563,19.2308
discard1,"Deal 4, discard 1",4,10000000,21260929,Flush (See),Flush 9-4-3 ♠,"(2, 9, 4, 3, 4)",1,33,0.01218949,7365,0.012275,51.499,37.002,26.6286,19.2396
discard1,"Deal 4, discard 1",4,10000000,21260929,Flush (See),Flush 9-4-3 ♥,"(2, 9, 4, 3, 3)",1,33,0.01218949,7292,0.012153,51.4331,36.9144,26.514,19.0483
discard1,"Deal 4, discard 1",4,10000000,21260929,Flush (See),Flush 9-4-3 ♦,"(2, 9, 4, 3, 2)",1,33,0.01218949,7172,0.011953,51.2939,36.6718,26.1852,18.6838
discard1,"Deal 4, discard 1",4,10000000,21260929,Flush (See),Flush 9-4-3 ♣,"(2, 9, 4, 3, 1)",1,33,0.01218949,7284,0.01214,50.7633,36.1175,25.7029,18.2867
discard1,"Deal 4, discard 1",4,10000000,21260929,Flush (See),Flush 9-4-2 ♠,"(2, 9, 4, 2, 4)",1,36,0.01329763,7907,0.013178,50.9346,36.4348,26.1237,18.7935
discard1,"Deal 4, discard 1",4,10000000,21260929,Flush (See),Flush 9-4-2 ♥,"(2, 9, 4, 2, 3)",1,36,0.01329763,8002,0.013337,51.5784,37.0845,26.6458,19.0952
discard1,"Deal 4, discard 1",4,10000000,21260929,Flush (See),Flush 9-4-2 ♦,"(2, 9, 4, 2, 2)",1,36,0.01329763,7987,0.013312,50.904,36.3528,25.9647,18.4926
discard1,"Deal 4, discard 1",4,10000000,21260929,Flush (See),Flush 9-4-2 ♣,"(2, 9, 4, 2, 1)",1,36,0.01329763,7896,0.01316,51.2462,36.7439,26.3273,18.8323
discard1,"Deal 4, discard 1",4,10000000,21260929,Flush (See),Flush 9-3-2 ♠,"(2, 9, 3, 2, 4)",1,33,0.01218949,7254,0.01209,50.8657,36.4034,26.107,18.7758
discard1,"Deal 4, discard 1",4,10000000,21260929,Flush (See),Flush 9-3-2 ♥,"(2, 9, 3, 2, 3)",1,33,0.01218949,7274,0.012123,50.6984,36.1094,25.6805,18.2018
discard1,"Deal 4, discard 1",4,10000000,21260929,Flush (See),Flush 9-3-2 ♦,"(2, 9, 3, 2, 2)",1,33,0.01218949,7325,0.012208,50.5461,35.8171,25.2696,17.7065
discard1,"Deal 4, discard 1",4,10000000,21260929,Flush (See),Flush 9-3-2 ♣,"(2, 9, 3, 2, 1)",1,33,0.01218949,7308,0.01218,50.7731,36.3246,26.0345,18.6508
discard1,"Deal 4, discard 1",4,10000000,21260929,Flush (See),Flush 8-7-5 ♠,"(2, 8, 7, 5, 4)",1,36,0.01329763,7964,0.013273,51.454,36.9324,26.5043,19.0105
discard1,"Deal 4, discard 1",4,10000000,21260929,Flush (See),Flush 8-7-5 ♥,"(2, 8, 7, 5, 3)",1,36,0.01329763,8024,0.013373,50.9197,36.2911,25.85,18.3948
discard1,"Deal 4, discard 1",4,10000000,21260929,Flush (See),Flush 8-7-5 ♦,"(2, 8, 7, 5, 2)",1,36,0.01329763,8071,0.013452,50.5823,35.9014,25.4343,18.0027
discard1,"Deal 4, discard 1",4,10000000,21260929,Flush (See),Flush 8-7-5 ♣,"(2, 8, 7, 5, 1)",1,36,0.01329763,7925,0.013208,51.195,36.6145,26.1502,18.6877
discard1,"Deal 4, discard 1",4,10000000,21260929,Flush (See),Flush 8-7-4 ♠,"(2, 8, 7, 4, 4)",1,35,0.01292825,7767,0.012945,50.9206,36.3049,25.8761,18.4627
discard1,"Deal 4, discard 1",4,10000000,21260929,Flush (See),Flush 8-7-4 ♥,"(2, 8, 7, 4, 3)",1,35,0.01292825,7769,0.012948,51.4262,36.9069,26.4796,18.9471
discard1,"Deal 4, discard 1",4,10000000,21260929,Flush (See),Flush 8-7-4 ♦,"(2, 8, 7, 4, 2)",1,35,0.01292825,7803,0.013005,51.5481,36.923,26.3258,18.6339
discard1,"Deal 4, discard 1",4,10000000,21260929,Flush (See),Flush 8-7-4 ♣,"(2, 8, 7, 4, 1)",1,35,0.01292825,7988,0.013313,50.9339,36.362,25.8713,18.3025
discard1,"Deal 4, discard 1",4,10000000,21260929,Flush (See),Flush 8-7-3 ♠,"(2, 8, 7, 3, 4)",1,34,0.01255887,7570,0.012617,51.3078,36.8375,26.4861,19.0753
discard1,"Deal 4, discard 1",4,10000000,21260929,Flush (See),Flush 8-7-3 ♥,"(2, 8, 7, 3, 3)",1,34,0.01255887,7463,0.012438,50.9326,36.3822,25.9842,18.5314
discard1,"Deal 4, discard 1",4,10000000,21260929,Flush (See),Flush 8-7-3 ♦,"(2, 8, 7, 3, 2)",1,34,0.01255887,7474,0.012457,50.8683,36.3781,26.053,18.6513
discard1,"Deal 4, discard 1",4,10000000,21260929,Flush (See),Flush 8-7-3 ♣,"(2, 8, 7, 3, 1)",1,34,0.01255887,7502,0.012503,50.7651,36.0411,25.5532,18.1418
discard1,"Deal 4, discard 1",4,10000000,21260929,Flush (See),Flush 8-7-2 ♠,"(2, 8, 7, 2, 4)",1,33,0.01218949,7218,0.01203,50.0942,35.3921,24.9792,17.6088
discard1,"Deal 4, discard 1",4,10000000,21260929,Flush (See),Flush 8-7-2 ♥,"(2, 8, 7, 2, 3)",1,33,0.01218949,7407,0.012345,51.0895,36.5587,26.1131,18.55
discard1,"Deal 4, discard 1",4,10000000,21260929,Flush (See),Flush 8-7-2 ♦,"(2, 8, 7, 2, 2)",1,33,0.01218949,7294,0.012157,50.6361,36.1105,25.739,18.3164
discard1,"Deal 4, discard 1",4,10000000,21260929,Flush (See),Flush 8-7-2 ♣,"(2, 8, 7, 2, 1)",1,33,0.01218949,7237,0.012062,50.1202,35.505,25.1513,17.8112
discard1,"Deal 4, discard 1",4,10000000,21260929,Flush (See),Flush 8-6-5 ♠,"(2, 8, 6, 5, 4)",1,35,0.01292825,7669,0.012782,50.6415,35.9421,25.4244,17.8902
discard1,"Deal 4, discard 1",4,10000000,21260929,Flush (See),Flush 8-6-5 ♥,"(2, 8, 6, 5, 3)",1,35,0.01292825,7698,0.01283,50.7405,36.1458,25.7651,18.4334
discard1,"Deal 4, discard 1",4,10000000,21260929,Flush (See),Flush 8-6-5 ♦,"(2, 8, 6, 5, 2)",1,35,0.01292825,7822,0.013037,50.5433,36.0125,25.6635,18.2818
discard1,"Deal 4, discard 1",4,10000000,21260929,Flush (See),Flush 8-6-5 ♣,"(2, 8, 6, 5, 1)",1,35,0.01292825,7700,0.012833,50.5948,35.8,25.226,17.6753
discard1,"Deal 4, discard 1",4,10000000,21260929,Flush (See),Flush 8-6-4 ♠,"(2, 8, 6, 4, 4)",1,35,0.01292825,7646,0.012743,50.4133,35.7625,25.3387,17.9571
discard1,"Deal 4, discard 1",4,10000000,21260929,Flush (See),Flush 8-6-4 ♥,"(2, 8, 6, 4, 3)",1,35,0.01292825,7725,0.012875,50.7547,36.3172,26.1074,18.8997
discard1,"Deal 4, discard 1",4,10000000,21260929,Flush (See),Flush 8-6-4 ♦,"(2, 8, 6, 4, 2)",1,35,0.01292825,7666,0.012777,51.1792,36.7075,26.3475,18.8886
discard1,"Deal 4, discard 1",4,10000000,21260929,Flush (See),Flush 8-6-4 ♣,"(2, 8, 6, 4, 1)",1,35,0.01292825,7731,0.012885,50.6739,36.1066,25.7638,18.4064
discard1,"Deal 4, discard 1",4,10000000,21260929,Flush (See),Flush 8-6-3 ♠,"(2, 8, 6, 3, 4)",1,37,0.01366701,8060,0.013433,50.737,36.1191,25.7295,18.3375
discard1,"Deal 4, discard 1",4,10000000,21260929,Flush (See),Flush 8-6-3 ♥,"(2, 8, 6, 3, 3)",1,37,0.01366701,8203,0.013672,50.9033,36.3647,26.0831,18.8468
discard1,"Deal 4, discard 1",4,10000000,21260929,Flush (See),Flush 8-6-3 ♦,"(2, 8, 6, 3, 2)",1,37,0.01366701,8334,0.01389,50.5832,35.8147,25.2916,17.8426
discard1,"Deal 4, discard 1",4,10000000,21260929,Flush (See),Flush 8-6-3 ♣,"(2, 8, 6, 3, 1)",1,37,0.01366701,8171,0.013618,50.1432,35.522,25.1181,17.66
discard1,"Deal 4, discard 1",4,10000000,21260929,Flush (See),Flush 8-6-2 ♠,"(2, 8, 6, 2, 4)",1,36,0.01329763,8055,0.013425,50.5102,35.7703,25.2365,17.7281
discard1,"Deal 4, discard 1",4,10000000,21260929,Flush (See),Flush 8-6-2 ♥,"(2, 8, 6, 2, 3)",1,36,0.01329763,7918,0.013197,50.2286,35.586,25.1755,17.757
discard1,"Deal 4, discard 1",4,10000000,21260929,Flush (See),Flush 8-6-2 ♦,"(2, 8, 6, 2, 2)",1,36,0.01329763,7810,0.013017,49.5775,34.8681,24.4917,17.1831
discard1,"Deal 4, discard 1",4,10000000,21260929,Flush (See),Flush 8-6-2 ♣,"(2, 8, 6, 2, 1)",1,36,0.01329763,7969,0.013282,50.6337,36.1739,25.9154,18.5469
discard1,"Deal 4, discard 1",4,10000000,21260929,Flush (See),Flush 8-5-4 ♠,"(2, 8, 5, 4, 4)",1,34,0.01255887,7585,0.012642,50.4904,35.8207,25.4423,18.1015
discard1,"Deal 4, discard 1",4,10000000,21260929,Flush (See),Flush 8-5-4 ♥,"(2, 8, 5, 4, 3)",1,34,0.01255887,7510,0.012517,50.494,35.727,25.241,17.8695
discard1,"Deal 4, discard 1",4,10000000,21260929,Flush (See),Flush 8-5-4 ♦,"(2, 8, 5, 4, 2)",1,34,0.01255887,7430,0.012383,50.179,35.6487,25.3324,17.9677
discard1,"Deal 4, discard 1",4,10000000,21260929,Flush (See),Flush 8-5-4 ♣,"(2, 8, 5, 4, 1)",1,34,0.01255887,7665,0.012775,50.6301,36.1709,25.91,18.5519
discard1,"Deal 4, discard 1",4,10000000,21260929,Flush (See),Flush 8-5-3 ♠,"(2, 8, 5, 3, 4)",1,37,0.01366701,8135,0.013558,50.5138,35.968,25.5882,18.1684
discard1,"Deal 4, discard 1",4,10000000,21260929,Flush (See),Flush 8-5-3 ♥,"(2, 8, 5, 3, 3)",1,37,0.01366701,8241,0.013735,50.3458,35.81,25.5406,18.2745
discard1,"Deal 4, discard 1",4,10000000,21260929,Flush (See),Flush 8-5-3 ♦,"(2, 8, 5, 3, 2)",1,37,0.01366701,8158,0.013597,50.228,35.5099,25.0086,17.4798
discard1,"Deal 4, discard 1",4,10000000,21260929,Flush (See),Flush 8-5-3 ♣,"(2, 8, 5, 3, 1)",1,37,0.01366701,8164,0.013607,50.6124,35.8599,25.3724,17.9569
discard1,"Deal 4, discard 1",4,10000000,21260929,Flush (See),Flush 8-5-2 ♠,"(2, 8, 5, 2, 4)",1,39,0.01440576,8685,0.014475,49.8377,35.0892,24.631,17.2251
discard1,"Deal 4, discard 1",4,10000000,21260929,Flush (See),Flush 8-5-2 ♥,"(2, 8, 5, 2, 3)",1,39,0.01440576,8617,0.014362,50.448,35.7688,25.3499,17.9993
discard1,"Deal 4, discard 1",4,10000000,21260929,Flush (See),Flush 8-5-2 ♦,"(2, 8, 5, 2, 2)",1,39,0.01440576,8690,0.014483,50.5006,35.9781,25.7537,18.5731
discard1,"Deal 4, discard 1",4,10000000,21260929,Flush (See),Flush 8-5-2 ♣,"(2, 8, 5, 2, 1)",1,39,0.01440576,8686,0.014477,50.3408,35.7368,25.3696,18.006
discard1,"Deal 4, discard 1",4,10000000,21260929,Flush (See),Flush 8-4-3 ♠,"(2, 8, 4, 3, 4)",1,33,0.01218949,7221,0.012035,49.8657,35.1683,24.739,17.2829
discard1,"Deal 4, discard 1",4,10000000,21260929,Flush (See),Flush 8-4-3 ♥,"(2, 8, 4, 3, 3)",1,33,0.01218949,7129,0.011882,49.9439,35.1929,24.7103,17.2254
discard1,"Deal 4, discard 1",4,10000000,21260929,Flush (See),Flush 8-4-3 ♦,"(2, 8, 4, 3, 2)",1,33,0.01218949,7349,0.012248,50.6082,35.9736,25.6116,18.3018
discard1,"Deal 4, discard 1",4,10000000,21260929,Flush (See),Flush 8-4-3 ♣,"(2, 8, 4, 3, 1)",1,33,0.01218949,7227,0.012045,50.6919,36.21,25.9222,18.6108
discard1,"Deal 4, discard 1",4,10000000,21260929,Flush (See),Flush 8-4-2 ♠,"(2, 8, 4, 2, 4)",1,36,0.01329763,8067,0.013445,50.2777,35.6601,25.2733,17.8877
discard1,"Deal 4, discard 1",4,10000000,21260929,Flush (See),Flush 8-4-2 ♥,"(2, 8, 4, 2, 3)",1,36,0.01329763,8008,0.013347,50.0087,35.3247,24.96,17.6324
discard1,"Deal 4, discard 1",4,10000000,21260929,Flush (See),Flush 8-4-2 ♦,"(2, 8, 4, 2, 2)",1,36,0.01329763,7898,0.013163,49.2948,34.7328,24.5556,17.4601
discard1,"Deal 4, discard 1",4,10000000,21260929,Flush (See),Flush 8-4-2 ♣,"(2, 8, 4, 2, 1)",1,36,0.01329763,7984,0.013307,49.8221,35.1365,24.7395,17.3597
discard1,"Deal 4, discard 1",4,10000000,21260929,Flush (See),Flush 8-3-2 ♠,"(2, 8, 3, 2, 4)",1,33,0.01218949,7441,0.012402,49.3052,34.4886,23.9511,16.4494
discard1,"Deal 4, discard 1",4,10000000,21260929,Flush (See),Flush 8-3-2 ♥,"(2, 8, 3, 2, 3)",1,33,0.01218949,7254,0.01209,50.4039,35.761,25.3901,18.0728
discard1,"Deal 4, discard 1",4,10000000,21260929,Flush (See),Flush 8-3-2 ♦,"(2, 8, 3, 2, 2)",1,33,0.01218949,7356,0.01226,49.7635,35.0734,24.758,17.5911
discard1,"Deal 4, discard 1",4,10000000,21260929,Flush (See),Flush 8-3-2 ♣,"(2, 8, 3, 2, 1)",1,33,0.01218949,7287,0.012145,49.8285,35.3081,25.0611,17.84
discard1,"Deal 4, discard 1",4,10000000,21260929,Flush (See),Flush 7-6-4 ♠,"(2, 7, 6, 4, 4)",1,35,0.01292825,7815,0.013025,50.3173,35.6468,25.2079,17.8119
discard1,"Deal 4, discard 1",4,10000000,21260929,Flush (See),Flush 7-6-4 ♥,"(2, 7, 6, 4, 3)",1,35,0.01292825,7678,0.012797,49.931,35.31,24.9779,17.6608
discard1,"Deal 4, discard 1",4,10000000,21260929,Flush (See),Flush 7-6-4 ♦,"(2, 7, 6, 4, 2)",1,35,0.01292825,7787,0.012978,50.4058,35.7635,25.3756,18.0301
discard1,"Deal 4, discard 1",4,10000000,21260929,Flush (See),Flush 7-6-4 ♣,"(2, 7, 6, 4, 1)",1,35,0.01292825,7713,0.012855,49.7303,34.9825,24.5819,17.2436
discard1,"Deal 4, discard 1",4,10000000,21260929,Flush (See),Flush 7-6-3 ♠,"(2, 7, 6, 3, 4)",1,34,0.01255887,7476,0.01246,49.2068,34.4449,24.053,16.7603
discard1,"Deal 4, discard 1",4,10000000,21260929,Flush (See),Flush 7-6-3 ♥,"(2, 7, 6, 3, 3)",1,34,0.01255887,7673,0.012788,49.6768,34.9603,24.5667,17.151
discard1,"Deal 4, discard 1",4,10000000,21260929,Flush (See),Flush 7-6-3 ♦,"(2, 7, 6, 3, 2)",1,34,0.01255887,7377,0.012295,49.9878,35.181,24.5601,16.8903
discard1,"Deal 4, discard 1",4,10000000,21260929,Flush (See),Flush 7-6-3 ♣,"(2, 7, 6, 3, 1)",1,34,0.01255887,7552,0.012587,49.379,34.759,24.4677,17.2272
discard1,"Deal 4, discard 1",4,10000000,21260929,Flush (See),Flush 7-6-2 ♠,"(2, 7, 6, 2, 4)",1,33,0.01218949,7401,0.012335,50.1486,35.6209,25.4398,18.3489
discard1,"Deal 4, discard 1",4,10000000,21260929,Flush (See),Flush 7-6-2 ♥,"(2, 7, 6, 2, 3)",1,33,0.01218949,7350,0.01225,49.5197,34.7973,24.4381,17.1837
discard1,"Deal 4, discard 1",4,10000000,21260929,Flush (See),Flush 7-6-2 ♦,"(2, 7, 6, 2, 2)",1,33,0.01218949,7138,0.011897,49.3836,34.6764,24.3373,17.0636
discard1,"Deal 4, discard 1",4,10000000,21260929,Flush (See),Flush 7-6-2 ♣,"(2, 7, 6, 2, 1)",1,33,0.01218949,7368,0.01228,49.2712,34.6376,24.3702,17.1417
discard1,"Deal 4, discard 1",4,10000000,21260929,Flush (See),Flush 7-5-4 ♠,"(2, 7, 5, 4, 4)",1,34,0.01255887,7456,0.012427,49.5856,34.8994,24.552,17.2479
discard1,"Deal 4, discard 1",4,10000000,21260929,Flush (See),Flush 7-5-4 ♥,"(2, 7, 5, 4, 3)",1,34,0.01255887,7517,0.012528,49.6302,35.0858,24.8663,17.6932
discard1,"Deal 4, discard 1",4,10000000,21260929,Flush (See),Flush 7-5-4 ♦,"(2, 7, 5, 4, 2)",1,34,0.01255887,7562,0.012603,49.8744,35.2103,24.9114,17.7202
discard1,"Deal 4, discard 1",4,10000000,21260929,Flush (See),Flush 7-5-4 ♣,"(2, 7, 5, 4, 1)",1,34,0.01255887,7482,0.01247,50.0748,35.4838,25.2205,18.0166
discard1,"Deal 4, discard 1",4,10000000,21260929,Flush (See),Flush 7-5-3 ♠,"(2, 7, 5, 3, 4)",1,34,0.01255887,7476,0.01246,49.8488,35.3464,25.2194,18.1514
discard1,"Deal 4, discard 1",4,10000000,21260929,Flush (See),Flush 7-5-3 ♥,"(2, 7, 5, 3, 3)",1,34,0.01255887,7420,0.012367,50.0849,35.5445,25.2884,18.0593
discard1,"Deal 4, discard 1",4,10000000,21260929,Flush (See),Flush 7-5-3 ♦,"(2, 7, 5, 3, 2)",1,34,0.01255887,7540,0.012567,50.3369,35.8382,25.5517,18.2228
discard1,"Deal 4, discard 1",4,10000000,21260929,Flush (See),Flush 7-5-3 ♣,"(2, 7, 5, 3, 1)",1,34,0.01255887,7511,0.012518,49.2637,34.5427,24.1832,16.8819
discard1,"Deal 4, discard 1",4,10000000,21260929,Flush (See),Flush 7-5-2 ♠,"(2, 7, 5, 2, 4)",1,36,0.01329763,7983,0.013305,49.9261,35.3063,24.9355,17.5748
discard1,"Deal 4, discard 1",4,10000000,21260929,Flush (See),Flush 7-5-2 ♥,"(2, 7, 5, 2, 3)",1,36,0.01329763,7879,0.013132,49.4377,34.8826,24.7087,17.6545
discard1,"Deal 4, discard 1",4,10000000,21260929,Flush (See),Flush 7-5-2 ♦,"(2, 7, 5, 2, 2)",1,36,0.01329763,7992,0.01332,49.1016,34.5283,24.3393,17.1672
discard1,"Deal 4, discard 1",4,10000000,21260929,Flush (See),Flush 7-5-2 ♣,"(2, 7, 5, 2, 1)",1,36,0.01329763,7889,0.013148,49.0582,34.2819,23.8661,16.4913
discard1,"Deal 4, discard 1",4,10000000,21260929,Flush (See),Flush 7-4-3 ♠,"(2, 7, 4, 3, 4)",1,33,0.01218949,7317,0.012195,49.5244,34.9884,24.8353,17.7668
discard1,"Deal 4, discard 1",4,10000000,21260929,Flush (See),Flush 7-4-3 ♥,"(2, 7, 4, 3, 3)",1,33,0.01218949,7337,0.012228,50.0327,35.3441,24.8848,17.4049
discard1,"Deal 4, discard 1",4,10000000,21260929,Flush (See),Flush 7-4-3 ♦,"(2, 7, 4, 3, 2)",1,33,0.01218949,7380,0.0123,49.4079,34.7412,24.439,17.2087
discard1,"Deal 4, discard 1",4,10000000,21260929,Flush (See),Flush 7-4-3 ♣,"(2, 7, 4, 3, 1)",1,33,0.01218949,7337,0.012228,49.831,35.0988,24.6722,17.3095
discard1,"Deal 4, discard 1",4,10000000,21260929,Flush (See),Flush 7-4-2 ♠,"(2, 7, 4, 2, 4)",1,36,0.01329763,8103,0.013505,49.2336,34.4885,24.1219,16.8456
discard1,"Deal 4, discard 1",4,10000000,21260929,Flush (See),Flush 7-4-2 ♥,"(2, 7, 4, 2, 3)",1,36,0.01329763,8011,0.013352,50.0387,35.5224,25.2877,18.1001
discard1,"Deal 4, discard 1",4,10000000,21260929,Flush (See),Flush 7-4-2 ♦,"(2, 7, 4, 2, 2)",1,36,0.01329763,7981,0.013302,49.1718,34.6523,24.5257,17.454
discard1,"Deal 4, discard 1",4,10000000,21260929,Flush (See),Flush 7-4-2 ♣,"(2, 7, 4, 2, 1)",1,36,0.01329763,8019,0.013365,49.7269,35.1141,24.8235,17.5832
discard1,"Deal 4, discard 1",4,10000000,21260929,Flush (See),Flush 7-3-2 ♠,"(2, 7, 3, 2, 4)",1,33,0.01218949,7478,0.012463,49.2525,34.5253,24.1722,16.8762
discard1,"Deal 4, discard 1",4,10000000,21260929,Flush (See),Flush 7-3-2 ♥,"(2, 7, 3, 2, 3)",1,33,0.01218949,7410,0.01235,49.6208,35.1161,24.9285,17.7058
discard1,"Deal 4, discard 1",4,10000000,21260929,Flush (See),Flush 7-3-2 ♦,"(2, 7, 3, 2, 2)",1,33,0.01218949,7390,0.012317,49.0609,34.3288,24.0244,16.8336
discard1,"Deal 4, discard 1",4,10000000,21260929,Flush (See),Flush 7-3-2 ♣,"(2, 7, 3, 2, 1)",1,33,0.01218949,7356,0.01226,49.3937,34.773,24.5541,17.4008
discard1,"Deal 4, discard 1",4,10000000,21260929,Flush (See),Flush 6-5-3 ♠,"(2, 6, 5, 3, 4)",1,34,0.01255887,7470,0.01245,49.1446,34.3922,24.0321,16.7604
discard1,"Deal 4, discard 1",4,10000000,21260929,Flush (See),Flush 6-5-3 ♥,"(2, 6, 5, 3, 3)",1,34,0.01255887,7519,0.012532,49.4521,34.849,24.607,17.4225
discard1,"Deal 4, discard 1",4,10000000,21260929,Flush (See),Flush 6-5-3 ♦,"(2, 6, 5, 3, 2)",1,34,0.01255887,7540,0.012567,49.1936,34.6154,24.4111,17.2679
discard1,"Deal 4, discard 1",4,10000000,21260929,Flush (See),Flush 6-5-3 ♣,"(2, 6, 5, 3, 1)",1,34,0.01255887,7542,0.01257,49.4444,34.8329,24.5479,17.2368
discard1,"Deal 4, discard 1",4,10000000,21260929,Flush (See),Flush 6-5-2 ♠,"(2, 6, 5, 2, 4)",1,33,0.01218949,7332,0.01222,49.7777,35.1337,24.8309,17.5805
discard1,"Deal 4, discard 1",4,10000000,21260929,Flush (See),Flush 6-5-2 ♥,"(2, 6, 5, 2, 3)",1,33,0.01218949,7325,0.012208,49.4498,34.8382,24.5788,17.3925
discard1,"Deal 4, discard 1",4,10000000,21260929,Flush (See),Flush 6-5-2 ♦,"(2, 6, 5, 2, 2)",1,33,0.01218949,7445,0.012408,49.4305,34.9389,24.8355,17.7837
discard1,"Deal 4, discard 1",4,10000000,21260929,Flush (See),Flush 6-5-2 ♣,"(2, 6, 5, 2, 1)",1,33,0.01218949,7338,0.01223,49.0188,34.3118,24.0038,16.7757
discard1,"Deal 4, discard 1",4,10000000,21260929,Flush (See),Flush 6-4-3 ♠,"(2, 6, 4, 3, 4)",1,33,0.01218949,7313,0.012188,48.7748,34.1775,24.0476,16.9698
discard1,"Deal 4, discard 1",4,10000000,21260929,Flush (See),Flush 6-4-3 ♥,"(2, 6, 4, 3, 3)",1,33,0.01218949,7406,0.012343,49.7556,35.1296,24.8393,17.6344
discard1,"Deal 4, discard 1",4,10000000,21260929,Flush (See),Flush 6-4-3 ♦,"(2, 6, 4, 3, 2)",1,33,0.01218949,7385,0.012308,49.7793,35.1374,24.8341,17.6439
discard1,"Deal 4, discard 1",4,10000000,21260929,Flush (See),Flush 6-4-3 ♣,"(2, 6, 4, 3, 1)",1,33,0.01218949,7343,0.012238,48.9841,34.2735,24.031,16.9413
discard1,"Deal 4, discard 1",4,10000000,21260929,Flush (See),Flush 6-4-2 ♠,"(2, 6, 4, 2, 4)",1,33,0.01218949,7267,0.012112,49.6615,35.2043,25.0833,17.9717
discard1,"Deal 4, discard 1",4,10000000,21260929,Flush (See),Flush 6-4-2 ♥,"(2, 6, 4, 2, 3)",1,33,0.01218949,7500,0.0125,49.0307,34.3507,24.12,17.0133
discard1,"Deal 4, discard 1",4,10000000,21260929,Flush (See),Flush 6-4-2 ♦,"(2, 6, 4, 2, 2)",1,33,0.01218949,7307,0.012178,49.4416,34.7133,24.3301,17.0111
discard1,"Deal 4, discard 1",4,10000000,21260929,Flush (See),Flush 6-4-2 ♣,"(2, 6, 4, 2, 1)",1,33,0.01218949,7295,0.012158,49.1885,34.6895,24.584,17.5051
discard1,"Deal 4, discard 1",4,10000000,21260929,Flush (See),Flush 6-3-2 ♠,"(2, 6, 3, 2, 4)",1,33,0.01218949,7198,0.011997,49.2776,34.6263,24.4485,17.491
discard1,"Deal 4, discard 1",4,10000000,21260929,Flush (See),Flush 6-3-2 ♥,"(2, 6, 3, 2, 3)",1,33,0.01218949,7416,0.01236,48.8215,34.1154,23.7945,16.5183
discard1,"Deal 4, discard 1",4,10000000,21260929,Flush (See),Flush 6-3-2 ♦,"(2, 6, 3, 2, 2)",1,33,0.01218949,7405,0.012342,48.7792,34.0945,23.8731,16.786
discard1,"Deal 4, discard 1",4,10000000,21260929,Flush (See),Flush 6-3-2 ♣,"(2, 6, 3, 2, 1)",1,33,0.01218949,7438,0.012397,48.4821,33.8169,23.5413,16.2678
discard1,"Deal 4, discard 1",4,10000000,21260929,Flush (See),Flush 5-4-2 ♠,"(2, 5, 4, 2, 4)",1,33,0.01218949,7140,0.0119,48.542,33.8796,23.6583,16.5546
discard1,"Deal 4, discard 1",4,10000000,21260929,Flush (See),Flush 5-4-2 ♥,"(2, 5, 4, 2, 3)",1,33,0.01218949,7229,0.012048,48.6665,33.8373,23.486,16.3231
discard1,"Deal 4, discard 1",4,10000000,21260929,Flush (See),Flush 5-4-2 ♦,"(2, 5, 4, 2, 2)",1,33,0.01218949,7377,0.012295,49.0104,34.3432,24.0504,16.7548
discard1,"Deal 4, discard 1",4,10000000,21260929,Flush (See),Flush 5-4-2 ♣,"(2, 5, 4, 2, 1)",1,33,0.01218949,7301,0.012168,48.4345,33.8337,23.7146,16.7374
discard1,"Deal 4, discard 1",4,10000000,21260929,Flush (See),Flush 5-3-2 ♠,"(2, 5, 3, 2, 4)",1,33,0.01218949,7297,0.012162,48.6268,34.0496,24.0044,17.1303
discard1,"Deal 4, discard 1",4,10000000,21260929,Flush (See),Flush 5-3-2 ♥,"(2, 5, 3, 2, 3)",1,33,0.01218949,7302,0.01217,48.7743,34.0331,23.6949,16.4202
discard1,"Deal 4, discard 1",4,10000000,21260929,Flush (See),Flush 5-3-2 ♦,"(2, 5, 3, 2, 2)",1,33,0.01218949,7219,0.012032,48.763,34.146,23.9147,16.6782
discard1,"Deal 4, discard 1",4,10000000,21260929,Flush (See),Flush 5-3-2 ♣,"(2, 5, 3, 2, 1)",1,33,0.01218949,7278,0.01213,48.31,33.5903,23.3828,16.3369
discard1,"Deal 4, discard 1",4,10000000,21260929,Point total (Tam),"9 points, pair A, kicker 7♠","(1, 9, 1, 14, 7, 4)",6,249,0.09197525,55297,0.092162,48.8728,34.2058,23.9688,16.8273
discard1,"Deal 4, discard 1",4,10000000,21260929,Point total (Tam),"9 points, pair A, kicker 7♥","(1, 9, 1, 14, 7, 3)",6,243,0.08975898,53881,0.089802,48.8011,34.1336,23.9138,16.7814
discard1,"Deal 4, discard 1",4,10000000,21260929,Point total (Tam),"9 points, pair A, kicker 7♦","(1, 9, 1, 14, 7, 2)",6,237,0.08754271,52327,0.087212,48.9955,34.3133,24.0243,16.8135
discard1,"Deal 4, discard 1",4,10000000,21260929,Point total (Tam),"9 points, pair A, kicker 7♣","(1, 9, 1, 14, 7, 1)",6,231,0.08532644,51304,0.085507,49.1394,34.4538,24.1443,16.8837
discard1,"Deal 4, discard 1",4,10000000,21260929,Point total (Tam),"9 points, pair K, kicker 9♠","(1, 9, 1, 13, 9, 4)",6,207,0.07646135,46264,0.077107,49.5372,34.8822,24.5625,17.2748
discard1,"Deal 4, discard 1",4,10000000,21260929,Point total (Tam),"9 points, pair K, kicker 9♥","(1, 9, 1, 13, 9, 3)",6,201,0.07424508,44412,0.07402,49.5499,34.9462,24.6672,17.4187
discard1,"Deal 4, discard 1",4,10000000,21260929,Point total (Tam),"9 points, pair K, kicker 9♦","(1, 9, 1, 13, 9, 2)",6,195,0.07202881,43299,0.072165,49.585,34.9639,24.6759,17.4438
discard1,"Deal 4, discard 1",4,10000000,21260929,Point total (Tam),"9 points, pair K, kicker 9♣","(1, 9, 1, 13, 9, 1)",6,189,0.06981254,41683,0.069472,49.4545,34.8027,24.4886,17.2276
discard1,"Deal 4, discard 1",4,10000000,21260929,Point total (Tam),"9 points, pair Q, kicker 9♠","(1, 9, 1, 12, 9, 4)",6,207,0.07646135,46021,0.076702,49.7616,35.1416,24.8122,17.4811
discard1,"Deal 4, discard 1",4,10000000,21260929,Point total (Tam),"9 points, pair Q, kicker 9♥","(1, 9, 1, 12, 9, 3)",6,201,0.07424508,44627,0.074378,49.6941,35.0644,24.7352,17.4132
discard1,"Deal 4, discard 1",4,10000000,21260929,Point total (Tam),"9 points, pair Q, kicker 9♦","(1, 9, 1, 12, 9, 2)",6,195,0.07202881,42981,0.071635,49.8827,35.3545,25.1144,17.8986
discard1,"Deal 4, discard 1",4,10000000,21260929,Point total (Tam),"9 points, pair Q, kicker 9♣","(1, 9, 1, 12, 9, 1)",6,189,0.06981254,42187,0.070312,49.7535,35.1158,24.802,17.5481
discard1,"Deal 4, discard 1",4,10000000,21260929,Point total (Tam),"9 points, pair J, kicker 9♠","(1, 9, 1, 11, 9, 4)",6,186,0.0687044,41032,0.068387,49.2252,34.5289,24.207,16.9746
discard1,"Deal 4, discard 1",4,10000000,21260929,Point total (Tam),"9 points, pair J, kicker 9♥","(1, 9, 1, 11, 9, 3)",6,180,0.06648813,39938,0.066563,49.0345,34.3778,24.1539,17.0389
discard1,"Deal 4, discard 1",4,10000000,21260929,Point total (Tam),"9 points, pair J, kicker 9♦","(1, 9, 1, 11, 9, 2)",6,174,0.06427186,38658,0.06443,48.9004,34.3137,24.1358,17.0211
discard1,"Deal 4, discard 1",4,10000000,21260929,Point total (Tam),"9 points, pair J, kicker 9♣","(1, 9, 1, 11, 9, 1)",6,168,0.06205559,36778,0.061297,49.333,34.708,24.4646,17.312
discard1,"Deal 4, discard 1",4,10000000,21260929,Point total (Tam),"9 points, pair 10, kicker 9♠","(1, 9, 1, 10, 9, 4)",6,207,0.07646135,46111,0.076852,47.4841,32.7148,22.51,15.4367
discard1,"Deal 4, discard 1",4,10000000,21260929,Point total (Tam),"9 points, pair 10, kicker 9♥","(1, 9, 1, 10, 9, 3)",6,201,0.07424508,44909,0.074848,47.503,32.7464,22.5572,15.5381
discard1,"Deal 4, discard 1",4,10000000,21260929,Point total (Tam),"9 points, pair 10, kicker 9♦","(1, 9, 1, 10, 9, 2)",6,195,0.07202881,43484,0.072473,47.4731,32.7341,22.5991,15.6241
discard1,"Deal 4, discard 1",4,10000000,21260929,Point total (Tam),"9 points, pair 10, kicker 9♣","(1, 9, 1, 10, 9, 1)",6,189,0.06981254,42178,0.070297,47.4593,32.7306,22.6033,15.6669
discard1,"Deal 4, discard 1",4,10000000,21260929,Point total (Tam),"9 points, pair 9, kicker A♠","(1, 9, 1, 9, 14, 4)",6,249,0.09197525,55508,0.092513,47.9225,33.2017,23.0237,15.9815
discard1,"Deal 4, discard 1",4,10000000,21260929,Point total (Tam),"9 points, pair 9, kicker A♥","(1, 9, 1, 9, 14, 3)",6,243,0.08975898,53755,0.089592,47.9544,33.2166,23.0107,15.9539
discard1,"Deal 4, discard 1",4,10000000,21260929,Point total (Tam),"9 points, pair 9, kicker A♦","(1, 9, 1, 9, 14, 2)",6,237,0.08754271,52566,0.08761,47.9846,33.2717,23.0815,15.9932
discard1,"Deal 4, discard 1",4,10000000,21260929,Point total (Tam),"9 points, pair 9, kicker A♣","(1, 9, 1, 9, 14, 1)",6,231,0.08532644,50964,0.08494,47.876,33.1558,22.9943,15.9878
discard1,"Deal 4, discard 1",4,10000000,21260929,Point total (Tam),"9 points, pair 8, kicker 3♠","(1, 9, 1, 8, 3, 4)",6,249,0.09197525,54941,0.091568,46.4029,31.6811,21.6829,14.9014
discard1,"Deal 4, discard 1",4,10000000,21260929,Point total (Tam),"9 points, pair 8, kicker 3♥","(1, 9, 1, 8, 3, 3)",6,243,0.08975898,53809,0.089682,46.3597,31.5603,21.4637,14.5589
discard1,"Deal 4, discard 1",4,10000000,21260929,Point total (Tam),"9 points, pair 8, kicker 3♦","(1, 9, 1, 8, 3, 2)",6,237,0.08754271,52701,0.087835,46.4771,31.6992,21.6243,14.7511
discard1,"Deal 4, discard 1",4,10000000,21260929,Point total (Tam),"9 points, pair 8, kicker 3♣","(1, 9, 1, 8, 3, 1)",6,231,0.08532644,51259,0.085432,46.4574,31.6645,21.588,14.7194
discard1,"Deal 4, discard 1",4,10000000,21260929,Point total (Tam),"9 points, pair 7, kicker 5♠","(1, 9, 1, 7, 5, 4)",6,228,0.0842183,50752,0.084587,46.2246,31.5588,21.6173,14.8644
discard1,"Deal 4, discard 1",4,10000000,21260929,Point total (Tam),"9 points, pair 7, kicker 5♥","(1, 9, 1, 7, 5, 3)",6,222,0.08200203,49185,0.081975,46.2621,31.5523,21.5602,14.7586
discard1,"Deal 4, discard 1",4,10000000,21260929,Point total (Tam),"9 points, pair 7, kicker 5♦","(1, 9, 1, 7, 5, 2)",6,216,0.07978576,47985,0.079975,45.9319,31.0791,20.9957,14.1586
discard1,"Deal 4, discard 1",4,10000000,21260929,Point total (Tam),"9 points, pair 7, kicker 5♣","(1, 9, 1, 7, 5, 1)",6,210,0.07756949,46675,0.077792,45.9029,31.1014,21.0867,14.3353
discard1,"Deal 4, discard 1",4,10000000,21260929,Point total (Tam),"9 points, pair 6, kicker 7♠","(1, 9, 1, 6, 7, 4)",6,207,0.07646135,46198,0.076997,45.8845,31.0996,21.0806,14.2907
discard1,"Deal 4, discard 1",4,10000000,21260929,Point total (Tam),"9 points, pair 6, kicker 7♥","(1, 9, 1, 6, 7, 3)",6,201,0.07424508,44430,0.07405,45.3459,30.5213,20.5046,13.7205
discard1,"Deal 4, discard 1",4,10000000,21260929,Point total (Tam),"9 points, pair 6, kicker 7♦","(1, 9, 1, 6, 7, 2)",6,195,0.07202881,43322,0.072203,45.6715,30.8455,20.8402,14.1037
discard1,"Deal 4, discard 1",4,10000000,21260929,Point total (Tam),"9 points, pair 6, kicker 7♣","(1, 9, 1, 6, 7, 1)",6,189,0.06981254,42005,0.070008,45.4415,30.6323,20.6433,13.8983
discard1,"Deal 4, discard 1",4,10000000,21260929,Point total (Tam),"9 points, pair 5, kicker 9♠","(1, 9, 1, 5, 9, 4)",6,249,0.09197525,55355,0.092258,45.9816,31.2087,21.2104,14.454
discard1,"Deal 4, discard 1",4,10000000,21260929,Point total (Tam),"9 points, pair 5, kicker 9♥","(1, 9, 1, 5, 9, 3)",6,243,0.08975898,53336,0.088893,45.699,30.9277,20.9502,14.2062
discard1,"Deal 4, discard 1",4,10000000,21260929,Point total (Tam),"9 points, pair 5, kicker 9♦","(1, 9, 1, 5, 9, 2)",6,237,0.08754271,52626,0.08771,45.7677,30.9702,20.9718,14.2287
discard1,"Deal 4, discard 1",4,10000000,21260929,Point total (Tam),"9 points, pair 5, kicker 9♣","(1, 9, 1, 5, 9, 1)",6,231,0.08532644,51272,0.085453,45.6838,30.8917,20.9085,14.1734
discard1,"Deal 4, discard 1",4,10000000,21260929,Point total (Tam),"9 points, pair 4, kicker A♠","(1, 9, 1, 4, 14, 4)",6,249,0.09197525,55399,0.092332,44.4219,29.6509,19.8105,13.2493
discard1,"Deal 4, discard 1",4,10000000,21260929,Point total (Tam),"9 points, pair 4, kicker A♥","(1, 9, 1, 4, 14, 3)",6,243,0.08975898,54165,0.090275,44.4717,29.6407,19.726,13.1007
discard1,"Deal 4, discard 1",4,10000000,21260929,Point total (Tam),"9 points, pair 4, kicker A♦","(1, 9, 1, 4, 14, 2)",6,237,0.08754271,52666,0.087777,44.3799,29.6204,19.79,13.2192
discard1,"Deal 4, discard 1",4,10000000,21260929,Point total (Tam),"9 points, pair 4, kicker A♣","(1, 9, 1, 4, 14, 1)",6,231,0.08532644,51189,0.085315,44.4771,29.6763,19.8019,13.2196
discard1,"Deal 4, discard 1",4,10000000,21260929,Point total (Tam),"9 points, pair 2, kicker 5♠","(1, 9, 1, 2, 5, 4)",6,249,0.09197525,55321,0.092202,43.7346,29.0089,19.2979,12.9119
discard1,"Deal 4, discard 1",4,10000000,21260929,Point total (Tam),"9 points, pair 2, kicker 5♥","(1, 9, 1, 2, 5, 3)",6,243,0.08975898,53822,0.089703,43.7518,29.0086,19.2654,12.8182
discard1,"Deal 4, discard 1",4,10000000,21260929,Point total (Tam),"9 points, pair 2, kicker 5♦","(1, 9, 1, 2, 5, 2)",6,237,0.08754271,52896,0.08816,43.7419,29.0236,19.3327,12.984
discard1,"Deal 4, discard 1",4,10000000,21260929,Point total (Tam),"9 points, pair 2, kicker 5♣","(1, 9, 1, 2, 5, 1)",6,231,0.08532644,50972,0.084953,43.4852,28.6744,18.9135,12.4774
discard1,"Deal 4, discard 1",4,10000000,21260929,Point total (Tam),"9 points, A-K-8, control A♠","(1, 9, 0, 14, 13, 8, 4)",15,543,0.20057254,120499,0.200832,44.138,29.3244,19.4785,12.9246
discard1,"Deal 4, discard 1",4,10000000,21260929,Point total (Tam),"9 points, A-K-8, control A♥","(1, 9, 0, 14, 13, 8, 3)",15,529,0.19540124,117071,0.195118,44.0301,29.2601,19.4475,12.911
discard1,"Deal 4, discard 1",4,10000000,21260929,Point total (Tam),"9 points, A-K-8, control A♦","(1, 9, 0, 14, 13, 8, 2)",15,515,0.19022994,114219,0.190365,44.0262,29.2283,19.4171,12.9164
discard1,"Deal 4, discard 1",4,10000000,21260929,Point total (Tam),"9 points, A-K-8, control A♣","(1, 9, 0, 14, 13, 8, 1)",15,501,0.18505864,111390,0.18565,43.6744,28.8775,19.1111,12.6717
discard1,"Deal 4, discard 1",4,10000000,21260929,Point total (Tam),"9 points, A-Q-8, control A♠","(1, 9, 0, 14, 12, 8, 4)",15,543,0.20057254,120361,0.200602,43.813,29.0039,19.1815,12.6511
discard1,"Deal 4, discard 1",4,10000000,21260929,Point total (Tam),"9 points, A-Q-8, control A♥","(1, 9, 0, 14, 12, 8, 3)",15,529,0.19540124,117112,0.195187,43.6393,28.8976,19.1601,12.7126
discard1,"Deal 4, discard 1",4,10000000,21260929,Point total (Tam),"9 points, A-Q-8, control A♦","(1, 9, 0, 14, 12, 8, 2)",15,515,0.19022994,113931,0.189885,43.5052,28.736,18.9931,12.5506
discard1,"Deal 4, discard 1",4,10000000,21260929,Point total (Tam),"9 points, A-Q-8, control A♣","(1, 9, 0, 14, 12, 8, 1)",15,501,0.18505864,110900,0.184833,43.3209,28.5192,18.782,12.3805
discard1,"Deal 4, discard 1",4,10000000,21260929,Point total (Tam),"9 points, A-J-8, control A♠","(1, 9, 0, 14, 11, 8, 4)",15,492,0.18173423,108521,0.180868,43.0777,28.307,18.6279,12.2861
discard1,"Deal 4, discard 1",4,10000000,21260929,Point total (Tam),"9 points, A-J-8, control A♥","(1, 9, 0, 14, 11, 8, 3)",15,478,0.17656293,106076,0.176793,43.0361,28.2978,18.644,12.3195
discard1,"Deal 4, discard 1",4,10000000,21260929,Point total (Tam),"9 points, A-J-8, control A♦","(1, 9, 0, 14, 11, 8, 2)",15,464,0.17139163,103168,0.171947,42.7182,27.9515,18.3008,11.9834
discard1,"Deal 4, discard 1",4,10000000,21260929,Point total (Tam),"9 points, A-J-8, control A♣","(1, 9, 0, 14, 11, 8, 1)",15,450,0.16622033,99712,0.166187,42.754,28.0242,18.4054,12.1099
discard1,"Deal 4, discard 1",4,10000000,21260929,Point total (Tam),"9 points, A-10-8, control A♠","(1, 9, 0, 14, 10, 8, 4)",15,390,0.14405762,86768,0.144613,41.7425,26.9859,17.4486,11.3026
discard1,"Deal 4, discard 1",4,10000000,21260929,Point total (Tam),"9 points, A-10-8, control A♥","(1, 9, 0, 14, 10, 8, 3)",15,376,0.13888632,83216,0.138693,41.5407,26.7642,17.2116,11.0243
discard1,"Deal 4, discard 1",4,10000000,21260929,Point total (Tam),"9 points, A-10-8, control A♦","(1, 9, 0, 14, 10, 8, 2)",15,362,0.13371502,80414,0.134023,41.2842,26.5722,17.1348,11.0839
discard1,"Deal 4, discard 1",4,10000000,21260929,Point total (Tam),"9 points, A-10-8, control A♣","(1, 9, 0, 14, 10, 8, 1)",15,348,0.12854373,77189,0.128648,41.4502,26.6596,17.1224,10.9601
discard1,"Deal 4, discard 1",4,10000000,21260929,Point total (Tam),"9 points, A-6-2, control A♠","(1, 9, 0, 14, 6, 2, 4)",15,543,0.20057254,120442,0.200737,40.3633,25.6235,16.2513,10.2888
discard1,"Deal 4, discard 1",4,10000000,21260929,Point total (Tam),"9 points, A-6-2, control A♥","(1, 9, 0, 14, 6, 2, 3)",15,529,0.19540124,117104,0.195173,40.3107,25.5921,16.2338,10.2849
discard1,"Deal 4, discard 1",4,10000000,21260929,Point total (Tam),"9 points, A-6-2, control A♦","(1, 9, 0, 14, 6, 2, 2)",15,515,0.19022994,113640,0.1894,40.1162,25.4017,16.0892,10.1971
discard1,"Deal 4, discard 1",4,10000000,21260929,Point total (Tam),"9 points, A-6-2, control A♣","(1, 9, 0, 14, 6, 2, 1)",15,501,0.18505864,110957,0.184928,39.888,25.2115,15.9491,10.1102
discard1,"Deal 4, discard 1",4,10000000,21260929,Point total (Tam),"9 points, A-5-3, control A♠","(1, 9, 0, 14, 5, 3, 4)",15,492,0.18173423,109399,0.182332,39.9942,25.2775,15.9775,10.0961
discard1,"Deal 4, discard 1",4,10000000,21260929,Point total (Tam),"9 points, A-5-3, control A♥","(1, 9, 0, 14, 5, 3, 3)",15,478,0.17656293,106108,0.176847,39.9728,25.3104,16.0489,10.1868
discard1,"Deal 4, discard 1",4,10000000,21260929,Point total (Tam),"9 points, A-5-3, control A♦","(1, 9, 0, 14, 5, 3, 2)",15,464,0.17139163,102615,0.171025,39.5777,24.8888,15.618,9.7315
discard1,"Deal 4, discard 1",4,10000000,21260929,Point total (Tam),"9 points, A-5-3, control A♣","(1, 9, 0, 14, 5, 3, 1)",15,450,0.16622033,99765,0.166275,39.2934,24.6313,15.4409,9.6787
discard1,"Deal 4, discard 1",4,10000000,21260929,Point total (Tam),"9 points, K-Q-9, control K♠","(1, 9, 0, 13, 12, 9, 4)",15,429,0.15846339,95258,0.158763,39.0133,24.4321,15.3421,9.6653
discard1,"Deal 4, discard 1",4,10000000,21260929,Point total (Tam),"9 points, K-Q-9, control K♥","(1, 9, 0, 13, 12, 9, 3)",15,429,0.15846339,94775,0.157958,38.8305,24.2181,15.108,9.4234
discard1,"Deal 4, discard 1",4,10000000,21260929,Point total (Tam),"9 points, K-Q-9, control K♦","(1, 9, 0, 13, 12, 9, 2)",15,429,0.15846339,94932,0.15822,38.7496,24.1582,15.0584,9.3688
discard1,"Deal 4, discard 1",4,10000000,21260929,Point total (Tam),"9 points, K-Q-9, control K♣","(1, 9, 0, 13, 12, 9, 1)",15,429,0.15846339,95120,0.158533,38.5427,23.9193,14.8228,9.1663
discard1,"Deal 4, discard 1",4,10000000,21260929,Point total (Tam),"9 points, K-J-9, control K♠","(1, 9, 0, 13, 11, 9, 4)",15,429,0.15846339,95042,0.158403,38.4997,23.8926,14.8307,9.2117
discard1,"Deal 4, discard 1",4,10000000,21260929,Point total (Tam),"9 points, K-J-9, control K♥","(1, 9, 0, 13, 11, 9, 3)",15,429,0.15846339,94601,0.157668,38.2249,23.6237,14.6005,9.0147
discard1,"Deal 4, discard 1",4,10000000,21260929,Point total (Tam),"9 points, K-J-9, control K♦","(1, 9, 0, 13, 11, 9, 2)",15,429,0.15846339,95518,0.159197,38.3438,23.7547,14.7294,9.1313
discard1,"Deal 4, discard 1",4,10000000,21260929,Point total (Tam),"9 points, K-J-9, control K♣","(1, 9, 0, 13, 11, 9, 1)",15,429,0.15846339,95354,0.158923,38.0264,23.4518,14.4906,8.9907
discard1,"Deal 4, discard 1",4,10000000,21260929,Point total (Tam),"9 points, K-10-9, control K♠","(1, 9, 0, 13, 10, 9, 4)",15,378,0.13962508,83813,0.139688,37.5537,22.9562,14.0026,8.5249
discard1,"Deal 4, discard 1",4,10000000,21260929,Point total (Tam),"9 points, K-10-9, control K♥","(1, 9, 0, 13, 10, 9, 3)",15,378,0.13962508,83794,0.139657,37.1518,22.6163,13.7501,8.349
discard1,"Deal 4, discard 1",4,10000000,21260929,Point total (Tam),"9 points, K-10-9, control K♦","(1, 9, 0, 13, 10, 9, 2)",15,378,0.13962508,83535,0.139225,37.2228,22.692,13.8172,8.4085
discard1,"Deal 4, discard 1",4,10000000,21260929,Point total (Tam),"9 points, K-10-9, control K♣","(1, 9, 0, 13, 10, 9, 1)",15,378,0.13962508,84197,0.140328,36.9937,22.5213,13.7309,8.3993
discard1,"Deal 4, discard 1",4,10000000,21260929,Point total (Tam),"9 points, K-7-2, control K♠","(1, 9, 0, 13, 7, 2, 4)",15,594,0.21941084,131868,0.21978,36.3171,21.8709,13.1478,7.8685
discard1,"Deal 4, discard 1",4,10000000,21260929,Point total (Tam),"9 points, K-7-2, control K♥","(1, 9, 0, 13, 7, 2, 3)",15,580,0.21423954,128888,0.214813,36.0563,21.6417,12.9903,7.8107
discard1,"Deal 4, discard 1",4,10000000,21260929,Point total (Tam),"9 points, K-7-2, control K♦","(1, 9, 0, 13, 7, 2, 2)",15,566,0.20906824,125612,0.209353,35.9236,21.5382,12.9191,7.7477
discard1,"Deal 4, discard 1",4,10000000,21260929,Point total (Tam),"9 points, K-7-2, control K♣","(1, 9, 0, 13, 7, 2, 1)",15,552,0.20389694,122264,0.203773,35.8775,21.4667,12.8339,7.6817
discard1,"Deal 4, discard 1",4,10000000,21260929,Point total (Tam),"9 points, K-6-3, control K♠","(1, 9, 0, 13, 6, 3, 4)",15,594,0.21941084,131960,0.219933,35.5293,21.16,12.5865,7.4909
discard1,"Deal 4, discard 1",4,10000000,21260929,Point total (Tam),"9 points, K-6-3, control K♥","(1, 9, 0, 13, 6, 3, 3)",15,580,0.21423954,128626,0.214377,35.2693,20.913,12.3849,7.3243
discard1,"Deal 4, discard 1",4,10000000,21260929,Point total (Tam),"9 points, K-6-3, control K♦","(1, 9, 0, 13, 6, 3, 2)",15,566,0.20906824,125169,0.208615,35.282,20.9748,12.498,7.4995
discard1,"Deal 4, discard 1",4,10000000,21260929,Point total (Tam),"9 points, K-6-3, control K♣","(1, 9, 0, 13, 6, 3, 1)",15,552,0.20389694,122164,0.203607,35.1157,20.8011,12.3134,7.3008
discard1,"Deal 4, discard 1",4,10000000,21260929,Point total (Tam),"9 points, K-5-4, control K♠","(1, 9, 0, 13, 5, 4, 4)",15,492,0.18173423,109023,0.181705,34.7229,20.4545,12.049,7.082
discard1,"Deal 4, discard 1",4,10000000,21260929,Point total (Tam),"9 points, K-5-4, control K♥","(1, 9, 0, 13, 5, 4, 3)",15,478,0.17656293,106270,0.177117,34.4171,20.1316,11.7514,6.8429
discard1,"Deal 4, discard 1",4,10000000,21260929,Point total (Tam),"9 points, K-5-4, control K♦","(1, 9, 0, 13, 5, 4, 2)",15,464,0.17139163,103184,0.171973,34.3166,20.0981,11.7761,6.9013
discard1,"Deal 4, discard 1",4,10000000,21260929,Point total (Tam),"9 points, K-5-4, control K♣","(1, 9, 0, 13, 5, 4, 1)",15,450,0.16622033,99431,0.165718,34.1581,19.9598,11.6483,6.7615
discard1,"Deal 4, discard 1",4,10000000,21260929,Point total (Tam),"9 points, Q-J-9, control Q♠","(1, 9, 0, 12, 11, 9, 4)",15,429,0.15846339,94668,0.15778,33.9999,19.7748,11.4767,6.6538
discard1,"Deal 4, discard 1",4,10000000,21260929,Point total (Tam),"9 points, Q-J-9, control Q♥","(1, 9, 0, 12, 11, 9, 3)",15,429,0.15846339,95037,0.158395,33.9511,19.7556,11.4726,6.6311
discard1,"Deal 4, discard 1",4,10000000,21260929,Point total (Tam),"9 points, Q-J-9, control Q♦","(1, 9, 0, 12, 11, 9, 2)",15,429,0.15846339,94853,0.158088,33.8438,19.6587,11.4006,6.5807
discard1,"Deal 4, discard 1",4,10000000,21260929,Point total (Tam),"9 points, Q-J-9, control Q♣","(1, 9, 0, 12, 11, 9, 1)",15,429,0.15846339,95322,0.15887,33.6099,19.4502,11.2266,6.4434
discard1,"Deal 4, discard 1",4,10000000,21260929,Point total (Tam),"9 points, Q-10-9, control Q♠","(1, 9, 0, 12, 10, 9, 4)",15,378,0.13962508,83834,0.139723,33.1573,19.1333,11.0664,6.4294
discard1,"Deal 4, discard 1",4,10000000,21260929,Point total (Tam),"9 points, Q-10-9, control Q♥","(1, 9, 0, 12, 10, 9, 3)",15,378,0.13962508,83975,0.139958,32.959,18.9049,10.8611,6.2709
discard1,"Deal 4, discard 1",4,10000000,21260929,Point total (Tam),"9 points, Q-10-9, control Q♦","(1, 9, 0, 12, 10, 9, 2)",15,378,0.13962508,83366,0.138943,32.6139,18.5909,10.5645,5.9653
discard1,"Deal 4, discard 1",4,10000000,21260929,Point total (Tam),"9 points, Q-10-9, control Q♣","(1, 9, 0, 12, 10, 9, 1)",15,378,0.13962508,83475,0.139125,32.6671,18.6737,10.6614,6.0701
discard1,"Deal 4, discard 1",4,10000000,21260929,Point total (Tam),"9 points, Q-7-2, control Q♠","(1, 9, 0, 12, 7, 2, 4)",15,543,0.20057254,120471,0.200785,31.8942,17.9945,10.1356,5.7068
discard1,"Deal 4, discard 1",4,10000000,21260929,Point total (Tam),"9 points, Q-7-2, control Q♥","(1, 9, 0, 12, 7, 2, 3)",15,529,0.19540124,117280,0.195467,31.8983,17.9842,10.1374,5.7188
discard1,"Deal 4, discard 1",4,10000000,21260929,Point total (Tam),"9 points, Q-7-2, control Q♦","(1, 9, 0, 12, 7, 2, 2)",15,515,0.19022994,114384,0.19064,31.7449,17.9116,10.1163,5.7123
discard1,"Deal 4, discard 1",4,10000000,21260929,Point total (Tam),"9 points, Q-7-2, control Q♣","(1, 9, 0, 12, 7, 2, 1)",15,501,0.18505864,110984,0.184973,31.5262,17.6874,9.9097,5.5377
discard1,"Deal 4, discard 1",4,10000000,21260929,Point total (Tam),"9 points, Q-6-3, control Q♠","(1, 9, 0, 12, 6, 3, 4)",15,543,0.20057254,120003,0.200005,31.2206,17.3986,9.6849,5.394
discard1,"Deal 4, discard 1",4,10000000,21260929,Point total (Tam),"9 points, Q-6-3, control Q♥","(1, 9, 0, 12, 6, 3, 3)",15,529,0.19540124,117604,0.196007,31.0523,17.2763,9.6049,5.3366
discard1,"Deal 4, discard 1",4,10000000,21260929,Point total (Tam),"9 points, Q-6-3, control Q♦","(1, 9, 0, 12, 6, 3, 2)",15,515,0.19022994,114604,0.191007,30.7982,17.058,9.4217,5.1848
discard1,"Deal 4, discard 1",4,10000000,21260929,Point total (Tam),"9 points, Q-6-3, control Q♣","(1, 9, 0, 12, 6, 3, 1)",15,501,0.18505864,110929,0.184882,30.6858,16.9714,9.3799,5.1781
discard1,"Deal 4, discard 1",4,10000000,21260929,Point total (Tam),"9 points, Q-5-4, control Q♠","(1, 9, 0, 12, 5, 4, 4)",15,441,0.16289593,97778,0.162963,30.494,16.7879,9.2309,5.0881
discard1,"Deal 4, discard 1",4,10000000,21260929,Point total (Tam),"9 points, Q-5-4, control Q♥","(1, 9, 0, 12, 5, 4, 3)",15,427,0.15772463,94338,0.15723,30.2747,16.6103,9.0926,4.9641
discard1,"Deal 4, discard 1",4,10000000,21260929,Point total (Tam),"9 points, Q-5-4, control Q♦","(1, 9, 0, 12, 5, 4, 2)",15,413,0.15255333,91211,0.152018,30.4116,16.8007,9.3252,5.2198
discard1,"Deal 4, discard 1",4,10000000,21260929,Point total (Tam),"9 points, Q-5-4, control Q♣","(1, 9, 0, 12, 5, 4, 1)",15,399,0.14738203,88529,0.147548,30.0445,16.4275,8.9891,4.9295
discard1,"Deal 4, discard 1",4,10000000,21260929,Point total (Tam),"9 points, J-7-2, control J♠","(1, 9, 0, 11, 7, 2, 4)",15,492,0.18173423,108942,0.18157,29.3597,15.9059,8.6229,4.6851
discard1,"Deal 4, discard 1",4,10000000,21260929,Point total (Tam),"9 points, J-7-2, control J♥","(1, 9, 0, 11, 7, 2, 3)",15,478,0.17656293,105625,0.176042,29.2588,15.8058,8.527,4.5917
discard1,"Deal 4, discard 1",4,10000000,21260929,Point total (Tam),"9 points, J-7-2, control J♦","(1, 9, 0, 11, 7, 2, 2)",15,464,0.17139163,102733,0.171222,29.075,15.6597,8.4442,4.5789
discard1,"Deal 4, discard 1",4,10000000,21260929,Point total (Tam),"9 points, J-7-2, control J♣","(1, 9, 0, 11, 7, 2, 1)",15,450,0.16622033,99504,0.16584,28.8769,15.5274,8.3579,4.4802
discard1,"Deal 4, discard 1",4,10000000,21260929,Point total (Tam),"9 points, J-6-3, control J♠","(1, 9, 0, 11, 6, 3, 4)",15,492,0.18173423,109456,0.182427,28.7622,15.4302,8.2941,4.4831
discard1,"Deal 4, discard 1",4,10000000,21260929,Point total (Tam),"9 points, J-6-3, control J♥","(1, 9, 0, 11, 6, 3, 3)",15,478,0.17656293,105822,0.17637,28.5008,15.2257,8.1442,4.3573
discard1,"Deal 4, discard 1",4,10000000,21260929,Point total (Tam),"9 points, J-6-3, control J♦","(1, 9, 0, 11, 6, 3, 2)",15,464,0.17139163,102082,0.170137,28.3264,15.0453,7.974,4.2339
discard1,"Deal 4, discard 1",4,10000000,21260929,Point total (Tam),"9 points, J-6-3, control J♣","(1, 9, 0, 11, 6, 3, 1)",15,450,0.16622033,100263,0.167105,28.352,15.0775,8.0055,4.2189
discard1,"Deal 4, discard 1",4,10000000,21260929,Point total (Tam),"9 points, J-5-4, control J♠","(1, 9, 0, 11, 5, 4, 4)",15,390,0.14405762,86179,0.143632,27.9229,14.7321,7.7492,4.0486
discard1,"Deal 4, discard 1",4,10000000,21260929,Point total (Tam),"9 points, J-5-4, control J♥","(1, 9, 0, 11, 5, 4, 3)",15,376,0.13888632,83007,0.138345,27.9976,14.8189,7.8487,4.1683
discard1,"Deal 4, discard 1",4,10000000,21260929,Point total (Tam),"9 points, J-5-4, control J♦","(1, 9, 0, 11, 5, 4, 2)",15,362,0.13371502,80499,0.134165,27.6446,14.5114,7.608,3.9752
discard1,"Deal 4, discard 1",4,10000000,21260929,Point total (Tam),"9 points, J-5-4, control J♣","(1, 9, 0, 11, 5, 4, 1)",15,348,0.12854373,76896,0.12816,27.6232,14.4928,7.591,3.9703
discard1,"Deal 4, discard 1",4,10000000,21260929,Point total (Tam),"9 points, 10-7-2, control 10♠","(1, 9, 0, 10, 7, 2, 4)",15,441,0.16289593,97756,0.162927,26.6023,13.6845,7.0191,3.5701
discard1,"Deal 4, discard 1",4,10000000,21260929,Point total (Tam),"9 points, 10-7-2, control 10♥","(1, 9, 0, 10, 7, 2, 3)",15,427,0.15772463,94936,0.158227,26.4917,13.5991,6.958,3.5508
discard1,"Deal 4, discard 1",4,10000000,21260929,Point total (Tam),"9 points, 10-7-2, control 10♦","(1, 9, 0, 10, 7, 2, 2)",15,413,0.15255333,91234,0.152057,26.5555,13.6662,7.0228,3.582
discard1,"Deal 4, discard 1",4,10000000,21260929,Point total (Tam),"9 points, 10-7-2, control 10♣","(1, 9, 0, 10, 7, 2, 1)",15,399,0.14738203,88393,0.147322,26.3634,13.5603,7.0028,3.6609
discard1,"Deal 4, discard 1",4,10000000,21260929,Point total (Tam),"9 points, 10-6-3, control 10♠","(1, 9, 0, 10, 6, 3, 4)",15,441,0.16289593,98319,0.163865,26.0255,13.2821,6.784,3.4612
discard1,"Deal 4, discard 1",4,10000000,21260929,Point total (Tam),"9 points, 10-6-3, control 10♥","(1, 9, 0, 10, 6, 3, 3)",15,427,0.15772463,93831,0.156385,26.0559,13.3229,6.8039,3.4541
discard1,"Deal 4, discard 1",4,10000000,21260929,Point total (Tam),"9 points, 10-6-3, control 10♦","(1, 9, 0, 10, 6, 3, 2)",15,413,0.15255333,91639,0.152732,25.9439,13.1919,6.6952,3.3916
discard1,"Deal 4, discard 1",4,10000000,21260929,Point total (Tam),"9 points, 10-6-3, control 10♣","(1, 9, 0, 10, 6, 3, 1)",15,399,0.14738203,88161,0.146935,25.9079,13.1897,6.7297,3.4494
discard1,"Deal 4, discard 1",4,10000000,21260929,Point total (Tam),"9 points, 10-5-4, control 10♠","(1, 9, 0, 10, 5, 4, 4)",15,339,0.12521932,75108,0.12518,25.5942,12.9913,6.6081,3.3698
discard1,"Deal 4, discard 1",4,10000000,21260929,Point total (Tam),"9 points, 10-5-4, control 10♥","(1, 9, 0, 10, 5, 4, 3)",15,325,0.12004802,72303,0.120505,25.588,12.958,6.5643,3.3138
discard1,"Deal 4, discard 1",4,10000000,21260929,Point total (Tam),"9 points, 10-5-4, control 10♦","(1, 9, 0, 10, 5, 4, 2)",15,311,0.11487672,68673,0.114455,25.3893,12.7187,6.316,3.1089
discard1,"Deal 4, discard 1",4,10000000,21260929,Point total (Tam),"9 points, 10-5-4, control 10♣","(1, 9, 0, 10, 5, 4, 1)",15,297,0.10970542,65730,0.10955,25.3632,12.7709,6.4336,3.2755
discard1,"Deal 4, discard 1",4,10000000,21260929,Point total (Tam),"9 points, 9-8-2, control 9♠","(1, 9, 0, 9, 8, 2, 4)",15,492,0.18173423,108932,0.181553,25.957,13.2253,6.7348,3.4141
discard1,"Deal 4, discard 1",4,10000000,21260929,Point total (Tam),"9 points, 9-8-2, control 9♥","(1, 9, 0, 9, 8, 2, 3)",15,478,0.17656293,106327,0.177212,25.9781,13.2739,6.8148,3.5419
discard1,"Deal 4, discard 1",4,10000000,21260929,Point total (Tam),"9 points, 9-8-2, control 9♦","(1, 9, 0, 9, 8, 2, 2)",15,464,0.17139163,102894,0.17149,25.7792,13.1413,6.7329,3.4793
discard1,"Deal 4, discard 1",4,10000000,21260929,Point total (Tam),"9 points, 9-8-2, control 9♣","(1, 9, 0, 9, 8, 2, 1)",15,450,0.16622033,99440,0.165733,25.7134,13.0731,6.6466,3.387
discard1,"Deal 4, discard 1",4,10000000,21260929,Point total (Tam),"9 points, 9-7-3, control 9♠","(1, 9, 0, 9, 7, 3, 4)",15,543,0.20057254,120859,0.201432,25.7871,13.1275,6.6908,3.4007
discard1,"Deal 4, discard 1",4,10000000,21260929,Point total (Tam),"9 points, 9-7-3, control 9♥","(1, 9, 0, 9, 7, 3, 3)",15,529,0.19540124,117350,0.195583,25.3946,12.7825,6.4397,3.2424
discard1,"Deal 4, discard 1",4,10000000,21260929,Point total (Tam),"9 points, 9-7-3, control 9♦","(1, 9, 0, 9, 7, 3, 2)",15,515,0.19022994,114567,0.190945,25.263,12.7113,6.3985,3.2191
discard1,"Deal 4, discard 1",4,10000000,21260929,Point total (Tam),"9 points, 9-7-3, control 9♣","(1, 9, 0, 9, 7, 3, 1)",15,501,0.18505864,111137,0.185228,25.2748,12.724,6.4128,3.2599
discard1,"Deal 4, discard 1",4,10000000,21260929,Point total (Tam),"9 points, 9-6-4, control 9♠","(1, 9, 0, 9, 6, 4, 4)",15,543,0.20057254,119632,0.199387,24.8294,12.3826,6.1823,3.0728
discard1,"Deal 4, discard 1",4,10000000,21260929,Point total (Tam),"9 points, 9-6-4, control 9♥","(1, 9, 0, 9, 6, 4, 3)",15,529,0.19540124,116394,0.19399,24.5587,12.1743,6.0309,2.9813
discard1,"Deal 4, discard 1",4,10000000,21260929,Point total (Tam),"9 points, 9-6-4, control 9♦","(1, 9, 0, 9, 6, 4, 2)",15,515,0.19022994,114025,0.190042,24.403,12.042,5.9229,2.8836
discard1,"Deal 4, discard 1",4,10000000,21260929,Point total (Tam),"9 points, 9-6-4, control 9♣","(1, 9, 0, 9, 6, 4, 1)",15,501,0.18505864,110559,0.184265,24.2612,11.967,5.9277,2.964
discard1,"Deal 4, discard 1",4,10000000,21260929,Point total (Tam),"9 points, 8-7-4, control 8♠","(1, 9, 0, 8, 7, 4, 4)",15,492,0.18173423,109327,0.182212,23.4338,11.3429,5.4947,2.6745
discard1,"Deal 4, discard 1",4,10000000,21260929,Point total (Tam),"9 points, 8-7-4, control 8♥","(1, 9, 0, 8, 7, 4, 3)",15,478,0.17656293,106225,0.177042,23.3273,11.2412,5.3991,2.5691
discard1,"Deal 4, discard 1",4,10000000,21260929,Point total (Tam),"9 points, 8-7-4, control 8♦","(1, 9, 0, 8, 7, 4, 2)",15,464,0.17139163,102771,0.171285,23.1354,11.1173,5.3262,2.5309
discard1,"Deal 4, discard 1",4,10000000,21260929,Point total (Tam),"9 points, 8-7-4, control 8♣","(1, 9, 0, 8, 7, 4, 1)",15,450,0.16622033,100056,0.16676,22.972,11.0154,5.2868,2.5586
discard1,"Deal 4, discard 1",4,10000000,21260929,Point total (Tam),"9 points, 8-6-5, control 8♠","(1, 9, 0, 8, 6, 5, 4)",15,492,0.18173423,108904,0.181507,23.06,11.0537,5.2845,2.5279
discard1,"Deal 4, discard 1",4,10000000,21260929,Point total (Tam),"9 points, 8-6-5, control 8♥","(1, 9, 0, 8, 6, 5, 3)",15,478,0.17656293,105756,0.17626,22.8218,10.9113,5.2466,2.5445
discard1,"Deal 4, discard 1",4,10000000,21260929,Point total (Tam),"9 points, 8-6-5, control 8♦","(1, 9, 0, 8, 6, 5, 2)",15,464,0.17139163,102626,0.171043,22.8343,10.9223,5.2201,2.4848
discard1,"Deal 4, discard 1",4,10000000,21260929,Point total (Tam),"9 points, 8-6-5, control 8♣","(1, 9, 0, 8, 6, 5, 1)",15,450,0.16622033,99775,0.166292,22.5165,10.6981,5.0899,2.4124
discard1,"Deal 4, discard 1",4,10000000,21260929,Point total (Tam),"8 points, pair A, kicker 6♠","(1, 8, 1, 14, 6, 4)",6,207,0.07646135,45772,0.076287,22.7644,10.9298,5.2574,2.5474
discard1,"Deal 4, discard 1",4,10000000,21260929,Point total (Tam),"8 points, pair A, kicker 6♥","(1, 8, 1, 14, 6, 3)",6,201,0.07424508,44135,0.073558,22.3616,10.5687,4.9892,2.3519
discard1,"Deal 4, discard 1",4,10000000,21260929,Point total (Tam),"8 points, pair A, kicker 6♦","(1, 8, 1, 14, 6, 2)",6,195,0.07202881,43002,0.07167,22.4685,10.6297,5.0202,2.3511
discard1,"Deal 4, discard 1",4,10000000,21260929,Point total (Tam),"8 points, pair A, kicker 6♣","(1, 8, 1, 14, 6, 1)",6,189,0.06981254,41706,0.06951,22.7078,10.8191,5.1129,2.3738
discard1,"Deal 4, discard 1",4,10000000,21260929,Point total (Tam),"8 points, pair K, kicker 8♠","(1, 8, 1, 13, 8, 4)",6,165,0.06094746,36449,0.060748,22.3194,10.5811,5.0196,2.3677
discard1,"Deal 4, discard 1",4,10000000,21260929,Point total (Tam),"8 points, pair K, kicker 8♥","(1, 8, 1, 13, 8, 3)",6,159,0.05873118,35214,0.05869,22.4147,10.6458,5.0764,2.4507
discard1,"Deal 4, discard 1",4,10000000,21260929,Point total (Tam),"8 points, pair K, kicker 8♦","(1, 8, 1, 13, 8, 2)",6,153,0.05651491,33643,0.056072,22.1975,10.4604,4.9568,2.3987
discard1,"Deal 4, discard 1",4,10000000,21260929,Point total (Tam),"8 points, pair K, kicker 8♣","(1, 8, 1, 13, 8, 1)",6,147,0.05429864,32613,0.054355,22.4119,10.5847,4.9894,2.3426
discard1,"Deal 4, discard 1",4,10000000,21260929,Point total (Tam),"8 points, pair Q, kicker 8♠","(1, 8, 1, 12, 8, 4)",6,165,0.06094746,36523,0.060872,22.2619,10.5071,4.9684,2.3629
discard1,"Deal 4, discard 1",4,10000000,21260929,Point total (Tam),"8 points, pair Q, kicker 8♥","(1, 8, 1, 12, 8, 3)",6,159,0.05873118,34961,0.058268,22.4616,10.6685,5.0674,2.4284
discard1,"Deal 4, discard 1",4,10000000,21260929,Point total (Tam),"8 points, pair Q, kicker 8♦","(1, 8, 1, 12, 8, 2)",6,153,0.05651491,33928,0.056547,22.4455,10.6965,5.1149,2.4552
discard1,"Deal 4, discard 1",4,10000000,21260929,Point total (Tam),"8 points, pair Q, kicker 8♣","(1, 8, 1, 12, 8, 1)",6,147,0.05429864,32828,0.054713,22.2417,10.4557,4.8909,2.2877
discard1,"Deal 4, discard 1",4,10000000,21260929,Point total (Tam),"8 points, pair J, kicker 8♠","(1, 8, 1, 11, 8, 4)",6,165,0.06094746,36274,0.060457,22.0861,10.3749,4.8845,2.346
discard1,"Deal 4, discard 1",4,10000000,21260929,Point total (Tam),"8 points, pair J, kicker 8♥","(1, 8, 1, 11, 8, 3)",6,159,0.05873118,35226,0.05871,22.1555,10.5243,5.0378,2.4329
discard1,"Deal 4, discard 1",4,10000000,21260929,Point total (Tam),"8 points, pair J, kicker 8♦","(1, 8, 1, 11, 8, 2)",6,153,0.05651491,34041,0.056735,21.844,10.1986,4.7478,2.1974
discard1,"Deal 4, discard 1",4,10000000,21260929,Point total (Tam),"8 points, pair J, kicker 8♣","(1, 8, 1, 11, 8, 1)",6,147,0.05429864,32799,0.054665,21.8391,10.1973,4.7861,2.2806
discard1,"Deal 4, discard 1",4,10000000,21260929,Point total (Tam),"8 points, pair 10, kicker 8♠","(1, 8, 1, 10, 8, 4)",6,207,0.07646135,45553,0.075922,20.9929,9.6406,4.4362,2.0328
discard1,"Deal 4, discard 1",4,10000000,21260929,Point total (Tam),"8 points, pair 10, kicker 8♥","(1, 8, 1, 10, 8, 3)",6,201,0.07424508,44436,0.07406,21.0802,9.7349,4.5049,2.0749
discard1,"Deal 4, discard 1",4,10000000,21260929,Point total (Tam),"8 points, pair 10, kicker 8♦","(1, 8, 1, 10, 8, 2)",6,195,0.07202881,43429,0.072382,20.8183,9.4909,4.3017,1.9365
discard1,"Deal 4, discard 1",4,10000000,21260929,Point total (Tam),"8 points, pair 10, kicker 8♣","(1, 8, 1, 10, 8, 1)",6,189,0.06981254,42206,0.070343,20.9238,9.6117,4.4325,2.0921
discard1,"Deal 4, discard 1",4,10000000,21260929,Point total (Tam),"8 points, pair 9, kicker K♠","(1, 8, 1, 9, 13, 4)",6,147,0.05429864,32839,0.054732,22.2068,10.4321,4.8869,2.29
discard1,"Deal 4, discard 1",4,10000000,21260929,Point total (Tam),"8 points, pair 9, kicker K♥","(1, 8, 1, 9, 13, 3)",6,147,0.05429864,32550,0.05425,22.2495,10.4667,4.902,2.2642
discard1,"Deal 4, discard 1",4,10000000,21260929,Point total (Tam),"8 points, pair 9, kicker K♦","(1, 8, 1, 9, 13, 2)",6,147,0.05429864,32495,0.054158,22.1483,10.4345,4.9238,2.2988
discard1,"Deal 4, discard 1",4,10000000,21260929,Point total (Tam),"8 points, pair 9, kicker K♣","(1, 8, 1, 9, 13, 1)",6,147,0.05429864,32683,0.054472,22.2076,10.5107,5.0002,2.411
discard1,"Deal 4, discard 1",4,10000000,21260929,Point total (Tam),"8 points, pair 9, kicker Q♠","(1, 8, 1, 9, 12, 4)",6,147,0.05429864,32634,0.05439,22.5728,10.7943,5.2075,2.5372
discard1,"Deal 4, discard 1",4,10000000,21260929,Point total (Tam),"8 points, pair 9, kicker Q♥","(1, 8, 1, 9, 12, 3)",6,147,0.05429864,32611,0.054352,22.3277,10.5372,4.9824,2.3704
discard1,"Deal 4, discard 1",4,10000000,21260929,Point total (Tam),"8 points, pair 9, kicker Q♦","(1, 8, 1, 9, 12, 2)",6,147,0.05429864,32598,0.05433,22.337,10.5875,5.0187,2.359
discard1,"Deal 4, discard 1",4,10000000,21260929,Point total (Tam),"8 points, pair 9, kicker Q♣","(1, 8, 1, 9, 12, 1)",6,147,0.05429864,32590,0.054317,22.3071,10.5621,5.0138,2.3535
discard1,"Deal 4, discard 1",4,10000000,21260929,Point total (Tam),"8 points, pair 9, kicker J♠","(1, 8, 1, 9, 11, 4)",6,147,0.05429864,32690,0.054483,22.201,10.4702,4.9618,2.3799
discard1,"Deal 4, discard 1",4,10000000,21260929,Point total (Tam),"8 points, pair 9, kicker J♥","(1, 8, 1, 9, 11, 3)",6,147,0.05429864,32621,0.054368,22.331,10.5411,4.9876,2.3727
discard1,"Deal 4, discard 1",4,10000000,21260929,Point total (Tam),"8 points, pair 9, kicker J♦","(1, 8, 1, 9, 11, 2)",6,147,0.05429864,32509,0.054182,22.2378,10.4602,4.8547,2.2209
discard1,"Deal 4, discard 1",4,10000000,21260929,Point total (Tam),"8 points, pair 9, kicker J♣","(1, 8, 1, 9, 11, 1)",6,147,0.05429864,32684,0.054473,22.3164,10.5183,4.9578,2.3467
discard1,"Deal 4, discard 1",4,10000000,21260929,Point total (Tam),"8 points, pair 9, kicker 10♠","(1, 8, 1, 9, 10, 4)",6,126,0.04654169,28111,0.046852,21.5574,10.0043,4.6423,2.1451
discard1,"Deal 4, discard 1",4,10000000,21260929,Point total (Tam),"8 points, pair 9, kicker 10♥","(1, 8, 1, 9, 10, 3)",6,126,0.04654169,27757,0.046262,21.4051,9.9229,4.6273,2.1688
discard1,"Deal 4, discard 1",4,10000000,21260929,Point total (Tam),"8 points, pair 9, kicker 10♦","(1, 8, 1, 9, 10, 2)",6,126,0.04654169,28309,0.047182,21.5695,9.9654,4.5498,2.0418
discard1,"Deal 4, discard 1",4,10000000,21260929,Point total (Tam),"8 points, pair 9, kicker 10♣","(1, 8, 1, 9, 10, 1)",6,126,0.04654169,28264,0.047107,21.8037,10.2095,4.7835,2.2467
discard1,"Deal 4, discard 1",4,10000000,21260929,Point total (Tam),"8 points, pair 8, kicker 2♠","(1, 8, 1, 8, 2, 4)",6,207,0.07646135,45982,0.076637,20.5809,9.3232,4.2064,1.8942
discard1,"Deal 4, discard 1",4,10000000,21260929,Point total (Tam),"8 points, pair 8, kicker 2♥","(1, 8, 1, 8, 2, 3)",6,201,0.07424508,44947,0.074912,20.5931,9.337,4.2535,1.9734
discard1,"Deal 4, discard 1",4,10000000,21260929,Point total (Tam),"8 points, pair 8, kicker 2♦","(1, 8, 1, 8, 2, 2)",6,195,0.07202881,43161,0.071935,20.6337,9.3751,4.2775,1.9624
discard1,"Deal 4, discard 1",4,10000000,21260929,Point total (Tam),"8 points, pair 8, kicker 2♣","(1, 8, 1, 8, 2, 1)",6,189,0.06981254,41901,0.069835,20.6186,9.354,4.2524,1.9689
discard1,"Deal 4, discard 1",4,10000000,21260929,Point total (Tam),"8 points, pair 7, kicker 4♠","(1, 8, 1, 7, 4, 4)",6,207,0.07646135,45498,0.07583,20.0367,8.9428,3.9606,1.7232
discard1,"Deal 4, discard 1",4,10000000,21260929,Point total (Tam),"8 points, pair 7, kicker 4♥","(1, 8, 1, 7, 4, 3)",6,201,0.07424508,44289,0.073815,19.9221,8.907,3.9825,1.7928
discard1,"Deal 4, discard 1",4,10000000,21260929,Point total (Tam),"8 points, pair 7, kicker 4♦","(1, 8, 1, 7, 4, 2)",6,195,0.07202881,43290,0.07215,20.0187,8.976,4.067,1.8665
discard1,"Deal 4, discard 1",4,10000000,21260929,Point total (Tam),"8 points, pair 7, kicker 4♣","(1, 8, 1, 7, 4, 1)",6,189,0.06981254,41898,0.06983,19.9425,8.8522,3.9334,1.7399
discard1,"Deal 4, discard 1",4,10000000,21260929,Point total (Tam),"8 points, pair 5, kicker 8♠","(1, 8, 1, 5, 8, 4)",6,207,0.07646135,45429,0.075715,19.8292,8.8197,3.9257,1.728
discard1,"Deal 4, discard 1",4,10000000,21260929,Point total (Tam),"8 points, pair 5, kicker 8♥","(1, 8, 1, 5, 8, 3)",6,201,0.07424508,44281,0.073802,20.0287,8.9736,4.0541,1.8586
discard1,"Deal 4, discard 1",4,10000000,21260929,Point total (Tam),"8 points, pair 5, kicker 8♦","(1, 8, 1, 5, 8, 2)",6,195,0.07202881,42959,0.071598,19.8538,8.7744,3.8604,1.7179
discard1,"Deal 4, discard 1",4,10000000,21260929,Point total (Tam),"8 points, pair 5, kicker 8♣","(1, 8, 1, 5, 8, 1)",6,189,0.06981254,41884,0.069807,19.7691,8.7616,3.8802,1.7023
discard1,"Deal 4, discard 1",4,10000000,21260929,Point total (Tam),"8 points, pair 4, kicker K♠","(1, 8, 1, 4, 13, 4)",6,207,0.07646135,45386,0.075643,19.4606,8.6053,3.8298,1.7208
discard1,"Deal 4, discard 1",4,10000000,21260929,Point total (Tam),"8 points, pair 4, kicker K♥","(1, 8, 1, 4, 13, 3)",6,201,0.07424508,44500,0.074167,19.4169,8.5515,3.7757,1.6674
discard1,"Deal 4, discard 1",4,10000000,21260929,Point total (Tam),"8 points, pair 4, kicker K♦","(1, 8, 1, 4, 13, 2)",6,195,0.07202881,43212,0.07202,19.5439,8.6497,3.8281,1.6801
discard1,"Deal 4, discard 1",4,10000000,21260929,Point total (Tam),"8 points, pair 4, kicker K♣","(1, 8, 1, 4, 13, 1)",6,189,0.06981254,42201,0.070335,19.3176,8.4657,3.6852,1.5853
discard1,"Deal 4, discard 1",4,10000000,21260929,Point total (Tam),"8 points, pair 4, kicker Q♠","(1, 8, 1, 4, 12, 4)",6,186,0.0687044,41260,0.068767,19.3885,8.5184,3.7237,1.5851
discard1,"Deal 4, discard 1",4,10000000,21260929,Point total (Tam),"8 points, pair 4, kicker Q♥","(1, 8, 1, 4, 12, 3)",6,180,0.06648813,39594,0.06599,19.4252,8.519,3.745,1.6821
discard1,"Deal 4, discard 1",4,10000000,21260929,Point total (Tam),"8 points, pair 4, kicker Q♦","(1, 8, 1, 4, 12, 2)",6,174,0.06427186,38434,0.064057,19.7091,8.7933,3.9491,1.7459
discard1,"Deal 4, discard 1",4,10000000,21260929,Point total (Tam),"8 points, pair 4, kicker Q♣","(1, 8, 1, 4, 12, 1)",6,168,0.06205559,37363,0.062272,19.2803,8.4337,3.6491,1.5336
discard1,"Deal 4, discard 1",4,10000000,21260929,Point total (Tam),"8 points, pair 4, kicker J♠","(1, 8, 1, 4, 11, 4)",6,165,0.06094746,36288,0.06048,19.2816,8.4538,3.6822,1.5625
discard1,"Deal 4, discard 1",4,10000000,21260929,Point total (Tam),"8 points, pair 4, kicker J♥","(1, 8, 1, 4, 11, 3)",6,159,0.05873118,35287,0.058812,19.2045,8.3844,3.6682,1.6182
discard1,"Deal 4, discard 1",4,10000000,21260929,Point total (Tam),"8 points, pair 4, kicker J♦","(1, 8, 1, 4, 11, 2)",6,153,0.05651491,34023,0.056705,19.2076,8.4234,3.6881,1.6107
discard1,"Deal 4, discard 1",4,10000000,21260929,Point total (Tam),"8 points, pair 4, kicker J♣","(1, 8, 1, 4, 11, 1)",6,147,0.05429864,32618,0.054363,19.187,8.4171,3.6998,1.6218
discard1,"Deal 4, discard 1",4,10000000,21260929,Point total (Tam),"8 points, pair 4, kicker 10♠","(1, 8, 1, 4, 10, 4)",6,144,0.05319051,31949,0.053248,18.7104,8.0516,3.4399,1.4304
discard1,"Deal 4, discard 1",4,10000000,21260929,Point total (Tam),"8 points, pair 4, kicker 10♥","(1, 8, 1, 4, 10, 3)",6,138,0.05097424,30442,0.050737,18.5658,7.94,3.3795,1.4487
discard1,"Deal 4, discard 1",4,10000000,21260929,Point total (Tam),"8 points, pair 4, kicker 10♦","(1, 8, 1, 4, 10, 2)",6,132,0.04875796,29384,0.048973,18.829,8.1912,3.5625,1.5587
discard1,"Deal 4, discard 1",4,10000000,21260929,Point total (Tam),"8 points, pair 4, kicker 10♣","(1, 8, 1, 4, 10, 1)",6,126,0.04654169,27797,0.046328,18.7628,8.1077,3.4939,1.4822
discard1,"Deal 4, discard 1",4,10000000,21260929,Point total (Tam),"8 points, pair 3, kicker 2♠","(1, 8, 1, 3, 2, 4)",6,207,0.07646135,45771,0.076285,17.8729,7.586,3.2348,1.4179
discard1,"Deal 4, discard 1",4,10000000,21260929,Point total (Tam),"8 points, pair 3, kicker 2♥","(1, 8, 1, 3, 2, 3)",6,201,0.07424508,44243,0.073738,17.9848,7.6093,3.186,1.2883
discard1,"Deal 4, discard 1",4,10000000,21260929,Point total (Tam),"8 points, pair 3, kicker 2♦","(1, 8, 1, 3, 2, 2)",6,195,0.07202881,43031,0.071718,18.0026,7.618,3.2047,1.3246
discard1,"Deal 4, discard 1",4,10000000,21260929,Point total (Tam),"8 points, pair 3, kicker 2♣","(1, 8, 1, 3, 2, 1)",6,189,0.06981254,41501,0.069168,17.9972,7.6123,3.2192,1.3542
discard1,"Deal 4, discard 1",4,10000000,21260929,Point total (Tam),"8 points, pair 2, kicker 4♠","(1, 8, 1, 2, 4, 4)",6,207,0.07646135,45979,0.076632,18.3943,7.8766,3.3876,1.4659
discard1,"Deal 4, discard 1",4,10000000,21260929,Point total (Tam),"8 points, pair 2, kicker 4♥","(1, 8, 1, 2, 4, 3)",6,201,0.07424508,44647,0.074412,18.4881,8.0061,3.4963,1.5231
discard1,"Deal 4, discard 1",4,10000000,21260929,Point total (Tam),"8 points, pair 2, kicker 4♦","(1, 8, 1, 2, 4, 2)",6,195,0.07202881,43397,0.072328,18.3372,7.8369,3.3532,1.4402
discard1,"Deal 4, discard 1",4,10000000,21260929,Point total (Tam),"8 points, pair 2, kicker 4♣","(1, 8, 1, 2, 4, 1)",6,189,0.06981254,41931,0.069885,18.3659,7.8589,3.3641,1.4476
discard1,"Deal 4, discard 1",4,10000000,21260929,Point total (Tam),"8 points, A-K-7, control A♠","(1, 8, 0, 14, 13, 7, 4)",15,399,0.14738203,88570,0.147617,18.3844,7.9172,3.4343,1.4903
discard1,"Deal 4, discard 1",4,10000000,21260929,Point total (Tam),"8 points, A-K-7, control A♥","(1, 8, 0, 14, 13, 7, 3)",15,399,0.14738203,88569,0.147615,18.1121,7.727,3.3066,1.4147
discard1,"Deal 4, discard 1",4,10000000,21260929,Point total (Tam),"8 points, A-K-7, control A♦","(1, 8, 0, 14, 13, 7, 2)",15,399,0.14738203,88473,0.147455,18.1424,7.7429,3.3097,1.4174
discard1,"Deal 4, discard 1",4,10000000,21260929,Point total (Tam),"8 points, A-K-7, control A♣","(1, 8, 0, 14, 13, 7, 1)",15,399,0.14738203,88632,0.14772,17.9309,7.5696,3.1774,1.3336
discard1,"Deal 4, discard 1",4,10000000,21260929,Point total (Tam),"8 points, A-Q-7, control A♠","(1, 8, 0, 14, 12, 7, 4)",15,399,0.14738203,88232,0.147053,17.9999,7.6206,3.2113,1.3453
discard1,"Deal 4, discard 1",4,10000000,21260929,Point total (Tam),"8 points, A-Q-7, control A♥","(1, 8, 0, 14, 12, 7, 3)",15,399,0.14738203,88435,0.147392,18.0106,7.6279,3.2193,1.3468
discard1,"Deal 4, discard 1",4,10000000,21260929,Point total (Tam),"8 points, A-Q-7, control A♦","(1, 8, 0, 14, 12, 7, 2)",15,399,0.14738203,88613,0.147688,17.9087,7.5815,3.2142,1.3858
discard1,"Deal 4, discard 1",4,10000000,21260929,Point total (Tam),"8 points, A-Q-7, control A♣","(1, 8, 0, 14, 12, 7, 1)",15,399,0.14738203,88194,0.14699,17.8461,7.5467,3.1871,1.3323
discard1,"Deal 4, discard 1",4,10000000,21260929,Point total (Tam),"8 points, A-J-7, control A♠","(1, 8, 0, 14, 11, 7, 4)",15,348,0.12854373,77271,0.128785,17.6687,7.3787,3.0708,1.2812
discard1,"Deal 4, discard 1",4,10000000,21260929,Point total (Tam),"8 points, A-J-7, control A♥","(1, 8, 0, 14, 11, 7, 3)",15,348,0.12854373,76927,0.128212,17.4419,7.2603,3.0164,1.2388
discard1,"Deal 4, discard 1",4,10000000,21260929,Point total (Tam),"8 points, A-J-7, control A♦","(1, 8, 0, 14, 11, 7, 2)",15,348,0.12854373,76908,0.12818,17.5127,7.3528,3.1279,1.351
discard1,"Deal 4, discard 1",4,10000000,21260929,Point total (Tam),"8 points, A-J-7, control A♣","(1, 8, 0, 14, 11, 7, 1)",15,348,0.12854373,77143,0.128572,17.3605,7.2493,3.0416,1.2833
discard1,"Deal 4, discard 1",4,10000000,21260929,Point total (Tam),"8 points, A-10-7, control A♠","(1, 8, 0, 14, 10, 7, 4)",15,297,0.10970542,65668,0.109447,16.9746,7.01,2.9013,1.2061
discard1,"Deal 4, discard 1",4,10000000,21260929,Point total (Tam),"8 points, A-10-7, control A♥","(1, 8, 0, 14, 10, 7, 3)",15,297,0.10970542,65678,0.109463,16.7013,6.8209,2.7881,1.1465
discard1,"Deal 4, discard 1",4,10000000,21260929,Point total (Tam),"8 points, A-10-7, control A♦","(1, 8, 0, 14, 10, 7, 2)",15,297,0.10970542,65798,0.109663,16.783,6.8678,2.8062,1.1505
discard1,"Deal 4, discard 1",4,10000000,21260929,Point total (Tam),"8 points, A-10-7, control A♣","(1, 8, 0, 14, 10, 7, 1)",15,297,0.10970542,66009,0.110015,16.7151,6.8657,2.8414,1.1847
discard1,"Deal 4, discard 1",4,10000000,21260929,Point total (Tam),"8 points, A-9-8, control A♠","(1, 8, 0, 14, 9, 8, 4)",15,267,0.09862407,58977,0.098295,17.35,7.2247,3.0002,1.231
discard1,"Deal 4, discard 1",4,10000000,21260929,Point total (Tam),"8 points, A-9-8, control A♥","(1, 8, 0, 14, 9, 8, 3)",15,253,0.09345277,56215,0.093692,17.2013,7.105,2.9323,1.215
discard1,"Deal 4, discard 1",4,10000000,21260929,Point total (Tam),"8 points, A-9-8, control A♦","(1, 8, 0, 14, 9, 8, 2)",15,239,0.08828147,52874,0.088123,17.1182,7.0606,2.8906,1.1613
discard1,"Deal 4, discard 1",4,10000000,21260929,Point total (Tam),"8 points, A-9-8, control A♣","(1, 8, 0, 14, 9, 8, 1)",15,225,0.08311017,49793,0.082988,17.0665,7.0399,2.908,1.211
discard1,"Deal 4, discard 1",4,10000000,21260929,Point total (Tam),"8 points, A-5-2, control A♠","(1, 8, 0, 14, 5, 2, 4)",15,471,0.17397728,104814,0.17469,16.1749,6.4801,2.6023,1.0695
discard1,"Deal 4, discard 1",4,10000000,21260929,Point total (Tam),"8 points, A-5-2, control A♥","(1, 8, 0, 14, 5, 2, 3)",15,457,0.16880598,101378,0.168963,15.9748,6.3643,2.5195,0.9825
discard1,"Deal 4, discard 1",4,10000000,21260929,Point total (Tam),"8 points, A-5-2, control A♦","(1, 8, 0, 14, 5, 2, 2)",15,443,0.16363468,98138,0.163563,15.9268,6.3367,2.5148,1.0006
discard1,"Deal 4, discard 1",4,10000000,21260929,Point total (Tam),"8 points, A-5-2, control A♣","(1, 8, 0, 14, 5, 2, 1)",15,429,0.15846339,95570,0.159283,15.7067,6.1966,2.4545,0.9888
discard1,"Deal 4, discard 1",4,10000000,21260929,Point total (Tam),"8 points, A-4-3, control A♠","(1, 8, 0, 14, 4, 3, 4)",15,471,0.17397728,104326,0.173877,15.8078,6.2483,2.4531,0.9499
discard1,"Deal 4, discard 1",4,10000000,21260929,Point total (Tam),"8 points, A-4-3, control A♥","(1, 8, 0, 14, 4, 3, 3)",15,457,0.16880598,101428,0.169047,15.7324,6.2577,2.5153,1.0254
discard1,"Deal 4, discard 1",4,10000000,21260929,Point total (Tam),"8 points, A-4-3, control A♦","(1, 8, 0, 14, 4, 3, 2)",15,443,0.16363468,97651,0.162752,15.7037,6.2252,2.4784,1.0056
discard1,"Deal 4, discard 1",4,10000000,21260929,Point total (Tam),"8 points, A-4-3, control A♣","(1, 8, 0, 14, 4, 3, 1)",15,429,0.15846339,94966,0.158277,15.4847,6.0865,2.3859,0.934
discard1,"Deal 4, discard 1",4,10000000,21260929,Point total (Tam),"8 points, K-Q-8, control K♠","(1, 8, 0, 13, 12, 8, 4)",15,378,0.13962508,83821,0.139702,15.1861,5.9083,2.3009,0.9055
discard1,"Deal 4, discard 1",4,10000000,21260929,Point total (Tam),"8 points, K-Q-8, control K♥","(1, 8, 0, 13, 12, 8, 3)",15,378,0.13962508,83548,0.139247,15.1397,5.8873,2.3081,0.9097
discard1,"Deal 4, discard 1",4,10000000,21260929,Point total (Tam),"8 points, K-Q-8, control K♦","(1, 8, 0, 13, 12, 8, 2)",15,378,0.13962508,83857,0.139762,14.9787,5.7934,2.2662,0.9349
discard1,"Deal 4, discard 1",4,10000000,21260929,Point total (Tam),"8 points, K-Q-8, control K♣","(1, 8, 0, 13, 12, 8, 1)",15,378,0.13962508,83403,0.139005,14.835,5.7127,2.2076,0.8753
discard1,"Deal 4, discard 1",4,10000000,21260929,Point total (Tam),"8 points, K-J-8, control K♠","(1, 8, 0, 13, 11, 8, 4)",15,378,0.13962508,83631,0.139385,14.7766,5.6523,2.16,0.8286
discard1,"Deal 4, discard 1",4,10000000,21260929,Point total (Tam),"8 points, K-J-8, control K♥","(1, 8, 0, 13, 11, 8, 3)",15,378,0.13962508,83753,0.139588,14.6809,5.6199,2.1413,0.7964
discard1,"Deal 4, discard 1",4,10000000,21260929,Point total (Tam),"8 points, K-J-8, control K♦","(1, 8, 0, 13, 11, 8, 2)",15,378,0.13962508,83879,0.139798,14.6082,5.5908,2.1471,0.8214
discard1,"Deal 4, discard 1",4,10000000,21260929,Point total (Tam),"8 points, K-J-8, control K♣","(1, 8, 0, 13, 11, 8, 1)",15,378,0.13962508,84463,0.140772,14.6137,5.5983,2.1366,0.8134
discard1,"Deal 4, discard 1",4,10000000,21260929,Point total (Tam),"8 points, K-10-8, control K♠","(1, 8, 0, 13, 10, 8, 4)",15,327,0.12078678,72359,0.120598,14.1651,5.2824,1.942,0.6965
discard1,"Deal 4, discard 1",4,10000000,21260929,Point total (Tam),"8 points, K-10-8, control K♥","(1, 8, 0, 13, 10, 8, 3)",15,327,0.12078678,72473,0.120788,14.1607,5.3263,2.0126,0.7658
discard1,"Deal 4, discard 1",4,10000000,21260929,Point total (Tam),"8 points, K-10-8, control K♦","(1, 8, 0, 13, 10, 8, 2)",15,327,0.12078678,72187,0.120312,13.9895,5.2079,1.9433,0.7439
discard1,"Deal 4, discard 1",4,10000000,21260929,Point total (Tam),"8 points, K-10-8, control K♣","(1, 8, 0, 13, 10, 8, 1)",15,327,0.12078678,72421,0.120702,14.0006,5.2026,1.911,0.6821
discard1,"Deal 4, discard 1",4,10000000,21260929,Point total (Tam),"8 points, K-6-2, control K♠","(1, 8, 0, 13, 6, 2, 4)",15,441,0.16289593,98109,0.163515,13.7777,5.1203,1.9056,0.7227
discard1,"Deal 4, discard 1",4,10000000,21260929,Point total (Tam),"8 points, K-6-2, control K♥","(1, 8, 0, 13, 6, 2, 3)",15,427,0.15772463,94619,0.157698,13.667,5.0771,1.9019,0.7314
discard1,"Deal 4, discard 1",4,10000000,21260929,Point total (Tam),"8 points, K-6-2, control K♦","(1, 8, 0, 13, 6, 2, 2)",15,413,0.15255333,91385,0.152308,13.5895,5.0137,1.8489,0.6774
discard1,"Deal 4, discard 1",4,10000000,21260929,Point total (Tam),"8 points, K-6-2, control K♣","(1, 8, 0, 13, 6, 2, 1)",15,399,0.14738203,88206,0.14701,13.4446,4.9231,1.7994,0.6485
discard1,"Deal 4, discard 1",4,10000000,21260929,Point total (Tam),"8 points, K-5-3, control K♠","(1, 8, 0, 13, 5, 3, 4)",15,441,0.16289593,97298,0.162163,13.3348,4.85,1.7452,0.6413
discard1,"Deal 4, discard 1",4,10000000,21260929,Point total (Tam),"8 points, K-5-3, control K♥","(1, 8, 0, 13, 5, 3, 3)",15,427,0.15772463,94842,0.15807,13.2869,4.8238,1.7391,0.6158
discard1,"Deal 4, discard 1",4,10000000,21260929,Point total (Tam),"8 points, K-5-3, control K♦","(1, 8, 0, 13, 5, 3, 2)",15,413,0.15255333,91745,0.152908,13.1691,4.7912,1.7564,0.6583
discard1,"Deal 4, discard 1",4,10000000,21260929,Point total (Tam),"8 points, K-5-3, control K♣","(1, 8, 0, 13, 5, 3, 1)",15,399,0.14738203,88265,0.147108,13.2323,4.8031,1.7377,0.6322
discard1,"Deal 4, discard 1",4,10000000,21260929,Point total (Tam),"8 points, Q-J-8, control Q♠","(1, 8, 0, 12, 11, 8, 4)",15,327,0.12078678,72816,0.12136,13.3504,4.8697,1.779,0.6358
discard1,"Deal 4, discard 1",4,10000000,21260929,Point total (Tam),"8 points, Q-J-8, control Q♥","(1, 8, 0, 12, 11, 8, 3)",15,327,0.12078678,72317,0.120528,13.2409,4.837,1.7852,0.6776
discard1,"Deal 4, discard 1",4,10000000,21260929,Point total (Tam),"8 points, Q-J-8, control Q♦","(1, 8, 0, 12, 11, 8, 2)",15,327,0.12078678,72531,0.120885,13.2437,4.8294,1.7777,0.6756
discard1,"Deal 4, discard 1",4,10000000,21260929,Point total (Tam),"8 points, Q-J-8, control Q♣","(1, 8, 0, 12, 11, 8, 1)",15,327,0.12078678,72522,0.12087,13.088,4.7372,1.7153,0.6233
discard1,"Deal 4, discard 1",4,10000000,21260929,Point total (Tam),"8 points, Q-10-8, control Q♠","(1, 8, 0, 12, 10, 8, 4)",15,327,0.12078678,72785,0.121308,12.6518,4.4899,1.5913,0.5798
discard1,"Deal 4, discard 1",4,10000000,21260929,Point total (Tam),"8 points, Q-10-8, control Q♥","(1, 8, 0, 12, 10, 8, 3)",15,327,0.12078678,72674,0.121123,12.6897,4.5154,1.5945,0.549
discard1,"Deal 4, discard 1",4,10000000,21260929,Point total (Tam),"8 points, Q-10-8, control Q♦","(1, 8, 0, 12, 10, 8, 2)",15,327,0.12078678,72008,0.120013,12.6647,4.5355,1.6332,0.5916
discard1,"Deal 4, discard 1",4,10000000,21260929,Point total (Tam),"8 points, Q-10-8, control Q♣","(1, 8, 0, 12, 10, 8, 1)",15,327,0.12078678,72329,0.120548,12.5319,4.4309,1.5496,0.5406
discard1,"Deal 4, discard 1",4,10000000,21260929,Point total (Tam),"8 points, Q-6-2, control Q♠","(1, 8, 0, 12, 6, 2, 4)",15,390,0.14405762,86876,0.144793,12.1832,4.2314,1.4529,0.4904
discard1,"Deal 4, discard 1",4,10000000,21260929,Point total (Tam),"8 points, Q-6-2, control Q♥","(1, 8, 0, 12, 6, 2, 3)",15,376,0.13888632,83170,0.138617,12.0706,4.2037,1.47,0.517
discard1,"Deal 4, discard 1",4,10000000,21260929,Point total (Tam),"8 points, Q-6-2, control Q♦","(1, 8, 0, 12, 6, 2, 2)",15,362,0.13371502,80256,0.13376,12.1692,4.2666,1.5164,0.5607
discard1,"Deal 4, discard 1",4,10000000,21260929,Point total (Tam),"8 points, Q-6-2, control Q♣","(1, 8, 0, 12, 6, 2, 1)",15,348,0.12854373,77553,0.129255,11.9201,4.0879,1.4117,0.4874
discard1,"Deal 4, discard 1",4,10000000,21260929,Point total (Tam),"8 points, Q-5-3, control Q♠","(1, 8, 0, 12, 5, 3, 4)",15,390,0.14405762,86686,0.144477,11.9295,4.0966,1.4074,0.4937
discard1,"Deal 4, discard 1",4,10000000,21260929,Point total (Tam),"8 points, Q-5-3, control Q♥","(1, 8, 0, 12, 5, 3, 3)",15,376,0.13888632,83035,0.138392,11.8593,4.0929,1.423,0.4998
discard1,"Deal 4, discard 1",4,10000000,21260929,Point total (Tam),"8 points, Q-5-3, control Q♦","(1, 8, 0, 12, 5, 3, 2)",15,362,0.13371502,80165,0.133608,11.7928,4.0172,1.3542,0.4354
discard1,"Deal 4, discard 1",4,10000000,21260929,Point total (Tam),"8 points, Q-5-3, control Q♣","(1, 8, 0, 12, 5, 3, 1)",15,348,0.12854373,76986,0.12831,11.7842,4.0605,1.3948,0.4741
discard1,"Deal 4, discard 1",4,10000000,21260929,Point total (Tam),"8 points, J-10-8, control J♠","(1, 8, 0, 11, 10, 8, 4)",15,327,0.12078678,72770,0.121283,11.4558,3.8587,1.2901,0.4356
discard1,"Deal 4, discard 1",4,10000000,21260929,Point total (Tam),"8 points, J-10-8, control J♥","(1, 8, 0, 11, 10, 8, 3)",15,327,0.12078678,72293,0.120488,11.4015,3.8026,1.246,0.3928
discard1,"Deal 4, discard 1",4,10000000,21260929,Point total (Tam),"8 points, J-10-8, control J♦","(1, 8, 0, 11, 10, 8, 2)",15,327,0.12078678,72218,0.120363,11.4423,3.8706,1.3274,0.4888
discard1,"Deal 4, discard 1",4,10000000,21260929,Point total (Tam),"8 points, J-10-8, control J♣","(1, 8, 0, 11, 10, 8, 1)",15,327,0.12078678,72157,0.120262,11.3126,3.8298,1.3077,0.4615
discard1,"Deal 4, discard 1",4,10000000,21260929,Point total (Tam),"8 points, J-6-2, control J♠","(1, 8, 0, 11, 6, 2, 4)",15,339,0.12521932,75410,0.125683,11.0052,3.6393,1.2009,0.3912
discard1,"Deal 4, discard 1",4,10000000,21260929,Point total (Tam),"8 points, J-6-2, control J♥","(1, 8, 0, 11, 6, 2, 3)",15,325,0.12004802,72336,0.12056,10.9607,3.6236,1.1966,0.3885
discard1,"Deal 4, discard 1",4,10000000,21260929,Point total (Tam),"8 points, J-6-2, control J♦","(1, 8, 0, 11, 6, 2, 2)",15,311,0.11487672,68815,0.114692,10.9162,3.6039,1.1835,0.3691
discard1,"Deal 4, discard 1",4,10000000,21260929,Point total (Tam),"8 points, J-6-2, control J♣","(1, 8, 0, 11, 6, 2, 1)",15,297,0.10970542,65189,0.108648,10.7975,3.5485,1.1711,0.3758
discard1,"Deal 4, discard 1",4,10000000,21260929,Point total (Tam),"8 points, J-5-3, control J♠","(1, 8, 0, 11, 5, 3, 4)",15,339,0.12521932,75493,0.125822,10.6381,3.4601,1.1437,0.3908
discard1,"Deal 4, discard 1",4,10000000,21260929,Point total (Tam),"8 points, J-5-3, control J♥","(1, 8, 0, 11, 5, 3, 3)",15,325,0.12004802,71731,0.119552,10.7506,3.491,1.1158,0.3666
discard1,"Deal 4, discard 1",4,10000000,21260929,Point total (Tam),"8 points, J-5-3, control J♦","(1, 8, 0, 11, 5, 3, 2)",15,311,0.11487672,69262,0.115437,10.6617,3.4917,1.1467,0.3826
discard1,"Deal 4, discard 1",4,10000000,21260929,Point total (Tam),"8 points, J-5-3, control J♣","(1, 8, 0, 11, 5, 3, 1)",15,297,0.10970542,66176,0.110293,10.6832,3.4803,1.1312,0.3868
discard1,"Deal 4, discard 1",4,10000000,21260929,Point total (Tam),"8 points, 10-6-2, control 10♠","(1, 8, 0, 10, 6, 2, 4)",15,288,0.10638101,63550,0.105917,10.1028,3.2107,1.0159,0.3179
discard1,"Deal 4, discard 1",4,10000000,21260929,Point total (Tam),"8 points, 10-6-2, control 10♥","(1, 8, 0, 10, 6, 2, 3)",15,274,0.10120971,60815,0.101358,10.0559,3.1992,1.0218,0.3256
discard1,"Deal 4, discard 1",4,10000000,21260929,Point total (Tam),"8 points, 10-6-2, control 10♦","(1, 8, 0, 10, 6, 2, 2)",15,260,0.09603842,57580,0.095967,10.1051,3.2444,1.066,0.3664
discard1,"Deal 4, discard 1",4,10000000,21260929,Point total (Tam),"8 points, 10-6-2, control 10♣","(1, 8, 0, 10, 6, 2, 1)",15,246,0.09086712,54450,0.09075,10.0073,3.1576,0.9833,0.281
discard1,"Deal 4, discard 1",4,10000000,21260929,Point total (Tam),"8 points, 10-5-3, control 10♠","(1, 8, 0, 10, 5, 3, 4)",15,288,0.10638101,63309,0.105515,10.1254,3.2452,1.0504,0.3522
discard1,"Deal 4, discard 1",4,10000000,21260929,Point total (Tam),"8 points, 10-5-3, control 10♥","(1, 8, 0, 10, 5, 3, 3)",15,274,0.10120971,60664,0.101107,9.8721,3.1126,0.9891,0.3165
discard1,"Deal 4, discard 1",4,10000000,21260929,Point total (Tam),"8 points, 10-5-3, control 10♦","(1, 8, 0, 10, 5, 3, 2)",15,260,0.09603842,57408,0.09568,9.8526,3.0832,0.9542,0.3066
discard1,"Deal 4, discard 1",4,10000000,21260929,Point total (Tam),"8 points, 10-5-3, control 10♣","(1, 8, 0, 10, 5, 3, 1)",15,246,0.09086712,54313,0.090522,9.8916,3.0877,0.9674,0.313
discard1,"Deal 4, discard 1",4,10000000,21260929,Point total (Tam),"8 points, 9-7-2, control 9♠","(1, 8, 0, 9, 7, 2, 4)",15,288,0.10638101,63949,0.106582,10.1656,3.2205,1.0189,0.3221
discard1,"Deal 4, discard 1",4,10000000,21260929,Point total (Tam),"8 points, 9-7-2, control 9♥","(1, 8, 0, 9, 7, 2, 3)",15,274,0.10120971,60726,0.10121,10.1357,3.2161,1.0236,0.3343
discard1,"Deal 4, discard 1",4,10000000,21260929,Point total (Tam),"8 points, 9-7-2, control 9♦","(1, 8, 0, 9, 7, 2, 2)",15,260,0.09603842,57255,0.095425,9.8673,3.0451,0.9341,0.3109
discard1,"Deal 4, discard 1",4,10000000,21260929,Point total (Tam),"8 points, 9-7-2, control 9♣","(1, 8, 0, 9, 7, 2, 1)",15,246,0.09086712,54186,0.09031,10.0969,3.203,1.0099,0.3119
discard1,"Deal 4, discard 1",4,10000000,21260929,Point total (Tam),"8 points, 9-6-3, control 9♠","(1, 8, 0, 9, 6, 3, 4)",15,288,0.10638101,64073,0.106788,9.8402,3.0731,0.9311,0.2841
discard1,"Deal 4, discard 1",4,10000000,21260929,Point total (Tam),"8 points, 9-6-3, control 9♥","(1, 8, 0, 9, 6, 3, 3)",15,274,0.10120971,60461,0.100768,9.8058,3.0726,0.9679,0.3093
discard1,"Deal 4, discard 1",4,10000000,21260929,Point total (Tam),"8 points, 9-6-3, control 9♦","(1, 8, 0, 9, 6, 3, 2)",15,260,0.09603842,58056,0.09676,9.8777,3.122,0.987,0.3169
discard1,"Deal 4, discard 1",4,10000000,21260929,Point total (Tam),"8 points, 9-6-3, control 9♣","(1, 8, 0, 9, 6, 3, 1)",15,246,0.09086712,54063,0.090105,9.7523,3.0156,0.9293,0.2849
discard1,"Deal 4, discard 1",4,10000000,21260929,Point total (Tam),"8 points, 9-5-4, control 9♠","(1, 8, 0, 9, 5, 4, 4)",15,267,0.09862407,59524,0.099207,9.8024,3.0746,0.9734,0.3192
discard1,"Deal 4, discard 1",4,10000000,21260929,Point total (Tam),"8 points, 9-5-4, control 9♥","(1, 8, 0, 9, 5, 4, 3)",15,253,0.09345277,55849,0.093082,9.6743,3.0214,0.9579,0.3098
discard1,"Deal 4, discard 1",4,10000000,21260929,Point total (Tam),"8 points, 9-5-4, control 9♦","(1, 8, 0, 9, 5, 4, 2)",15,239,0.08828147,52953,0.088255,9.8686,3.0907,0.9533,0.2757
discard1,"Deal 4, discard 1",4,10000000,21260929,Point total (Tam),"8 points, 9-5-4, control 9♣","(1, 8, 0, 9, 5, 4, 1)",15,225,0.08311017,50208,0.08368,9.5945,2.9601,0.9257,0.3107
discard1,"Deal 4, discard 1",4,10000000,21260929,Point total (Tam),"8 points, 8-7-3, control 8♠","(1, 8, 0, 8, 7, 3, 4)",15,399,0.14738203,88686,0.14781,9.7794,3.0527,0.9429,0.2909
discard1,"Deal 4, discard 1",4,10000000,21260929,Point total (Tam),"8 points, 8-7-3, control 8♥","(1, 8, 0, 8, 7, 3, 3)",15,399,0.14738203,88650,0.14775,9.6333,2.9896,0.9309,0.3057
discard1,"Deal 4, discard 1",4,10000000,21260929,Point total (Tam),"8 points, 8-7-3, control 8♦","(1, 8, 0, 8, 7, 3, 2)",15,399,0.14738203,88159,0.146932,9.6177,2.9785,0.9097,0.2654
discard1,"Deal 4, discard 1",4,10000000,21260929,Point total (Tam),"8 points, 8-7-3, control 8♣","(1, 8, 0, 8, 7, 3, 1)",15,399,0.14738203,88507,0.147512,9.4684,2.9291,0.9052,0.2746
discard1,"Deal 4, discard 1",4,10000000,21260929,Point total (Tam),"8 points, 8-6-4, control 8♠","(1, 8, 0, 8, 6, 4, 4)",15,441,0.16289593,98050,0.163417,9.1927,2.787,0.851,0.2713
discard1,"Deal 4, discard 1",4,10000000,21260929,Point total (Tam),"8 points, 8-6-4, control 8♥","(1, 8, 0, 8, 6, 4, 3)",15,427,0.15772463,94411,0.157352,9.1723,2.7536,0.8194,0.2394
discard1,"Deal 4, discard 1",4,10000000,21260929,Point total (Tam),"8 points, 8-6-4, control 8♦","(1, 8, 0, 8, 6, 4, 2)",15,413,0.15255333,91401,0.152335,9.0708,2.7481,0.8435,0.2615
discard1,"Deal 4, discard 1",4,10000000,21260929,Point total (Tam),"8 points, 8-6-4, control 8♣","(1, 8, 0, 8, 6, 4, 1)",15,399,0.14738203,88154,0.146923,9.0132,2.6963,0.8127,0.2586
discard1,"Deal 4, discard 1",4,10000000,21260929,Point total (Tam),"7 points, pair A, kicker 5♠","(1, 7, 1, 14, 5, 4)",6,165,0.06094746,36694,0.061157,8.6344,2.5258,0.7206,0.1962
discard1,"Deal 4, discard 1",4,10000000,21260929,Point total (Tam),"7 points, pair A, kicker 5♥","(1, 7, 1, 14, 5, 3)",6,159,0.05873118,35001,0.058335,8.5572,2.4771,0.7114,0.1943
discard1,"Deal 4, discard 1",4,10000000,21260929,Point total (Tam),"7 points, pair A, kicker 5♦","(1, 7, 1, 14, 5, 2)",6,153,0.05651491,33776,0.056293,8.5789,2.5003,0.7165,0.1865
discard1,"Deal 4, discard 1",4,10000000,21260929,Point total (Tam),"7 points, pair A, kicker 5♣","(1, 7, 1, 14, 5, 1)",6,147,0.05429864,32479,0.054132,8.5702,2.4915,0.7057,0.1663
discard1,"Deal 4, discard 1",4,10000000,21260929,Point total (Tam),"7 points, pair K, kicker 7♠","(1, 7, 1, 13, 7, 4)",6,123,0.04543356,27408,0.04568,8.4764,2.4376,0.6925,0.1861
discard1,"Deal 4, discard 1",4,10000000,21260929,Point total (Tam),"7 points, pair K, kicker 7♥","(1, 7, 1, 13, 7, 3)",6,117,0.04321729,26097,0.043495,8.6071,2.5145,0.7242,0.1916
discard1,"Deal 4, discard 1",4,10000000,21260929,Point total (Tam),"7 points, pair K, kicker 7♦","(1, 7, 1, 13, 7, 2)",6,111,0.04100102,24664,0.041107,8.649,2.5462,0.7598,0.2433
discard1,"Deal 4, discard 1",4,10000000,21260929,Point total (Tam),"7 points, pair K, kicker 7♣","(1, 7, 1, 13, 7, 1)",6,105,0.03878474,23309,0.038848,8.6173,2.5557,0.7671,0.2317
discard1,"Deal 4, discard 1",4,10000000,21260929,Point total (Tam),"7 points, pair Q, kicker 7♠","(1, 7, 1, 12, 7, 4)",6,123,0.04543356,27333,0.045555,8.7718,2.6305,0.7881,0.2451
discard1,"Deal 4, discard 1",4,10000000,21260929,Point total (Tam),"7 points, pair Q, kicker 7♥","(1, 7, 1, 12, 7, 3)",6,117,0.04321729,25779,0.042965,8.5143,2.4163,0.6587,0.1629
discard1,"Deal 4, discard 1",4,10000000,21260929,Point total (Tam),"7 points, pair Q, kicker 7♦","(1, 7, 1, 12, 7, 2)",6,111,0.04100102,24475,0.040792,8.6701,2.6165,0.818,0.2778
discard1,"Deal 4, discard 1",4,10000000,21260929,Point total (Tam),"7 points, pair Q, kicker 7♣","(1, 7, 1, 12, 7, 1)",6,105,0.03878474,23367,0.038945,8.6383,2.566,0.7857,0.2568
discard1,"Deal 4, discard 1",4,10000000,21260929,Point total (Tam),"7 points, pair J, kicker 7♠","(1, 7, 1, 11, 7, 4)",6,123,0.04543356,27363,0.045605,8.3182,2.3989,0.7017,0.2193
discard1,"Deal 4, discard 1",4,10000000,21260929,Point total (Tam),"7 points, pair J, kicker 7♥","(1, 7, 1, 11, 7, 3)",6,117,0.04321729,25938,0.04323,8.299,2.3915,0.694,0.1928
discard1,"Deal 4, discard 1",4,10000000,21260929,Point total (Tam),"7 points, pair J, kicker 7♦","(1, 7, 1, 11, 7, 2)",6,111,0.04100102,24679,0.041132,8.3431,2.4434,0.7172,0.2067
discard1,"Deal 4, discard 1",4,10000000,21260929,Point total (Tam),"7 points, pair J, kicker 7♣","(1, 7, 1, 11, 7, 1)",6,105,0.03878474,23406,0.03901,8.3359,2.387,0.6631,0.1666
discard1,"Deal 4, discard 1",4,10000000,21260929,Point total (Tam),"7 points, pair 10, kicker 7♠","(1, 7, 1, 10, 7, 4)",6,165,0.06094746,36603,0.061005,7.9696,2.2591,0.648,0.1912
discard1,"Deal 4, discard 1",4,10000000,21260929,Point total (Tam),"7 points, pair 10, kicker 7♥","(1, 7, 1, 10, 7, 3)",6,159,0.05873118,35160,0.0586,8.0051,2.2671,0.6365,0.1877
discard1,"Deal 4, discard 1",4,10000000,21260929,Point total (Tam),"7 points, pair 10, kicker 7♦","(1, 7, 1, 10, 7, 2)",6,153,0.05651491,33645,0.056075,7.7384,2.1337,0.5808,0.1486
discard1,"Deal 4, discard 1",4,10000000,21260929,Point total (Tam),"7 points, pair 10, kicker 7♣","(1, 7, 1, 10, 7, 1)",6,147,0.05429864,32720,0.054533,7.8738,2.2204,0.6112,0.1528
discard1,"Deal 4, discard 1",4,10000000,21260929,Point total (Tam),"7 points, pair 8, kicker A♠","(1, 7, 1, 8, 14, 4)",6,102,0.03767661,22695,0.037825,8.9222,2.6918,0.8249,0.26
discard1,"Deal 4, discard 1",4,10000000,21260929,Point total (Tam),"7 points, pair 8, kicker A♥","(1, 7, 1, 8, 14, 3)",6,96,0.03546034,21551,0.035918,8.8947,2.5739,0.7229,0.2227
discard1,"Deal 4, discard 1",4,10000000,21260929,Point total (Tam),"7 points, pair 8, kicker A♦","(1, 7, 1, 8, 14, 2)",6,90,0.03324407,19933,0.033222,8.8692,2.6253,0.7525,0.1806
discard1,"Deal 4, discard 1",4,10000000,21260929,Point total (Tam),"7 points, pair 8, kicker A♣","(1, 7, 1, 8, 14, 1)",6,84,0.0310278,18633,0.031055,8.9433,2.6872,0.805,0.2147
discard1,"Deal 4, discard 1",4,10000000,21260929,Point total (Tam),"7 points, pair 7, kicker 3♠","(1, 7, 1, 7, 3, 4)",6,165,0.06094746,36677,0.061128,8.1945,2.3295,0.6467,0.1663
discard1,"Deal 4, discard 1",4,10000000,21260929,Point total (Tam),"7 points, pair 7, kicker 3♥","(1, 7, 1, 7, 3, 3)",6,159,0.05873118,35349,0.058915,8.248,2.3656,0.6716,0.1867
discard1,"Deal 4, discard 1",4,10000000,21260929,Point total (Tam),"7 points, pair 7, kicker 3♦","(1, 7, 1, 7, 3, 2)",6,153,0.05651491,34169,0.056948,8.175,2.3284,0.6521,0.1785
discard1,"Deal 4, discard 1",4,10000000,21260929,Point total (Tam),"7 points, pair 7, kicker 3♣","(1, 7, 1, 7, 3, 1)",6,147,0.05429864,32615,0.054358,8.2398,2.3495,0.65,0.184
discard1,"Deal 4, discard 1",4,10000000,21260929,Point total (Tam),"7 points, pair 6, kicker 5♠","(1, 7, 1, 6, 5, 4)",6,186,0.0687044,41528,0.069213,7.9077,2.2216,0.6362,0.1878
discard1,"Deal 4, discard 1",4,10000000,21260929,Point total (Tam),"7 points, pair 6, kicker 5♥","(1, 7, 1, 6, 5, 3)",6,180,0.06648813,39795,0.066325,7.7181,2.1204,0.586,0.1759
discard1,"Deal 4, discard 1",4,10000000,21260929,Point total (Tam),"7 points, pair 6, kicker 5♦","(1, 7, 1, 6, 5, 2)",6,174,0.06427186,38707,0.064512,7.7294,2.1505,0.6061,0.1834
discard1,"Deal 4, discard 1",4,10000000,21260929,Point total (Tam),"7 points, pair 6, kicker 5♣","(1, 7, 1, 6, 5, 1)",6,168,0.06205559,37061,0.061768,7.7294,2.1519,0.5866,0.1322
discard1,"Deal 4, discard 1",4,10000000,21260929,Point total (Tam),"7 points, pair 5, kicker 7♠","(1, 7, 1, 5, 7, 4)",6,168,0.06205559,37344,0.06224,7.8296,2.1698,0.5988,0.1633
discard1,"Deal 4, discard 1",4,10000000,21260929,Point total (Tam),"7 points, pair 5, kicker 7♥","(1, 7, 1, 5, 7, 3)",6,168,0.06205559,37365,0.062275,7.8287,2.1665,0.5979,0.174
discard1,"Deal 4, discard 1",4,10000000,21260929,Point total (Tam),"7 points, pair 5, kicker 7♦","(1, 7, 1, 5, 7, 2)",6,168,0.06205559,36984,0.06164,7.9929,2.2726,0.6679,0.2163
discard1,"Deal 4, discard 1",4,10000000,21260929,Point total (Tam),"7 points, pair 5, kicker 7♣","(1, 7, 1, 5, 7, 1)",6,168,0.06205559,37244,0.062073,8.0179,2.2439,0.6079,0.1504
discard1,"Deal 4, discard 1",4,10000000,21260929,Point total (Tam),"7 points, pair 4, kicker 9♠","(1, 7, 1, 4, 9, 4)",6,102,0.03767661,22275,0.037125,7.6278,2.088,0.5818,0.1661
discard1,"Deal 4, discard 1",4,10000000,21260929,Point total (Tam),"7 points, pair 4, kicker 9♥","(1, 7, 1, 4, 9, 3)",6,96,0.03546034,21278,0.035463,7.5421,2.0697,0.5922,0.1833
discard1,"Deal 4, discard 1",4,10000000,21260929,Point total (Tam),"7 points, pair 4, kicker 9♦","(1, 7, 1, 4, 9, 2)",6,90,0.03324407,19886,0.033143,7.6149,2.0904,0.5823,0.1559
discard1,"Deal 4, discard 1",4,10000000,21260929,Point total (Tam),"7 points, pair 4, kicker 9♣","(1, 7, 1, 4, 9, 1)",6,84,0.0310278,18736,0.031227,7.531,2.0511,0.554,0.1441
discard1,"Deal 4, discard 1",4,10000000,21260929,Point total (Tam),"7 points, pair 3, kicker A♠","(1, 7, 1, 3, 14, 4)",6,186,0.0687044,41067,0.068445,7.3733,2.0011,0.5513,0.168
discard1,"Deal 4, discard 1",4,10000000,21260929,Point total (Tam),"7 points, pair 3, kicker A♥","(1, 7, 1, 3, 14, 3)",6,180,0.06648813,39706,0.066177,7.4296,2.0073,0.54,0.1385
discard1,"Deal 4, discard 1",4,10000000,21260929,Point total (Tam),"7 points, pair 3, kicker A♦","(1, 7, 1, 3, 14, 2)",6,174,0.06427186,38724,0.06454,7.3755,2.0047,0.5299,0.124
discard1,"Deal 4, discard 1",4,10000000,21260929,Point total (Tam),"7 points, pair 3, kicker A♣","(1, 7, 1, 3, 14, 1)",6,168,0.06205559,37472,0.062453,7.302,1.962,0.5236,0.1308
discard1,"Deal 4, discard 1",4,10000000,21260929,Point total (Tam),"7 points, pair 2, kicker 3♠","(1, 7, 1, 2, 3, 4)",6,168,0.06205559,37336,0.062227,7.2809,1.9708,0.5378,0.1339
discard1,"Deal 4, discard 1",4,10000000,21260929,Point total (Tam),"7 points, pair 2, kicker 3♥","(1, 7, 1, 2, 3, 3)",6,168,0.06205559,37471,0.062452,7.315,2.0034,0.5716,0.1841
discard1,"Deal 4, discard 1",4,10000000,21260929,Point total (Tam),"7 points, pair 2, kicker 3♦","(1, 7, 1, 2, 3, 2)",6,168,0.06205559,37200,0.062,7.2105,1.9239,0.5129,0.1452
discard1,"Deal 4, discard 1",4,10000000,21260929,Point total (Tam),"7 points, pair 2, kicker 3♣","(1, 7, 1, 2, 3, 1)",6,168,0.06205559,37292,0.062153,7.2396,1.917,0.4972,0.1153
discard1,"Deal 4, discard 1",4,10000000,21260929,Point total (Tam),"7 points, A-K-6, control A♠","(1, 7, 0, 14, 13, 6, 4)",15,297,0.10970542,66119,0.110198,7.1256,1.8905,0.5073,0.1391
discard1,"Deal 4, discard 1",4,10000000,21260929,Point total (Tam),"7 points, A-K-6, control A♥","(1, 7, 0, 14, 13, 6, 3)",15,297,0.10970542,65909,0.109848,7.0949,1.8975,0.5104,0.1411
discard1,"Deal 4, discard 1",4,10000000,21260929,Point total (Tam),"7 points, A-K-6, control A♦","(1, 7, 0, 14, 13, 6, 2)",15,297,0.10970542,65815,0.109692,6.9899,1.8476,0.4905,0.1276
discard1,"Deal 4, discard 1",4,10000000,21260929,Point total (Tam),"7 points, A-K-6, control A♣","(1, 7, 0, 14, 13, 6, 1)",15,297,0.10970542,65884,0.109807,6.9747,1.8648,0.5209,0.1639
discard1,"Deal 4, discard 1",4,10000000,21260929,Point total (Tam),"7 points, A-Q-6, control A♠","(1, 7, 0, 14, 12, 6, 4)",15,297,0.10970542,65608,0.109347,7.0231,1.8604,0.4923,0.1326
discard1,"Deal 4, discard 1",4,10000000,21260929,Point total (Tam),"7 points, A-Q-6, control A♥","(1, 7, 0, 14, 12, 6, 3)",15,297,0.10970542,66307,0.110512,7.0273,1.8562,0.4865,0.1312
discard1,"Deal 4, discard 1",4,10000000,21260929,Point total (Tam),"7 points, A-Q-6, control A♦","(1, 7, 0, 14, 12, 6, 2)",15,297,0.10970542,65752,0.109587,6.9654,1.8083,0.4514,0.0973
discard1,"Deal 4, discard 1",4,10000000,21260929,Point total (Tam),"7 points, A-Q-6, control A♣","(1, 7, 0, 14, 12, 6, 1)",15,297,0.10970542,65832,0.10972,6.8857,1.7871,0.4584,0.12
discard1,"Deal 4, discard 1",4,10000000,21260929,Point total (Tam),"7 points, A-J-6, control A♠","(1, 7, 0, 14, 11, 6, 4)",15,246,0.09086712,54597,0.090995,6.8092,1.7516,0.4389,0.1044
discard1,"Deal 4, discard 1",4,10000000,21260929,Point total (Tam),"7 points, A-J-6, control A♥","(1, 7, 0, 14, 11, 6, 3)",15,246,0.09086712,54233,0.090388,6.759,1.7545,0.4521,0.1088
discard1,"Deal 4, discard 1",4,10000000,21260929,Point total (Tam),"7 points, A-J-6, control A♦","(1, 7, 0, 14, 11, 6, 2)",15,246,0.09086712,54445,0.090742,6.8291,1.8013,0.4746,0.1267
discard1,"Deal 4, discard 1",4,10000000,21260929,Point total (Tam),"7 points, A-J-6, control A♣","(1, 7, 0, 14, 11, 6, 1)",15,246,0.09086712,54435,0.090725,6.7888,1.7766,0.4714,0.1194
discard1,"Deal 4, discard 1",4,10000000,21260929,Point total (Tam),"7 points, A-10-6, control A♠","(1, 7, 0, 14, 10, 6, 4)",15,195,0.07202881,43401,0.072335,6.475,1.6631,0.4097,0.0783
discard1,"Deal 4, discard 1",4,10000000,21260929,Point total (Tam),"7 points, A-10-6, control A♥","(1, 7, 0, 14, 10, 6, 3)",15,195,0.07202881,43274,0.072123,6.4896,1.6703,0.4326,0.1063
discard1,"Deal 4, discard 1",4,10000000,21260929,Point total (Tam),"7 points, A-10-6, control A♦","(1, 7, 0, 14, 10, 6, 2)",15,195,0.07202881,43564,0.072607,6.4262,1.6162,0.3957,0.0872
discard1,"Deal 4, discard 1",4,10000000,21260929,Point total (Tam),"7 points, A-10-6, control A♣","(1, 7, 0, 14, 10, 6, 1)",15,195,0.07202881,43142,0.071903,6.5736,1.6759,0.4246,0.1136
discard1,"Deal 4, discard 1",4,10000000,21260929,Point total (Tam),"7 points, A-9-7, control A♠","(1, 7, 0, 14, 9, 7, 4)",15,174,0.06427186,38483,0.064138,6.7477,1.7338,0.4412,0.1013
discard1,"Deal 4, discard 1",4,10000000,21260929,Point total (Tam),"7 points, A-9-7, control A♥","(1, 7, 0, 14, 9, 7, 3)",15,174,0.06427186,38571,0.064285,6.7297,1.7347,0.4527,0.1348
discard1,"Deal 4, discard 1",4,10000000,21260929,Point total (Tam),"7 points, A-9-7, control A♦","(1, 7, 0, 14, 9, 7, 2)",15,174,0.06427186,38264,0.063773,6.8239,1.7884,0.4589,0.1124
discard1,"Deal 4, discard 1",4,10000000,21260929,Point total (Tam),"7 points, A-9-7, control A♣","(1, 7, 0, 14, 9, 7, 1)",15,174,0.06427186,38422,0.064037,6.8463,1.8135,0.4851,0.1327
discard1,"Deal 4, discard 1",4,10000000,21260929,Point total (Tam),"7 points, A-4-2, control A♠","(1, 7, 0, 14, 4, 2, 4)",15,399,0.14738203,88780,0.147967,6.3301,1.6034,0.4141,0.1104
discard1,"Deal 4, discard 1",4,10000000,21260929,Point total (Tam),"7 points, A-4-2, control A♥","(1, 7, 0, 14, 4, 2, 3)",15,385,0.14221073,85357,0.142262,6.1993,1.5359,0.3929,0.1054
discard1,"Deal 4, discard 1",4,10000000,21260929,Point total (Tam),"7 points, A-4-2, control A♦","(1, 7, 0, 14, 4, 2, 2)",15,371,0.13703943,82200,0.137,6.183,1.5186,0.3818,0.1034
discard1,"Deal 4, discard 1",4,10000000,21260929,Point total (Tam),"7 points, A-4-2, control A♣","(1, 7, 0, 14, 4, 2, 1)",15,357,0.13186813,79351,0.132252,6.1176,1.514,0.374,0.0907
discard1,"Deal 4, discard 1",4,10000000,21260929,Point total (Tam),"7 points, K-Q-7, control K♠","(1, 7, 0, 13, 12, 7, 4)",15,276,0.10194847,61094,0.101823,6.0801,1.4879,0.3558,0.0769
discard1,"Deal 4, discard 1",4,10000000,21260929,Point total (Tam),"7 points, K-Q-7, control K♥","(1, 7, 0, 13, 12, 7, 3)",15,276,0.10194847,61105,0.101842,6.0833,1.4964,0.3748,0.1031
discard1,"Deal 4, discard 1",4,10000000,21260929,Point total (Tam),"7 points, K-Q-7, control K♦","(1, 7, 0, 13, 12, 7, 2)",15,276,0.10194847,61184,0.101973,6.098,1.5059,0.3707,0.0785
discard1,"Deal 4, discard 1",4,10000000,21260929,Point total (Tam),"7 points, K-Q-7, control K♣","(1, 7, 0, 13, 12, 7, 1)",15,276,0.10194847,60949,0.101582,6.0219,1.466,0.361,0.0935
discard1,"Deal 4, discard 1",4,10000000,21260929,Point total (Tam),"7 points, K-J-7, control K♠","(1, 7, 0, 13, 11, 7, 4)",15,276,0.10194847,61505,0.102508,5.9496,1.4368,0.3411,0.0894
discard1,"Deal 4, discard 1",4,10000000,21260929,Point total (Tam),"7 points, K-J-7, control K♥","(1, 7, 0, 13, 11, 7, 3)",15,276,0.10194847,61497,0.102495,5.9182,1.4516,0.3545,0.0781
discard1,"Deal 4, discard 1",4,10000000,21260929,Point total (Tam),"7 points, K-J-7, control K♦","(1, 7, 0, 13, 11, 7, 2)",15,276,0.10194847,60879,0.101465,5.8528,1.3919,0.3229,0.0641
discard1,"Deal 4, discard 1",4,10000000,21260929,Point total (Tam),"7 points, K-J-7, control K♣","(1, 7, 0, 13, 11, 7, 1)",15,276,0.10194847,61222,0.102037,5.8303,1.407,0.346,0.0947
discard1,"Deal 4, discard 1",4,10000000,21260929,Point total (Tam),"7 points, K-10-7, control K♠","(1, 7, 0, 13, 10, 7, 4)",15,225,0.08311017,49637,0.082728,5.7314,1.3712,0.3248,0.0766
discard1,"Deal 4, discard 1",4,10000000,21260929,Point total (Tam),"7 points, K-10-7, control K♥","(1, 7, 0, 13, 10, 7, 3)",15,225,0.08311017,49750,0.082917,5.5837,1.3116,0.3168,0.0864
discard1,"Deal 4, discard 1",4,10000000,21260929,Point total (Tam),"7 points, K-10-7, control K♦","(1, 7, 0, 13, 10, 7, 2)",15,225,0.08311017,50079,0.083465,5.6197,1.3137,0.2987,0.0679
discard1,"Deal 4, discard 1",4,10000000,21260929,Point total (Tam),"7 points, K-10-7, control K♣","(1, 7, 0, 13, 10, 7, 1)",15,225,0.08311017,49773,0.082955,5.5637,1.3075,0.3094,0.0784
discard1,"Deal 4, discard 1",4,10000000,21260929,Point total (Tam),"7 points, K-9-8, control K♠","(1, 7, 0, 13, 9, 8, 4)",15,225,0.08311017,50297,0.083828,5.8397,1.4202,0.3591,0.0994
discard1,"Deal 4, discard 1",4,10000000,21260929,Point total (Tam),"7 points, K-9-8, control K♥","(1, 7, 0, 13, 9, 8, 3)",15,225,0.08311017,49807,0.083012,5.8038,1.3892,0.3345,0.0843
discard1,"Deal 4, discard 1",4,10000000,21260929,Point total (Tam),"7 points, K-9-8, control K♦","(1, 7, 0, 13, 9, 8, 2)",15,225,0.08311017,49928,0.083213,5.7609,1.3944,0.3409,0.0761
discard1,"Deal 4, discard 1",4,10000000,21260929,Point total (Tam),"7 points, K-9-8, control K♣","(1, 7, 0, 13, 9, 8, 1)",15,225,0.08311017,49764,0.08294,5.7507,1.3711,0.3247,0.0764
discard1,"Deal 4, discard 1",4,10000000,21260929,Point total (Tam),"7 points, K-5-2, control K♠","(1, 7, 0, 13, 5, 2, 4)",15,318,0.11746237,70142,0.116903,5.4127,1.2622,0.2971,0.0699
discard1,"Deal 4, discard 1",4,10000000,21260929,Point total (Tam),"7 points, K-5-2, control K♥","(1, 7, 0, 13, 5, 2, 3)",15,304,0.11229107,67524,0.11254,5.3365,1.2322,0.287,0.0652
discard1,"Deal 4, discard 1",4,10000000,21260929,Point total (Tam),"7 points, K-5-2, control K♦","(1, 7, 0, 13, 5, 2, 2)",15,290,0.10711977,64303,0.107172,5.2279,1.1923,0.2805,0.0715
discard1,"Deal 4, discard 1",4,10000000,21260929,Point total (Tam),"7 points, K-5-2, control K♣","(1, 7, 0, 13, 5, 2, 1)",15,276,0.10194847,61186,0.101977,5.202,1.174,0.2631,0.0605
discard1,"Deal 4, discard 1",4,10000000,21260929,Point total (Tam),"7 points, K-4-3, control K♠","(1, 7, 0, 13, 4, 3, 4)",15,369,0.13630067,81986,0.136643,5.1655,1.1551,0.2513,0.0561
discard1,"Deal 4, discard 1",4,10000000,21260929,Point total (Tam),"7 points, K-4-3, control K♥","(1, 7, 0, 13, 4, 3, 3)",15,355,0.13112937,78678,0.13113,5.136,1.1547,0.2598,0.0636
discard1,"Deal 4, discard 1",4,10000000,21260929,Point total (Tam),"7 points, K-4-3, control K♦","(1, 7, 0, 13, 4, 3, 2)",15,341,0.12595808,75735,0.126225,5.1378,1.1613,0.2556,0.0489
discard1,"Deal 4, discard 1",4,10000000,21260929,Point total (Tam),"7 points, K-4-3, control K♣","(1, 7, 0, 13, 4, 3, 1)",15,327,0.12078678,72326,0.120543,5.016,1.1409,0.2586,0.0567
discard1,"Deal 4, discard 1",4,10000000,21260929,Point total (Tam),"7 points, Q-J-7, control Q♠","(1, 7, 0, 12, 11, 7, 4)",15,225,0.08311017,49871,0.083118,5.0458,1.1397,0.2559,0.0582
discard1,"Deal 4, discard 1",4,10000000,21260929,Point total (Tam),"7 points, Q-J-7, control Q♥","(1, 7, 0, 12, 11, 7, 3)",15,225,0.08311017,49987,0.083312,4.9813,1.0909,0.2361,0.046
discard1,"Deal 4, discard 1",4,10000000,21260929,Point total (Tam),"7 points, Q-J-7, control Q♦","(1, 7, 0, 12, 11, 7, 2)",15,225,0.08311017,49568,0.082613,4.9641,1.0977,0.2368,0.0444
discard1,"Deal 4, discard 1",4,10000000,21260929,Point total (Tam),"7 points, Q-J-7, control Q♣","(1, 7, 0, 12, 11, 7, 1)",15,225,0.08311017,49557,0.082595,5.0039,1.1001,0.2353,0.0484
discard1,"Deal 4, discard 1",4,10000000,21260929,Point total (Tam),"7 points, Q-10-7, control Q♠","(1, 7, 0, 12, 10, 7, 4)",15,225,0.08311017,49733,0.082888,4.7667,1.0297,0.2228,0.0462
discard1,"Deal 4, discard 1",4,10000000,21260929,Point total (Tam),"7 points, Q-10-7, control Q♥","(1, 7, 0, 12, 10, 7, 3)",15,225,0.08311017,49335,0.082225,4.7222,1.022,0.2132,0.0365
discard1,"Deal 4, discard 1",4,10000000,21260929,Point total (Tam),"7 points, Q-10-7, control Q♦","(1, 7, 0, 12, 10, 7, 2)",15,225,0.08311017,50062,0.083437,4.6578,1.002,0.2253,0.0679
discard1,"Deal 4, discard 1",4,10000000,21260929,Point total (Tam),"7 points, Q-10-7, control Q♣","(1, 7, 0, 12, 10, 7, 1)",15,225,0.08311017,49340,0.082233,4.6715,0.9988,0.2039,0.0304
discard1,"Deal 4, discard 1",4,10000000,21260929,Point total (Tam),"7 points, Q-9-8, control Q♠","(1, 7, 0, 12, 9, 8, 4)",15,225,0.08311017,49639,0.082732,4.9092,1.0929,0.2474,0.0584
discard1,"Deal 4, discard 1",4,10000000,21260929,Point total (Tam),"7 points, Q-9-8, control Q♥","(1, 7, 0, 12, 9, 8, 3)",15,225,0.08311017,49829,0.083048,4.8578,1.0662,0.2424,0.0662
discard1,"Deal 4, discard 1",4,10000000,21260929,Point total (Tam),"7 points, Q-9-8, control Q♦","(1, 7, 0, 12, 9, 8, 2)",15,225,0.08311017,50032,0.083387,4.7628,1.0189,0.2115,0.042
discard1,"Deal 4, discard 1",4,10000000,21260929,Point total (Tam),"7 points, Q-9-8, control Q♣","(1, 7, 0, 12, 9, 8, 1)",15,225,0.08311017,49909,0.083182,4.7995,1.0381,0.2304,0.0621
discard1,"Deal 4, discard 1",4,10000000,21260929,Point total (Tam),"7 points, Q-5-2, control Q♠","(1, 7, 0, 12, 5, 2, 4)",15,267,0.09862407,59240,0.098733,4.4926,0.9629,0.2026,0.0354
discard1,"Deal 4, discard 1",4,10000000,21260929,Point total (Tam),"7 points, Q-5-2, control Q♥","(1, 7, 0, 12, 5, 2, 3)",15,253,0.09345277,55723,0.092872,4.3648,0.9054,0.1891,0.0377
discard1,"Deal 4, discard 1",4,10000000,21260929,Point total (Tam),"7 points, Q-5-2, control Q♦","(1, 7, 0, 12, 5, 2, 2)",15,239,0.08828147,53030,0.088383,4.2972,0.8667,0.1697,0.0358
discard1,"Deal 4, discard 1",4,10000000,21260929,Point total (Tam),"7 points, Q-5-2, control Q♣","(1, 7, 0, 12, 5, 2, 1)",15,225,0.08311017,49678,0.082797,4.3621,0.8996,0.1763,0.0302
discard1,"Deal 4, discard 1",4,10000000,21260929,Point total (Tam),"7 points, Q-4-3, control Q♠","(1, 7, 0, 12, 4, 3, 4)",15,318,0.11746237,70532,0.117553,4.4227,0.9406,0.2019,0.044
discard1,"Deal 4, discard 1",4,10000000,21260929,Point total (Tam),"7 points, Q-4-3, control Q♥","(1, 7, 0, 12, 4, 3, 3)",15,304,0.11229107,67104,0.11184,4.3698,0.8955,0.1845,0.0432
discard1,"Deal 4, discard 1",4,10000000,21260929,Point total (Tam),"7 points, Q-4-3, control Q♦","(1, 7, 0, 12, 4, 3, 2)",15,290,0.10711977,64493,0.107488,4.269,0.8787,0.1842,0.0403
discard1,"Deal 4, discard 1",4,10000000,21260929,Point total (Tam),"7 points, Q-4-3, control Q♣","(1, 7, 0, 12, 4, 3, 1)",15,276,0.10194847,61270,0.102117,4.2192,0.8547,0.1671,0.0326
discard1,"Deal 4, discard 1",4,10000000,21260929,Point total (Tam),"7 points, J-10-7, control J♠","(1, 7, 0, 11, 10, 7, 4)",15,225,0.08311017,49957,0.083262,4.0223,0.7975,0.1609,0.03
discard1,"Deal 4, discard 1",4,10000000,21260929,Point total (Tam),"7 points, J-10-7, control J♥","(1, 7, 0, 11, 10, 7, 3)",15,225,0.08311017,49825,0.083042,4.0708,0.812,0.1481,0.0161
discard1,"Deal 4, discard 1",4,10000000,21260929,Point total (Tam),"7 points, J-10-7, control J♦","(1, 7, 0, 11, 10, 7, 2)",15,225,0.08311017,49785,0.082975,4.0458,0.8085,0.1707,0.0402
discard1,"Deal 4, discard 1",4,10000000,21260929,Point total (Tam),"7 points, J-10-7, control J♣","(1, 7, 0, 11, 10, 7, 1)",15,225,0.08311017,49680,0.0828,3.9805,0.7856,0.1461,0.0221
discard1,"Deal 4, discard 1",4,10000000,21260929,Point total (Tam),"7 points, J-9-8, control J♠","(1, 7, 0, 11, 9, 8, 4)",15,225,0.08311017,49881,0.083135,4.2034,0.8643,0.1764,0.0321
discard1,"Deal 4, discard 1",4,10000000,21260929,Point total (Tam),"7 points, J-9-8, control J♥","(1, 7, 0, 11, 9, 8, 3)",15,225,0.08311017,50070,0.08345,4.0869,0.8013,0.161,0.0359
discard1,"Deal 4, discard 1",4,10000000,21260929,Point total (Tam),"7 points, J-9-8, control J♦","(1, 7, 0, 11, 9, 8, 2)",15,225,0.08311017,49470,0.08245,4.1193,0.8353,0.1645,0.0303
discard1,"Deal 4, discard 1",4,10000000,21260929,Point total (Tam),"7 points, J-9-8, control J♣","(1, 7, 0, 11, 9, 8, 1)",15,225,0.08311017,49934,0.083223,4.0493,0.795,0.1546,0.034
discard1,"Deal 4, discard 1",4,10000000,21260929,Point total (Tam),"7 points, J-5-2, control J♠","(1, 7, 0, 11, 5, 2, 4)",15,216,0.07978576,47997,0.079995,3.7357,0.7057,0.1392,0.0292
discard1,"Deal 4, discard 1",4,10000000,21260929,Point total (Tam),"7 points, J-5-2, control J♥","(1, 7, 0, 11, 5, 2, 3)",15,202,0.07461446,45080,0.075133,3.7389,0.7154,0.1375,0.0266
discard1,"Deal 4, discard 1",4,10000000,21260929,Point total (Tam),"7 points, J-5-2, control J♦","(1, 7, 0, 11, 5, 2, 2)",15,188,0.06944316,41602,0.069337,3.7455,0.7098,0.1245,0.012
discard1,"Deal 4, discard 1",4,10000000,21260929,Point total (Tam),"7 points, J-5-2, control J♣","(1, 7, 0, 11, 5, 2, 1)",15,174,0.06427186,38370,0.06395,3.6153,0.6573,0.1126,0.0156
discard1,"Deal 4, discard 1",4,10000000,21260929,Point total (Tam),"7 points, J-4-3, control J♠","(1, 7, 0, 11, 4, 3, 4)",15,267,0.09862407,58889,0.098148,3.7445,0.7202,0.1352,0.0238
discard1,"Deal 4, discard 1",4,10000000,21260929,Point total (Tam),"7 points, J-4-3, control J♥","(1, 7, 0, 11, 4, 3, 3)",15,253,0.09345277,55844,0.093073,3.7284,0.7138,0.1318,0.0215
discard1,"Deal 4, discard 1",4,10000000,21260929,Point total (Tam),"7 points, J-4-3, control J♦","(1, 7, 0, 11, 4, 3, 2)",15,239,0.08828147,53109,0.088515,3.6768,0.698,0.1273,0.0245
discard1,"Deal 4, discard 1",4,10000000,21260929,Point total (Tam),"7 points, J-4-3, control J♣","(1, 7, 0, 11, 4, 3, 1)",15,225,0.08311017,49766,0.082943,3.7493,0.7302,0.1423,0.0362
discard1,"Deal 4, discard 1",4,10000000,21260929,Point total (Tam),"7 points, 10-5-2, control 10♠","(1, 7, 0, 10, 5, 2, 4)",15,165,0.06094746,36451,0.060752,3.3837,0.6233,0.1114,0.0219
discard1,"Deal 4, discard 1",4,10000000,21260929,Point total (Tam),"7 points, 10-5-2, control 10♥","(1, 7, 0, 10, 5, 2, 3)",15,151,0.05577616,33145,0.055242,3.326,0.5853,0.0984,0.0121
discard1,"Deal 4, discard 1",4,10000000,21260929,Point total (Tam),"7 points, 10-5-2, control 10♦","(1, 7, 0, 10, 5, 2, 2)",15,137,0.05060486,30734,0.051223,3.3839,0.6032,0.1035,0.0098
discard1,"Deal 4, discard 1",4,10000000,21260929,Point total (Tam),"7 points, 10-5-2, control 10♣","(1, 7, 0, 10, 5, 2, 1)",15,123,0.04543356,27412,0.045687,3.2953,0.58,0.1116,0.0255
discard1,"Deal 4, discard 1",4,10000000,21260929,Point total (Tam),"7 points, 10-4-3, control 10♠","(1, 7, 0, 10, 4, 3, 4)",15,216,0.07978576,47878,0.079797,3.3287,0.6015,0.1028,0.0063
discard1,"Deal 4, discard 1",4,10000000,21260929,Point total (Tam),"7 points, 10-4-3, control 10♥","(1, 7, 0, 10, 4, 3, 3)",15,202,0.07461446,44591,0.074318,3.3601,0.6116,0.1063,0.0269
discard1,"Deal 4, discard 1",4,10000000,21260929,Point total (Tam),"7 points, 10-4-3, control 10♦","(1, 7, 0, 10, 4, 3, 2)",15,188,0.06944316,41863,0.069772,3.4298,0.6352,0.1127,0.0143
discard1,"Deal 4, discard 1",4,10000000,21260929,Point total (Tam),"7 points, 10-4-3, control 10♣","(1, 7, 0, 10, 4, 3, 1)",15,174,0.06427186,38262,0.06377,3.3898,0.6199,0.1051,0.0183
discard1,"Deal 4, discard 1",4,10000000,21260929,Point total (Tam),"7 points, 9-6-2, control 9♠","(1, 7, 0, 9, 6, 2, 4)",15,135,0.0498661,30005,0.050008,3.3094,0.5936,0.102,0.0133
discard1,"Deal 4, discard 1",4,10000000,21260929,Point total (Tam),"7 points, 9-6-2, control 9♥","(1, 7, 0, 9, 6, 2, 3)",15,121,0.0446948,26886,0.04481,3.414,0.6379,0.1205,0.0223
discard1,"Deal 4, discard 1",4,10000000,21260929,Point total (Tam),"7 points, 9-6-2, control 9♦","(1, 7, 0, 9, 6, 2, 2)",15,107,0.0395235,23737,0.039562,3.2898,0.5852,0.0977,0.0211
discard1,"Deal 4, discard 1",4,10000000,21260929,Point total (Tam),"7 points, 9-6-2, control 9♣","(1, 7, 0, 9, 6, 2, 1)",15,93,0.0343522,20690,0.034483,3.2997,0.6061,0.1179,0.0242
discard1,"Deal 4, discard 1",4,10000000,21260929,Point total (Tam),"7 points, 9-5-3, control 9♠","(1, 7, 0, 9, 5, 3, 4)",15,165,0.06094746,36888,0.06148,3.6025,0.6886,0.1247,0.0136
discard1,"Deal 4, discard 1",4,10000000,21260929,Point total (Tam),"7 points, 9-5-3, control 9♥","(1, 7, 0, 9, 5, 3, 3)",15,151,0.05577616,33191,0.055318,3.4696,0.646,0.1247,0.0362
discard1,"Deal 4, discard 1",4,10000000,21260929,Point total (Tam),"7 points, 9-5-3, control 9♦","(1, 7, 0, 9, 5, 3, 2)",15,137,0.05060486,30567,0.050945,3.4213,0.6121,0.1158,0.0262
discard1,"Deal 4, discard 1",4,10000000,21260929,Point total (Tam),"7 points, 9-5-3, control 9♣","(1, 7, 0, 9, 5, 3, 1)",15,123,0.04543356,27373,0.045622,3.5049,0.6506,0.1198,0.0183
discard1,"Deal 4, discard 1",4,10000000,21260929,Point total (Tam),"7 points, 8-7-2, control 8♠","(1, 7, 0, 8, 7, 2, 4)",15,144,0.05319051,31906,0.053177,3.547,0.6513,0.1128,0.0125
discard1,"Deal 4, discard 1",4,10000000,21260929,Point total (Tam),"7 points, 8-7-2, control 8♥","(1, 7, 0, 8, 7, 2, 3)",15,144,0.05319051,31468,0.052447,3.5322,0.6553,0.1258,0.0191
discard1,"Deal 4, discard 1",4,10000000,21260929,Point total (Tam),"7 points, 8-7-2, control 8♦","(1, 7, 0, 8, 7, 2, 2)",15,144,0.05319051,32095,0.053492,3.4924,0.635,0.1128,0.0249
discard1,"Deal 4, discard 1",4,10000000,21260929,Point total (Tam),"7 points, 8-7-2, control 8♣","(1, 7, 0, 8, 7, 2, 1)",15,144,0.05319051,32077,0.053462,3.4785,0.6419,0.1041,0.0094
discard1,"Deal 4, discard 1",4,10000000,21260929,Point total (Tam),"7 points, 8-6-3, control 8♠","(1, 7, 0, 8, 6, 3, 4)",15,144,0.05319051,31816,0.053027,3.3452,0.612,0.1119,0.0189
discard1,"Deal 4, discard 1",4,10000000,21260929,Point total (Tam),"7 points, 8-6-3, control 8♥","(1, 7, 0, 8, 6, 3, 3)",15,144,0.05319051,31774,0.052957,3.332,0.6143,0.1209,0.0283
discard1,"Deal 4, discard 1",4,10000000,21260929,Point total (Tam),"7 points, 8-6-3, control 8♦","(1, 7, 0, 8, 6, 3, 2)",15,144,0.05319051,31913,0.053188,3.3034,0.5897,0.1053,0.0157
discard1,"Deal 4, discard 1",4,10000000,21260929,Point total (Tam),"7 points, 8-6-3, control 8♣","(1, 7, 0, 8, 6, 3, 1)",15,144,0.05319051,31728,0.05288,3.2549,0.5724,0.0952,0.0158
discard1,"Deal 4, discard 1",4,10000000,21260929,Point total (Tam),"7 points, 8-5-4, control 8♠","(1, 7, 0, 8, 5, 4, 4)",15,165,0.06094746,36849,0.061415,3.3678,0.6225,0.1118,0.0081
discard1,"Deal 4, discard 1",4,10000000,21260929,Point total (Tam),"7 points, 8-5-4, control 8♥","(1, 7, 0, 8, 5, 4, 3)",15,151,0.05577616,33341,0.055568,3.3415,0.5915,0.1038,0.015
discard1,"Deal 4, discard 1",4,10000000,21260929,Point total (Tam),"7 points, 8-5-4, control 8♦","(1, 7, 0, 8, 5, 4, 2)",15,137,0.05060486,30110,0.050183,3.2312,0.5706,0.1023,0.0199
discard1,"Deal 4, discard 1",4,10000000,21260929,Point total (Tam),"7 points, 8-5-4, control 8♣","(1, 7, 0, 8, 5, 4, 1)",15,123,0.04543356,27149,0.045248,3.2115,0.5636,0.0958,0.0147
discard1,"Deal 4, discard 1",4,10000000,21260929,Point total (Tam),"7 points, 7-6-4, control 7♠","(1, 7, 0, 7, 6, 4, 4)",15,378,0.13962508,83961,0.139935,3.1853,0.5478,0.09,0.0131
discard1,"Deal 4, discard 1",4,10000000,21260929,Point total (Tam),"7 points, 7-6-4, control 7♥","(1, 7, 0, 7, 6, 4, 3)",15,378,0.13962508,83847,0.139745,3.1173,0.5443,0.0935,0.0143
discard1,"Deal 4, discard 1",4,10000000,21260929,Point total (Tam),"7 points, 7-6-4, control 7♦","(1, 7, 0, 7, 6, 4, 2)",15,378,0.13962508,83734,0.139557,3.1053,0.5373,0.0958,0.0191
discard1,"Deal 4, discard 1",4,10000000,21260929,Point total (Tam),"7 points, 7-6-4, control 7♣","(1, 7, 0, 7, 6, 4, 1)",15,378,0.13962508,84104,0.140173,3.053,0.5265,0.0937,0.0226
discard1,"Deal 4, discard 1",4,10000000,21260929,Point total (Tam),"6 points, pair A, kicker 4♠","(1, 6, 1, 14, 4, 4)",6,126,0.04654169,28464,0.04744,2.904,0.5066,0.0935,0.0176
discard1,"Deal 4, discard 1",4,10000000,21260929,Point total (Tam),"6 points, pair A, kicker 4♥","(1, 6, 1, 14, 4, 3)",6,126,0.04654169,27909,0.046515,2.827,0.4855,0.0989,0.0287
discard1,"Deal 4, discard 1",4,10000000,21260929,Point total (Tam),"6 points, pair A, kicker 4♦","(1, 6, 1, 14, 4, 2)",6,126,0.04654169,27996,0.04666,2.7793,0.4672,0.0786,0.0143
discard1,"Deal 4, discard 1",4,10000000,21260929,Point total (Tam),"6 points, pair A, kicker 4♣","(1, 6, 1, 14, 4, 1)",6,126,0.04654169,27905,0.046508,2.7988,0.4755,0.0846,0.0143
discard1,"Deal 4, discard 1",4,10000000,21260929,Point total (Tam),"6 points, pair K, kicker 6♠","(1, 6, 1, 13, 6, 4)",6,81,0.02991966,18002,0.030003,2.7747,0.4416,0.07,0.0111
discard1,"Deal 4, discard 1",4,10000000,21260929,Point total (Tam),"6 points, pair K, kicker 6♥","(1, 6, 1, 13, 6, 3)",6,75,0.02770339,16653,0.027755,2.7599,0.4245,0.0516,0.0
discard1,"Deal 4, discard 1",4,10000000,21260929,Point total (Tam),"6 points, pair K, kicker 6♦","(1, 6, 1, 13, 6, 2)",6,69,0.02548712,15342,0.02557,2.8021,0.4543,0.0691,0.013
discard1,"Deal 4, discard 1",4,10000000,21260929,Point total (Tam),"6 points, pair K, kicker 6♣","(1, 6, 1, 13, 6, 1)",6,63,0.02327085,14017,0.023362,2.823,0.5165,0.1113,0.0214
discard1,"Deal 4, discard 1",4,10000000,21260929,Point total (Tam),"6 points, pair Q, kicker 6♠","(1, 6, 1, 12, 6, 4)",6,81,0.02991966,18106,0.030177,2.756,0.4341,0.0696,0.0166
discard1,"Deal 4, discard 1",4,10000000,21260929,Point total (Tam),"6 points, pair Q, kicker 6♥","(1, 6, 1, 12, 6, 3)",6,75,0.02770339,16603,0.027672,2.8712,0.4764,0.0759,0.0241
discard1,"Deal 4, discard 1",4,10000000,21260929,Point total (Tam),"6 points, pair Q, kicker 6♦","(1, 6, 1, 12, 6, 2)",6,69,0.02548712,15310,0.025517,2.7015,0.4278,0.0575,0.0
discard1,"Deal 4, discard 1",4,10000000,21260929,Point total (Tam),"6 points, pair Q, kicker 6♣","(1, 6, 1, 12, 6, 1)",6,63,0.02327085,13820,0.023033,2.8198,0.479,0.0767,0.0072
discard1,"Deal 4, discard 1",4,10000000,21260929,Point total (Tam),"6 points, pair J, kicker 6♠","(1, 6, 1, 11, 6, 4)",6,81,0.02991966,18001,0.030002,2.6832,0.4383,0.07,0.0111
discard1,"Deal 4, discard 1",4,10000000,21260929,Point total (Tam),"6 points, pair J, kicker 6♥","(1, 6, 1, 11, 6, 3)",6,75,0.02770339,16421,0.027368,2.8214,0.464,0.0633,0.0
discard1,"Deal 4, discard 1",4,10000000,21260929,Point total (Tam),"6 points, pair J, kicker 6♦","(1, 6, 1, 11, 6, 2)",6,69,0.02548712,15441,0.025735,2.7673,0.4669,0.0816,0.0194
discard1,"Deal 4, discard 1",4,10000000,21260929,Point total (Tam),"6 points, pair J, kicker 6♣","(1, 6, 1, 11, 6, 1)",6,63,0.02327085,13955,0.023258,2.7166,0.4278,0.0559,0.0072
discard1,"Deal 4, discard 1",4,10000000,21260929,Point total (Tam),"6 points, pair 10, kicker 6♠","(1, 6, 1, 10, 6, 4)",6,123,0.04543356,27353,0.045588,2.4089,0.3828,0.0636,0.011
discard1,"Deal 4, discard 1",4,10000000,21260929,Point total (Tam),"6 points, pair 10, kicker 6♥","(1, 6, 1, 10, 6, 3)",6,117,0.04321729,25997,0.043328,2.3749,0.375,0.0631,0.0077
discard1,"Deal 4, discard 1",4,10000000,21260929,Point total (Tam),"6 points, pair 10, kicker 6♦","(1, 6, 1, 10, 6, 2)",6,111,0.04100102,24520,0.040867,2.4327,0.3838,0.0595,0.0082
discard1,"Deal 4, discard 1",4,10000000,21260929,Point total (Tam),"6 points, pair 10, kicker 6♣","(1, 6, 1, 10, 6, 1)",6,105,0.03878474,23102,0.038503,2.4158,0.3627,0.0554,0.0173
discard1,"Deal 4, discard 1",4,10000000,21260929,Point total (Tam),"6 points, pair 9, kicker 8♠","(1, 6, 1, 9, 8, 4)",6,102,0.03767661,22581,0.037635,2.8626,0.5022,0.093,0.0221
discard1,"Deal 4, discard 1",4,10000000,21260929,Point total (Tam),"6 points, pair 9, kicker 8♥","(1, 6, 1, 9, 8, 3)",6,96,0.03546034,21511,0.035852,2.9729,0.5104,0.0995,0.0279
discard1,"Deal 4, discard 1",4,10000000,21260929,Point total (Tam),"6 points, pair 9, kicker 8♦","(1, 6, 1, 9, 8, 2)",6,90,0.03324407,19884,0.03314,2.9099,0.5175,0.1016,0.0251
discard1,"Deal 4, discard 1",4,10000000,21260929,Point total (Tam),"6 points, pair 9, kicker 8♣","(1, 6, 1, 9, 8, 1)",6,84,0.0310278,18657,0.031095,2.8858,0.4894,0.0868,0.0214
discard1,"Deal 4, discard 1",4,10000000,21260929,Point total (Tam),"6 points, pair 8, kicker K♠","(1, 6, 1, 8, 13, 4)",6,84,0.0310278,18666,0.03111,2.9824,0.4913,0.0804,0.0107
discard1,"Deal 4, discard 1",4,10000000,21260929,Point total (Tam),"6 points, pair 8, kicker K♥","(1, 6, 1, 8, 13, 3)",6,84,0.0310278,18358,0.030597,3.0368,0.4913,0.0697,0.0054
discard1,"Deal 4, discard 1",4,10000000,21260929,Point total (Tam),"6 points, pair 8, kicker K♦","(1, 6, 1, 8, 13, 2)",6,84,0.0310278,18834,0.03139,2.9898,0.5251,0.0903,0.0159
discard1,"Deal 4, discard 1",4,10000000,21260929,Point total (Tam),"6 points, pair 8, kicker K♣","(1, 6, 1, 8, 13, 1)",6,84,0.0310278,18596,0.030993,2.991,0.5103,0.0828,0.0108
discard1,"Deal 4, discard 1",4,10000000,21260929,Point total (Tam),"6 points, pair 8, kicker Q♠","(1, 6, 1, 8, 12, 4)",6,84,0.0310278,18478,0.030797,3.0902,0.5309,0.0855,0.0
discard1,"Deal 4, discard 1",4,10000000,21260929,Point total (Tam),"6 points, pair 8, kicker Q♥","(1, 6, 1, 8, 12, 3)",6,84,0.0310278,18660,0.0311,3.0847,0.5171,0.0868,0.0214
discard1,"Deal 4, discard 1",4,10000000,21260929,Point total (Tam),"6 points, pair 8, kicker Q♦","(1, 6, 1, 8, 12, 2)",6,84,0.0310278,18534,0.03089,3.0803,0.5309,0.096,0.0216
discard1,"Deal 4, discard 1",4,10000000,21260929,Point total (Tam),"6 points, pair 8, kicker Q♣","(1, 6, 1, 8, 12, 1)",6,84,0.0310278,18553,0.030922,3.0248,0.5298,0.0981,0.0162
discard1,"Deal 4, discard 1",4,10000000,21260929,Point total (Tam),"6 points, pair 8, kicker J♠","(1, 6, 1, 8, 11, 4)",6,84,0.0310278,18446,0.030743,2.9963,0.5101,0.0846,0.0163
discard1,"Deal 4, discard 1",4,10000000,21260929,Point total (Tam),"6 points, pair 8, kicker J♥","(1, 6, 1, 8, 11, 3)",6,84,0.0310278,18746,0.031243,2.9574,0.4806,0.0779,0.016
discard1,"Deal 4, discard 1",4,10000000,21260929,Point total (Tam),"6 points, pair 8, kicker J♦","(1, 6, 1, 8, 11, 2)",6,84,0.0310278,18839,0.031398,2.9853,0.4984,0.0796,0.0106
discard1,"Deal 4, discard 1",4,10000000,21260929,Point total (Tam),"6 points, pair 8, kicker J♣","(1, 6, 1, 8, 11, 1)",6,84,0.0310278,18495,0.030825,3.0197,0.525,0.093,0.0216
discard1,"Deal 4, discard 1",4,10000000,21260929,Point total (Tam),"6 points, pair 8, kicker 10♠","(1, 6, 1, 8, 10, 4)",6,84,0.0310278,18744,0.03124,2.7043,0.4332,0.064,0.0107
discard1,"Deal 4, discard 1",4,10000000,21260929,Point total (Tam),"6 points, pair 8, kicker 10♥","(1, 6, 1, 8, 10, 3)",6,84,0.0310278,18512,0.030853,2.8673,0.4813,0.0745,0.0054
discard1,"Deal 4, discard 1",4,10000000,21260929,Point total (Tam),"6 points, pair 8, kicker 10♦","(1, 6, 1, 8, 10, 2)",6,84,0.0310278,18669,0.031115,2.8036,0.4644,0.0921,0.0214
discard1,"Deal 4, discard 1",4,10000000,21260929,Point total (Tam),"6 points, pair 8, kicker 10♣","(1, 6, 1, 8, 10, 1)",6,84,0.0310278,18492,0.03082,2.8872,0.5127,0.0833,0.0054
discard1,"Deal 4, discard 1",4,10000000,21260929,Point total (Tam),"6 points, pair 7, kicker 2♠","(1, 6, 1, 7, 2, 4)",6,60,0.02216271,13370,0.022283,2.5438,0.3919,0.0748,0.0374
discard1,"Deal 4, discard 1",4,10000000,21260929,Point total (Tam),"6 points, pair 7, kicker 2♥","(1, 6, 1, 7, 2, 3)",6,54,0.01994644,11721,0.019535,2.4691,0.3984,0.0751,0.0
discard1,"Deal 4, discard 1",4,10000000,21260929,Point total (Tam),"6 points, pair 7, kicker 2♦","(1, 6, 1, 7, 2, 2)",6,48,0.01773017,10607,0.017678,2.4889,0.4101,0.0943,0.0189
discard1,"Deal 4, discard 1",4,10000000,21260929,Point total (Tam),"6 points, pair 7, kicker 2♣","(1, 6, 1, 7, 2, 1)",6,42,0.0155139,9325,0.015542,2.711,0.4515,0.0729,0.0107
discard1,"Deal 4, discard 1",4,10000000,21260929,Point total (Tam),"6 points, pair 6, kicker 4♠","(1, 6, 1, 6, 4, 4)",6,165,0.06094746,36627,0.061045,2.4875,0.3762,0.0519,0.0
discard1,"Deal 4, discard 1",4,10000000,21260929,Point total (Tam),"6 points, pair 6, kicker 4♥","(1, 6, 1, 6, 4, 3)",6,159,0.05873118,35423,0.059038,2.48,0.3788,0.0542,0.0056
discard1,"Deal 4, discard 1",4,10000000,21260929,Point total (Tam),"6 points, pair 6, kicker 4♦","(1, 6, 1, 6, 4, 2)",6,153,0.05651491,33938,0.056563,2.4795,0.3724,0.0489,0.0029
discard1,"Deal 4, discard 1",4,10000000,21260929,Point total (Tam),"6 points, pair 6, kicker 4♣","(1, 6, 1, 6, 4, 1)",6,147,0.05429864,32418,0.05403,2.5248,0.3992,0.0703,0.0123
discard1,"Deal 4, discard 1",4,10000000,21260929,Point total (Tam),"6 points, pair 5, kicker 6♠","(1, 6, 1, 5, 6, 4)",6,147,0.05429864,32448,0.05408,2.374,0.3464,0.0475,0.0092
discard1,"Deal 4, discard 1",4,10000000,21260929,Point total (Tam),"6 points, pair 5, kicker 6♥","(1, 6, 1, 5, 6, 3)",6,147,0.05429864,32750,0.054583,2.3805,0.3649,0.0501,0.0
discard1,"Deal 4, discard 1",4,10000000,21260929,Point total (Tam),"6 points, pair 5, kicker 6♦","(1, 6, 1, 5, 6, 2)",6,147,0.05429864,32668,0.054447,2.316,0.3459,0.0557,0.0061
discard1,"Deal 4, discard 1",4,10000000,21260929,Point total (Tam),"6 points, pair 5, kicker 6♣","(1, 6, 1, 5, 6, 1)",6,147,0.05429864,32333,0.053888,2.4402,0.3705,0.0619,0.0155
discard1,"Deal 4, discard 1",4,10000000,21260929,Point total (Tam),"6 points, pair 4, kicker 8♠","(1, 6, 1, 4, 8, 4)",6,60,0.02216271,13299,0.022165,2.5972,0.4008,0.0436,0.0
discard1,"Deal 4, discard 1",4,10000000,21260929,Point total (Tam),"6 points, pair 4, kicker 8♥","(1, 6, 1, 4, 8, 3)",6,54,0.01994644,12006,0.02001,2.612,0.3781,0.04,0.0083
discard1,"Deal 4, discard 1",4,10000000,21260929,Point total (Tam),"6 points, pair 4, kicker 8♦","(1, 6, 1, 4, 8, 2)",6,48,0.01773017,10729,0.017882,2.6079,0.3999,0.0503,0.0
discard1,"Deal 4, discard 1",4,10000000,21260929,Point total (Tam),"6 points, pair 4, kicker 8♣","(1, 6, 1, 4, 8, 1)",6,42,0.0155139,9369,0.015615,2.615,0.4301,0.0512,0.0
discard1,"Deal 4, discard 1",4,10000000,21260929,Point total (Tam),"6 points, pair 3, kicker K♠","(1, 6, 1, 3, 13, 4)",6,144,0.05319051,32066,0.053443,2.2301,0.3278,0.0449,0.0062
discard1,"Deal 4, discard 1",4,10000000,21260929,Point total (Tam),"6 points, pair 3, kicker K♥","(1, 6, 1, 3, 13, 3)",6,138,0.05097424,30656,0.051093,2.1966,0.3167,0.0457,0.013
discard1,"Deal 4, discard 1",4,10000000,21260929,Point total (Tam),"6 points, pair 3, kicker K♦","(1, 6, 1, 3, 13, 2)",6,132,0.04875796,29442,0.04907,2.1989,0.3081,0.0476,0.0034
discard1,"Deal 4, discard 1",4,10000000,21260929,Point total (Tam),"6 points, pair 3, kicker K♣","(1, 6, 1, 3, 13, 1)",6,126,0.04654169,27965,0.046608,2.201,0.3311,0.0486,0.0072
discard1,"Deal 4, discard 1",4,10000000,21260929,Point total (Tam),"6 points, pair 3, kicker Q♠","(1, 6, 1, 3, 12, 4)",6,123,0.04543356,27359,0.045598,2.253,0.3275,0.0519,0.0037
discard1,"Deal 4, discard 1",4,10000000,21260929,Point total (Tam),"6 points, pair 3, kicker Q♥","(1, 6, 1, 3, 12, 3)",6,117,0.04321729,25882,0.043137,2.2533,0.3203,0.0417,0.0077
discard1,"Deal 4, discard 1",4,10000000,21260929,Point total (Tam),"6 points, pair 3, kicker Q♦","(1, 6, 1, 3, 12, 2)",6,111,0.04100102,24631,0.041052,2.2638,0.3289,0.0479,0.0041
discard1,"Deal 4, discard 1",4,10000000,21260929,Point total (Tam),"6 points, pair 3, kicker Q♣","(1, 6, 1, 3, 12, 1)",6,105,0.03878474,23178,0.03863,2.228,0.3037,0.0328,0.0
discard1,"Deal 4, discard 1",4,10000000,21260929,Point total (Tam),"6 points, pair 3, kicker J♠","(1, 6, 1, 3, 11, 4)",6,102,0.03767661,22429,0.037382,2.1709,0.3036,0.0383,0.0045
discard1,"Deal 4, discard 1",4,10000000,21260929,Point total (Tam),"6 points, pair 3, kicker J♥","(1, 6, 1, 3, 11, 3)",6,96,0.03546034,21227,0.035378,2.1751,0.301,0.0433,0.0047
discard1,"Deal 4, discard 1",4,10000000,21260929,Point total (Tam),"6 points, pair 3, kicker J♦","(1, 6, 1, 3, 11, 2)",6,90,0.03324407,19918,0.033197,2.1804,0.3143,0.0442,0.0
discard1,"Deal 4, discard 1",4,10000000,21260929,Point total (Tam),"6 points, pair 3, kicker J♣","(1, 6, 1, 3, 11, 1)",6,84,0.0310278,18285,0.030475,2.2499,0.3265,0.047,0.0055
discard1,"Deal 4, discard 1",4,10000000,21260929,Point total (Tam),"6 points, pair 3, kicker 10♠","(1, 6, 1, 3, 10, 4)",6,81,0.02991966,17843,0.029738,2.0557,0.2909,0.0392,0.0112
discard1,"Deal 4, discard 1",4,10000000,21260929,Point total (Tam),"6 points, pair 3, kicker 10♥","(1, 6, 1, 3, 10, 3)",6,75,0.02770339,16743,0.027905,2.0916,0.3004,0.0442,0.0
discard1,"Deal 4, discard 1",4,10000000,21260929,Point total (Tam),"6 points, pair 3, kicker 10♦","(1, 6, 1, 3, 10, 2)",6,69,0.02548712,15147,0.025245,2.1186,0.2911,0.0357,0.0
discard1,"Deal 4, discard 1",4,10000000,21260929,Point total (Tam),"6 points, pair 3, kicker 10♣","(1, 6, 1, 3, 10, 1)",6,63,0.02327085,14059,0.023432,2.1545,0.3094,0.0413,0.0
discard1,"Deal 4, discard 1",4,10000000,21260929,Point total (Tam),"6 points, A-K-5, control A♠","(1, 6, 0, 14, 13, 5, 4)",15,195,0.07202881,43263,0.072105,1.9522,0.2737,0.0374,0.0046
discard1,"Deal 4, discard 1",4,10000000,21260929,Point total (Tam),"6 points, A-K-5, control A♥","(1, 6, 0, 14, 13, 5, 3)",15,195,0.07202881,43525,0.072542,1.9619,0.2605,0.0368,0.0046
discard1,"Deal 4, discard 1",4,10000000,21260929,Point total (Tam),"6 points, A-K-5, control A♦","(1, 6, 0, 14, 13, 5, 2)",15,195,0.07202881,43201,0.072002,1.9219,0.2595,0.0356,0.0046
discard1,"Deal 4, discard 1",4,10000000,21260929,Point total (Tam),"6 points, A-K-5, control A♣","(1, 6, 0, 14, 13, 5, 1)",15,195,0.07202881,43331,0.072218,1.9402,0.2707,0.0402,0.0046
discard1,"Deal 4, discard 1",4,10000000,21260929,Point total (Tam),"6 points, A-Q-5, control A♠","(1, 6, 0, 14, 12, 5, 4)",15,195,0.07202881,43586,0.072643,1.9002,0.2434,0.0312,0.0069
discard1,"Deal 4, discard 1",4,10000000,21260929,Point total (Tam),"6 points, A-Q-5, control A♥","(1, 6, 0, 14, 12, 5, 3)",15,195,0.07202881,42947,0.071578,1.9273,0.2659,0.0405,0.0093
discard1,"Deal 4, discard 1",4,10000000,21260929,Point total (Tam),"6 points, A-Q-5, control A♦","(1, 6, 0, 14, 12, 5, 2)",15,195,0.07202881,43323,0.072205,1.8796,0.2477,0.0342,0.0092
discard1,"Deal 4, discard 1",4,10000000,21260929,Point total (Tam),"6 points, A-Q-5, control A♣","(1, 6, 0, 14, 12, 5, 1)",15,195,0.07202881,42965,0.071608,1.9006,0.257,0.0377,0.007
discard1,"Deal 4, discard 1",4,10000000,21260929,Point total (Tam),"6 points, A-J-5, control A♠","(1, 6, 0, 14, 11, 5, 4)",15,144,0.05319051,31946,0.053243,1.8525,0.2498,0.0369,0.0094
discard1,"Deal 4, discard 1",4,10000000,21260929,Point total (Tam),"6 points, A-J-5, control A♥","(1, 6, 0, 14, 11, 5, 3)",15,144,0.05319051,31817,0.053028,1.8481,0.2464,0.0289,0.0
discard1,"Deal 4, discard 1",4,10000000,21260929,Point total (Tam),"6 points, A-J-5, control A♦","(1, 6, 0, 14, 11, 5, 2)",15,144,0.05319051,32073,0.053455,1.823,0.2395,0.0306,0.0
discard1,"Deal 4, discard 1",4,10000000,21260929,Point total (Tam),"6 points, A-J-5, control A♣","(1, 6, 0, 14, 11, 5, 1)",15,144,0.05319051,31825,0.053042,1.8595,0.2592,0.0396,0.0031
discard1,"Deal 4, discard 1",4,10000000,21260929,Point total (Tam),"6 points, A-10-5, control A♠","(1, 6, 0, 14, 10, 5, 4)",15,93,0.0343522,20682,0.03447,1.7566,0.2369,0.0377,0.0048
discard1,"Deal 4, discard 1",4,10000000,21260929,Point total (Tam),"6 points, A-10-5, control A♥","(1, 6, 0, 14, 10, 5, 3)",15,93,0.0343522,20429,0.034048,1.6433,0.1855,0.0137,0.0
discard1,"Deal 4, discard 1",4,10000000,21260929,Point total (Tam),"6 points, A-10-5, control A♦","(1, 6, 0, 14, 10, 5, 2)",15,93,0.0343522,20416,0.034027,1.73,0.218,0.0245,0.0
discard1,"Deal 4, discard 1",4,10000000,21260929,Point total (Tam),"6 points, A-10-5, control A♣","(1, 6, 0, 14, 10, 5, 1)",15,93,0.0343522,20798,0.034663,1.6684,0.2144,0.0279,0.0
discard1,"Deal 4, discard 1",4,10000000,21260929,Point total (Tam),"6 points, A-9-6, control A♠","(1, 6, 0, 14, 9, 6, 4)",15,72,0.02659525,16008,0.02668,1.9072,0.248,0.0337,0.0062
discard1,"Deal 4, discard 1",4,10000000,21260929,Point total (Tam),"6 points, A-9-6, control A♥","(1, 6, 0, 14, 9, 6, 3)",15,72,0.02659525,15903,0.026505,1.8996,0.2528,0.0365,0.0126
discard1,"Deal 4, discard 1",4,10000000,21260929,Point total (Tam),"6 points, A-9-6, control A♦","(1, 6, 0, 14, 9, 6, 2)",15,72,0.02659525,15861,0.026435,1.8687,0.256,0.0378,0.0126
discard1,"Deal 4, discard 1",4,10000000,21260929,Point total (Tam),"6 points, A-9-6, control A♣","(1, 6, 0, 14, 9, 6, 1)",15,72,0.02659525,16170,0.02695,1.8126,0.2152,0.0173,0.0
discard1,"Deal 4, discard 1",4,10000000,21260929,Point total (Tam),"6 points, A-8-7, control A♠","(1, 6, 0, 14, 8, 7, 4)",15,72,0.02659525,15952,0.026587,2.1521,0.3185,0.0426,0.0063
discard1,"Deal 4, discard 1",4,10000000,21260929,Point total (Tam),"6 points, A-8-7, control A♥","(1, 6, 0, 14, 8, 7, 3)",15,72,0.02659525,16009,0.026682,2.1956,0.3229,0.0375,0.0
discard1,"Deal 4, discard 1",4,10000000,21260929,Point total (Tam),"6 points, A-8-7, control A♦","(1, 6, 0, 14, 8, 7, 2)",15,72,0.02659525,16133,0.026888,2.061,0.2864,0.0409,0.0062
discard1,"Deal 4, discard 1",4,10000000,21260929,Point total (Tam),"6 points, A-8-7, control A♣","(1, 6, 0, 14, 8, 7, 1)",15,72,0.02659525,15900,0.0265,2.0434,0.3006,0.0541,0.0126
discard1,"Deal 4, discard 1",4,10000000,21260929,Point total (Tam),"6 points, K-Q-6, control K♠","(1, 6, 0, 13, 12, 6, 4)",15,174,0.06427186,38724,0.06454,1.7676,0.2334,0.0279,0.0
discard1,"Deal 4, discard 1",4,10000000,21260929,Point total (Tam),"6 points, K-Q-6, control K♥","(1, 6, 0, 13, 12, 6, 3)",15,174,0.06427186,38599,0.064332,1.7298,0.2194,0.0337,0.0078
discard1,"Deal 4, discard 1",4,10000000,21260929,Point total (Tam),"6 points, K-Q-6, control K♦","(1, 6, 0, 13, 12, 6, 2)",15,174,0.06427186,38435,0.064058,1.7432,0.2094,0.0245,0.0078
discard1,"Deal 4, discard 1",4,10000000,21260929,Point total (Tam),"6 points, K-Q-6, control K♣","(1, 6, 0, 13, 12, 6, 1)",15,174,0.06427186,38604,0.06434,1.7685,0.2375,0.0352,0.0104
discard1,"Deal 4, discard 1",4,10000000,21260929,Point total (Tam),"6 points, K-J-6, control K♠","(1, 6, 0, 13, 11, 6, 4)",15,174,0.06427186,38684,0.064473,1.7341,0.2228,0.0274,0.0
discard1,"Deal 4, discard 1",4,10000000,21260929,Point total (Tam),"6 points, K-J-6, control K♥","(1, 6, 0, 13, 11, 6, 3)",15,174,0.06427186,38564,0.064273,1.6907,0.1934,0.0187,0.0026
discard1,"Deal 4, discard 1",4,10000000,21260929,Point total (Tam),"6 points, K-J-6, control K♦","(1, 6, 0, 13, 11, 6, 2)",15,174,0.06427186,38723,0.064538,1.7266,0.228,0.03,0.0026
discard1,"Deal 4, discard 1",4,10000000,21260929,Point total (Tam),"6 points, K-J-6, control K♣","(1, 6, 0, 13, 11, 6, 1)",15,174,0.06427186,38678,0.064463,1.6769,0.2035,0.0228,0.0026
discard1,"Deal 4, discard 1",4,10000000,21260929,Point total (Tam),"6 points, K-10-6, control K♠","(1, 6, 0, 13, 10, 6, 4)",15,123,0.04543356,27205,0.045342,1.6185,0.1926,0.0184,0.0
discard1,"Deal 4, discard 1",4,10000000,21260929,Point total (Tam),"6 points, K-10-6, control K♥","(1, 6, 0, 13, 10, 6, 3)",15,123,0.04543356,27323,0.045538,1.6323,0.2035,0.0285,0.0037
discard1,"Deal 4, discard 1",4,10000000,21260929,Point total (Tam),"6 points, K-10-6, control K♦","(1, 6, 0, 13, 10, 6, 2)",15,123,0.04543356,27238,0.045397,1.6227,0.21,0.0308,0.0037
discard1,"Deal 4, discard 1",4,10000000,21260929,Point total (Tam),"6 points, K-10-6, control K♣","(1, 6, 0, 13, 10, 6, 1)",15,123,0.04543356,27097,0.045162,1.5806,0.1901,0.017,0.0
discard1,"Deal 4, discard 1",4,10000000,21260929,Point total (Tam),"6 points, K-9-7, control K♠","(1, 6, 0, 13, 9, 7, 4)",15,174,0.06427186,38585,0.064308,1.7362,0.2224,0.029,0.0
discard1,"Deal 4, discard 1",4,10000000,21260929,Point total (Tam),"6 points, K-9-7, control K♥","(1, 6, 0, 13, 9, 7, 3)",15,174,0.06427186,38518,0.064197,1.6795,0.2085,0.027,0.0026
discard1,"Deal 4, discard 1",4,10000000,21260929,Point total (Tam),"6 points, K-9-7, control K♦","(1, 6, 0, 13, 9, 7, 2)",15,174,0.06427186,38447,0.064078,1.6805,0.2109,0.026,0.0078
discard1,"Deal 4, discard 1",4,10000000,21260929,Point total (Tam),"6 points, K-9-7, control K♣","(1, 6, 0, 13, 9, 7, 1)",15,174,0.06427186,38436,0.06406,1.6498,0.1845,0.0125,0.0
discard1,"Deal 4, discard 1",4,10000000,21260929,Point total (Tam),"6 points, K-4-2, control K♠","(1, 6, 0, 13, 4, 2, 4)",15,297,0.10970542,65544,0.10924,1.4517,0.1799,0.0241,0.0046
discard1,"Deal 4, discard 1",4,10000000,21260929,Point total (Tam),"6 points, K-4-2, control K♥","(1, 6, 0, 13, 4, 2, 3)",15,283,0.10453412,62664,0.10444,1.3933,0.1578,0.0172,0.0016
discard1,"Deal 4, discard 1",4,10000000,21260929,Point total (Tam),"6 points, K-4-2, control K♦","(1, 6, 0, 13, 4, 2, 2)",15,269,0.09936282,59993,0.099988,1.3778,0.1529,0.0147,0.0017
discard1,"Deal 4, discard 1",4,10000000,21260929,Point total (Tam),"6 points, K-4-2, control K♣","(1, 6, 0, 13, 4, 2, 1)",15,255,0.09419152,56675,0.094458,1.3228,0.1445,0.0113,0.0
discard1,"Deal 4, discard 1",4,10000000,21260929,Point total (Tam),"6 points, Q-J-6, control Q♠","(1, 6, 0, 12, 11, 6, 4)",15,123,0.04543356,27567,0.045945,1.4815,0.1872,0.0247,0.0036
discard1,"Deal 4, discard 1",4,10000000,21260929,Point total (Tam),"6 points, Q-J-6, control Q♥","(1, 6, 0, 12, 11, 6, 3)",15,123,0.04543356,27446,0.045743,1.4993,0.1731,0.0182,0.0
discard1,"Deal 4, discard 1",4,10000000,21260929,Point total (Tam),"6 points, Q-J-6, control Q♦","(1, 6, 0, 12, 11, 6, 2)",15,123,0.04543356,27747,0.046245,1.4412,0.1669,0.0195,0.0
discard1,"Deal 4, discard 1",4,10000000,21260929,Point total (Tam),"6 points, Q-J-6, control Q♣","(1, 6, 0, 12, 11, 6, 1)",15,123,0.04543356,27425,0.045708,1.515,0.1892,0.0226,0.0
discard1,"Deal 4, discard 1",4,10000000,21260929,Point total (Tam),"6 points, Q-10-6, control Q♠","(1, 6, 0, 12, 10, 6, 4)",15,123,0.04543356,27125,0.045208,1.3368,0.1515,0.0221,0.0074
discard1,"Deal 4, discard 1",4,10000000,21260929,Point total (Tam),"6 points, Q-10-6, control Q♥","(1, 6, 0, 12, 10, 6, 3)",15,123,0.04543356,27428,0.045713,1.4186,0.1768,0.0204,0.0036
discard1,"Deal 4, discard 1",4,10000000,21260929,Point total (Tam),"6 points, Q-10-6, control Q♦","(1, 6, 0, 12, 10, 6, 2)",15,123,0.04543356,27045,0.045075,1.3792,0.1401,0.0074,0.0
discard1,"Deal 4, discard 1",4,10000000,21260929,Point total (Tam),"6 points, Q-10-6, control Q♣","(1, 6, 0, 12, 10, 6, 1)",15,123,0.04543356,27438,0.04573,1.4032,0.1662,0.019,0.0036
discard1,"Deal 4, discard 1",4,10000000,21260929,Point total (Tam),"6 points, Q-9-7, control Q♠","(1, 6, 0, 12, 9, 7, 4)",15,174,0.06427186,38595,0.064325,1.4388,0.1666,0.0181,0.0052
discard1,"Deal 4, discard 1",4,10000000,21260929,Point total (Tam),"6 points, Q-9-7, control Q♥","(1, 6, 0, 12, 9, 7, 3)",15,174,0.06427186,38660,0.064433,1.4327,0.1549,0.0124,0.0
discard1,"Deal 4, discard 1",4,10000000,21260929,Point total (Tam),"6 points, Q-9-7, control Q♦","(1, 6, 0, 12, 9, 7, 2)",15,174,0.06427186,38536,0.064227,1.4267,0.1583,0.0156,0.0
discard1,"Deal 4, discard 1",4,10000000,21260929,Point total (Tam),"6 points, Q-9-7, control Q♣","(1, 6, 0, 12, 9, 7, 1)",15,174,0.06427186,38676,0.06446,1.4528,0.1704,0.0222,0.0026
discard1,"Deal 4, discard 1",4,10000000,21260929,Point total (Tam),"6 points, Q-4-2, control Q♠","(1, 6, 0, 12, 4, 2, 4)",15,246,0.09086712,54668,0.091113,1.2272,0.1248,0.0095,0.0
discard1,"Deal 4, discard 1",4,10000000,21260929,Point total (Tam),"6 points, Q-4-2, control Q♥","(1, 6, 0, 12, 4, 2, 3)",15,232,0.08569582,51306,0.08551,1.1663,0.1173,0.0117,0.0019
discard1,"Deal 4, discard 1",4,10000000,21260929,Point total (Tam),"6 points, Q-4-2, control Q♦","(1, 6, 0, 12, 4, 2, 2)",15,218,0.08052452,48213,0.080355,1.2067,0.129,0.012,0.0021
discard1,"Deal 4, discard 1",4,10000000,21260929,Point total (Tam),"6 points, Q-4-2, control Q♣","(1, 6, 0, 12, 4, 2, 1)",15,204,0.07535322,45107,0.075178,1.1717,0.1166,0.008,0.0
discard1,"Deal 4, discard 1",4,10000000,21260929,Point total (Tam),"6 points, J-10-6, control J♠","(1, 6, 0, 11, 10, 6, 4)",15,123,0.04543356,27564,0.04594,1.1849,0.1389,0.0167,0.0036
discard1,"Deal 4, discard 1",4,10000000,21260929,Point total (Tam),"6 points, J-10-6, control J♥","(1, 6, 0, 11, 10, 6, 3)",15,123,0.04543356,27037,0.045062,1.1806,0.1302,0.0133,0.0
discard1,"Deal 4, discard 1",4,10000000,21260929,Point total (Tam),"6 points, J-10-6, control J♦","(1, 6, 0, 11, 10, 6, 2)",15,123,0.04543356,26924,0.044873,1.151,0.1274,0.0156,0.0
discard1,"Deal 4, discard 1",4,10000000,21260929,Point total (Tam),"6 points, J-10-6, control J♣","(1, 6, 0, 11, 10, 6, 1)",15,123,0.04543356,27195,0.045325,1.141,0.1129,0.0081,0.0
discard1,"Deal 4, discard 1",4,10000000,21260929,Point total (Tam),"6 points, J-9-7, control J♠","(1, 6, 0, 11, 9, 7, 4)",15,174,0.06427186,38812,0.064687,1.254,0.1304,0.0155,0.0052
discard1,"Deal 4, discard 1",4,10000000,21260929,Point total (Tam),"6 points, J-9-7, control J♥","(1, 6, 0, 11, 9, 7, 3)",15,174,0.06427186,38690,0.064483,1.2494,0.136,0.0145,0.0026
discard1,"Deal 4, discard 1",4,10000000,21260929,Point total (Tam),"6 points, J-9-7, control J♦","(1, 6, 0, 11, 9, 7, 2)",15,174,0.06427186,38473,0.064122,1.2341,0.1315,0.012,0.0
discard1,"Deal 4, discard 1",4,10000000,21260929,Point total (Tam),"6 points, J-9-7, control J♣","(1, 6, 0, 11, 9, 7, 1)",15,174,0.06427186,38817,0.064695,1.1995,0.1182,0.0108,0.0026
discard1,"Deal 4, discard 1",4,10000000,21260929,Point total (Tam),"6 points, J-4-2, control J♠","(1, 6, 0, 11, 4, 2, 4)",15,195,0.07202881,43082,0.071803,1.032,0.0984,0.006,0.0
discard1,"Deal 4, discard 1",4,10000000,21260929,Point total (Tam),"6 points, J-4-2, control J♥","(1, 6, 0, 11, 4, 2, 3)",15,181,0.06685751,40084,0.066807,1.0263,0.1015,0.0065,0.0
discard1,"Deal 4, discard 1",4,10000000,21260929,Point total (Tam),"6 points, J-4-2, control J♦","(1, 6, 0, 11, 4, 2, 2)",15,167,0.06168621,37155,0.061925,0.9999,0.0945,0.0086,0.0
discard1,"Deal 4, discard 1",4,10000000,21260929,Point total (Tam),"6 points, J-4-2, control J♣","(1, 6, 0, 11, 4, 2, 1)",15,153,0.05651491,33970,0.056617,0.9667,0.0792,0.0047,0.0
discard1,"Deal 4, discard 1",4,10000000,21260929,Point total (Tam),"6 points, 10-9-7, control 10♠","(1, 6, 0, 10, 9, 7, 4)",15,174,0.06427186,38574,0.06429,1.0468,0.0954,0.0073,0.0
discard1,"Deal 4, discard 1",4,10000000,21260929,Point total (Tam),"6 points, 10-9-7, control 10♥","(1, 6, 0, 10, 9, 7, 3)",15,174,0.06427186,38695,0.064492,1.0575,0.0974,0.0078,0.0
discard1,"Deal 4, discard 1",4,10000000,21260929,Point total (Tam),"6 points, 10-9-7, control 10♦","(1, 6, 0, 10, 9, 7, 2)",15,174,0.06427186,38830,0.064717,1.0317,0.102,0.0098,0.0026
discard1,"Deal 4, discard 1",4,10000000,21260929,Point total (Tam),"6 points, 10-9-7, control 10♣","(1, 6, 0, 10, 9, 7, 1)",15,174,0.06427186,38208,0.06368,1.0673,0.1013,0.0115,0.0026
discard1,"Deal 4, discard 1",4,10000000,21260929,Point total (Tam),"6 points, 10-4-2, control 10♠","(1, 6, 0, 10, 4, 2, 4)",15,144,0.05319051,31921,0.053202,0.8521,0.0764,0.0063,0.0
discard1,"Deal 4, discard 1",4,10000000,21260929,Point total (Tam),"6 points, 10-4-2, control 10♥","(1, 6, 0, 10, 4, 2, 3)",15,130,0.04801921,28749,0.047915,0.8553,0.0751,0.0049,0.0
discard1,"Deal 4, discard 1",4,10000000,21260929,Point total (Tam),"6 points, 10-4-2, control 10♦","(1, 6, 0, 10, 4, 2, 2)",15,116,0.04284791,25669,0.042782,0.8711,0.081,0.007,0.0
discard1,"Deal 4, discard 1",4,10000000,21260929,Point total (Tam),"6 points, 10-4-2, control 10♣","(1, 6, 0, 10, 4, 2, 1)",15,102,0.03767661,22681,0.037802,0.8721,0.0767,0.0062,0.0
discard1,"Deal 4, discard 1",4,10000000,21260929,Point total (Tam),"6 points, 9-5-2, control 9♠","(1, 6, 0, 9, 5, 2, 4)",15,42,0.0155139,9119,0.015198,0.8795,0.0713,0.0132,0.011
discard1,"Deal 4, discard 1",4,10000000,21260929,Point total (Tam),"6 points, 9-5-2, control 9♥","(1, 6, 0, 9, 5, 2, 3)",15,28,0.0103426,6122,0.010203,0.998,0.0915,0.0098,0.0
discard1,"Deal 4, discard 1",4,10000000,21260929,Point total (Tam),"6 points, 9-5-2, control 9♦","(1, 6, 0, 9, 5, 2, 2)",15,14,0.0051713,3149,0.005248,0.7939,0.0445,0.0,0.0
discard1,"Deal 4, discard 1",4,10000000,21260929,Point total (Tam),"6 points, 9-4-3, control 9♠","(1, 6, 0, 9, 4, 3, 4)",15,114,0.04210915,25358,0.042263,0.9662,0.0946,0.0079,0.0
discard1,"Deal 4, discard 1",4,10000000,21260929,Point total (Tam),"6 points, 9-4-3, control 9♥","(1, 6, 0, 9, 4, 3, 3)",15,100,0.03693785,22454,0.037423,0.9798,0.09,0.0089,0.0
discard1,"Deal 4, discard 1",4,10000000,21260929,Point total (Tam),"6 points, 9-4-3, control 9♦","(1, 6, 0, 9, 4, 3, 2)",15,86,0.03176655,19345,0.032242,1.0525,0.1096,0.0114,0.0
discard1,"Deal 4, discard 1",4,10000000,21260929,Point total (Tam),"6 points, 9-4-3, control 9♣","(1, 6, 0, 9, 4, 3, 1)",15,72,0.02659525,15953,0.026588,1.008,0.1034,0.0138,0.0063
discard1,"Deal 4, discard 1",4,10000000,21260929,Point total (Tam),"6 points, 8-6-2, control 8♠","(1, 6, 0, 8, 6, 2, 4)",15,42,0.0155139,9349,0.015582,0.9616,0.0995,0.0171,0.0
discard1,"Deal 4, discard 1",4,10000000,21260929,Point total (Tam),"6 points, 8-6-2, control 8♥","(1, 6, 0, 8, 6, 2, 3)",15,42,0.0155139,9446,0.015743,0.9189,0.0953,0.0127,0.0
discard1,"Deal 4, discard 1",4,10000000,21260929,Point total (Tam),"6 points, 8-6-2, control 8♦","(1, 6, 0, 8, 6, 2, 2)",15,42,0.0155139,9300,0.0155,0.9903,0.0914,0.0043,0.0
discard1,"Deal 4, discard 1",4,10000000,21260929,Point total (Tam),"6 points, 8-6-2, control 8♣","(1, 6, 0, 8, 6, 2, 1)",15,42,0.0155139,9167,0.015278,0.8836,0.0775,0.0065,0.0
discard1,"Deal 4, discard 1",4,10000000,21260929,Point total (Tam),"6 points, 8-5-3, control 8♠","(1, 6, 0, 8, 5, 3, 4)",15,72,0.02659525,15938,0.026563,0.9085,0.091,0.0138,0.0063
discard1,"Deal 4, discard 1",4,10000000,21260929,Point total (Tam),"6 points, 8-5-3, control 8♥","(1, 6, 0, 8, 5, 3, 3)",15,72,0.02659525,15999,0.026665,0.9126,0.08,0.0025,0.0
discard1,"Deal 4, discard 1",4,10000000,21260929,Point total (Tam),"6 points, 8-5-3, control 8♦","(1, 6, 0, 8, 5, 3, 2)",15,72,0.02659525,16096,0.026827,0.9033,0.082,0.0099,0.0
discard1,"Deal 4, discard 1",4,10000000,21260929,Point total (Tam),"6 points, 8-5-3, control 8♣","(1, 6, 0, 8, 5, 3, 1)",15,72,0.02659525,15926,0.026543,0.8872,0.0735,0.0088,0.0
discard1,"Deal 4, discard 1",4,10000000,21260929,Point total (Tam),"6 points, 7-6-3, control 7♠","(1, 6, 0, 7, 6, 3, 4)",15,123,0.04543356,27381,0.045635,0.9065,0.0833,0.0073,0.0
discard1,"Deal 4, discard 1",4,10000000,21260929,Point total (Tam),"6 points, 7-6-3, control 7♥","(1, 6, 0, 7, 6, 3, 3)",15,123,0.04543356,27181,0.045302,0.908,0.0857,0.0103,0.0
discard1,"Deal 4, discard 1",4,10000000,21260929,Point total (Tam),"6 points, 7-6-3, control 7♦","(1, 6, 0, 7, 6, 3, 2)",15,123,0.04543356,27310,0.045517,0.8715,0.0703,0.0044,0.0
discard1,"Deal 4, discard 1",4,10000000,21260929,Point total (Tam),"6 points, 7-6-3, control 7♣","(1, 6, 0, 7, 6, 3, 1)",15,123,0.04543356,27358,0.045597,0.9069,0.0764,0.008,0.0037
discard1,"Deal 4, discard 1",4,10000000,21260929,Point total (Tam),"6 points, 7-5-4, control 7♠","(1, 6, 0, 7, 5, 4, 4)",15,123,0.04543356,27334,0.045557,0.9311,0.0867,0.011,0.0
discard1,"Deal 4, discard 1",4,10000000,21260929,Point total (Tam),"6 points, 7-5-4, control 7♥","(1, 6, 0, 7, 5, 4, 3)",15,123,0.04543356,27098,0.045163,0.917,0.0793,0.003,0.0
discard1,"Deal 4, discard 1",4,10000000,21260929,Point total (Tam),"6 points, 7-5-4, control 7♦","(1, 6, 0, 7, 5, 4, 2)",15,123,0.04543356,27386,0.045643,0.9373,0.0909,0.0095,0.0
discard1,"Deal 4, discard 1",4,10000000,21260929,Point total (Tam),"6 points, 7-5-4, control 7♣","(1, 6, 0, 7, 5, 4, 1)",15,123,0.04543356,27582,0.04597,0.9434,0.0798,0.0058,0.0
discard1,"Deal 4, discard 1",4,10000000,21260929,Point total (Tam),"5 points, pair A, kicker 3♠","(1, 5, 1, 14, 3, 4)",6,126,0.04654169,28149,0.046915,0.6977,0.059,0.0078,0.0036
discard1,"Deal 4, discard 1",4,10000000,21260929,Point total (Tam),"5 points, pair A, kicker 3♥","(1, 5, 1, 14, 3, 3)",6,126,0.04654169,28115,0.046858,0.6648,0.0466,0.0028,0.0
discard1,"Deal 4, discard 1",4,10000000,21260929,Point total (Tam),"5 points, pair A, kicker 3♦","(1, 5, 1, 14, 3, 2)",6,126,0.04654169,27947,0.046578,0.6863,0.0533,0.0014,0.0
discard1,"Deal 4, discard 1",4,10000000,21260929,Point total (Tam),"5 points, pair A, kicker 3♣","(1, 5, 1, 14, 3, 1)",6,126,0.04654169,28018,0.046697,0.6692,0.0528,0.0021,0.0
discard1,"Deal 4, discard 1",4,10000000,21260929,Point total (Tam),"5 points, pair K, kicker 5♠","(1, 5, 1, 13, 5, 4)",6,39,0.01440576,8605,0.014342,0.7868,0.0639,0.0093,0.0
discard1,"Deal 4, discard 1",4,10000000,21260929,Point total (Tam),"5 points, pair K, kicker 5♥","(1, 5, 1, 13, 5, 3)",6,33,0.01218949,7293,0.012155,0.6924,0.0494,0.0055,0.0
discard1,"Deal 4, discard 1",4,10000000,21260929,Point total (Tam),"5 points, pair K, kicker 5♦","(1, 5, 1, 13, 5, 2)",6,27,0.00997322,6183,0.010305,0.8151,0.0647,0.0065,0.0
discard1,"Deal 4, discard 1",4,10000000,21260929,Point total (Tam),"5 points, pair K, kicker 5♣","(1, 5, 1, 13, 5, 1)",6,21,0.00775695,4690,0.007817,0.7356,0.049,0.0,0.0
discard1,"Deal 4, discard 1",4,10000000,21260929,Point total (Tam),"5 points, pair Q, kicker 5♠","(1, 5, 1, 12, 5, 4)",6,39,0.01440576,8668,0.014447,0.7637,0.0577,0.0046,0.0
discard1,"Deal 4, discard 1",4,10000000,21260929,Point total (Tam),"5 points, pair Q, kicker 5♥","(1, 5, 1, 12, 5, 3)",6,33,0.01218949,7305,0.012175,0.8214,0.078,0.011,0.0
discard1,"Deal 4, discard 1",4,10000000,21260929,Point total (Tam),"5 points, pair Q, kicker 5♦","(1, 5, 1, 12, 5, 2)",6,27,0.00997322,6019,0.010032,0.8623,0.0665,0.0033,0.0
discard1,"Deal 4, discard 1",4,10000000,21260929,Point total (Tam),"5 points, pair Q, kicker 5♣","(1, 5, 1, 12, 5, 1)",6,21,0.00775695,4622,0.007703,0.7897,0.0627,0.0043,0.0
discard1,"Deal 4, discard 1",4,10000000,21260929,Point total (Tam),"5 points, pair J, kicker 5♠","(1, 5, 1, 11, 5, 4)",6,39,0.01440576,8775,0.014625,0.7499,0.0547,0.0023,0.0
discard1,"Deal 4, discard 1",4,10000000,21260929,Point total (Tam),"5 points, pair J, kicker 5♥","(1, 5, 1, 11, 5, 3)",6,33,0.01218949,7288,0.012147,0.7643,0.0604,0.0055,0.0
discard1,"Deal 4, discard 1",4,10000000,21260929,Point total (Tam),"5 points, pair J, kicker 5♦","(1, 5, 1, 11, 5, 2)",6,27,0.00997322,5893,0.009822,0.6991,0.0611,0.0068,0.0
discard1,"Deal 4, discard 1",4,10000000,21260929,Point total (Tam),"5 points, pair J, kicker 5♣","(1, 5, 1, 11, 5, 1)",6,21,0.00775695,4504,0.007507,0.8526,0.0644,0.0,0.0
discard1,"Deal 4, discard 1",4,10000000,21260929,Point total (Tam),"5 points, pair 10, kicker 5♠","(1, 5, 1, 10, 5, 4)",6,81,0.02991966,17797,0.029662,0.667,0.0534,0.0022,0.0
discard1,"Deal 4, discard 1",4,10000000,21260929,Point total (Tam),"5 points, pair 10, kicker 5♥","(1, 5, 1, 10, 5, 3)",6,75,0.02770339,16722,0.02787,0.6692,0.0556,0.0048,0.0
discard1,"Deal 4, discard 1",4,10000000,21260929,Point total (Tam),"5 points, pair 10, kicker 5♦","(1, 5, 1, 10, 5, 2)",6,69,0.02548712,15310,0.025517,0.6506,0.0627,0.0052,0.0
discard1,"Deal 4, discard 1",4,10000000,21260929,Point total (Tam),"5 points, pair 10, kicker 5♣","(1, 5, 1, 10, 5, 1)",6,63,0.02327085,14163,0.023605,0.6439,0.0487,0.0042,0.0
discard1,"Deal 4, discard 1",4,10000000,21260929,Point total (Tam),"5 points, pair 9, kicker 7♠","(1, 5, 1, 9, 7, 4)",6,81,0.02991966,17888,0.029813,0.8648,0.0771,0.0045,0.0
discard1,"Deal 4, discard 1",4,10000000,21260929,Point total (Tam),"5 points, pair 9, kicker 7♥","(1, 5, 1, 9, 7, 3)",6,75,0.02770339,16496,0.027493,0.8529,0.0594,0.0012,0.0
discard1,"Deal 4, discard 1",4,10000000,21260929,Point total (Tam),"5 points, pair 9, kicker 7♦","(1, 5, 1, 9, 7, 2)",6,69,0.02548712,15458,0.025763,0.8992,0.0796,0.0078,0.0
discard1,"Deal 4, discard 1",4,10000000,21260929,Point total (Tam),"5 points, pair 9, kicker 7♣","(1, 5, 1, 9, 7, 1)",6,63,0.02327085,13906,0.023177,0.8255,0.0633,0.0058,0.0
discard1,"Deal 4, discard 1",4,10000000,21260929,Point total (Tam),"5 points, pair 8, kicker 9♠","(1, 5, 1, 8, 9, 4)",6,63,0.02327085,13900,0.023167,0.9331,0.0849,0.0086,0.0
discard1,"Deal 4, discard 1",4,10000000,21260929,Point total (Tam),"5 points, pair 8, kicker 9♥","(1, 5, 1, 8, 9, 3)",6,63,0.02327085,14008,0.023347,0.8995,0.0871,0.0057,0.0
discard1,"Deal 4, discard 1",4,10000000,21260929,Point total (Tam),"5 points, pair 8, kicker 9♦","(1, 5, 1, 8, 9, 2)",6,63,0.02327085,14045,0.023408,0.9576,0.1082,0.0185,0.0071
discard1,"Deal 4, discard 1",4,10000000,21260929,Point total (Tam),"5 points, pair 8, kicker 9♣","(1, 5, 1, 8, 9, 1)",6,63,0.02327085,14020,0.023367,0.9051,0.0742,0.0043,0.0
discard1,"Deal 4, discard 1",4,10000000,21260929,Point total (Tam),"5 points, pair 7, kicker A♠","(1, 5, 1, 7, 14, 4)",6,21,0.00775695,4791,0.007985,0.8182,0.0689,0.0083,0.0
discard1,"Deal 4, discard 1",4,10000000,21260929,Point total (Tam),"5 points, pair 7, kicker A♥","(1, 5, 1, 7, 14, 3)",6,21,0.00775695,4662,0.00777,0.8408,0.0601,0.0043,0.0
discard1,"Deal 4, discard 1",4,10000000,21260929,Point total (Tam),"5 points, pair 7, kicker A♦","(1, 5, 1, 7, 14, 2)",6,21,0.00775695,4554,0.00759,0.8893,0.1032,0.022,0.0
discard1,"Deal 4, discard 1",4,10000000,21260929,Point total (Tam),"5 points, pair 7, kicker A♣","(1, 5, 1, 7, 14, 1)",6,21,0.00775695,4568,0.007613,0.7246,0.0547,0.0044,0.0
discard1,"Deal 4, discard 1",4,10000000,21260929,Point total (Tam),"5 points, pair 6, kicker 3♠","(1, 5, 1, 6, 3, 4)",6,60,0.02216271,13350,0.02225,0.779,0.0757,0.009,0.0
discard1,"Deal 4, discard 1",4,10000000,21260929,Point total (Tam),"5 points, pair 6, kicker 3♥","(1, 5, 1, 6, 3, 3)",6,54,0.01994644,11848,0.019747,0.747,0.0565,0.0051,0.0
discard1,"Deal 4, discard 1",4,10000000,21260929,Point total (Tam),"5 points, pair 6, kicker 3♦","(1, 5, 1, 6, 3, 2)",6,48,0.01773017,10610,0.017683,0.7672,0.0697,0.0057,0.0
discard1,"Deal 4, discard 1",4,10000000,21260929,Point total (Tam),"5 points, pair 6, kicker 3♣","(1, 5, 1, 6, 3, 1)",6,42,0.0155139,9278,0.015463,0.6564,0.0388,0.0,0.0
discard1,"Deal 4, discard 1",4,10000000,21260929,Point total (Tam),"5 points, pair 4, kicker 7♠","(1, 5, 1, 4, 7, 4)",6,42,0.0155139,9254,0.015423,0.7305,0.0508,0.0065,0.0
discard1,"Deal 4, discard 1",4,10000000,21260929,Point total (Tam),"5 points, pair 4, kicker 7♥","(1, 5, 1, 4, 7, 3)",6,42,0.0155139,9327,0.015545,0.8513,0.0697,0.0021,0.0
discard1,"Deal 4, discard 1",4,10000000,21260929,Point total (Tam),"5 points, pair 4, kicker 7♦","(1, 5, 1, 4, 7, 2)",6,42,0.0155139,9450,0.01575,0.7915,0.0614,0.0042,0.0
discard1,"Deal 4, discard 1",4,10000000,21260929,Point total (Tam),"5 points, pair 4, kicker 7♣","(1, 5, 1, 4, 7, 1)",6,42,0.0155139,9371,0.015618,0.7801,0.0619,0.0021,0.0
discard1,"Deal 4, discard 1",4,10000000,21260929,Point total (Tam),"5 points, pair 3, kicker 9♠","(1, 5, 1, 3, 9, 4)",6,39,0.01440576,8710,0.014517,0.7049,0.0608,0.0046,0.0
discard1,"Deal 4, discard 1",4,10000000,21260929,Point total (Tam),"5 points, pair 3, kicker 9♥","(1, 5, 1, 3, 9, 3)",6,33,0.01218949,7382,0.012303,0.7085,0.0501,0.0027,0.0
discard1,"Deal 4, discard 1",4,10000000,21260929,Point total (Tam),"5 points, pair 3, kicker 9♦","(1, 5, 1, 3, 9, 2)",6,27,0.00997322,5884,0.009807,0.7665,0.068,0.0034,0.0
discard1,"Deal 4, discard 1",4,10000000,21260929,Point total (Tam),"5 points, pair 3, kicker 9♣","(1, 5, 1, 3, 9, 1)",6,21,0.00775695,4691,0.007818,0.8634,0.081,0.0043,0.0
discard1,"Deal 4, discard 1",4,10000000,21260929,Point total (Tam),"5 points, pair 2, kicker A♠","(1, 5, 1, 2, 14, 4)",6,165,0.06094746,36726,0.06121,0.48,0.0294,0.0016,0.0
discard1,"Deal 4, discard 1",4,10000000,21260929,Point total (Tam),"5 points, pair 2, kicker A♥","(1, 5, 1, 2, 14, 3)",6,159,0.05873118,35014,0.058357,0.5001,0.0363,0.0046,0.0029
discard1,"Deal 4, discard 1",4,10000000,21260929,Point total (Tam),"5 points, pair 2, kicker A♦","(1, 5, 1, 2, 14, 2)",6,153,0.05651491,33795,0.056325,0.4823,0.0323,0.0018,0.0
discard1,"Deal 4, discard 1",4,10000000,21260929,Point total (Tam),"5 points, pair 2, kicker A♣","(1, 5, 1, 2, 14, 1)",6,147,0.05429864,32599,0.054332,0.4669,0.0294,0.0025,0.0
discard1,"Deal 4, discard 1",4,10000000,21260929,Point total (Tam),"5 points, A-K-4, control A♠","(1, 5, 0, 14, 13, 4, 4)",15,174,0.06427186,38760,0.0646,0.6029,0.0516,0.0062,0.0
discard1,"Deal 4, discard 1",4,10000000,21260929,Point total (Tam),"5 points, A-K-4, control A♥","(1, 5, 0, 14, 13, 4, 3)",15,174,0.06427186,38764,0.064607,0.5931,0.0444,0.0031,0.0
discard1,"Deal 4, discard 1",4,10000000,21260929,Point total (Tam),"5 points, A-K-4, control A♦","(1, 5, 0, 14, 13, 4, 2)",15,174,0.06427186,38156,0.063593,0.5666,0.0388,0.0021,0.0
discard1,"Deal 4, discard 1",4,10000000,21260929,Point total (Tam),"5 points, A-K-4, control A♣","(1, 5, 0, 14, 13, 4, 1)",15,174,0.06427186,38749,0.064582,0.5783,0.0377,0.0015,0.0
discard1,"Deal 4, discard 1",4,10000000,21260929,Point total (Tam),"5 points, A-Q-4, control A♠","(1, 5, 0, 14, 12, 4, 4)",15,174,0.06427186,38529,0.064215,0.5637,0.0402,0.0026,0.0
discard1,"Deal 4, discard 1",4,10000000,21260929,Point total (Tam),"5 points, A-Q-4, control A♥","(1, 5, 0, 14, 12, 4, 3)",15,174,0.06427186,38846,0.064743,0.6065,0.0443,0.0021,0.0
discard1,"Deal 4, discard 1",4,10000000,21260929,Point total (Tam),"5 points, A-Q-4, control A♦","(1, 5, 0, 14, 12, 4, 2)",15,174,0.06427186,38328,0.06388,0.5727,0.0386,0.0016,0.0
discard1,"Deal 4, discard 1",4,10000000,21260929,Point total (Tam),"5 points, A-Q-4, control A♣","(1, 5, 0, 14, 12, 4, 1)",15,174,0.06427186,38282,0.063803,0.5467,0.0423,0.0026,0.0
discard1,"Deal 4, discard 1",4,10000000,21260929,Point total (Tam),"5 points, A-J-4, control A♠","(1, 5, 0, 14, 11, 4, 4)",15,123,0.04543356,27040,0.045067,0.5518,0.0392,0.0007,0.0
discard1,"Deal 4, discard 1",4,10000000,21260929,Point total (Tam),"5 points, A-J-4, control A♥","(1, 5, 0, 14, 11, 4, 3)",15,123,0.04543356,27160,0.045267,0.5711,0.0387,0.0044,0.0
discard1,"Deal 4, discard 1",4,10000000,21260929,Point total (Tam),"5 points, A-J-4, control A♦","(1, 5, 0, 14, 11, 4, 2)",15,123,0.04543356,27266,0.045443,0.5241,0.037,0.0029,0.0
discard1,"Deal 4, discard 1",4,10000000,21260929,Point total (Tam),"5 points, A-J-4, control A♣","(1, 5, 0, 14, 11, 4, 1)",15,123,0.04543356,27227,0.045378,0.5245,0.0312,0.0007,0.0
discard1,"Deal 4, discard 1",4,10000000,21260929,Point total (Tam),"5 points, A-10-4, control A♠","(1, 5, 0, 14, 10, 4, 4)",15,72,0.02659525,15830,0.026383,0.4643,0.0246,0.0013,0.0
discard1,"Deal 4, discard 1",4,10000000,21260929,Point total (Tam),"5 points, A-10-4, control A♥","(1, 5, 0, 14, 10, 4, 3)",15,72,0.02659525,15637,0.026062,0.5346,0.0358,0.0026,0.0
discard1,"Deal 4, discard 1",4,10000000,21260929,Point total (Tam),"5 points, A-10-4, control A♦","(1, 5, 0, 14, 10, 4, 2)",15,72,0.02659525,15879,0.026465,0.4673,0.0208,0.0,0.0
discard1,"Deal 4, discard 1",4,10000000,21260929,Point total (Tam),"5 points, A-10-4, control A♣","(1, 5, 0, 14, 10, 4, 1)",15,72,0.02659525,16053,0.026755,0.5033,0.033,0.0012,0.0
discard1,"Deal 4, discard 1",4,10000000,21260929,Point total (Tam),"5 points, A-8-6, control A♠","(1, 5, 0, 14, 8, 6, 4)",15,21,0.00775695,4589,0.007648,0.6319,0.0458,0.0,0.0
discard1,"Deal 4, discard 1",4,10000000,21260929,Point total (Tam),"5 points, A-8-6, control A♥","(1, 5, 0, 14, 8, 6, 3)",15,21,0.00775695,4580,0.007633,0.6507,0.0371,0.0,0.0
discard1,"Deal 4, discard 1",4,10000000,21260929,Point total (Tam),"5 points, A-8-6, control A♦","(1, 5, 0, 14, 8, 6, 2)",15,21,0.00775695,4563,0.007605,0.5194,0.0285,0.0044,0.0
discard1,"Deal 4, discard 1",4,10000000,21260929,Point total (Tam),"5 points, A-8-6, control A♣","(1, 5, 0, 14, 8, 6, 1)",15,21,0.00775695,4615,0.007692,0.6544,0.0542,0.0,0.0
discard1,"Deal 4, discard 1",4,10000000,21260929,Point total (Tam),"5 points, K-Q-5, control K♠","(1, 5, 0, 13, 12, 5, 4)",15,72,0.02659525,15862,0.026437,0.4577,0.0233,0.0013,0.0
discard1,"Deal 4, discard 1",4,10000000,21260929,Point total (Tam),"5 points, K-Q-5, control K♥","(1, 5, 0, 13, 12, 5, 3)",15,72,0.02659525,15906,0.02651,0.481,0.0321,0.0,0.0
discard1,"Deal 4, discard 1",4,10000000,21260929,Point total (Tam),"5 points, K-Q-5, control K♦","(1, 5, 0, 13, 12, 5, 2)",15,72,0.02659525,15889,0.026482,0.4676,0.0264,0.0,0.0
discard1,"Deal 4, discard 1",4,10000000,21260929,Point total (Tam),"5 points, K-Q-5, control K♣","(1, 5, 0, 13, 12, 5, 1)",15,72,0.02659525,15983,0.026638,0.4542,0.0206,0.0,0.0
discard1,"Deal 4, discard 1",4,10000000,21260929,Point total (Tam),"5 points, K-J-5, control K♠","(1, 5, 0, 13, 11, 5, 4)",15,72,0.02659525,16143,0.026905,0.4485,0.0254,0.0012,0.0
discard1,"Deal 4, discard 1",4,10000000,21260929,Point total (Tam),"5 points, K-J-5, control K♥","(1, 5, 0, 13, 11, 5, 3)",15,72,0.02659525,15838,0.026397,0.4729,0.029,0.0013,0.0
discard1,"Deal 4, discard 1",4,10000000,21260929,Point total (Tam),"5 points, K-J-5, control K♦","(1, 5, 0, 13, 11, 5, 2)",15,72,0.02659525,16151,0.026918,0.4483,0.026,0.0025,0.0
discard1,"Deal 4, discard 1",4,10000000,21260929,Point total (Tam),"5 points, K-J-5, control K♣","(1, 5, 0, 13, 11, 5, 1)",15,72,0.02659525,15919,0.026532,0.4768,0.0308,0.0013,0.0
discard1,"Deal 4, discard 1",4,10000000,21260929,Point total (Tam),"5 points, K-10-5, control K♠","(1, 5, 0, 13, 10, 5, 4)",15,21,0.00775695,4715,0.007858,0.3966,0.0148,0.0,0.0
discard1,"Deal 4, discard 1",4,10000000,21260929,Point total (Tam),"5 points, K-10-5, control K♥","(1, 5, 0, 13, 10, 5, 3)",15,21,0.00775695,4725,0.007875,0.5228,0.0317,0.0042,0.0
discard1,"Deal 4, discard 1",4,10000000,21260929,Point total (Tam),"5 points, K-10-5, control K♦","(1, 5, 0, 13, 10, 5, 2)",15,21,0.00775695,4685,0.007808,0.412,0.0192,0.0043,0.0
discard1,"Deal 4, discard 1",4,10000000,21260929,Point total (Tam),"5 points, K-10-5, control K♣","(1, 5, 0, 13, 10, 5, 1)",15,21,0.00775695,4620,0.0077,0.4957,0.0519,0.0087,0.0
discard1,"Deal 4, discard 1",4,10000000,21260929,Point total (Tam),"5 points, K-9-6, control K♠","(1, 5, 0, 13, 9, 6, 4)",15,72,0.02659525,16014,0.02669,0.5302,0.0331,0.0012,0.0
discard1,"Deal 4, discard 1",4,10000000,21260929,Point total (Tam),"5 points, K-9-6, control K♥","(1, 5, 0, 13, 9, 6, 3)",15,72,0.02659525,15911,0.026518,0.5524,0.0346,0.0013,0.0
discard1,"Deal 4, discard 1",4,10000000,21260929,Point total (Tam),"5 points, K-9-6, control K♦","(1, 5, 0, 13, 9, 6, 2)",15,72,0.02659525,16041,0.026735,0.5131,0.0262,0.0,0.0
discard1,"Deal 4, discard 1",4,10000000,21260929,Point total (Tam),"5 points, K-9-6, control K♣","(1, 5, 0, 13, 9, 6, 1)",15,72,0.02659525,16248,0.02708,0.5207,0.0369,0.0025,0.0
discard1,"Deal 4, discard 1",4,10000000,21260929,Point total (Tam),"5 points, K-8-7, control K♠","(1, 5, 0, 13, 8, 7, 4)",15,72,0.02659525,15955,0.026592,0.5879,0.0426,0.005,0.0
discard1,"Deal 4, discard 1",4,10000000,21260929,Point total (Tam),"5 points, K-8-7, control K♥","(1, 5, 0, 13, 8, 7, 3)",15,72,0.02659525,15992,0.026653,0.5847,0.0419,0.0013,0.0
discard1,"Deal 4, discard 1",4,10000000,21260929,Point total (Tam),"5 points, K-8-7, control K♦","(1, 5, 0, 13, 8, 7, 2)",15,72,0.02659525,15890,0.026483,0.5632,0.034,0.0025,0.0
discard1,"Deal 4, discard 1",4,10000000,21260929,Point total (Tam),"5 points, K-8-7, control K♣","(1, 5, 0, 13, 8, 7, 1)",15,72,0.02659525,15972,0.02662,0.6042,0.0369,0.0025,0.0
discard1,"Deal 4, discard 1",4,10000000,21260929,Point total (Tam),"5 points, K-3-2, control K♠","(1, 5, 0, 13, 3, 2, 4)",15,297,0.10970542,65988,0.10998,0.352,0.0182,0.0015,0.0
discard1,"Deal 4, discard 1",4,10000000,21260929,Point total (Tam),"5 points, K-3-2, control K♥","(1, 5, 0, 13, 3, 2, 3)",15,283,0.10453412,62730,0.10455,0.3244,0.0159,0.0006,0.0
discard1,"Deal 4, discard 1",4,10000000,21260929,Point total (Tam),"5 points, K-3-2, control K♦","(1, 5, 0, 13, 3, 2, 2)",15,269,0.09936282,59908,0.099847,0.3604,0.0234,0.0023,0.0
discard1,"Deal 4, discard 1",4,10000000,21260929,Point total (Tam),"5 points, K-3-2, control K♣","(1, 5, 0, 13, 3, 2, 1)",15,255,0.09419152,56743,0.094572,0.3331,0.0182,0.0011,0.0
discard1,"Deal 4, discard 1",4,10000000,21260929,Point total (Tam),"5 points, Q-J-5, control Q♠","(1, 5, 0, 12, 11, 5, 4)",15,21,0.00775695,4596,0.00766,0.4373,0.0196,0.0,0.0
discard1,"Deal 4, discard 1",4,10000000,21260929,Point total (Tam),"5 points, Q-J-5, control Q♥","(1, 5, 0, 12, 11, 5, 3)",15,21,0.00775695,4603,0.007672,0.4454,0.0326,0.0,0.0
discard1,"Deal 4, discard 1",4,10000000,21260929,Point total (Tam),"5 points, Q-J-5, control Q♦","(1, 5, 0, 12, 11, 5, 2)",15,21,0.00775695,4680,0.0078,0.453,0.0192,0.0,0.0
discard1,"Deal 4, discard 1",4,10000000,21260929,Point total (Tam),"5 points, Q-J-5, control Q♣","(1, 5, 0, 12, 11, 5, 1)",15,21,0.00775695,4705,0.007842,0.3868,0.0276,0.0,0.0
discard1,"Deal 4, discard 1",4,10000000,21260929,Point total (Tam),"5 points, Q-10-5, control Q♠","(1, 5, 0, 12, 10, 5, 4)",15,21,0.00775695,4598,0.007663,0.3436,0.0196,0.0,0.0
discard1,"Deal 4, discard 1",4,10000000,21260929,Point total (Tam),"5 points, Q-10-5, control Q♥","(1, 5, 0, 12, 10, 5, 3)",15,21,0.00775695,4649,0.007748,0.3506,0.0172,0.0,0.0
discard1,"Deal 4, discard 1",4,10000000,21260929,Point total (Tam),"5 points, Q-10-5, control Q♦","(1, 5, 0, 12, 10, 5, 2)",15,21,0.00775695,4624,0.007707,0.4325,0.0324,0.0,0.0
discard1,"Deal 4, discard 1",4,10000000,21260929,Point total (Tam),"5 points, Q-10-5, control Q♣","(1, 5, 0, 12, 10, 5, 1)",15,21,0.00775695,4610,0.007683,0.3796,0.0152,0.0,0.0
discard1,"Deal 4, discard 1",4,10000000,21260929,Point total (Tam),"5 points, Q-9-6, control Q♠","(1, 5, 0, 12, 9, 6, 4)",15,72,0.02659525,15899,0.026498,0.4736,0.027,0.0,0.0
discard1,"Deal 4, discard 1",4,10000000,21260929,Point total (Tam),"5 points, Q-9-6, control Q♥","(1, 5, 0, 12, 9, 6, 3)",15,72,0.02659525,15830,0.026383,0.4814,0.0246,0.0,0.0
discard1,"Deal 4, discard 1",4,10000000,21260929,Point total (Tam),"5 points, Q-9-6, control Q♦","(1, 5, 0, 12, 9, 6, 2)",15,72,0.02659525,15947,0.026578,0.4734,0.0314,0.0013,0.0
discard1,"Deal 4, discard 1",4,10000000,21260929,Point total (Tam),"5 points, Q-9-6, control Q♣","(1, 5, 0, 12, 9, 6, 1)",15,72,0.02659525,15817,0.026362,0.4185,0.0209,0.0,0.0
discard1,"Deal 4, discard 1",4,10000000,21260929,Point total (Tam),"5 points, Q-8-7, control Q♠","(1, 5, 0, 12, 8, 7, 4)",15,72,0.02659525,16111,0.026852,0.4612,0.0223,0.0,0.0
discard1,"Deal 4, discard 1",4,10000000,21260929,Point total (Tam),"5 points, Q-8-7, control Q♥","(1, 5, 0, 12, 8, 7, 3)",15,72,0.02659525,15927,0.026545,0.464,0.0308,0.0013,0.0
discard1,"Deal 4, discard 1",4,10000000,21260929,Point total (Tam),"5 points, Q-8-7, control Q♦","(1, 5, 0, 12, 8, 7, 2)",15,72,0.02659525,15877,0.026462,0.4812,0.0283,0.0,0.0
discard1,"Deal 4, discard 1",4,10000000,21260929,Point total (Tam),"5 points, Q-8-7, control Q♣","(1, 5, 0, 12, 8, 7, 1)",15,72,0.02659525,16013,0.026688,0.4784,0.0325,0.0012,0.0
discard1,"Deal 4, discard 1",4,10000000,21260929,Point total (Tam),"5 points, Q-3-2, control Q♠","(1, 5, 0, 12, 3, 2, 4)",15,246,0.09086712,54568,0.090947,0.3145,0.02,0.0022,0.0
discard1,"Deal 4, discard 1",4,10000000,21260929,Point total (Tam),"5 points, Q-3-2, control Q♥","(1, 5, 0, 12, 3, 2, 3)",15,232,0.08569582,51423,0.085705,0.281,0.0136,0.0004,0.0
discard1,"Deal 4, discard 1",4,10000000,21260929,Point total (Tam),"5 points, Q-3-2, control Q♦","(1, 5, 0, 12, 3, 2, 2)",15,218,0.08052452,47967,0.079945,0.2771,0.0131,0.0004,0.0
discard1,"Deal 4, discard 1",4,10000000,21260929,Point total (Tam),"5 points, Q-3-2, control Q♣","(1, 5, 0, 12, 3, 2, 1)",15,204,0.07535322,45390,0.07565,0.2767,0.015,0.0009,0.0
discard1,"Deal 4, discard 1",4,10000000,21260929,Point total (Tam),"5 points, J-10-5, control J♠","(1, 5, 0, 11, 10, 5, 4)",15,21,0.00775695,4559,0.007598,0.3027,0.0132,0.0,0.0
discard1,"Deal 4, discard 1",4,10000000,21260929,Point total (Tam),"5 points, J-10-5, control J♥","(1, 5, 0, 11, 10, 5, 3)",15,21,0.00775695,4624,0.007707,0.3028,0.0173,0.0043,0.0
discard1,"Deal 4, discard 1",4,10000000,21260929,Point total (Tam),"5 points, J-10-5, control J♦","(1, 5, 0, 11, 10, 5, 2)",15,21,0.00775695,4681,0.007802,0.3439,0.032,0.0043,0.0
discard1,"Deal 4, discard 1",4,10000000,21260929,Point total (Tam),"5 points, J-10-5, control J♣","(1, 5, 0, 11, 10, 5, 1)",15,21,0.00775695,4626,0.00771,0.2313,0.0022,0.0,0.0
discard1,"Deal 4, discard 1",4,10000000,21260929,Point total (Tam),"5 points, J-9-6, control J♠","(1, 5, 0, 11, 9, 6, 4)",15,72,0.02659525,16017,0.026695,0.3883,0.015,0.0,0.0
discard1,"Deal 4, discard 1",4,10000000,21260929,Point total (Tam),"5 points, J-9-6, control J♥","(1, 5, 0, 11, 9, 6, 3)",15,72,0.02659525,15879,0.026465,0.3621,0.017,0.0,0.0
discard1,"Deal 4, discard 1",4,10000000,21260929,Point total (Tam),"5 points, J-9-6, control J♦","(1, 5, 0, 11, 9, 6, 2)",15,72,0.02659525,15916,0.026527,0.3606,0.0214,0.0025,0.0
discard1,"Deal 4, discard 1",4,10000000,21260929,Point total (Tam),"5 points, J-9-6, control J♣","(1, 5, 0, 11, 9, 6, 1)",15,72,0.02659525,16125,0.026875,0.3622,0.0211,0.0012,0.0
discard1,"Deal 4, discard 1",4,10000000,21260929,Point total (Tam),"5 points, J-8-7, control J♠","(1, 5, 0, 11, 8, 7, 4)",15,72,0.02659525,15932,0.026553,0.3848,0.0251,0.0,0.0
discard1,"Deal 4, discard 1",4,10000000,21260929,Point total (Tam),"5 points, J-8-7, control J♥","(1, 5, 0, 11, 8, 7, 3)",15,72,0.02659525,15976,0.026627,0.3831,0.0194,0.0013,0.0
discard1,"Deal 4, discard 1",4,10000000,21260929,Point total (Tam),"5 points, J-8-7, control J♦","(1, 5, 0, 11, 8, 7, 2)",15,72,0.02659525,15946,0.026577,0.3988,0.0245,0.0013,0.0
discard1,"Deal 4, discard 1",4,10000000,21260929,Point total (Tam),"5 points, J-8-7, control J♣","(1, 5, 0, 11, 8, 7, 1)",15,72,0.02659525,16241,0.027068,0.359,0.0191,0.0,0.0
discard1,"Deal 4, discard 1",4,10000000,21260929,Point total (Tam),"5 points, J-3-2, control J♠","(1, 5, 0, 11, 3, 2, 4)",15,195,0.07202881,43006,0.071677,0.2255,0.0102,0.0,0.0
discard1,"Deal 4, discard 1",4,10000000,21260929,Point total (Tam),"5 points, J-3-2, control J♥","(1, 5, 0, 11, 3, 2, 3)",15,181,0.06685751,40071,0.066785,0.2333,0.01,0.0005,0.0
discard1,"Deal 4, discard 1",4,10000000,21260929,Point total (Tam),"5 points, J-3-2, control J♦","(1, 5, 0, 11, 3, 2, 2)",15,167,0.06168621,36792,0.06132,0.2256,0.0109,0.0005,0.0
discard1,"Deal 4, discard 1",4,10000000,21260929,Point total (Tam),"5 points, J-3-2, control J♣","(1, 5, 0, 11, 3, 2, 1)",15,153,0.05651491,33948,0.05658,0.2209,0.0094,0.0,0.0
discard1,"Deal 4, discard 1",4,10000000,21260929,Point total (Tam),"5 points, 10-9-6, control 10♠","(1, 5, 0, 10, 9, 6, 4)",15,72,0.02659525,16014,0.02669,0.2666,0.0137,0.0,0.0
discard1,"Deal 4, discard 1",4,10000000,21260929,Point total (Tam),"5 points, 10-9-6, control 10♥","(1, 5, 0, 10, 9, 6, 3)",15,72,0.02659525,16035,0.026725,0.2557,0.015,0.0012,0.0
discard1,"Deal 4, discard 1",4,10000000,21260929,Point total (Tam),"5 points, 10-9-6, control 10♦","(1, 5, 0, 10, 9, 6, 2)",15,72,0.02659525,15788,0.026313,0.2686,0.0146,0.0013,0.0
discard1,"Deal 4, discard 1",4,10000000,21260929,Point total (Tam),"5 points, 10-9-6, control 10♣","(1, 5, 0, 10, 9, 6, 1)",15,72,0.02659525,15768,0.02628,0.2524,0.0127,0.0,0.0
discard1,"Deal 4, discard 1",4,10000000,21260929,Point total (Tam),"5 points, 10-8-7, control 10♠","(1, 5, 0, 10, 8, 7, 4)",15,72,0.02659525,15722,0.026203,0.2932,0.0121,0.0,0.0
discard1,"Deal 4, discard 1",4,10000000,21260929,Point total (Tam),"5 points, 10-8-7, control 10♥","(1, 5, 0, 10, 8, 7, 3)",15,72,0.02659525,16175,0.026958,0.2838,0.0124,0.0,0.0
discard1,"Deal 4, discard 1",4,10000000,21260929,Point total (Tam),"5 points, 10-8-7, control 10♦","(1, 5, 0, 10, 8, 7, 2)",15,72,0.02659525,15855,0.026425,0.3002,0.0177,0.0,0.0
discard1,"Deal 4, discard 1",4,10000000,21260929,Point total (Tam),"5 points, 10-8-7, control 10♣","(1, 5, 0, 10, 8, 7, 1)",15,72,0.02659525,15992,0.026653,0.3064,0.0244,0.0038,0.0
discard1,"Deal 4, discard 1",4,10000000,21260929,Point total (Tam),"5 points, 10-3-2, control 10♠","(1, 5, 0, 10, 3, 2, 4)",15,144,0.05319051,31774,0.052957,0.1731,0.006,0.0,0.0
discard1,"Deal 4, discard 1",4,10000000,21260929,Point total (Tam),"5 points, 10-3-2, control 10♥","(1, 5, 0, 10, 3, 2, 3)",15,130,0.04801921,28872,0.04812,0.1628,0.0055,0.0,0.0
discard1,"Deal 4, discard 1",4,10000000,21260929,Point total (Tam),"5 points, 10-3-2, control 10♦","(1, 5, 0, 10, 3, 2, 2)",15,116,0.04284791,25870,0.043117,0.1662,0.0089,0.0008,0.0
discard1,"Deal 4, discard 1",4,10000000,21260929,Point total (Tam),"5 points, 10-3-2, control 10♣","(1, 5, 0, 10, 3, 2, 1)",15,102,0.03767661,22669,0.037782,0.1809,0.0062,0.0,0.0
discard1,"Deal 4, discard 1",4,10000000,21260929,Point total (Tam),"5 points, 9-4-2, control 9♠","(1, 5, 0, 9, 4, 2, 4)",15,42,0.0155139,9312,0.01552,0.2384,0.0129,0.0,0.0
discard1,"Deal 4, discard 1",4,10000000,21260929,Point total (Tam),"5 points, 9-4-2, control 9♥","(1, 5, 0, 9, 4, 2, 3)",15,28,0.0103426,6146,0.010243,0.2652,0.0098,0.0,0.0
discard1,"Deal 4, discard 1",4,10000000,21260929,Point total (Tam),"5 points, 9-4-2, control 9♦","(1, 5, 0, 9, 4, 2, 2)",15,14,0.0051713,3102,0.00517,0.2643,0.0161,0.0,0.0
discard1,"Deal 4, discard 1",4,10000000,21260929,Point total (Tam),"5 points, 8-4-3, control 8♠","(1, 5, 0, 8, 4, 3, 4)",15,21,0.00775695,4584,0.00764,0.2661,0.0109,0.0,0.0
discard1,"Deal 4, discard 1",4,10000000,21260929,Point total (Tam),"5 points, 8-4-3, control 8♥","(1, 5, 0, 8, 4, 3, 3)",15,21,0.00775695,4723,0.007872,0.2435,0.0085,0.0,0.0
discard1,"Deal 4, discard 1",4,10000000,21260929,Point total (Tam),"5 points, 8-4-3, control 8♦","(1, 5, 0, 8, 4, 3, 2)",15,21,0.00775695,4711,0.007852,0.2484,0.0127,0.0,0.0
discard1,"Deal 4, discard 1",4,10000000,21260929,Point total (Tam),"5 points, 8-4-3, control 8♣","(1, 5, 0, 8, 4, 3, 1)",15,21,0.00775695,4563,0.007605,0.2104,0.0022,0.0,0.0
discard1,"Deal 4, discard 1",4,10000000,21260929,Point total (Tam),"5 points, 7-6-2, control 7♠","(1, 5, 0, 7, 6, 2, 4)",15,21,0.00775695,4524,0.00754,0.2056,0.0066,0.0,0.0
discard1,"Deal 4, discard 1",4,10000000,21260929,Point total (Tam),"5 points, 7-6-2, control 7♥","(1, 5, 0, 7, 6, 2, 3)",15,21,0.00775695,4632,0.00772,0.1749,0.0022,0.0,0.0
discard1,"Deal 4, discard 1",4,10000000,21260929,Point total (Tam),"5 points, 7-6-2, control 7♦","(1, 5, 0, 7, 6, 2, 2)",15,21,0.00775695,4648,0.007747,0.1979,0.0022,0.0,0.0
discard1,"Deal 4, discard 1",4,10000000,21260929,Point total (Tam),"5 points, 7-6-2, control 7♣","(1, 5, 0, 7, 6, 2, 1)",15,21,0.00775695,4710,0.00785,0.2166,0.0064,0.0,0.0
discard1,"Deal 4, discard 1",4,10000000,21260929,Point total (Tam),"5 points, 7-5-3, control 7♠","(1, 5, 0, 7, 5, 3, 4)",15,72,0.02659525,16231,0.027052,0.2384,0.008,0.0,0.0
discard1,"Deal 4, discard 1",4,10000000,21260929,Point total (Tam),"5 points, 7-5-3, control 7♥","(1, 5, 0, 7, 5, 3, 3)",15,72,0.02659525,16020,0.0267,0.2353,0.0144,0.0012,0.0
discard1,"Deal 4, discard 1",4,10000000,21260929,Point total (Tam),"5 points, 7-5-3, control 7♦","(1, 5, 0, 7, 5, 3, 2)",15,72,0.02659525,15845,0.026408,0.2215,0.012,0.0013,0.0
discard1,"Deal 4, discard 1",4,10000000,21260929,Point total (Tam),"5 points, 7-5-3, control 7♣","(1, 5, 0, 7, 5, 3, 1)",15,72,0.02659525,16026,0.02671,0.2533,0.0094,0.0,0.0
discard1,"Deal 4, discard 1",4,10000000,21260929,Point total (Tam),"4 points, pair A, kicker 2♠","(1, 4, 1, 14, 2, 4)",6,126,0.04654169,28071,0.046785,0.135,0.0046,0.0,0.0
discard1,"Deal 4, discard 1",4,10000000,21260929,Point total (Tam),"4 points, pair A, kicker 2♥","(1, 4, 1, 14, 2, 3)",6,126,0.04654169,28045,0.046742,0.117,0.0032,0.0,0.0
discard1,"Deal 4, discard 1",4,10000000,21260929,Point total (Tam),"4 points, pair A, kicker 2♦","(1, 4, 1, 14, 2, 2)",6,126,0.04654169,27807,0.046345,0.1183,0.0032,0.0,0.0
discard1,"Deal 4, discard 1",4,10000000,21260929,Point total (Tam),"4 points, pair A, kicker 2♣","(1, 4, 1, 14, 2, 1)",6,126,0.04654169,28131,0.046885,0.129,0.0046,0.0,0.0
discard1,"Deal 4, discard 1",4,10000000,21260929,Point total (Tam),"4 points, pair K, kicker 4♠","(1, 4, 1, 13, 4, 4)",6,21,0.00775695,4693,0.007822,0.1492,0.0064,0.0,0.0
discard1,"Deal 4, discard 1",4,10000000,21260929,Point total (Tam),"4 points, pair K, kicker 4♥","(1, 4, 1, 13, 4, 3)",6,21,0.00775695,4542,0.00757,0.1673,0.0022,0.0,0.0
discard1,"Deal 4, discard 1",4,10000000,21260929,Point total (Tam),"4 points, pair K, kicker 4♦","(1, 4, 1, 13, 4, 2)",6,21,0.00775695,4610,0.007683,0.1562,0.0043,0.0,0.0
discard1,"Deal 4, discard 1",4,10000000,21260929,Point total (Tam),"4 points, pair K, kicker 4♣","(1, 4, 1, 13, 4, 1)",6,21,0.00775695,4610,0.007683,0.1367,0.0022,0.0,0.0
discard1,"Deal 4, discard 1",4,10000000,21260929,Point total (Tam),"4 points, pair Q, kicker 4♠","(1, 4, 1, 12, 4, 4)",6,21,0.00775695,4608,0.00768,0.1562,0.0,0.0,0.0
discard1,"Deal 4, discard 1",4,10000000,21260929,Point total (Tam),"4 points, pair Q, kicker 4♥","(1, 4, 1, 12, 4, 3)",6,21,0.00775695,4601,0.007668,0.15,0.0065,0.0,0.0
discard1,"Deal 4, discard 1",4,10000000,21260929,Point total (Tam),"4 points, pair Q, kicker 4♦","(1, 4, 1, 12, 4, 2)",6,21,0.00775695,4635,0.007725,0.1726,0.0043,0.0,0.0
discard1,"Deal 4, discard 1",4,10000000,21260929,Point total (Tam),"4 points, pair Q, kicker 4♣","(1, 4, 1, 12, 4, 1)",6,21,0.00775695,4595,0.007658,0.1458,0.0044,0.0,0.0
discard1,"Deal 4, discard 1",4,10000000,21260929,Point total (Tam),"4 points, pair J, kicker 4♠","(1, 4, 1, 11, 4, 4)",6,21,0.00775695,4595,0.007658,0.1523,0.0044,0.0,0.0
discard1,"Deal 4, discard 1",4,10000000,21260929,Point total (Tam),"4 points, pair J, kicker 4♥","(1, 4, 1, 11, 4, 3)",6,21,0.00775695,4729,0.007882,0.148,0.0042,0.0,0.0
discard1,"Deal 4, discard 1",4,10000000,21260929,Point total (Tam),"4 points, pair J, kicker 4♦","(1, 4, 1, 11, 4, 2)",6,21,0.00775695,4732,0.007887,0.1669,0.0169,0.0,0.0
discard1,"Deal 4, discard 1",4,10000000,21260929,Point total (Tam),"4 points, pair J, kicker 4♣","(1, 4, 1, 11, 4, 1)",6,21,0.00775695,4656,0.00776,0.1439,0.0064,0.0,0.0
discard1,"Deal 4, discard 1",4,10000000,21260929,Point total (Tam),"4 points, pair 10, kicker 4♠","(1, 4, 1, 10, 4, 4)",6,63,0.02327085,14072,0.023453,0.1663,0.0085,0.0014,0.0
discard1,"Deal 4, discard 1",4,10000000,21260929,Point total (Tam),"4 points, pair 10, kicker 4♥","(1, 4, 1, 10, 4, 3)",6,63,0.02327085,13822,0.023037,0.1244,0.0036,0.0,0.0
discard1,"Deal 4, discard 1",4,10000000,21260929,Point total (Tam),"4 points, pair 10, kicker 4♦","(1, 4, 1, 10, 4, 2)",6,63,0.02327085,14028,0.02338,0.1447,0.0036,0.0,0.0
discard1,"Deal 4, discard 1",4,10000000,21260929,Point total (Tam),"4 points, pair 10, kicker 4♣","(1, 4, 1, 10, 4, 1)",6,63,0.02327085,14049,0.023415,0.1452,0.0085,0.0014,0.0
discard1,"Deal 4, discard 1",4,10000000,21260929,Point total (Tam),"4 points, pair 9, kicker 6♠","(1, 4, 1, 9, 6, 4)",6,39,0.01440576,8618,0.014363,0.2321,0.0104,0.0,0.0
discard1,"Deal 4, discard 1",4,10000000,21260929,Point total (Tam),"4 points, pair 9, kicker 6♥","(1, 4, 1, 9, 6, 3)",6,33,0.01218949,7415,0.012358,0.2171,0.0067,0.0,0.0
discard1,"Deal 4, discard 1",4,10000000,21260929,Point total (Tam),"4 points, pair 9, kicker 6♦","(1, 4, 1, 9, 6, 2)",6,27,0.00997322,6025,0.010042,0.1776,0.0033,0.0,0.0
discard1,"Deal 4, discard 1",4,10000000,21260929,Point total (Tam),"4 points, pair 9, kicker 6♣","(1, 4, 1, 9, 6, 1)",6,21,0.00775695,4654,0.007757,0.2471,0.0086,0.0,0.0
discard1,"Deal 4, discard 1",4,10000000,21260929,Point total (Tam),"4 points, pair 7, kicker K♠","(1, 4, 1, 7, 13, 4)",6,21,0.00775695,4585,0.007642,0.2268,0.0044,0.0,0.0
discard1,"Deal 4, discard 1",4,10000000,21260929,Point total (Tam),"4 points, pair 7, kicker K♥","(1, 4, 1, 7, 13, 3)",6,21,0.00775695,4695,0.007825,0.2279,0.0043,0.0,0.0
discard1,"Deal 4, discard 1",4,10000000,21260929,Point total (Tam),"4 points, pair 7, kicker K♦","(1, 4, 1, 7, 13, 2)",6,21,0.00775695,4641,0.007735,0.2112,0.0086,0.0,0.0
discard1,"Deal 4, discard 1",4,10000000,21260929,Point total (Tam),"4 points, pair 7, kicker K♣","(1, 4, 1, 7, 13, 1)",6,21,0.00775695,4571,0.007618,0.1991,0.0044,0.0,0.0
discard1,"Deal 4, discard 1",4,10000000,21260929,Point total (Tam),"4 points, pair 7, kicker Q♠","(1, 4, 1, 7, 12, 4)",6,21,0.00775695,4685,0.007808,0.2305,0.0043,0.0,0.0
discard1,"Deal 4, discard 1",4,10000000,21260929,Point total (Tam),"4 points, pair 7, kicker Q♥","(1, 4, 1, 7, 12, 3)",6,21,0.00775695,4736,0.007893,0.2386,0.0021,0.0,0.0
discard1,"Deal 4, discard 1",4,10000000,21260929,Point total (Tam),"4 points, pair 7, kicker Q♦","(1, 4, 1, 7, 12, 2)",6,21,0.00775695,4579,0.007632,0.2424,0.0109,0.0,0.0
discard1,"Deal 4, discard 1",4,10000000,21260929,Point total (Tam),"4 points, pair 7, kicker Q♣","(1, 4, 1, 7, 12, 1)",6,21,0.00775695,4652,0.007753,0.2429,0.0064,0.0,0.0
discard1,"Deal 4, discard 1",4,10000000,21260929,Point total (Tam),"4 points, pair 7, kicker J♠","(1, 4, 1, 7, 11, 4)",6,21,0.00775695,4526,0.007543,0.2342,0.0088,0.0,0.0
discard1,"Deal 4, discard 1",4,10000000,21260929,Point total (Tam),"4 points, pair 7, kicker J♥","(1, 4, 1, 7, 11, 3)",6,21,0.00775695,4632,0.00772,0.2202,0.0022,0.0,0.0
discard1,"Deal 4, discard 1",4,10000000,21260929,Point total (Tam),"4 points, pair 7, kicker J♦","(1, 4, 1, 7, 11, 2)",6,21,0.00775695,4618,0.007697,0.2057,0.0108,0.0,0.0
discard1,"Deal 4, discard 1",4,10000000,21260929,Point total (Tam),"4 points, pair 7, kicker J♣","(1, 4, 1, 7, 11, 1)",6,21,0.00775695,4679,0.007798,0.2244,0.0128,0.0,0.0
discard1,"Deal 4, discard 1",4,10000000,21260929,Point total (Tam),"4 points, pair 7, kicker 10♠","(1, 4, 1, 7, 10, 4)",6,21,0.00775695,4720,0.007867,0.2013,0.0127,0.0,0.0
discard1,"Deal 4, discard 1",4,10000000,21260929,Point total (Tam),"4 points, pair 7, kicker 10♥","(1, 4, 1, 7, 10, 3)",6,21,0.00775695,4602,0.00767,0.189,0.0087,0.0,0.0
discard1,"Deal 4, discard 1",4,10000000,21260929,Point total (Tam),"4 points, pair 7, kicker 10♦","(1, 4, 1, 7, 10, 2)",6,21,0.00775695,4866,0.00811,0.2014,0.0,0.0,0.0
discard1,"Deal 4, discard 1",4,10000000,21260929,Point total (Tam),"4 points, pair 7, kicker 10♣","(1, 4, 1, 7, 10, 1)",6,21,0.00775695,4657,0.007762,0.2126,0.0129,0.0,0.0
discard1,"Deal 4, discard 1",4,10000000,21260929,Point total (Tam),"4 points, pair 6, kicker 2♠","(1, 4, 1, 6, 2, 4)",6,18,0.00664881,3957,0.006595,0.0758,0.0,0.0,0.0
discard1,"Deal 4, discard 1",4,10000000,21260929,Point total (Tam),"4 points, pair 6, kicker 2♥","(1, 4, 1, 6, 2, 3)",6,12,0.00443254,2600,0.004333,0.1346,0.0038,0.0,0.0
discard1,"Deal 4, discard 1",4,10000000,21260929,Point total (Tam),"4 points, pair 6, kicker 2♦","(1, 4, 1, 6, 2, 2)",6,6,0.00221627,1331,0.002218,0.1202,0.015,0.0,0.0
discard1,"Deal 4, discard 1",4,10000000,21260929,Point total (Tam),"4 points, pair 5, kicker 4♠","(1, 4, 1, 5, 4, 4)",6,60,0.02216271,13381,0.022302,0.198,0.0067,0.0015,0.0
discard1,"Deal 4, discard 1",4,10000000,21260929,Point total (Tam),"4 points, pair 5, kicker 4♥","(1, 4, 1, 5, 4, 3)",6,54,0.01994644,11858,0.019763,0.2024,0.0084,0.0,0.0
discard1,"Deal 4, discard 1",4,10000000,21260929,Point total (Tam),"4 points, pair 5, kicker 4♦","(1, 4, 1, 5, 4, 2)",6,48,0.01773017,10614,0.01769,0.1884,0.0047,0.0,0.0
discard1,"Deal 4, discard 1",4,10000000,21260929,Point total (Tam),"4 points, pair 5, kicker 4♣","(1, 4, 1, 5, 4, 1)",6,42,0.0155139,9339,0.015565,0.2109,0.0086,0.0,0.0
discard1,"Deal 4, discard 1",4,10000000,21260929,Point total (Tam),"4 points, pair 4, kicker 6♠","(1, 4, 1, 4, 6, 4)",6,42,0.0155139,9374,0.015623,0.175,0.0043,0.0,0.0
discard1,"Deal 4, discard 1",4,10000000,21260929,Point total (Tam),"4 points, pair 4, kicker 6♥","(1, 4, 1, 4, 6, 3)",6,42,0.0155139,9629,0.016048,0.2067,0.0104,0.0,0.0
discard1,"Deal 4, discard 1",4,10000000,21260929,Point total (Tam),"4 points, pair 4, kicker 6♦","(1, 4, 1, 4, 6, 2)",6,42,0.0155139,9205,0.015342,0.2064,0.0098,0.0,0.0
discard1,"Deal 4, discard 1",4,10000000,21260929,Point total (Tam),"4 points, pair 4, kicker 6♣","(1, 4, 1, 4, 6, 1)",6,42,0.0155139,9348,0.01558,0.1904,0.0064,0.0,0.0
discard1,"Deal 4, discard 1",4,10000000,21260929,Point total (Tam),"4 points, pair 2, kicker K♠","(1, 4, 1, 2, 13, 4)",6,123,0.04543356,27066,0.04511,0.0924,0.0018,0.0,0.0
discard1,"Deal 4, discard 1",4,10000000,21260929,Point total (Tam),"4 points, pair 2, kicker K♥","(1, 4, 1, 2, 13, 3)",6,117,0.04321729,26087,0.043478,0.1062,0.0023,0.0,0.0
discard1,"Deal 4, discard 1",4,10000000,21260929,Point total (Tam),"4 points, pair 2, kicker K♦","(1, 4, 1, 2, 13, 2)",6,111,0.04100102,24575,0.040958,0.1009,0.0024,0.0,0.0
discard1,"Deal 4, discard 1",4,10000000,21260929,Point total (Tam),"4 points, pair 2, kicker K♣","(1, 4, 1, 2, 13, 1)",6,105,0.03878474,23190,0.03865,0.1065,0.003,0.0,0.0
discard1,"Deal 4, discard 1",4,10000000,21260929,Point total (Tam),"4 points, pair 2, kicker Q♠","(1, 4, 1, 2, 12, 4)",6,102,0.03767661,22459,0.037432,0.1082,0.0027,0.0,0.0
discard1,"Deal 4, discard 1",4,10000000,21260929,Point total (Tam),"4 points, pair 2, kicker Q♥","(1, 4, 1, 2, 12, 3)",6,96,0.03546034,21164,0.035273,0.1082,0.0014,0.0,0.0
discard1,"Deal 4, discard 1",4,10000000,21260929,Point total (Tam),"4 points, pair 2, kicker Q♦","(1, 4, 1, 2, 12, 2)",6,90,0.03324407,20187,0.033645,0.1149,0.004,0.0,0.0
discard1,"Deal 4, discard 1",4,10000000,21260929,Point total (Tam),"4 points, pair 2, kicker Q♣","(1, 4, 1, 2, 12, 1)",6,84,0.0310278,18729,0.031215,0.1063,0.0021,0.0,0.0
discard1,"Deal 4, discard 1",4,10000000,21260929,Point total (Tam),"4 points, pair 2, kicker J♠","(1, 4, 1, 2, 11, 4)",6,81,0.02991966,17874,0.02979,0.0962,0.0028,0.0,0.0
discard1,"Deal 4, discard 1",4,10000000,21260929,Point total (Tam),"4 points, pair 2, kicker J♥","(1, 4, 1, 2, 11, 3)",6,75,0.02770339,16655,0.027758,0.1105,0.0036,0.0012,0.0
discard1,"Deal 4, discard 1",4,10000000,21260929,Point total (Tam),"4 points, pair 2, kicker J♦","(1, 4, 1, 2, 11, 2)",6,69,0.02548712,15351,0.025585,0.0905,0.0007,0.0,0.0
discard1,"Deal 4, discard 1",4,10000000,21260929,Point total (Tam),"4 points, pair 2, kicker J♣","(1, 4, 1, 2, 11, 1)",6,63,0.02327085,14055,0.023425,0.0932,0.0014,0.0,0.0
discard1,"Deal 4, discard 1",4,10000000,21260929,Point total (Tam),"4 points, pair 2, kicker 10♠","(1, 4, 1, 2, 10, 4)",6,60,0.02216271,13261,0.022102,0.0845,0.0,0.0,0.0
discard1,"Deal 4, discard 1",4,10000000,21260929,Point total (Tam),"4 points, pair 2, kicker 10♥","(1, 4, 1, 2, 10, 3)",6,54,0.01994644,11947,0.019912,0.0921,0.0008,0.0,0.0
discard1,"Deal 4, discard 1",4,10000000,21260929,Point total (Tam),"4 points, pair 2, kicker 10♦","(1, 4, 1, 2, 10, 2)",6,48,0.01773017,10785,0.017975,0.089,0.0019,0.0,0.0
discard1,"Deal 4, discard 1",4,10000000,21260929,Point total (Tam),"4 points, pair 2, kicker 10♣","(1, 4, 1, 2, 10, 1)",6,42,0.0155139,9287,0.015478,0.1012,0.0022,0.0,0.0
discard1,"Deal 4, discard 1",4,10000000,21260929,Point total (Tam),"4 points, A-K-3, control A♠","(1, 4, 0, 14, 13, 3, 4)",15,174,0.06427186,38647,0.064412,0.0727,0.0008,0.0,0.0
discard1,"Deal 4, discard 1",4,10000000,21260929,Point total (Tam),"4 points, A-K-3, control A♥","(1, 4, 0, 14, 13, 3, 3)",15,174,0.06427186,38459,0.064098,0.0655,0.0005,0.0,0.0
discard1,"Deal 4, discard 1",4,10000000,21260929,Point total (Tam),"4 points, A-K-3, control A♦","(1, 4, 0, 14, 13, 3, 2)",15,174,0.06427186,38798,0.064663,0.0771,0.0023,0.0,0.0
discard1,"Deal 4, discard 1",4,10000000,21260929,Point total (Tam),"4 points, A-K-3, control A♣","(1, 4, 0, 14, 13, 3, 1)",15,174,0.06427186,38747,0.064578,0.0728,0.0015,0.0,0.0
discard1,"Deal 4, discard 1",4,10000000,21260929,Point total (Tam),"4 points, A-Q-3, control A♠","(1, 4, 0, 14, 12, 3, 4)",15,174,0.06427186,38542,0.064237,0.0747,0.0031,0.0,0.0
discard1,"Deal 4, discard 1",4,10000000,21260929,Point total (Tam),"4 points, A-Q-3, control A♥","(1, 4, 0, 14, 12, 3, 3)",15,174,0.06427186,38434,0.064057,0.0593,0.001,0.0,0.0
discard1,"Deal 4, discard 1",4,10000000,21260929,Point total (Tam),"4 points, A-Q-3, control A♦","(1, 4, 0, 14, 12, 3, 2)",15,174,0.06427186,38466,0.06411,0.0593,0.0013,0.0,0.0
discard1,"Deal 4, discard 1",4,10000000,21260929,Point total (Tam),"4 points, A-Q-3, control A♣","(1, 4, 0, 14, 12, 3, 1)",15,174,0.06427186,38462,0.064103,0.0603,0.001,0.0,0.0
discard1,"Deal 4, discard 1",4,10000000,21260929,Point total (Tam),"4 points, A-J-3, control A♠","(1, 4, 0, 14, 11, 3, 4)",15,123,0.04543356,27166,0.045277,0.0615,0.0004,0.0,0.0
discard1,"Deal 4, discard 1",4,10000000,21260929,Point total (Tam),"4 points, A-J-3, control A♥","(1, 4, 0, 14, 11, 3, 3)",15,123,0.04543356,27435,0.045725,0.0649,0.0018,0.0,0.0
discard1,"Deal 4, discard 1",4,10000000,21260929,Point total (Tam),"4 points, A-J-3, control A♦","(1, 4, 0, 14, 11, 3, 2)",15,123,0.04543356,27580,0.045967,0.0555,0.0011,0.0,0.0
discard1,"Deal 4, discard 1",4,10000000,21260929,Point total (Tam),"4 points, A-J-3, control A♣","(1, 4, 0, 14, 11, 3, 1)",15,123,0.04543356,27335,0.045558,0.0618,0.0015,0.0,0.0
discard1,"Deal 4, discard 1",4,10000000,21260929,Point total (Tam),"4 points, A-10-3, control A♠","(1, 4, 0, 14, 10, 3, 4)",15,72,0.02659525,16068,0.02678,0.0479,0.0006,0.0,0.0
discard1,"Deal 4, discard 1",4,10000000,21260929,Point total (Tam),"4 points, A-10-3, control A♥","(1, 4, 0, 14, 10, 3, 3)",15,72,0.02659525,15877,0.026462,0.0523,0.0006,0.0,0.0
discard1,"Deal 4, discard 1",4,10000000,21260929,Point total (Tam),"4 points, A-10-3, control A♦","(1, 4, 0, 14, 10, 3, 2)",15,72,0.02659525,16077,0.026795,0.0504,0.0006,0.0,0.0
discard1,"Deal 4, discard 1",4,10000000,21260929,Point total (Tam),"4 points, A-10-3, control A♣","(1, 4, 0, 14, 10, 3, 1)",15,72,0.02659525,15955,0.026592,0.0426,0.0013,0.0,0.0
discard1,"Deal 4, discard 1",4,10000000,21260929,Point total (Tam),"4 points, K-Q-4, control K♠","(1, 4, 0, 13, 12, 4, 4)",15,51,0.0188383,11408,0.019013,0.0526,0.0,0.0,0.0
discard1,"Deal 4, discard 1",4,10000000,21260929,Point total (Tam),"4 points, K-Q-4, control K♥","(1, 4, 0, 13, 12, 4, 3)",15,51,0.0188383,11320,0.018867,0.0636,0.0027,0.0,0.0
discard1,"Deal 4, discard 1",4,10000000,21260929,Point total (Tam),"4 points, K-Q-4, control K♦","(1, 4, 0, 13, 12, 4, 2)",15,51,0.0188383,11231,0.018718,0.057,0.0018,0.0,0.0
discard1,"Deal 4, discard 1",4,10000000,21260929,Point total (Tam),"4 points, K-Q-4, control K♣","(1, 4, 0, 13, 12, 4, 1)",15,51,0.0188383,11354,0.018923,0.0528,0.0,0.0,0.0
discard1,"Deal 4, discard 1",4,10000000,21260929,Point total (Tam),"4 points, K-J-4, control K♠","(1, 4, 0, 13, 11, 4, 4)",15,51,0.0188383,11176,0.018627,0.0635,0.0009,0.0,0.0
discard1,"Deal 4, discard 1",4,10000000,21260929,Point total (Tam),"4 points, K-J-4, control K♥","(1, 4, 0, 13, 11, 4, 3)",15,51,0.0188383,11210,0.018683,0.0616,0.0009,0.0,0.0
discard1,"Deal 4, discard 1",4,10000000,21260929,Point total (Tam),"4 points, K-J-4, control K♦","(1, 4, 0, 13, 11, 4, 2)",15,51,0.0188383,11291,0.018818,0.0655,0.0009,0.0,0.0
discard1,"Deal 4, discard 1",4,10000000,21260929,Point total (Tam),"4 points, K-J-4, control K♣","(1, 4, 0, 13, 11, 4, 1)",15,51,0.0188383,11485,0.019142,0.067,0.0009,0.0,0.0
discard1,"Deal 4, discard 1",4,10000000,21260929,Point total (Tam),"4 points, K-8-6, control K♠","(1, 4, 0, 13, 8, 6, 4)",15,21,0.00775695,4608,0.00768,0.0651,0.0,0.0,0.0
discard1,"Deal 4, discard 1",4,10000000,21260929,Point total (Tam),"4 points, K-8-6, control K♥","(1, 4, 0, 13, 8, 6, 3)",15,21,0.00775695,4547,0.007578,0.0638,0.0,0.0,0.0
discard1,"Deal 4, discard 1",4,10000000,21260929,Point total (Tam),"4 points, K-8-6, control K♦","(1, 4, 0, 13, 8, 6, 2)",15,21,0.00775695,4698,0.00783,0.0873,0.0043,0.0,0.0
discard1,"Deal 4, discard 1",4,10000000,21260929,Point total (Tam),"4 points, K-8-6, control K♣","(1, 4, 0, 13, 8, 6, 1)",15,21,0.00775695,4661,0.007768,0.0751,0.0021,0.0,0.0
discard1,"Deal 4, discard 1",4,10000000,21260929,Point total (Tam),"4 points, Q-8-6, control Q♠","(1, 4, 0, 12, 8, 6, 4)",15,21,0.00775695,4638,0.00773,0.0798,0.0043,0.0,0.0
discard1,"Deal 4, discard 1",4,10000000,21260929,Point total (Tam),"4 points, Q-8-6, control Q♥","(1, 4, 0, 12, 8, 6, 3)",15,21,0.00775695,4584,0.00764,0.0764,0.0,0.0,0.0
discard1,"Deal 4, discard 1",4,10000000,21260929,Point total (Tam),"4 points, Q-8-6, control Q♦","(1, 4, 0, 12, 8, 6, 2)",15,21,0.00775695,4779,0.007965,0.0879,0.0021,0.0,0.0
discard1,"Deal 4, discard 1",4,10000000,21260929,Point total (Tam),"4 points, Q-8-6, control Q♣","(1, 4, 0, 12, 8, 6, 1)",15,21,0.00775695,4548,0.00758,0.0901,0.0066,0.0,0.0
discard1,"Deal 4, discard 1",4,10000000,21260929,Point total (Tam),"4 points, J-8-6, control J♠","(1, 4, 0, 11, 8, 6, 4)",15,21,0.00775695,4610,0.007683,0.0954,0.0022,0.0,0.0
discard1,"Deal 4, discard 1",4,10000000,21260929,Point total (Tam),"4 points, J-8-6, control J♥","(1, 4, 0, 11, 8, 6, 3)",15,21,0.00775695,4596,0.00766,0.0783,0.0,0.0,0.0
discard1,"Deal 4, discard 1",4,10000000,21260929,Point total (Tam),"4 points, J-8-6, control J♦","(1, 4, 0, 11, 8, 6, 2)",15,21,0.00775695,4579,0.007632,0.0677,0.0,0.0,0.0
discard1,"Deal 4, discard 1",4,10000000,21260929,Point total (Tam),"4 points, J-8-6, control J♣","(1, 4, 0, 11, 8, 6, 1)",15,21,0.00775695,4676,0.007793,0.0706,0.0043,0.0,0.0
discard1,"Deal 4, discard 1",4,10000000,21260929,Point total (Tam),"4 points, 10-8-6, control 10♠","(1, 4, 0, 10, 8, 6, 4)",15,21,0.00775695,4557,0.007595,0.0461,0.0,0.0,0.0
discard1,"Deal 4, discard 1",4,10000000,21260929,Point total (Tam),"4 points, 10-8-6, control 10♥","(1, 4, 0, 10, 8, 6, 3)",15,21,0.00775695,4559,0.007598,0.0592,0.0022,0.0,0.0
discard1,"Deal 4, discard 1",4,10000000,21260929,Point total (Tam),"4 points, 10-8-6, control 10♦","(1, 4, 0, 10, 8, 6, 2)",15,21,0.00775695,4661,0.007768,0.0451,0.0,0.0,0.0
discard1,"Deal 4, discard 1",4,10000000,21260929,Point total (Tam),"4 points, 10-8-6, control 10♣","(1, 4, 0, 10, 8, 6, 1)",15,21,0.00775695,4609,0.007682,0.0499,0.0,0.0,0.0
discard1,"Deal 4, discard 1",4,10000000,21260929,Point total (Tam),"4 points, 9-3-2, control 9♠","(1, 4, 0, 9, 3, 2, 4)",15,42,0.0155139,9277,0.015462,0.0571,0.0,0.0,0.0
discard1,"Deal 4, discard 1",4,10000000,21260929,Point total (Tam),"4 points, 9-3-2, control 9♥","(1, 4, 0, 9, 3, 2, 3)",15,28,0.0103426,6084,0.01014,0.0493,0.0016,0.0,0.0
discard1,"Deal 4, discard 1",4,10000000,21260929,Point total (Tam),"4 points, 9-3-2, control 9♦","(1, 4, 0, 9, 3, 2, 2)",15,14,0.0051713,3144,0.00524,0.0509,0.0,0.0,0.0
discard1,"Deal 4, discard 1",4,10000000,21260929,Point total (Tam),"4 points, 7-4-3, control 7♠","(1, 4, 0, 7, 4, 3, 4)",15,21,0.00775695,4673,0.007788,0.0813,0.0,0.0,0.0
discard1,"Deal 4, discard 1",4,10000000,21260929,Point total (Tam),"4 points, 7-4-3, control 7♥","(1, 4, 0, 7, 4, 3, 3)",15,21,0.00775695,4754,0.007923,0.0568,0.0021,0.0,0.0
discard1,"Deal 4, discard 1",4,10000000,21260929,Point total (Tam),"4 points, 7-4-3, control 7♦","(1, 4, 0, 7, 4, 3, 2)",15,21,0.00775695,4688,0.007813,0.0917,0.0043,0.0,0.0
discard1,"Deal 4, discard 1",4,10000000,21260929,Point total (Tam),"4 points, 7-4-3, control 7♣","(1, 4, 0, 7, 4, 3, 1)",15,21,0.00775695,4596,0.00766,0.0674,0.0,0.0,0.0
discard1,"Deal 4, discard 1",4,10000000,21260929,Point total (Tam),"4 points, 6-5-3, control 6♠","(1, 4, 0, 6, 5, 3, 4)",15,72,0.02659525,15710,0.026183,0.0719,0.0019,0.0,0.0
discard1,"Deal 4, discard 1",4,10000000,21260929,Point total (Tam),"4 points, 6-5-3, control 6♥","(1, 4, 0, 6, 5, 3, 3)",15,72,0.02659525,16172,0.026953,0.0594,0.0019,0.0,0.0
discard1,"Deal 4, discard 1",4,10000000,21260929,Point total (Tam),"4 points, 6-5-3, control 6♦","(1, 4, 0, 6, 5, 3, 2)",15,72,0.02659525,15894,0.02649,0.061,0.0013,0.0,0.0
discard1,"Deal 4, discard 1",4,10000000,21260929,Point total (Tam),"4 points, 6-5-3, control 6♣","(1, 4, 0, 6, 5, 3, 1)",15,72,0.02659525,15791,0.026318,0.0684,0.0006,0.0,0.0
discard1,"Deal 4, discard 1",4,10000000,21260929,Point total (Tam),"3 points, pair K, kicker 3♠","(1, 3, 1, 13, 3, 4)",6,21,0.00775695,4624,0.007707,0.0216,0.0,0.0,0.0
discard1,"Deal 4, discard 1",4,10000000,21260929,Point total (Tam),"3 points, pair K, kicker 3♥","(1, 3, 1, 13, 3, 3)",6,21,0.00775695,4645,0.007742,0.0301,0.0,0.0,0.0
discard1,"Deal 4, discard 1",4,10000000,21260929,Point total (Tam),"3 points, pair K, kicker 3♦","(1, 3, 1, 13, 3, 2)",6,21,0.00775695,4623,0.007705,0.0368,0.0,0.0,0.0
discard1,"Deal 4, discard 1",4,10000000,21260929,Point total (Tam),"3 points, pair K, kicker 3♣","(1, 3, 1, 13, 3, 1)",6,21,0.00775695,4608,0.00768,0.0391,0.0022,0.0,0.0
discard1,"Deal 4, discard 1",4,10000000,21260929,Point total (Tam),"3 points, pair Q, kicker 3♠","(1, 3, 1, 12, 3, 4)",6,21,0.00775695,4694,0.007823,0.0234,0.0,0.0,0.0
discard1,"Deal 4, discard 1",4,10000000,21260929,Point total (Tam),"3 points, pair Q, kicker 3♥","(1, 3, 1, 12, 3, 3)",6,21,0.00775695,4633,0.007722,0.0496,0.0022,0.0,0.0
discard1,"Deal 4, discard 1",4,10000000,21260929,Point total (Tam),"3 points, pair Q, kicker 3♦","(1, 3, 1, 12, 3, 2)",6,21,0.00775695,4775,0.007958,0.044,0.0,0.0,0.0
discard1,"Deal 4, discard 1",4,10000000,21260929,Point total (Tam),"3 points, pair Q, kicker 3♣","(1, 3, 1, 12, 3, 1)",6,21,0.00775695,4713,0.007855,0.053,0.0,0.0,0.0
discard1,"Deal 4, discard 1",4,10000000,21260929,Point total (Tam),"3 points, pair J, kicker 3♠","(1, 3, 1, 11, 3, 4)",6,21,0.00775695,4643,0.007738,0.0388,0.0,0.0,0.0
discard1,"Deal 4, discard 1",4,10000000,21260929,Point total (Tam),"3 points, pair J, kicker 3♥","(1, 3, 1, 11, 3, 3)",6,21,0.00775695,4635,0.007725,0.0216,0.0,0.0,0.0
discard1,"Deal 4, discard 1",4,10000000,21260929,Point total (Tam),"3 points, pair J, kicker 3♦","(1, 3, 1, 11, 3, 2)",6,21,0.00775695,4617,0.007695,0.0217,0.0,0.0,0.0
discard1,"Deal 4, discard 1",4,10000000,21260929,Point total (Tam),"3 points, pair J, kicker 3♣","(1, 3, 1, 11, 3, 1)",6,21,0.00775695,4563,0.007605,0.0351,0.0022,0.0,0.0
discard1,"Deal 4, discard 1",4,10000000,21260929,Point total (Tam),"3 points, pair 10, kicker 3♠","(1, 3, 1, 10, 3, 4)",6,63,0.02327085,14026,0.023377,0.0278,0.0,0.0,0.0
discard1,"Deal 4, discard 1",4,10000000,21260929,Point total (Tam),"3 points, pair 10, kicker 3♥","(1, 3, 1, 10, 3, 3)",6,63,0.02327085,14074,0.023457,0.0263,0.0,0.0,0.0
discard1,"Deal 4, discard 1",4,10000000,21260929,Point total (Tam),"3 points, pair 10, kicker 3♦","(1, 3, 1, 10, 3, 2)",6,63,0.02327085,13973,0.023288,0.0272,0.0021,0.0,0.0
discard1,"Deal 4, discard 1",4,10000000,21260929,Point total (Tam),"3 points, pair 10, kicker 3♣","(1, 3, 1, 10, 3, 1)",6,63,0.02327085,13897,0.023162,0.0223,0.0,0.0,0.0
discard1,"Deal 4, discard 1",4,10000000,21260929,Point total (Tam),"3 points, pair 8, kicker 7♠","(1, 3, 1, 8, 7, 4)",6,39,0.01440576,8726,0.014543,0.0802,0.0011,0.0,0.0
discard1,"Deal 4, discard 1",4,10000000,21260929,Point total (Tam),"3 points, pair 8, kicker 7♥","(1, 3, 1, 8, 7, 3)",6,33,0.01218949,7220,0.012033,0.0526,0.0,0.0,0.0
discard1,"Deal 4, discard 1",4,10000000,21260929,Point total (Tam),"3 points, pair 8, kicker 7♦","(1, 3, 1, 8, 7, 2)",6,27,0.00997322,5987,0.009978,0.0702,0.0,0.0,0.0
discard1,"Deal 4, discard 1",4,10000000,21260929,Point total (Tam),"3 points, pair 8, kicker 7♣","(1, 3, 1, 8, 7, 1)",6,21,0.00775695,4626,0.00771,0.0713,0.0022,0.0,0.0
discard1,"Deal 4, discard 1",4,10000000,21260929,Point total (Tam),"3 points, pair 7, kicker 9♠","(1, 3, 1, 7, 9, 4)",6,21,0.00775695,4702,0.007837,0.0787,0.0021,0.0,0.0
discard1,"Deal 4, discard 1",4,10000000,21260929,Point total (Tam),"3 points, pair 7, kicker 9♥","(1, 3, 1, 7, 9, 3)",6,21,0.00775695,4654,0.007757,0.0817,0.0043,0.0,0.0
discard1,"Deal 4, discard 1",4,10000000,21260929,Point total (Tam),"3 points, pair 7, kicker 9♦","(1, 3, 1, 7, 9, 2)",6,21,0.00775695,4647,0.007745,0.0581,0.0022,0.0,0.0
discard1,"Deal 4, discard 1",4,10000000,21260929,Point total (Tam),"3 points, pair 7, kicker 9♣","(1, 3, 1, 7, 9, 1)",6,21,0.00775695,4489,0.007482,0.0624,0.0,0.0,0.0
discard1,"Deal 4, discard 1",4,10000000,21260929,Point total (Tam),"3 points, pair 5, kicker 3♠","(1, 3, 1, 5, 3, 4)",6,39,0.01440576,8604,0.01434,0.0407,0.0012,0.0,0.0
discard1,"Deal 4, discard 1",4,10000000,21260929,Point total (Tam),"3 points, pair 5, kicker 3♥","(1, 3, 1, 5, 3, 3)",6,33,0.01218949,7289,0.012148,0.0466,0.0,0.0,0.0
discard1,"Deal 4, discard 1",4,10000000,21260929,Point total (Tam),"3 points, pair 5, kicker 3♦","(1, 3, 1, 5, 3, 2)",6,27,0.00997322,6022,0.010037,0.0515,0.0017,0.0,0.0
discard1,"Deal 4, discard 1",4,10000000,21260929,Point total (Tam),"3 points, pair 5, kicker 3♣","(1, 3, 1, 5, 3, 1)",6,21,0.00775695,4763,0.007938,0.0336,0.0,0.0,0.0
discard1,"Deal 4, discard 1",4,10000000,21260929,Point total (Tam),"3 points, pair 4, kicker 5♠","(1, 3, 1, 4, 5, 4)",6,21,0.00775695,4646,0.007743,0.0366,0.0022,0.0,0.0
discard1,"Deal 4, discard 1",4,10000000,21260929,Point total (Tam),"3 points, pair 4, kicker 5♥","(1, 3, 1, 4, 5, 3)",6,21,0.00775695,4676,0.007793,0.047,0.0,0.0,0.0
discard1,"Deal 4, discard 1",4,10000000,21260929,Point total (Tam),"3 points, pair 4, kicker 5♦","(1, 3, 1, 4, 5, 2)",6,21,0.00775695,4734,0.00789,0.0422,0.0,0.0,0.0
discard1,"Deal 4, discard 1",4,10000000,21260929,Point total (Tam),"3 points, pair 4, kicker 5♣","(1, 3, 1, 4, 5, 1)",6,21,0.00775695,4529,0.007548,0.0309,0.0,0.0,0.0
discard1,"Deal 4, discard 1",4,10000000,21260929,Point total (Tam),"3 points, pair 2, kicker 9♠","(1, 3, 1, 2, 9, 4)",6,18,0.00664881,3917,0.006528,0.0306,0.0,0.0,0.0
discard1,"Deal 4, discard 1",4,10000000,21260929,Point total (Tam),"3 points, pair 2, kicker 9♥","(1, 3, 1, 2, 9, 3)",6,12,0.00443254,2694,0.00449,0.0334,0.0037,0.0,0.0
discard1,"Deal 4, discard 1",4,10000000,21260929,Point total (Tam),"3 points, pair 2, kicker 9♦","(1, 3, 1, 2, 9, 2)",6,6,0.00221627,1314,0.00219,0.0076,0.0,0.0,0.0
discard1,"Deal 4, discard 1",4,10000000,21260929,Point total (Tam),"3 points, A-K-2, control A♠","(1, 3, 0, 14, 13, 2, 4)",15,174,0.06427186,38557,0.064262,0.0169,0.0,0.0,0.0
discard1,"Deal 4, discard 1",4,10000000,21260929,Point total (Tam),"3 points, A-K-2, control A♥","(1, 3, 0, 14, 13, 2, 3)",15,174,0.06427186,38223,0.063705,0.0133,0.0,0.0,0.0
discard1,"Deal 4, discard 1",4,10000000,21260929,Point total (Tam),"3 points, A-K-2, control A♦","(1, 3, 0, 14, 13, 2, 2)",15,174,0.06427186,38621,0.064368,0.014,0.0003,0.0,0.0
discard1,"Deal 4, discard 1",4,10000000,21260929,Point total (Tam),"3 points, A-K-2, control A♣","(1, 3, 0, 14, 13, 2, 1)",15,174,0.06427186,38786,0.064643,0.0142,0.0003,0.0,0.0
discard1,"Deal 4, discard 1",4,10000000,21260929,Point total (Tam),"3 points, A-Q-2, control A♠","(1, 3, 0, 14, 12, 2, 4)",15,174,0.06427186,38519,0.064198,0.0151,0.0003,0.0,0.0
discard1,"Deal 4, discard 1",4,10000000,21260929,Point total (Tam),"3 points, A-Q-2, control A♥","(1, 3, 0, 14, 12, 2, 3)",15,174,0.06427186,38520,0.0642,0.0112,0.0,0.0,0.0
discard1,"Deal 4, discard 1",4,10000000,21260929,Point total (Tam),"3 points, A-Q-2, control A♦","(1, 3, 0, 14, 12, 2, 2)",15,174,0.06427186,38665,0.064442,0.0145,0.0,0.0,0.0
discard1,"Deal 4, discard 1",4,10000000,21260929,Point total (Tam),"3 points, A-Q-2, control A♣","(1, 3, 0, 14, 12, 2, 1)",15,174,0.06427186,38453,0.064088,0.0083,0.0003,0.0,0.0
discard1,"Deal 4, discard 1",4,10000000,21260929,Point total (Tam),"3 points, A-J-2, control A♠","(1, 3, 0, 14, 11, 2, 4)",15,123,0.04543356,27519,0.045865,0.0098,0.0,0.0,0.0
discard1,"Deal 4, discard 1",4,10000000,21260929,Point total (Tam),"3 points, A-J-2, control A♥","(1, 3, 0, 14, 11, 2, 3)",15,123,0.04543356,27147,0.045245,0.0099,0.0,0.0,0.0
discard1,"Deal 4, discard 1",4,10000000,21260929,Point total (Tam),"3 points, A-J-2, control A♦","(1, 3, 0, 14, 11, 2, 2)",15,123,0.04543356,27332,0.045553,0.0088,0.0,0.0,0.0
discard1,"Deal 4, discard 1",4,10000000,21260929,Point total (Tam),"3 points, A-J-2, control A♣","(1, 3, 0, 14, 11, 2, 1)",15,123,0.04543356,27349,0.045582,0.008,0.0,0.0,0.0
discard1,"Deal 4, discard 1",4,10000000,21260929,Point total (Tam),"3 points, A-10-2, control A♠","(1, 3, 0, 14, 10, 2, 4)",15,72,0.02659525,15954,0.02659,0.005,0.0,0.0,0.0
discard1,"Deal 4, discard 1",4,10000000,21260929,Point total (Tam),"3 points, A-10-2, control A♥","(1, 3, 0, 14, 10, 2, 3)",15,72,0.02659525,15889,0.026482,0.0063,0.0,0.0,0.0
discard1,"Deal 4, discard 1",4,10000000,21260929,Point total (Tam),"3 points, A-10-2, control A♦","(1, 3, 0, 14, 10, 2, 2)",15,72,0.02659525,16011,0.026685,0.0044,0.0,0.0,0.0
discard1,"Deal 4, discard 1",4,10000000,21260929,Point total (Tam),"3 points, A-10-2, control A♣","(1, 3, 0, 14, 10, 2, 1)",15,72,0.02659525,15965,0.026608,0.0088,0.0,0.0,0.0
discard1,"Deal 4, discard 1",4,10000000,21260929,Point total (Tam),"3 points, K-Q-3, control K♠","(1, 3, 0, 13, 12, 3, 4)",15,51,0.0188383,11188,0.018647,0.0063,0.0,0.0,0.0
discard1,"Deal 4, discard 1",4,10000000,21260929,Point total (Tam),"3 points, K-Q-3, control K♥","(1, 3, 0, 13, 12, 3, 3)",15,51,0.0188383,11292,0.01882,0.008,0.0,0.0,0.0
discard1,"Deal 4, discard 1",4,10000000,21260929,Point total (Tam),"3 points, K-Q-3, control K♦","(1, 3, 0, 13, 12, 3, 2)",15,51,0.0188383,11228,0.018713,0.0089,0.0,0.0,0.0
discard1,"Deal 4, discard 1",4,10000000,21260929,Point total (Tam),"3 points, K-Q-3, control K♣","(1, 3, 0, 13, 12, 3, 1)",15,51,0.0188383,11412,0.01902,0.0044,0.0,0.0,0.0
discard1,"Deal 4, discard 1",4,10000000,21260929,Point total (Tam),"3 points, K-J-3, control K♠","(1, 3, 0, 13, 11, 3, 4)",15,51,0.0188383,11411,0.019018,0.0061,0.0,0.0,0.0
discard1,"Deal 4, discard 1",4,10000000,21260929,Point total (Tam),"3 points, K-J-3, control K♥","(1, 3, 0, 13, 11, 3, 3)",15,51,0.0188383,11176,0.018627,0.0098,0.0,0.0,0.0
discard1,"Deal 4, discard 1",4,10000000,21260929,Point total (Tam),"3 points, K-J-3, control K♦","(1, 3, 0, 13, 11, 3, 2)",15,51,0.0188383,11441,0.019068,0.0052,0.0,0.0,0.0
discard1,"Deal 4, discard 1",4,10000000,21260929,Point total (Tam),"3 points, K-J-3, control K♣","(1, 3, 0, 13, 11, 3, 1)",15,51,0.0188383,11421,0.019035,0.0053,0.0,0.0,0.0
discard1,"Deal 4, discard 1",4,10000000,21260929,Point total (Tam),"3 points, 9-8-6, control 9♠","(1, 3, 0, 9, 8, 6, 4)",15,21,0.00775695,4578,0.00763,0.0109,0.0,0.0,0.0
discard1,"Deal 4, discard 1",4,10000000,21260929,Point total (Tam),"3 points, 9-8-6, control 9♥","(1, 3, 0, 9, 8, 6, 3)",15,21,0.00775695,4678,0.007797,0.0107,0.0,0.0,0.0
discard1,"Deal 4, discard 1",4,10000000,21260929,Point total (Tam),"3 points, 9-8-6, control 9♦","(1, 3, 0, 9, 8, 6, 2)",15,21,0.00775695,4581,0.007635,0.0196,0.0,0.0,0.0
discard1,"Deal 4, discard 1",4,10000000,21260929,Point total (Tam),"3 points, 9-8-6, control 9♣","(1, 3, 0, 9, 8, 6, 1)",15,21,0.00775695,4525,0.007542,0.0177,0.0,0.0,0.0
discard1,"Deal 4, discard 1",4,10000000,21260929,Point total (Tam),"3 points, 6-4-3, control 6♠","(1, 3, 0, 6, 4, 3, 4)",15,21,0.00775695,4626,0.00771,0.0043,0.0,0.0,0.0
discard1,"Deal 4, discard 1",4,10000000,21260929,Point total (Tam),"3 points, 6-4-3, control 6♥","(1, 3, 0, 6, 4, 3, 3)",15,21,0.00775695,4628,0.007713,0.0194,0.0,0.0,0.0
discard1,"Deal 4, discard 1",4,10000000,21260929,Point total (Tam),"3 points, 6-4-3, control 6♦","(1, 3, 0, 6, 4, 3, 2)",15,21,0.00775695,4566,0.00761,0.0197,0.0,0.0,0.0
discard1,"Deal 4, discard 1",4,10000000,21260929,Point total (Tam),"3 points, 6-4-3, control 6♣","(1, 3, 0, 6, 4, 3, 1)",15,21,0.00775695,4603,0.007672,0.013,0.0,0.0,0.0
discard1,"Deal 4, discard 1",4,10000000,21260929,Point total (Tam),"2 points, pair A, kicker K♠","(1, 2, 1, 14, 13, 4)",6,81,0.02991966,17855,0.029758,0.0022,0.0,0.0,0.0
discard1,"Deal 4, discard 1",4,10000000,21260929,Point total (Tam),"2 points, pair A, kicker K♥","(1, 2, 1, 14, 13, 3)",6,75,0.02770339,16526,0.027543,0.003,0.0,0.0,0.0
discard1,"Deal 4, discard 1",4,10000000,21260929,Point total (Tam),"2 points, pair A, kicker K♦","(1, 2, 1, 14, 13, 2)",6,69,0.02548712,15276,0.02546,0.0026,0.0,0.0,0.0
discard1,"Deal 4, discard 1",4,10000000,21260929,Point total (Tam),"2 points, pair A, kicker K♣","(1, 2, 1, 14, 13, 1)",6,63,0.02327085,13825,0.023042,0.0036,0.0,0.0,0.0
discard1,"Deal 4, discard 1",4,10000000,21260929,Point total (Tam),"2 points, pair A, kicker Q♠","(1, 2, 1, 14, 12, 4)",6,81,0.02991966,17827,0.029712,0.0017,0.0,0.0,0.0
discard1,"Deal 4, discard 1",4,10000000,21260929,Point total (Tam),"2 points, pair A, kicker Q♥","(1, 2, 1, 14, 12, 3)",6,75,0.02770339,16612,0.027687,0.0024,0.0,0.0,0.0
discard1,"Deal 4, discard 1",4,10000000,21260929,Point total (Tam),"2 points, pair A, kicker Q♦","(1, 2, 1, 14, 12, 2)",6,69,0.02548712,15227,0.025378,0.0013,0.0,0.0,0.0
discard1,"Deal 4, discard 1",4,10000000,21260929,Point total (Tam),"2 points, pair A, kicker Q♣","(1, 2, 1, 14, 12, 1)",6,63,0.02327085,13992,0.02332,0.0021,0.0,0.0,0.0
discard1,"Deal 4, discard 1",4,10000000,21260929,Point total (Tam),"2 points, pair A, kicker J♠","(1, 2, 1, 14, 11, 4)",6,60,0.02216271,13285,0.022142,0.0,0.0,0.0,0.0
discard1,"Deal 4, discard 1",4,10000000,21260929,Point total (Tam),"2 points, pair A, kicker J♥","(1, 2, 1, 14, 11, 3)",6,54,0.01994644,12044,0.020073,0.0033,0.0,0.0,0.0
discard1,"Deal 4, discard 1",4,10000000,21260929,Point total (Tam),"2 points, pair A, kicker J♦","(1, 2, 1, 14, 11, 2)",6,48,0.01773017,10621,0.017702,0.0009,0.0,0.0,0.0
discard1,"Deal 4, discard 1",4,10000000,21260929,Point total (Tam),"2 points, pair A, kicker J♣","(1, 2, 1, 14, 11, 1)",6,42,0.0155139,9308,0.015513,0.0,0.0,0.0,0.0
discard1,"Deal 4, discard 1",4,10000000,21260929,Point total (Tam),"2 points, pair A, kicker 10♠","(1, 2, 1, 14, 10, 4)",6,39,0.01440576,8565,0.014275,0.0047,0.0,0.0,0.0
discard1,"Deal 4, discard 1",4,10000000,21260929,Point total (Tam),"2 points, pair A, kicker 10♥","(1, 2, 1, 14, 10, 3)",6,33,0.01218949,7235,0.012058,0.0,0.0,0.0,0.0
discard1,"Deal 4, discard 1",4,10000000,21260929,Point total (Tam),"2 points, pair A, kicker 10♦","(1, 2, 1, 14, 10, 2)",6,27,0.00997322,5971,0.009952,0.0033,0.0,0.0,0.0
discard1,"Deal 4, discard 1",4,10000000,21260929,Point total (Tam),"2 points, pair A, kicker 10♣","(1, 2, 1, 14, 10, 1)",6,21,0.00775695,4642,0.007737,0.0022,0.0,0.0,0.0
discard1,"Deal 4, discard 1",4,10000000,21260929,Point total (Tam),"2 points, pair K, kicker 2♠","(1, 2, 1, 13, 2, 4)",6,21,0.00775695,4430,0.007383,0.0,0.0,0.0,0.0
discard1,"Deal 4, discard 1",4,10000000,21260929,Point total (Tam),"2 points, pair K, kicker 2♥","(1, 2, 1, 13, 2, 3)",6,21,0.00775695,4735,0.007892,0.0,0.0,0.0,0.0
discard1,"Deal 4, discard 1",4,10000000,21260929,Point total (Tam),"2 points, pair K, kicker 2♦","(1, 2, 1, 13, 2, 2)",6,21,0.00775695,4736,0.007893,0.0,0.0,0.0,0.0
discard1,"Deal 4, discard 1",4,10000000,21260929,Point total (Tam),"2 points, pair K, kicker 2♣","(1, 2, 1, 13, 2, 1)",6,21,0.00775695,4642,0.007737,0.0022,0.0,0.0,0.0
discard1,"Deal 4, discard 1",4,10000000,21260929,Point total (Tam),"2 points, pair Q, kicker 2♠","(1, 2, 1, 12, 2, 4)",6,21,0.00775695,4591,0.007652,0.0044,0.0,0.0,0.0
discard1,"Deal 4, discard 1",4,10000000,21260929,Point total (Tam),"2 points, pair Q, kicker 2♥","(1, 2, 1, 12, 2, 3)",6,21,0.00775695,4635,0.007725,0.0,0.0,0.0,0.0
discard1,"Deal 4, discard 1",4,10000000,21260929,Point total (Tam),"2 points, pair Q, kicker 2♦","(1, 2, 1, 12, 2, 2)",6,21,0.00775695,4662,0.00777,0.0,0.0,0.0,0.0
discard1,"Deal 4, discard 1",4,10000000,21260929,Point total (Tam),"2 points, pair Q, kicker 2♣","(1, 2, 1, 12, 2, 1)",6,21,0.00775695,4561,0.007602,0.0022,0.0,0.0,0.0
discard1,"Deal 4, discard 1",4,10000000,21260929,Point total (Tam),"2 points, pair J, kicker 2♠","(1, 2, 1, 11, 2, 4)",6,21,0.00775695,4599,0.007665,0.0022,0.0,0.0,0.0
discard1,"Deal 4, discard 1",4,10000000,21260929,Point total (Tam),"2 points, pair J, kicker 2♥","(1, 2, 1, 11, 2, 3)",6,21,0.00775695,4656,0.00776,0.0021,0.0,0.0,0.0
discard1,"Deal 4, discard 1",4,10000000,21260929,Point total (Tam),"2 points, pair J, kicker 2♦","(1, 2, 1, 11, 2, 2)",6,21,0.00775695,4708,0.007847,0.0,0.0,0.0,0.0
discard1,"Deal 4, discard 1",4,10000000,21260929,Point total (Tam),"2 points, pair J, kicker 2♣","(1, 2, 1, 11, 2, 1)",6,21,0.00775695,4650,0.00775,0.0,0.0,0.0,0.0
discard1,"Deal 4, discard 1",4,10000000,21260929,Point total (Tam),"2 points, pair 10, kicker 2♠","(1, 2, 1, 10, 2, 4)",6,63,0.02327085,13723,0.022872,0.0007,0.0,0.0,0.0
discard1,"Deal 4, discard 1",4,10000000,21260929,Point total (Tam),"2 points, pair 10, kicker 2♥","(1, 2, 1, 10, 2, 3)",6,63,0.02327085,13948,0.023247,0.0007,0.0,0.0,0.0
discard1,"Deal 4, discard 1",4,10000000,21260929,Point total (Tam),"2 points, pair 10, kicker 2♦","(1, 2, 1, 10, 2, 2)",6,63,0.02327085,13880,0.023133,0.0,0.0,0.0,0.0
discard1,"Deal 4, discard 1",4,10000000,21260929,Point total (Tam),"2 points, pair 10, kicker 2♣","(1, 2, 1, 10, 2, 1)",6,63,0.02327085,13899,0.023165,0.0,0.0,0.0,0.0
discard1,"Deal 4, discard 1",4,10000000,21260929,Point total (Tam),"2 points, pair 8, kicker 6♠","(1, 2, 1, 8, 6, 4)",6,18,0.00664881,3934,0.006557,0.0051,0.0,0.0,0.0
discard1,"Deal 4, discard 1",4,10000000,21260929,Point total (Tam),"2 points, pair 8, kicker 6♥","(1, 2, 1, 8, 6, 3)",6,12,0.00443254,2590,0.004317,0.0039,0.0,0.0,0.0
discard1,"Deal 4, discard 1",4,10000000,21260929,Point total (Tam),"2 points, pair 8, kicker 6♦","(1, 2, 1, 8, 6, 2)",6,6,0.00221627,1276,0.002127,0.0,0.0,0.0,0.0
discard1,"Deal 4, discard 1",4,10000000,21260929,Point total (Tam),"2 points, K-Q-2, control K♠","(1, 2, 0, 13, 12, 2, 4)",15,51,0.0188383,11472,0.01912,0.0017,0.0,0.0,0.0
discard1,"Deal 4, discard 1",4,10000000,21260929,Point total (Tam),"2 points, K-Q-2, control K♥","(1, 2, 0, 13, 12, 2, 3)",15,51,0.0188383,11354,0.018923,0.0009,0.0,0.0,0.0
discard1,"Deal 4, discard 1",4,10000000,21260929,Point total (Tam),"2 points, K-Q-2, control K♦","(1, 2, 0, 13, 12, 2, 2)",15,51,0.0188383,11131,0.018552,0.0009,0.0,0.0,0.0
discard1,"Deal 4, discard 1",4,10000000,21260929,Point total (Tam),"2 points, K-Q-2, control K♣","(1, 2, 0, 13, 12, 2, 1)",15,51,0.0188383,11532,0.01922,0.0017,0.0,0.0,0.0
discard1,"Deal 4, discard 1",4,10000000,21260929,Point total (Tam),"2 points, K-J-2, control K♠","(1, 2, 0, 13, 11, 2, 4)",15,51,0.0188383,11330,0.018883,0.0,0.0,0.0,0.0
discard1,"Deal 4, discard 1",4,10000000,21260929,Point total (Tam),"2 points, K-J-2, control K♥","(1, 2, 0, 13, 11, 2, 3)",15,51,0.0188383,11412,0.01902,0.0,0.0,0.0,0.0
discard1,"Deal 4, discard 1",4,10000000,21260929,Point total (Tam),"2 points, K-J-2, control K♦","(1, 2, 0, 13, 11, 2, 2)",15,51,0.0188383,11379,0.018965,0.0,0.0,0.0,0.0
discard1,"Deal 4, discard 1",4,10000000,21260929,Point total (Tam),"2 points, K-J-2, control K♣","(1, 2, 0, 13, 11, 2, 1)",15,51,0.0188383,11301,0.018835,0.0,0.0,0.0,0.0
discard1,"Deal 4, discard 1",4,10000000,21260929,Point total (Tam),"1 points, pair K, kicker A♠","(1, 1, 1, 13, 14, 4)",6,21,0.00775695,4580,0.007633,0.0,0.0,0.0,0.0
discard1,"Deal 4, discard 1",4,10000000,21260929,Point total (Tam),"1 points, pair K, kicker A♥","(1, 1, 1, 13, 14, 3)",6,21,0.00775695,4623,0.007705,0.0,0.0,0.0,0.0
discard1,"Deal 4, discard 1",4,10000000,21260929,Point total (Tam),"1 points, pair K, kicker A♦","(1, 1, 1, 13, 14, 2)",6,21,0.00775695,4812,0.00802,0.0,0.0,0.0,0.0
discard1,"Deal 4, discard 1",4,10000000,21260929,Point total (Tam),"1 points, pair K, kicker A♣","(1, 1, 1, 13, 14, 1)",6,21,0.00775695,4609,0.007682,0.0,0.0,0.0,0.0
discard1,"Deal 4, discard 1",4,10000000,21260929,Point total (Tam),"1 points, pair Q, kicker A♠","(1, 1, 1, 12, 14, 4)",6,21,0.00775695,4678,0.007797,0.0,0.0,0.0,0.0
discard1,"Deal 4, discard 1",4,10000000,21260929,Point total (Tam),"1 points, pair Q, kicker A♥","(1, 1, 1, 12, 14, 3)",6,21,0.00775695,4629,0.007715,0.0,0.0,0.0,0.0
discard1,"Deal 4, discard 1",4,10000000,21260929,Point total (Tam),"1 points, pair Q, kicker A♦","(1, 1, 1, 12, 14, 2)",6,21,0.00775695,4668,0.00778,0.0,0.0,0.0,0.0
discard1,"Deal 4, discard 1",4,10000000,21260929,Point total (Tam),"1 points, pair Q, kicker A♣","(1, 1, 1, 12, 14, 1)",6,21,0.00775695,4813,0.008022,0.0,0.0,0.0,0.0
discard1,"Deal 4, discard 1",4,10000000,21260929,Point total (Tam),"1 points, pair J, kicker A♠","(1, 1, 1, 11, 14, 4)",6,21,0.00775695,4710,0.00785,0.0,0.0,0.0,0.0
discard1,"Deal 4, discard 1",4,10000000,21260929,Point total (Tam),"1 points, pair J, kicker A♥","(1, 1, 1, 11, 14, 3)",6,21,0.00775695,4655,0.007758,0.0,0.0,0.0,0.0
discard1,"Deal 4, discard 1",4,10000000,21260929,Point total (Tam),"1 points, pair J, kicker A♦","(1, 1, 1, 11, 14, 2)",6,21,0.00775695,4644,0.00774,0.0,0.0,0.0,0.0
discard1,"Deal 4, discard 1",4,10000000,21260929,Point total (Tam),"1 points, pair J, kicker A♣","(1, 1, 1, 11, 14, 1)",6,21,0.00775695,4737,0.007895,0.0,0.0,0.0,0.0
discard1,"Deal 4, discard 1",4,10000000,21260929,Point total (Tam),"1 points, pair 10, kicker A♠","(1, 1, 1, 10, 14, 4)",6,63,0.02327085,13885,0.023142,0.0,0.0,0.0,0.0
discard1,"Deal 4, discard 1",4,10000000,21260929,Point total (Tam),"1 points, pair 10, kicker A♥","(1, 1, 1, 10, 14, 3)",6,63,0.02327085,14013,0.023355,0.0,0.0,0.0,0.0
discard1,"Deal 4, discard 1",4,10000000,21260929,Point total (Tam),"1 points, pair 10, kicker A♦","(1, 1, 1, 10, 14, 2)",6,63,0.02327085,13896,0.02316,0.0,0.0,0.0,0.0
discard1,"Deal 4, discard 1",4,10000000,21260929,Point total (Tam),"1 points, pair 10, kicker A♣","(1, 1, 1, 10, 14, 1)",6,63,0.02327085,13932,0.02322,0.0,0.0,0.0,0.0
discard1,"Deal 4, discard 1",4,10000000,21260929,Point total (Tam),"1 points, pair 4, kicker 3♠","(1, 1, 1, 4, 3, 4)",6,18,0.00664881,3912,0.00652,0.0,0.0,0.0,0.0
discard1,"Deal 4, discard 1",4,10000000,21260929,Point total (Tam),"1 points, pair 4, kicker 3♥","(1, 1, 1, 4, 3, 3)",6,12,0.00443254,2650,0.004417,0.0,0.0,0.0,0.0
discard1,"Deal 4, discard 1",4,10000000,21260929,Point total (Tam),"1 points, pair 4, kicker 3♦","(1, 1, 1, 4, 3, 2)",6,6,0.00221627,1292,0.002153,0.0,0.0,0.0,0.0
discard1,"Deal 4, discard 1",4,10000000,21260929,Point total (Tam),"1 points, A-K-J, control A♠","(1, 1, 0, 14, 13, 11, 4)",15,51,0.0188383,11424,0.01904,0.0,0.0,0.0,0.0
discard1,"Deal 4, discard 1",4,10000000,21260929,Point total (Tam),"1 points, A-K-J, control A♥","(1, 1, 0, 14, 13, 11, 3)",15,51,0.0188383,11246,0.018743,0.0,0.0,0.0,0.0
discard1,"Deal 4, discard 1",4,10000000,21260929,Point total (Tam),"1 points, A-K-J, control A♦","(1, 1, 0, 14, 13, 11, 2)",15,51,0.0188383,11345,0.018908,0.0,0.0,0.0,0.0
discard1,"Deal 4, discard 1",4,10000000,21260929,Point total (Tam),"1 points, A-K-J, control A♣","(1, 1, 0, 14, 13, 11, 1)",15,51,0.0188383,11205,0.018675,0.0,0.0,0.0,0.0
discard1,"Deal 4, discard 1",4,10000000,21260929,Point total (Tam),"0 points, pair K, kicker 10♠","(1, 0, 1, 13, 10, 4)",6,18,0.00664881,4028,0.006713,0.0,0.0,0.0,0.0
discard1,"Deal 4, discard 1",4,10000000,21260929,Point total (Tam),"0 points, pair K, kicker 10♥","(1, 0, 1, 13, 10, 3)",6,12,0.00443254,2772,0.00462,0.0,0.0,0.0,0.0
discard1,"Deal 4, discard 1",4,10000000,21260929,Point total (Tam),"0 points, pair K, kicker 10♦","(1, 0, 1, 13, 10, 2)",6,6,0.00221627,1272,0.00212,0.0,0.0,0.0,0.0
discard1,"Deal 4, discard 1",4,10000000,21260929,Point total (Tam),"0 points, pair Q, kicker 10♠","(1, 0, 1, 12, 10, 4)",6,18,0.00664881,3946,0.006577,0.0,0.0,0.0,0.0
discard1,"Deal 4, discard 1",4,10000000,21260929,Point total (Tam),"0 points, pair Q, kicker 10♥","(1, 0, 1, 12, 10, 3)",6,12,0.00443254,2597,0.004328,0.0,0.0,0.0,0.0
discard1,"Deal 4, discard 1",4,10000000,21260929,Point total (Tam),"0 points, pair Q, kicker 10♦","(1, 0, 1, 12, 10, 2)",6,6,0.00221627,1345,0.002242,0.0,0.0,0.0,0.0
discard1,"Deal 4, discard 1",4,10000000,21260929,Point total (Tam),"0 points, pair J, kicker 10♠","(1, 0, 1, 11, 10, 4)",6,18,0.00664881,4050,0.00675,0.0,0.0,0.0,0.0
discard1,"Deal 4, discard 1",4,10000000,21260929,Point total (Tam),"0 points, pair J, kicker 10♥","(1, 0, 1, 11, 10, 3)",6,12,0.00443254,2749,0.004582,0.0,0.0,0.0,0.0
discard1,"Deal 4, discard 1",4,10000000,21260929,Point total (Tam),"0 points, pair J, kicker 10♦","(1, 0, 1, 11, 10, 2)",6,6,0.00221627,1330,0.002217,0.0,0.0,0.0,0.0
discard1,"Deal 4, discard 1",4,10000000,21260929,Point total (Tam),"0 points, pair 10, kicker K♠","(1, 0, 1, 10, 13, 4)",6,42,0.0155139,9269,0.015448,0.0,0.0,0.0,0.0
discard1,"Deal 4, discard 1",4,10000000,21260929,Point total (Tam),"0 points, pair 10, kicker K♥","(1, 0, 1, 10, 13, 3)",6,42,0.0155139,9302,0.015503,0.0,0.0,0.0,0.0
discard1,"Deal 4, discard 1",4,10000000,21260929,Point total (Tam),"0 points, pair 10, kicker K♦","(1, 0, 1, 10, 13, 2)",6,42,0.0155139,9175,0.015292,0.0,0.0,0.0,0.0
discard1,"Deal 4, discard 1",4,10000000,21260929,Point total (Tam),"0 points, pair 10, kicker K♣","(1, 0, 1, 10, 13, 1)",6,42,0.0155139,9305,0.015508,0.0,0.0,0.0,0.0
