variant,variant_name,cards_dealt_per_player,rounds,seed,category,hand,strength_key,physical_3card_hands,dealt_hands_ending_at_strength,exact_final_hand_frequency_pct,observed_final_hands,simulated_final_hand_frequency_pct,win_3_players_pct,win_4_players_pct,win_5_players_pct,win_6_players_pct
discard3,"Deal 6, discard 3",6,10000000,23260935,Tong (three of a kind),Tong A-A-A,"(6, 14)",4,70312,0.34536892,206774,0.344623,100.0,100.0,100.0,100.0
discard3,"Deal 6, discard 3",6,10000000,23260935,Tong (three of a kind),Tong K-K-K,"(6, 13)",4,70296,0.34529033,206064,0.34344,99.1537,98.7305,98.3073,97.8842
discard3,"Deal 6, discard 3",6,10000000,23260935,Tong (three of a kind),Tong Q-Q-Q,"(6, 12)",4,70280,0.34521173,206194,0.343657,98.3459,97.5262,96.7113,95.9014
discard3,"Deal 6, discard 3",6,10000000,23260935,Tong (three of a kind),Tong J-J-J,"(6, 11)",4,70264,0.34513314,207366,0.34561,97.5482,96.3417,95.1482,93.9677
discard3,"Deal 6, discard 3",6,10000000,23260935,Tong (three of a kind),Tong 10-10-10,"(6, 10)",4,70248,0.34505455,206637,0.344395,96.7403,95.1451,93.5726,92.0227
discard3,"Deal 6, discard 3",6,10000000,23260935,Tong (three of a kind),Tong 9-9-9,"(6, 9)",4,70232,0.34497596,207188,0.345313,95.9039,93.9131,91.9592,90.0414
discard3,"Deal 6, discard 3",6,10000000,23260935,Tong (three of a kind),Tong 8-8-8,"(6, 8)",4,70216,0.34489737,206670,0.34445,95.1257,92.7784,90.4887,88.2547
discard3,"Deal 6, discard 3",6,10000000,23260935,Tong (three of a kind),Tong 7-7-7,"(6, 7)",4,70200,0.34481878,206411,0.344018,94.3179,91.6066,88.9775,86.428
discard3,"Deal 6, discard 3",6,10000000,23260935,Tong (three of a kind),Tong 6-6-6,"(6, 6)",4,70184,0.34474019,206506,0.344177,93.5329,90.4656,87.5047,84.6469
discard3,"Deal 6, discard 3",6,10000000,23260935,Tong (three of a kind),Tong 5-5-5,"(6, 5)",4,70168,0.3446616,206410,0.344017,92.7695,89.3737,86.1157,82.9892
discard3,"Deal 6, discard 3",6,10000000,23260935,Tong (three of a kind),Tong 4-4-4,"(6, 4)",4,70152,0.34458301,207107,0.345178,91.9602,88.2011,84.6052,81.1648
discard3,"Deal 6, discard 3",6,10000000,23260935,Tong (three of a kind),Tong 3-3-3,"(6, 3)",4,70136,0.34450441,206912,0.344853,91.1631,87.0665,83.1676,79.455
discard3,"Deal 6, discard 3",6,10000000,23260935,Tong (three of a kind),Tong 2-2-2,"(6, 2)",4,70120,0.34442582,206795,0.344658,90.4876,86.1136,81.9732,78.0517
discard3,"Deal 6, discard 3",6,10000000,23260935,Straight flush,Straight flush Q-K-A ♠,"(5, 11, 4)",1,17967,0.08825298,52743,0.087905,91.2823,87.2381,83.3877,79.7205
discard3,"Deal 6, discard 3",6,10000000,23260935,Straight flush,Straight flush Q-K-A ♥,"(5, 11, 3)",1,17966,0.08824807,52897,0.088162,91.1239,87.0068,83.0886,79.3599
discard3,"Deal 6, discard 3",6,10000000,23260935,Straight flush,Straight flush Q-K-A ♦,"(5, 11, 2)",1,17965,0.08824315,52552,0.087587,91.0053,86.865,82.9449,79.232
discard3,"Deal 6, discard 3",6,10000000,23260935,Straight flush,Straight flush Q-K-A ♣,"(5, 11, 1)",1,17964,0.08823824,53077,0.088462,90.7791,86.5281,82.499,78.68
discard3,"Deal 6, discard 3",6,10000000,23260935,Straight flush,Straight flush J-Q-K ♠,"(5, 10, 4)",1,16848,0.08275651,49391,0.082318,90.7532,86.4793,82.4191,78.5588
discard3,"Deal 6, discard 3",6,10000000,23260935,Straight flush,Straight flush J-Q-K ♥,"(5, 10, 3)",1,16847,0.08275159,49742,0.082903,90.5008,86.1316,81.9963,78.0809
discard3,"Deal 6, discard 3",6,10000000,23260935,Straight flush,Straight flush J-Q-K ♦,"(5, 10, 2)",1,16846,0.08274668,49437,0.082395,90.3979,85.9799,81.7958,77.8304
discard3,"Deal 6, discard 3",6,10000000,23260935,Straight flush,Straight flush J-Q-K ♣,"(5, 10, 1)",1,16845,0.08274177,49733,0.082888,90.2887,85.8185,81.5833,77.5682
discard3,"Deal 6, discard 3",6,10000000,23260935,Straight flush,Straight flush 10-J-Q ♠,"(5, 9, 4)",1,16845,0.08274177,49868,0.083113,90.0906,85.5549,81.2738,77.2299
discard3,"Deal 6, discard 3",6,10000000,23260935,Straight flush,Straight flush 10-J-Q ♥,"(5, 9, 3)",1,16844,0.08273686,49595,0.082658,89.8895,85.2413,80.8444,76.6851
discard3,"Deal 6, discard 3",6,10000000,23260935,Straight flush,Straight flush 10-J-Q ♦,"(5, 9, 2)",1,16843,0.08273195,49657,0.082762,89.8846,85.252,80.8825,76.7626
discard3,"Deal 6, discard 3",6,10000000,23260935,Straight flush,Straight flush 10-J-Q ♣,"(5, 9, 1)",1,16842,0.08272704,49727,0.082878,89.4812,84.6695,80.1319,75.8522
discard3,"Deal 6, discard 3",6,10000000,23260935,Straight flush,Straight flush 9-10-J ♠,"(5, 8, 4)",1,16842,0.08272704,49532,0.082553,89.4872,84.6685,80.1236,75.8399
discard3,"Deal 6, discard 3",6,10000000,23260935,Straight flush,Straight flush 9-10-J ♥,"(5, 8, 3)",1,16841,0.08272212,49446,0.08241,89.0638,84.0907,79.4204,75.0334
discard3,"Deal 6, discard 3",6,10000000,23260935,Straight flush,Straight flush 9-10-J ♦,"(5, 8, 2)",1,16840,0.08271721,49779,0.082965,89.0783,84.1202,79.4676,75.0999
discard3,"Deal 6, discard 3",6,10000000,23260935,Straight flush,Straight flush 9-10-J ♣,"(5, 8, 1)",1,16839,0.0827123,49513,0.082522,88.7688,83.6764,78.8965,74.4047
discard3,"Deal 6, discard 3",6,10000000,23260935,Straight flush,Straight flush 8-9-10 ♠,"(5, 7, 4)",1,16838,0.08270739,49803,0.083005,88.679,83.5385,78.7153,74.1883
discard3,"Deal 6, discard 3",6,10000000,23260935,Straight flush,Straight flush 8-9-10 ♥,"(5, 7, 3)",1,16837,0.08270248,49548,0.08258,88.4482,83.2086,78.2922,73.676
discard3,"Deal 6, discard 3",6,10000000,23260935,Straight flush,Straight flush 8-9-10 ♦,"(5, 7, 2)",1,16836,0.08269756,49664,0.082773,88.2861,82.9702,77.9832,73.3026
discard3,"Deal 6, discard 3",6,10000000,23260935,Straight flush,Straight flush 8-9-10 ♣,"(5, 7, 1)",1,16835,0.08269265,49318,0.082197,88.1733,82.8178,77.8016,73.1031
discard3,"Deal 6, discard 3",6,10000000,23260935,Straight flush,Straight flush 7-8-9 ♠,"(5, 6, 4)",1,16834,0.08268774,49667,0.082778,87.991,82.546,77.4406,72.6519
discard3,"Deal 6, discard 3",6,10000000,23260935,Straight flush,Straight flush 7-8-9 ♥,"(5, 6, 3)",1,16833,0.08268283,49754,0.082923,87.8229,82.3291,77.1974,72.4042
discard3,"Deal 6, discard 3",6,10000000,23260935,Straight flush,Straight flush 7-8-9 ♦,"(5, 6, 2)",1,16832,0.08267792,49856,0.083093,87.6446,82.0758,76.8706,71.9994
discard3,"Deal 6, discard 3",6,10000000,23260935,Straight flush,Straight flush 7-8-9 ♣,"(5, 6, 1)",1,16831,0.082673,49719,0.082865,87.3473,81.6463,76.3225,71.347
discard3,"Deal 6, discard 3",6,10000000,23260935,Straight flush,Straight flush 6-7-8 ♠,"(5, 5, 4)",1,16830,0.08266809,49680,0.0828,87.1876,81.4326,76.07,71.0709
discard3,"Deal 6, discard 3",6,10000000,23260935,Straight flush,Straight flush 6-7-8 ♥,"(5, 5, 3)",1,16829,0.08266318,49459,0.082432,87.0826,81.276,75.8645,70.8203
discard3,"Deal 6, discard 3",6,10000000,23260935,Straight flush,Straight flush 6-7-8 ♦,"(5, 5, 2)",1,16828,0.08265827,49322,0.082203,87.0117,81.1818,75.7504,70.6865
discard3,"Deal 6, discard 3",6,10000000,23260935,Straight flush,Straight flush 6-7-8 ♣,"(5, 5, 1)",1,16827,0.08265336,49650,0.08275,86.6403,80.6546,75.0876,69.9094
discard3,"Deal 6, discard 3",6,10000000,23260935,Straight flush,Straight flush 5-6-7 ♠,"(5, 4, 4)",1,16826,0.08264844,49528,0.082547,86.4418,80.381,74.7496,69.5142
discard3,"Deal 6, discard 3",6,10000000,23260935,Straight flush,Straight flush 5-6-7 ♥,"(5, 4, 3)",1,16825,0.08264353,49600,0.082667,86.3058,80.2099,74.5609,69.3246
discard3,"Deal 6, discard 3",6,10000000,23260935,Straight flush,Straight flush 5-6-7 ♦,"(5, 4, 2)",1,16824,0.08263862,49206,0.08201,86.1228,79.9585,74.2572,68.9835
discard3,"Deal 6, discard 3",6,10000000,23260935,Straight flush,Straight flush 5-6-7 ♣,"(5, 4, 1)",1,16823,0.08263371,49221,0.082035,85.6768,79.3468,73.5056,68.1091
discard3,"Deal 6, discard 3",6,10000000,23260935,Straight flush,Straight flush 4-5-6 ♠,"(5, 3, 4)",1,16822,0.0826288,49630,0.082717,85.7191,79.3778,73.5104,68.0798
discard3,"Deal 6, discard 3",6,10000000,23260935,Straight flush,Straight flush 4-5-6 ♥,"(5, 3, 3)",1,16821,0.08262388,49454,0.082423,85.5892,79.1932,73.2766,67.8004
discard3,"Deal 6, discard 3",6,10000000,23260935,Straight flush,Straight flush 4-5-6 ♦,"(5, 3, 2)",1,16820,0.08261897,49446,0.08241,85.436,78.9997,73.0615,67.5788
discard3,"Deal 6, discard 3",6,10000000,23260935,Straight flush,Straight flush 4-5-6 ♣,"(5, 3, 1)",1,16819,0.08261406,49913,0.083188,85.3251,78.8426,72.8724,67.3772
discard3,"Deal 6, discard 3",6,10000000,23260935,Straight flush,Straight flush 3-4-5 ♠,"(5, 2, 4)",1,16818,0.08260915,49775,0.082958,84.7739,78.0635,71.8875,66.2019
discard3,"Deal 6, discard 3",6,10000000,23260935,Straight flush,Straight flush 3-4-5 ♥,"(5, 2, 3)",1,16817,0.08260424,49910,0.083183,84.7748,78.0781,71.9271,66.2773
discard3,"Deal 6, discard 3",6,10000000,23260935,Straight flush,Straight flush 3-4-5 ♦,"(5, 2, 2)",1,16816,0.08259932,49577,0.082628,84.6905,77.9829,71.8313,66.1859
discard3,"Deal 6, discard 3",6,10000000,23260935,Straight flush,Straight flush 3-4-5 ♣,"(5, 2, 1)",1,16815,0.08259441,49316,0.082193,84.3294,77.4917,71.2406,65.5244
discard3,"Deal 6, discard 3",6,10000000,23260935,Straight flush,Straight flush 2-3-4 ♠,"(5, 1, 4)",1,16814,0.0825895,49445,0.082408,84.3699,77.5126,71.221,65.4444
discard3,"Deal 6, discard 3",6,10000000,23260935,Straight flush,Straight flush 2-3-4 ♥,"(5, 1, 3)",1,16813,0.08258459,49439,0.082398,84.0535,77.0693,70.6717,64.8132
discard3,"Deal 6, discard 3",6,10000000,23260935,Straight flush,Straight flush 2-3-4 ♦,"(5, 1, 2)",1,16812,0.08257968,49696,0.082827,83.7898,76.7263,70.2793,64.3955
discard3,"Deal 6, discard 3",6,10000000,23260935,Straight flush,Straight flush 2-3-4 ♣,"(5, 1, 1)",1,16811,0.08257476,50312,0.083853,83.8875,76.8572,70.4393,64.587
discard3,"Deal 6, discard 3",6,10000000,23260935,Straight flush,Straight flush A-2-3 ♠,"(5, 0, 4)",1,16766,0.08235373,49678,0.082797,83.6604,76.5548,70.0713,64.1511
discard3,"Deal 6, discard 3",6,10000000,23260935,Straight flush,Straight flush A-2-3 ♥,"(5, 0, 3)",1,16765,0.08234882,49504,0.082507,83.7874,76.7059,70.2279,64.2978
discard3,"Deal 6, discard 3",6,10000000,23260935,Straight flush,Straight flush A-2-3 ♦,"(5, 0, 2)",1,16764,0.0823439,49972,0.083287,83.2254,75.9617,69.3604,63.3635
discard3,"Deal 6, discard 3",6,10000000,23260935,Straight flush,Straight flush A-2-3 ♣,"(5, 0, 1)",1,16763,0.08233899,49204,0.082007,83.1205,75.832,69.2078,63.1839
discard3,"Deal 6, discard 3",6,10000000,23260935,Sian (three court cards J/Q/K),"Sian J-Q-K, control K♠","(4, 1, 0, 0, 4)",15,210915,1.0360036,621832,1.036387,83.8816,76.865,70.459,64.6089
discard3,"Deal 6, discard 3",6,10000000,23260935,Sian (three court cards J/Q/K),"Sian J-Q-K, control K♥","(4, 1, 0, 0, 3)",15,198894,0.97695707,586266,0.97711,82.2694,74.6618,67.7854,61.5703
discard3,"Deal 6, discard 3",6,10000000,23260935,Sian (three court cards J/Q/K),"Sian J-Q-K, control K♦","(4, 1, 0, 0, 2)",15,186873,0.91791054,550775,0.917958,80.874,72.7779,65.5203,59.011
discard3,"Deal 6, discard 3",6,10000000,23260935,Sian (three court cards J/Q/K),"Sian J-Q-K, control K♣","(4, 1, 0, 0, 1)",15,174852,0.858864,515565,0.859275,79.5992,71.0598,63.459,56.6902
discard3,"Deal 6, discard 3",6,10000000,23260935,Sian (three court cards J/Q/K),"Sian pair K, kicker Q♠","(4, 0, 13, 12, 4)",6,69978,0.34372833,207326,0.345543,79.5008,70.913,63.2654,56.4507
discard3,"Deal 6, discard 3",6,10000000,23260935,Sian (three court cards J/Q/K),"Sian pair K, kicker Q♥","(4, 0, 13, 12, 3)",6,65531,0.32188489,193343,0.322238,79.2699,70.6101,62.9166,56.0801
discard3,"Deal 6, discard 3",6,10000000,23260935,Sian (three court cards J/Q/K),"Sian pair K, kicker Q♦","(4, 0, 13, 12, 2)",6,61084,0.30004146,179351,0.298918,79.0598,70.3294,62.5841,55.7125
discard3,"Deal 6, discard 3",6,10000000,23260935,Sian (three court cards J/Q/K),"Sian pair K, kicker Q♣","(4, 0, 13, 12, 1)",6,56637,0.27819802,166915,0.278192,78.8528,70.0497,62.2422,55.3132
discard3,"Deal 6, discard 3",6,10000000,23260935,Sian (three court cards J/Q/K),"Sian pair K, kicker J♠","(4, 0, 13, 11, 4)",6,72630,0.35675481,214324,0.357207,78.9416,70.1478,62.3364,55.3937
discard3,"Deal 6, discard 3",6,10000000,23260935,Sian (three court cards J/Q/K),"Sian pair K, kicker J♥","(4, 0, 13, 11, 3)",6,67962,0.33382584,200496,0.33416,78.7757,69.9228,62.0613,55.0739
discard3,"Deal 6, discard 3",6,10000000,23260935,Sian (three court cards J/Q/K),"Sian pair K, kicker J♦","(4, 0, 13, 11, 2)",6,63294,0.31089686,186666,0.31111,78.3713,69.3889,61.4381,54.3988
discard3,"Deal 6, discard 3",6,10000000,23260935,Sian (three court cards J/Q/K),"Sian pair K, kicker J♣","(4, 0, 13, 11, 1)",6,58626,0.28796789,172570,0.287617,78.2832,69.2903,61.3448,54.324
discard3,"Deal 6, discard 3",6,10000000,23260935,Sian (three court cards J/Q/K),"Sian pair Q, kicker K♠","(4, 0, 12, 13, 4)",6,56637,0.27819802,167189,0.278648,76.6571,67.0658,58.6403,51.2396
discard3,"Deal 6, discard 3",6,10000000,23260935,Sian (three court cards J/Q/K),"Sian pair Q, kicker K♥","(4, 0, 12, 13, 3)",6,56637,0.27819802,166499,0.277498,76.5711,66.9665,58.5393,51.1457
discard3,"Deal 6, discard 3",6,10000000,23260935,Sian (three court cards J/Q/K),"Sian pair Q, kicker K♦","(4, 0, 12, 13, 2)",6,56637,0.27819802,166895,0.278158,76.4748,66.8318,58.3737,50.956
discard3,"Deal 6, discard 3",6,10000000,23260935,Sian (three court cards J/Q/K),"Sian pair Q, kicker K♣","(4, 0, 12, 13, 1)",6,56637,0.27819802,167163,0.278605,76.2759,66.565,58.0559,50.6021
discard3,"Deal 6, discard 3",6,10000000,23260935,Sian (three court cards J/Q/K),"Sian pair Q, kicker J♠","(4, 0, 12, 11, 4)",6,69849,0.34309468,205440,0.3424,74.7061,64.4639,55.553,47.8013
discard3,"Deal 6, discard 3",6,10000000,23260935,Sian (three court cards J/Q/K),"Sian pair Q, kicker J♥","(4, 0, 12, 11, 3)",6,65408,0.32128072,193443,0.322405,74.6048,64.3208,55.3732,47.5892
discard3,"Deal 6, discard 3",6,10000000,23260935,Sian (three court cards J/Q/K),"Sian pair Q, kicker J♦","(4, 0, 12, 11, 2)",6,60967,0.29946676,179481,0.299135,74.319,63.9412,54.9244,47.0947
discard3,"Deal 6, discard 3",6,10000000,23260935,Sian (three court cards J/Q/K),"Sian pair Q, kicker J♣","(4, 0, 12, 11, 1)",6,56526,0.2776528,167138,0.278563,73.998,63.517,54.4228,46.5322
discard3,"Deal 6, discard 3",6,10000000,23260935,Sian (three court cards J/Q/K),"Sian pair J, kicker K♠","(4, 0, 11, 13, 4)",6,58404,0.28687744,171702,0.28617,72.4761,61.5435,52.1515,44.0863
discard3,"Deal 6, discard 3",6,10000000,23260935,Sian (three court cards J/Q/K),"Sian pair J, kicker K♥","(4, 0, 11, 13, 3)",6,58404,0.28687744,173061,0.288435,72.2463,61.193,51.6872,43.5228
discard3,"Deal 6, discard 3",6,10000000,23260935,Sian (three court cards J/Q/K),"Sian pair J, kicker K♦","(4, 0, 11, 13, 2)",6,58404,0.28687744,172278,0.28713,72.1743,61.0952,51.567,43.3793
discard3,"Deal 6, discard 3",6,10000000,23260935,Sian (three court cards J/Q/K),"Sian pair J, kicker K♣","(4, 0, 11, 13, 1)",6,58404,0.28687744,171996,0.28666,72.0508,60.9587,51.4448,43.29
discard3,"Deal 6, discard 3",6,10000000,23260935,Sian (three court cards J/Q/K),"Sian pair J, kicker Q♠","(4, 0, 11, 12, 4)",6,56307,0.27657708,165673,0.276122,71.9948,60.8639,51.3024,43.0975
discard3,"Deal 6, discard 3",6,10000000,23260935,Sian (three court cards J/Q/K),"Sian pair J, kicker Q♥","(4, 0, 11, 12, 3)",6,56307,0.27657708,165859,0.276432,71.7353,60.5153,50.8878,42.6368
discard3,"Deal 6, discard 3",6,10000000,23260935,Sian (three court cards J/Q/K),"Sian pair J, kicker Q♦","(4, 0, 11, 12, 2)",6,56307,0.27657708,166311,0.277185,71.5974,60.334,50.6728,42.3911
discard3,"Deal 6, discard 3",6,10000000,23260935,Sian (three court cards J/Q/K),"Sian pair J, kicker Q♣","(4, 0, 11, 12, 1)",6,56307,0.27657708,166291,0.277152,71.3619,60.0236,50.3082,41.989
discard3,"Deal 6, discard 3",6,10000000,23260935,Straight (Riang),"Straight Q-K-A, control A♠","(3, 11, 4)",15,132021,0.64848034,389191,0.648652,67.2456,54.6758,44.1356,35.3161
discard3,"Deal 6, discard 3",6,10000000,23260935,Straight (Riang),"Straight Q-K-A, control A♥","(3, 11, 3)",15,123229,0.60529449,363369,0.605615,66.3426,53.5419,42.8858,34.0436
discard3,"Deal 6, discard 3",6,10000000,23260935,Straight (Riang),"Straight Q-K-A, control A♦","(3, 11, 2)",15,114437,0.56210864,337452,0.56242,65.5372,52.53,41.7524,32.8497
discard3,"Deal 6, discard 3",6,10000000,23260935,Straight (Riang),"Straight Q-K-A, control A♣","(3, 11, 1)",15,105645,0.51892279,311679,0.519465,64.6707,51.4668,40.5955,31.673
discard3,"Deal 6, discard 3",6,10000000,23260935,Straight (Riang),"Straight 10-J-Q, control Q♠","(3, 9, 4)",15,116853,0.57397591,344584,0.574307,63.476,49.9698,38.943,29.9805
discard3,"Deal 6, discard 3",6,10000000,23260935,Straight (Riang),"Straight 10-J-Q, control Q♥","(3, 9, 3)",15,116853,0.57397591,343967,0.573278,62.5446,48.8222,37.6894,28.7025
discard3,"Deal 6, discard 3",6,10000000,23260935,Straight (Riang),"Straight 10-J-Q, control Q♦","(3, 9, 2)",15,116853,0.57397591,344408,0.574013,61.7352,47.8562,36.6755,27.7131
discard3,"Deal 6, discard 3",6,10000000,23260935,Straight (Riang),"Straight 10-J-Q, control Q♣","(3, 9, 1)",15,116853,0.57397591,345195,0.575325,60.9201,46.8557,35.59,26.6194
discard3,"Deal 6, discard 3",6,10000000,23260935,Straight (Riang),"Straight 9-10-J, control J♠","(3, 8, 4)",15,151737,0.74532432,446584,0.744307,57.0966,42.2863,30.7671,21.8852
discard3,"Deal 6, discard 3",6,10000000,23260935,Straight (Riang),"Straight 9-10-J, control J♥","(3, 8, 3)",15,143708,0.70588628,423906,0.70651,56.0114,41.0671,29.576,20.8251
discard3,"Deal 6, discard 3",6,10000000,23260935,Straight (Riang),"Straight 9-10-J, control J♦","(3, 8, 2)",15,135679,0.66644825,400039,0.666732,55.1732,40.1637,28.7381,20.13
discard3,"Deal 6, discard 3",6,10000000,23260935,Straight (Riang),"Straight 9-10-J, control J♣","(3, 8, 1)",15,127650,0.62701021,375882,0.62647,54.209,39.0598,27.6174,19.0624
discard3,"Deal 6, discard 3",6,10000000,23260935,Straight (Riang),"Straight 8-9-10, control 10♠","(3, 7, 4)",15,159267,0.78231129,469314,0.78219,50.639,35.0712,23.7125,15.5399
discard3,"Deal 6, discard 3",6,10000000,23260935,Straight (Riang),"Straight 8-9-10, control 10♥","(3, 7, 3)",15,149226,0.73299041,439938,0.73323,49.7291,34.1279,22.8648,14.8587
discard3,"Deal 6, discard 3",6,10000000,23260935,Straight (Riang),"Straight 8-9-10, control 10♦","(3, 7, 2)",15,139185,0.68366954,410354,0.683923,48.8812,33.2741,22.1155,14.254
discard3,"Deal 6, discard 3",6,10000000,23260935,Straight (Riang),"Straight 8-9-10, control 10♣","(3, 7, 1)",15,129144,0.63434867,381516,0.63586,48.2273,32.6357,21.5849,13.8655
discard3,"Deal 6, discard 3",6,10000000,23260935,Straight (Riang),"Straight 7-8-9, control 9♠","(3, 6, 4)",15,156927,0.77081733,463048,0.771747,47.1117,31.4989,20.5888,13.0831
discard3,"Deal 6, discard 3",6,10000000,23260935,Straight (Riang),"Straight 7-8-9, control 9♥","(3, 6, 3)",15,146886,0.72149645,431873,0.719788,46.3592,30.7628,19.9715,12.619
discard3,"Deal 6, discard 3",6,10000000,23260935,Straight (Riang),"Straight 7-8-9, control 9♦","(3, 6, 2)",15,136845,0.67217558,403628,0.672713,45.5774,29.9934,19.3138,12.1035
discard3,"Deal 6, discard 3",6,10000000,23260935,Straight (Riang),"Straight 7-8-9, control 9♣","(3, 6, 1)",15,126804,0.62285471,373174,0.621957,44.8174,29.2434,18.6565,11.5576
discard3,"Deal 6, discard 3",6,10000000,23260935,Straight (Riang),"Straight 6-7-8, control 8♠","(3, 5, 4)",15,156027,0.76639657,460302,0.76717,42.9151,27.3548,17.0348,10.3041
discard3,"Deal 6, discard 3",6,10000000,23260935,Straight (Riang),"Straight 6-7-8, control 8♥","(3, 5, 3)",15,145986,0.7170757,430268,0.717113,42.131,26.6464,16.4952,9.9503
discard3,"Deal 6, discard 3",6,10000000,23260935,Straight (Riang),"Straight 6-7-8, control 8♦","(3, 5, 2)",15,135945,0.66775483,400499,0.667498,41.4536,25.9943,15.9298,9.4822
discard3,"Deal 6, discard 3",6,10000000,23260935,Straight (Riang),"Straight 6-7-8, control 8♣","(3, 5, 1)",15,125904,0.61843395,370638,0.61773,40.8106,25.4479,15.5523,9.2783
discard3,"Deal 6, discard 3",6,10000000,23260935,Straight (Riang),"Straight 5-6-7, control 7♠","(3, 4, 4)",15,155127,0.76197582,458287,0.763812,39.086,23.7979,14.168,8.1977
discard3,"Deal 6, discard 3",6,10000000,23260935,Straight (Riang),"Straight 5-6-7, control 7♥","(3, 4, 3)",15,145086,0.71265495,427016,0.711693,38.2759,23.0802,13.6274,7.8498
discard3,"Deal 6, discard 3",6,10000000,23260935,Straight (Riang),"Straight 5-6-7, control 7♦","(3, 4, 2)",15,135045,0.66333407,397713,0.662855,37.7172,22.6235,13.3118,7.6545
discard3,"Deal 6, discard 3",6,10000000,23260935,Straight (Riang),"Straight 5-6-7, control 7♣","(3, 4, 1)",15,125004,0.6140132,367839,0.613065,37.104,22.0647,12.8643,7.3192
discard3,"Deal 6, discard 3",6,10000000,23260935,Straight (Riang),"Straight 4-5-6, control 6♠","(3, 3, 4)",15,154227,0.75755507,453623,0.756038,35.3892,20.5357,11.6781,6.4816
discard3,"Deal 6, discard 3",6,10000000,23260935,Straight (Riang),"Straight 4-5-6, control 6♥","(3, 3, 3)",15,144186,0.70823419,425385,0.708975,34.7583,20.0016,11.2846,6.2078
discard3,"Deal 6, discard 3",6,10000000,23260935,Straight (Riang),"Straight 4-5-6, control 6♦","(3, 3, 2)",15,134145,0.65891332,395460,0.6591,34.1289,19.4867,10.9286,6.0069
discard3,"Deal 6, discard 3",6,10000000,23260935,Straight (Riang),"Straight 4-5-6, control 6♣","(3, 3, 1)",15,124104,0.60959245,365731,0.609552,33.6143,19.0766,10.6517,5.8428
discard3,"Deal 6, discard 3",6,10000000,23260935,Straight (Riang),"Straight 3-4-5, control 5♠","(3, 2, 4)",15,153312,0.75306064,451050,0.75175,31.9927,17.6896,9.612,5.1252
discard3,"Deal 6, discard 3",6,10000000,23260935,Straight (Riang),"Straight 3-4-5, control 5♥","(3, 2, 3)",15,143271,0.70373976,421551,0.702585,31.4496,17.2999,9.3787,4.9944
discard3,"Deal 6, discard 3",6,10000000,23260935,Straight (Riang),"Straight 3-4-5, control 5♦","(3, 2, 2)",15,133230,0.65441889,393226,0.655377,30.7784,16.7205,8.9258,4.6642
discard3,"Deal 6, discard 3",6,10000000,23260935,Straight (Riang),"Straight 3-4-5, control 5♣","(3, 2, 1)",15,123189,0.60509801,362827,0.604712,30.3776,16.4264,8.7489,4.5868
discard3,"Deal 6, discard 3",6,10000000,23260935,Straight (Riang),"Straight 2-3-4, control 4♠","(3, 1, 4)",15,152889,0.75098288,450030,0.75005,28.7718,15.1454,7.8583,4.0144
discard3,"Deal 6, discard 3",6,10000000,23260935,Straight (Riang),"Straight 2-3-4, control 4♥","(3, 1, 3)",15,142836,0.70160306,421192,0.701987,28.188,14.7358,7.6172,3.8861
discard3,"Deal 6, discard 3",6,10000000,23260935,Straight (Riang),"Straight 2-3-4, control 4♦","(3, 1, 2)",15,132783,0.65222325,390886,0.651477,27.5986,14.2802,7.2933,3.6688
discard3,"Deal 6, discard 3",6,10000000,23260935,Straight (Riang),"Straight 2-3-4, control 4♣","(3, 1, 1)",15,122730,0.60284343,361786,0.602977,27.2514,14.0532,7.1807,3.6273
discard3,"Deal 6, discard 3",6,10000000,23260935,Straight (Riang),"Straight A-2-3, control 3♠","(3, 0, 4)",15,148413,0.728997,437694,0.72949,26.0623,13.1724,6.6072,3.2861
discard3,"Deal 6, discard 3",6,10000000,23260935,Straight (Riang),"Straight A-2-3, control 3♥","(3, 0, 3)",15,138502,0.68031468,408556,0.680927,25.634,12.8591,6.3905,3.1347
discard3,"Deal 6, discard 3",6,10000000,23260935,Straight (Riang),"Straight A-2-3, control 3♦","(3, 0, 2)",15,128591,0.63163236,379326,0.63221,25.1716,12.5308,6.1892,3.0264
discard3,"Deal 6, discard 3",6,10000000,23260935,Straight (Riang),"Straight A-2-3, control 3♣","(3, 0, 1)",15,118680,0.58295004,350953,0.584922,24.6801,12.1872,5.9724,2.8941
discard3,"Deal 6, discard 3",6,10000000,23260935,Flush (See),Flush A-K-J ♠,"(2, 14, 13, 11, 4)",1,7586,0.03726204,22265,0.037108,26.8174,13.8962,7.1736,3.647
discard3,"Deal 6, discard 3",6,10000000,23260935,Flush (See),Flush A-K-J ♥,"(2, 14, 13, 11, 3)",1,7586,0.03726204,22372,0.037287,26.2645,13.4646,6.9328,3.6117
discard3,"Deal 6, discard 3",6,10000000,23260935,Flush (See),Flush A-K-J ♦,"(2, 14, 13, 11, 2)",1,7586,0.03726204,22239,0.037065,26.6262,13.7317,7.0669,3.6153
discard3,"Deal 6, discard 3",6,10000000,23260935,Flush (See),Flush A-K-J ♣,"(2, 14, 13, 11, 1)",1,7586,0.03726204,22260,0.0371,26.3868,13.5395,6.973,3.5984
discard3,"Deal 6, discard 3",6,10000000,23260935,Flush (See),Flush A-K-10 ♠,"(2, 14, 13, 10, 4)",1,10492,0.05153616,31007,0.051678,25.5962,12.909,6.4876,3.2444
discard3,"Deal 6, discard 3",6,10000000,23260935,Flush (See),Flush A-K-10 ♥,"(2, 14, 13, 10, 3)",1,10491,0.05153125,31086,0.05181,25.358,12.8399,6.5354,3.3681
discard3,"Deal 6, discard 3",6,10000000,23260935,Flush (See),Flush A-K-10 ♦,"(2, 14, 13, 10, 2)",1,10490,0.05152634,30868,0.051447,25.2559,12.7618,6.496,3.3174
discard3,"Deal 6, discard 3",6,10000000,23260935,Flush (See),Flush A-K-10 ♣,"(2, 14, 13, 10, 1)",1,10489,0.05152143,31085,0.051808,25.0092,12.4935,6.2397,3.114
discard3,"Deal 6, discard 3",6,10000000,23260935,Flush (See),Flush A-K-9 ♠,"(2, 14, 13, 9, 4)",1,9391,0.04612811,27778,0.046297,25.3254,12.7191,6.3835,3.2256
discard3,"Deal 6, discard 3",6,10000000,23260935,Flush (See),Flush A-K-9 ♥,"(2, 14, 13, 9, 3)",1,9390,0.0461232,27619,0.046032,25.4546,12.8857,6.5542,3.3528
discard3,"Deal 6, discard 3",6,10000000,23260935,Flush (See),Flush A-K-9 ♦,"(2, 14, 13, 9, 2)",1,9389,0.04611828,27591,0.045985,25.2459,12.6672,6.3144,3.0698
discard3,"Deal 6, discard 3",6,10000000,23260935,Flush (See),Flush A-K-9 ♣,"(2, 14, 13, 9, 1)",1,9388,0.04611337,27709,0.046182,25.0644,12.5645,6.3654,3.2877
discard3,"Deal 6, discard 3",6,10000000,23260935,Flush (See),Flush A-K-8 ♠,"(2, 14, 13, 8, 4)",1,8632,0.04239994,25301,0.042168,24.903,12.4054,6.1658,2.9999
discard3,"Deal 6, discard 3",6,10000000,23260935,Flush (See),Flush A-K-8 ♥,"(2, 14, 13, 8, 3)",1,8631,0.04239503,25302,0.04217,24.9783,12.4081,6.1458,3.0274
discard3,"Deal 6, discard 3",6,10000000,23260935,Flush (See),Flush A-K-8 ♦,"(2, 14, 13, 8, 2)",1,8630,0.04239011,25530,0.04255,25.3588,12.7568,6.4058,3.2511
discard3,"Deal 6, discard 3",6,10000000,23260935,Flush (See),Flush A-K-8 ♣,"(2, 14, 13, 8, 1)",1,8629,0.0423852,25427,0.042378,25.1272,12.497,6.162,3.0283
discard3,"Deal 6, discard 3",6,10000000,23260935,Flush (See),Flush A-K-7 ♠,"(2, 14, 13, 7, 4)",1,7923,0.03891737,23214,0.03869,24.9879,12.3762,6.0705,2.9465
discard3,"Deal 6, discard 3",6,10000000,23260935,Flush (See),Flush A-K-7 ♥,"(2, 14, 13, 7, 3)",1,7922,0.03891246,23294,0.038823,24.9386,12.462,6.2316,3.0995
discard3,"Deal 6, discard 3",6,10000000,23260935,Flush (See),Flush A-K-7 ♦,"(2, 14, 13, 7, 2)",1,7921,0.03890754,23076,0.03846,25.1824,12.5927,6.2914,3.1635
discard3,"Deal 6, discard 3",6,10000000,23260935,Flush (See),Flush A-K-7 ♣,"(2, 14, 13, 7, 1)",1,7920,0.03890263,23527,0.039212,24.8918,12.3577,6.0985,2.9966
discard3,"Deal 6, discard 3",6,10000000,23260935,Flush (See),Flush A-K-6 ♠,"(2, 14, 13, 6, 4)",1,7254,0.03563127,21667,0.036112,24.9472,12.478,6.2353,3.1107
discard3,"Deal 6, discard 3",6,10000000,23260935,Flush (See),Flush A-K-6 ♥,"(2, 14, 13, 6, 3)",1,7253,0.03562636,21486,0.03581,24.8688,12.3834,6.1286,2.9926
discard3,"Deal 6, discard 3",6,10000000,23260935,Flush (See),Flush A-K-6 ♦,"(2, 14, 13, 6, 2)",1,7252,0.03562145,21342,0.03557,24.8796,12.3639,6.1522,3.1019
discard3,"Deal 6, discard 3",6,10000000,23260935,Flush (See),Flush A-K-6 ♣,"(2, 14, 13, 6, 1)",1,7251,0.03561654,21559,0.035932,25.0615,12.5126,6.2248,3.0475
discard3,"Deal 6, discard 3",6,10000000,23260935,Flush (See),Flush A-K-5 ♠,"(2, 14, 13, 5, 4)",1,6624,0.03253675,19550,0.032583,24.8379,12.2777,6.0082,2.8849
discard3,"Deal 6, discard 3",6,10000000,23260935,Flush (See),Flush A-K-5 ♥,"(2, 14, 13, 5, 3)",1,6623,0.03253183,19697,0.032828,24.5687,12.2531,6.1502,3.1578
discard3,"Deal 6, discard 3",6,10000000,23260935,Flush (See),Flush A-K-5 ♦,"(2, 14, 13, 5, 2)",1,6622,0.03252692,19510,0.032517,24.7704,12.2332,5.9785,2.8549
discard3,"Deal 6, discard 3",6,10000000,23260935,Flush (See),Flush A-K-5 ♣,"(2, 14, 13, 5, 1)",1,6621,0.03252201,19582,0.032637,25.0352,12.5243,6.2384,3.0845
discard3,"Deal 6, discard 3",6,10000000,23260935,Flush (See),Flush A-K-4 ♠,"(2, 14, 13, 4, 4)",1,6432,0.03159365,19076,0.031793,25.0986,12.597,6.3336,3.1558
discard3,"Deal 6, discard 3",6,10000000,23260935,Flush (See),Flush A-K-4 ♥,"(2, 14, 13, 4, 3)",1,6431,0.03158874,19098,0.03183,24.8539,12.3678,6.1347,3.0003
discard3,"Deal 6, discard 3",6,10000000,23260935,Flush (See),Flush A-K-4 ♦,"(2, 14, 13, 4, 2)",1,6430,0.03158383,18994,0.031657,24.5578,12.2323,6.1514,3.18
discard3,"Deal 6, discard 3",6,10000000,23260935,Flush (See),Flush A-K-4 ♣,"(2, 14, 13, 4, 1)",1,6429,0.03157892,18906,0.03151,24.5123,12.1438,6.0193,2.999
discard3,"Deal 6, discard 3",6,10000000,23260935,Flush (See),Flush A-K-3 ♠,"(2, 14, 13, 3, 4)",1,4425,0.02173537,12925,0.021542,24.5981,12.2081,6.0255,2.8859
discard3,"Deal 6, discard 3",6,10000000,23260935,Flush (See),Flush A-K-3 ♥,"(2, 14, 13, 3, 3)",1,4424,0.02173046,12882,0.02147,24.8999,12.3777,6.1621,3.0896
discard3,"Deal 6, discard 3",6,10000000,23260935,Flush (See),Flush A-K-3 ♦,"(2, 14, 13, 3, 2)",1,4423,0.02172555,13026,0.02171,25.208,12.6954,6.4318,3.3088
discard3,"Deal 6, discard 3",6,10000000,23260935,Flush (See),Flush A-K-3 ♣,"(2, 14, 13, 3, 1)",1,4422,0.02172064,13094,0.021823,25.0145,12.3614,6.0364,2.9174
discard3,"Deal 6, discard 3",6,10000000,23260935,Flush (See),Flush A-K-2 ♠,"(2, 14, 13, 2, 4)",1,4659,0.02288477,13649,0.022748,24.067,11.7283,5.6561,2.6962
discard3,"Deal 6, discard 3",6,10000000,23260935,Flush (See),Flush A-K-2 ♥,"(2, 14, 13, 2, 3)",1,4658,0.02287986,13670,0.022783,23.8544,11.7893,5.8932,2.97
discard3,"Deal 6, discard 3",6,10000000,23260935,Flush (See),Flush A-K-2 ♦,"(2, 14, 13, 2, 2)",1,4657,0.02287494,13659,0.022765,23.7052,11.5067,5.5582,2.6722
discard3,"Deal 6, discard 3",6,10000000,23260935,Flush (See),Flush A-K-2 ♣,"(2, 14, 13, 2, 1)",1,4656,0.02287003,13756,0.022927,24.047,11.8116,5.8316,2.9369
discard3,"Deal 6, discard 3",6,10000000,23260935,Flush (See),Flush A-Q-J ♠,"(2, 14, 12, 11, 4)",1,5616,0.0275855,16387,0.027312,25.3384,12.7406,6.4222,3.2404
discard3,"Deal 6, discard 3",6,10000000,23260935,Flush (See),Flush A-Q-J ♥,"(2, 14, 12, 11, 3)",1,5616,0.0275855,16534,0.027557,25.6931,13.0797,6.711,3.4535
discard3,"Deal 6, discard 3",6,10000000,23260935,Flush (See),Flush A-Q-J ♦,"(2, 14, 12, 11, 2)",1,5616,0.0275855,16628,0.027713,25.8143,13.1122,6.6635,3.4039
discard3,"Deal 6, discard 3",6,10000000,23260935,Flush (See),Flush A-Q-J ♣,"(2, 14, 12, 11, 1)",1,5616,0.0275855,16615,0.027692,25.421,12.7487,6.3822,3.1899
discard3,"Deal 6, discard 3",6,10000000,23260935,Flush (See),Flush A-Q-10 ♠,"(2, 14, 12, 10, 4)",1,8875,0.04359354,26143,0.043572,24.4004,12.0338,5.9503,2.9492
discard3,"Deal 6, discard 3",6,10000000,23260935,Flush (See),Flush A-Q-10 ♥,"(2, 14, 12, 10, 3)",1,8874,0.04358863,25978,0.043297,24.3352,12.0406,5.9812,2.9871
discard3,"Deal 6, discard 3",6,10000000,23260935,Flush (See),Flush A-Q-10 ♦,"(2, 14, 12, 10, 2)",1,8873,0.04358372,26221,0.043702,24.223,11.9549,5.9014,2.8756
discard3,"Deal 6, discard 3",6,10000000,23260935,Flush (See),Flush A-Q-10 ♣,"(2, 14, 12, 10, 1)",1,8872,0.04357881,26359,0.043932,24.3556,11.9955,5.9183,2.9326
discard3,"Deal 6, discard 3",6,10000000,23260935,Flush (See),Flush A-Q-9 ♠,"(2, 14, 12, 9, 4)",1,9391,0.04612811,27873,0.046455,24.64,12.2258,6.0833,3.0388
discard3,"Deal 6, discard 3",6,10000000,23260935,Flush (See),Flush A-Q-9 ♥,"(2, 14, 12, 9, 3)",1,9390,0.0461232,27449,0.045748,24.7382,12.2966,6.1161,3.0456
discard3,"Deal 6, discard 3",6,10000000,23260935,Flush (See),Flush A-Q-9 ♦,"(2, 14, 12, 9, 2)",1,9389,0.04611828,27889,0.046482,24.505,12.0825,5.94,2.8972
discard3,"Deal 6, discard 3",6,10000000,23260935,Flush (See),Flush A-Q-9 ♣,"(2, 14, 12, 9, 1)",1,9388,0.04611337,27680,0.046133,24.4852,12.1102,6.013,3.0275
discard3,"Deal 6, discard 3",6,10000000,23260935,Flush (See),Flush A-Q-8 ♠,"(2, 14, 12, 8, 4)",1,8353,0.04102951,24803,0.041338,24.4382,12.0804,5.9767,2.9553
discard3,"Deal 6, discard 3",6,10000000,23260935,Flush (See),Flush A-Q-8 ♥,"(2, 14, 12, 8, 3)",1,8352,0.04102459,24400,0.040667,24.4857,12.1086,5.9459,2.8811
discard3,"Deal 6, discard 3",6,10000000,23260935,Flush (See),Flush A-Q-8 ♦,"(2, 14, 12, 8, 2)",1,8351,0.04101968,24916,0.041527,24.4449,12.073,5.9376,2.9058
discard3,"Deal 6, discard 3",6,10000000,23260935,Flush (See),Flush A-Q-8 ♣,"(2, 14, 12, 8, 1)",1,8350,0.04101477,24448,0.040747,24.0768,11.7813,5.7559,2.806
discard3,"Deal 6, discard 3",6,10000000,23260935,Flush (See),Flush A-Q-7 ♠,"(2, 14, 12, 7, 4)",1,7653,0.03759114,22721,0.037868,24.4201,12.0791,5.9953,3.006
discard3,"Deal 6, discard 3",6,10000000,23260935,Flush (See),Flush A-Q-7 ♥,"(2, 14, 12, 7, 3)",1,7652,0.03758623,22530,0.03755,24.3728,12.0874,5.9964,2.9871
discard3,"Deal 6, discard 3",6,10000000,23260935,Flush (See),Flush A-Q-7 ♦,"(2, 14, 12, 7, 2)",1,7651,0.03758132,22430,0.037383,24.3045,12.025,5.8948,2.8489
discard3,"Deal 6, discard 3",6,10000000,23260935,Flush (See),Flush A-Q-7 ♣,"(2, 14, 12, 7, 1)",1,7650,0.03757641,22660,0.037767,24.4426,12.1059,6.0229,3.0185
discard3,"Deal 6, discard 3",6,10000000,23260935,Flush (See),Flush A-Q-6 ♠,"(2, 14, 12, 6, 4)",1,6993,0.03434926,20846,0.034743,24.0967,11.8339,5.7882,2.8015
discard3,"Deal 6, discard 3",6,10000000,23260935,Flush (See),Flush A-Q-6 ♥,"(2, 14, 12, 6, 3)",1,6992,0.03434434,20685,0.034475,24.2045,11.839,5.7617,2.7798
discard3,"Deal 6, discard 3",6,10000000,23260935,Flush (See),Flush A-Q-6 ♦,"(2, 14, 12, 6, 2)",1,6991,0.03433943,20555,0.034258,24.3405,12.0448,6.0248,3.1185
discard3,"Deal 6, discard 3",6,10000000,23260935,Flush (See),Flush A-Q-6 ♣,"(2, 14, 12, 6, 1)",1,6990,0.03433452,20785,0.034642,24.2165,11.9384,5.9158,2.9733
discard3,"Deal 6, discard 3",6,10000000,23260935,Flush (See),Flush A-Q-5 ♠,"(2, 14, 12, 5, 4)",1,6372,0.03129894,18929,0.031548,24.0224,11.6932,5.6664,2.6996
discard3,"Deal 6, discard 3",6,10000000,23260935,Flush (See),Flush A-Q-5 ♥,"(2, 14, 12, 5, 3)",1,6371,0.03129402,18758,0.031263,23.8442,11.5833,5.5838,2.6175
discard3,"Deal 6, discard 3",6,10000000,23260935,Flush (See),Flush A-Q-5 ♦,"(2, 14, 12, 5, 2)",1,6370,0.03128911,19040,0.031733,23.9758,11.7426,5.7679,2.8624
discard3,"Deal 6, discard 3",6,10000000,23260935,Flush (See),Flush A-Q-5 ♣,"(2, 14, 12, 5, 1)",1,6369,0.0312842,18588,0.03098,24.1629,11.9034,5.8952,2.9858
discard3,"Deal 6, discard 3",6,10000000,23260935,Flush (See),Flush A-Q-4 ♠,"(2, 14, 12, 4, 4)",1,6189,0.03040005,18421,0.030702,24.2587,11.8593,5.7652,2.7794
discard3,"Deal 6, discard 3",6,10000000,23260935,Flush (See),Flush A-Q-4 ♥,"(2, 14, 12, 4, 3)",1,6188,0.03039514,18226,0.030377,24.0541,11.635,5.5558,2.6391
discard3,"Deal 6, discard 3",6,10000000,23260935,Flush (See),Flush A-Q-4 ♦,"(2, 14, 12, 4, 2)",1,6187,0.03039022,18334,0.030557,24.2004,11.9985,6.0085,3.0763
discard3,"Deal 6, discard 3",6,10000000,23260935,Flush (See),Flush A-Q-4 ♣,"(2, 14, 12, 4, 1)",1,6186,0.03038531,18420,0.0307,23.7199,11.4848,5.5223,2.6113
discard3,"Deal 6, discard 3",6,10000000,23260935,Flush (See),Flush A-Q-3 ♠,"(2, 14, 12, 3, 4)",1,4227,0.02076281,12348,0.02058,24.1764,11.8052,5.7548,2.794
discard3,"Deal 6, discard 3",6,10000000,23260935,Flush (See),Flush A-Q-3 ♥,"(2, 14, 12, 3, 3)",1,4226,0.02075789,12666,0.02111,24.0313,11.7464,5.7571,2.858
discard3,"Deal 6, discard 3",6,10000000,23260935,Flush (See),Flush A-Q-3 ♦,"(2, 14, 12, 3, 2)",1,4225,0.02075298,12515,0.020858,24.1958,11.8066,5.7547,2.8126
discard3,"Deal 6, discard 3",6,10000000,23260935,Flush (See),Flush A-Q-3 ♣,"(2, 14, 12, 3, 1)",1,4224,0.02074807,12356,0.020593,24.0563,11.825,5.8611,2.9459
discard3,"Deal 6, discard 3",6,10000000,23260935,Flush (See),Flush A-Q-2 ♠,"(2, 14, 12, 2, 4)",1,4461,0.0219122,13238,0.022063,23.4469,11.3937,5.5869,2.7799
discard3,"Deal 6, discard 3",6,10000000,23260935,Flush (See),Flush A-Q-2 ♥,"(2, 14, 12, 2, 3)",1,4460,0.02190729,13314,0.02219,23.4242,11.367,5.4799,2.6363
discard3,"Deal 6, discard 3",6,10000000,23260935,Flush (See),Flush A-Q-2 ♦,"(2, 14, 12, 2, 2)",1,4459,0.02190238,12955,0.021592,23.2806,11.3292,5.5701,2.7557
discard3,"Deal 6, discard 3",6,10000000,23260935,Flush (See),Flush A-Q-2 ♣,"(2, 14, 12, 2, 1)",1,4458,0.02189747,12918,0.02153,23.177,11.1163,5.2655,2.3843
discard3,"Deal 6, discard 3",6,10000000,23260935,Flush (See),Flush A-J-10 ♠,"(2, 14, 11, 10, 4)",1,8258,0.04056287,24356,0.040593,23.7662,11.609,5.652,2.718
discard3,"Deal 6, discard 3",6,10000000,23260935,Flush (See),Flush A-J-10 ♥,"(2, 14, 11, 10, 3)",1,8257,0.04055796,24406,0.040677,23.552,11.5103,5.6191,2.7165
discard3,"Deal 6, discard 3",6,10000000,23260935,Flush (See),Flush A-J-10 ♦,"(2, 14, 11, 10, 2)",1,8256,0.04055305,24552,0.04092,23.3749,11.2085,5.3169,2.5049
discard3,"Deal 6, discard 3",6,10000000,23260935,Flush (See),Flush A-J-10 ♣,"(2, 14, 11, 10, 1)",1,8255,0.04054813,23831,0.039718,23.4161,11.3738,5.5894,2.7569
discard3,"Deal 6, discard 3",6,10000000,23260935,Flush (See),Flush A-J-9 ♠,"(2, 14, 11, 9, 4)",1,9307,0.0457155,27554,0.045923,24.0709,11.8012,5.777,2.8054
discard3,"Deal 6, discard 3",6,10000000,23260935,Flush (See),Flush A-J-9 ♥,"(2, 14, 11, 9, 3)",1,9306,0.04571059,27480,0.0458,23.8785,11.6314,5.682,2.8457
discard3,"Deal 6, discard 3",6,10000000,23260935,Flush (See),Flush A-J-9 ♦,"(2, 14, 11, 9, 2)",1,9305,0.04570568,27629,0.046048,23.6473,11.4315,5.4732,2.5806
discard3,"Deal 6, discard 3",6,10000000,23260935,Flush (See),Flush A-J-9 ♣,"(2, 14, 11, 9, 1)",1,9304,0.04570077,27607,0.046012,23.9932,11.7554,5.742,2.7891
discard3,"Deal 6, discard 3",6,10000000,23260935,Flush (See),Flush A-J-8 ♠,"(2, 14, 11, 8, 4)",1,10015,0.04919316,29836,0.049727,24.0555,11.7737,5.7689,2.8489
discard3,"Deal 6, discard 3",6,10000000,23260935,Flush (See),Flush A-J-8 ♥,"(2, 14, 11, 8, 3)",1,10014,0.04918825,29374,0.048957,23.8507,11.5813,5.5866,2.6895
discard3,"Deal 6, discard 3",6,10000000,23260935,Flush (See),Flush A-J-8 ♦,"(2, 14, 11, 8, 2)",1,10013,0.04918334,29484,0.04914,24.0059,11.7504,5.7489,2.8117
discard3,"Deal 6, discard 3",6,10000000,23260935,Flush (See),Flush A-J-8 ♣,"(2, 14, 11, 8, 1)",1,10012,0.04917843,29442,0.04907,23.5694,11.4184,5.5533,2.7342
discard3,"Deal 6, discard 3",6,10000000,23260935,Flush (See),Flush A-J-7 ♠,"(2, 14, 11, 7, 4)",1,8904,0.04373599,26329,0.043882,23.6188,11.4277,5.5012,2.6245
discard3,"Deal 6, discard 3",6,10000000,23260935,Flush (See),Flush A-J-7 ♥,"(2, 14, 11, 7, 3)",1,8903,0.04373108,26283,0.043805,23.6229,11.4606,5.5641,2.6861
discard3,"Deal 6, discard 3",6,10000000,23260935,Flush (See),Flush A-J-7 ♦,"(2, 14, 11, 7, 2)",1,8902,0.04372616,26210,0.043683,23.4952,11.3983,5.5231,2.6555
discard3,"Deal 6, discard 3",6,10000000,23260935,Flush (See),Flush A-J-7 ♣,"(2, 14, 11, 7, 1)",1,8901,0.04372125,26459,0.044098,23.5171,11.3765,5.4824,2.6418
discard3,"Deal 6, discard 3",6,10000000,23260935,Flush (See),Flush A-J-6 ♠,"(2, 14, 11, 6, 4)",1,8151,0.04003729,24099,0.040165,23.574,11.4333,5.5264,2.6765
discard3,"Deal 6, discard 3",6,10000000,23260935,Flush (See),Flush A-J-6 ♥,"(2, 14, 11, 6, 3)",1,8150,0.04003238,23910,0.03985,23.5692,11.4559,5.6052,2.7604
discard3,"Deal 6, discard 3",6,10000000,23260935,Flush (See),Flush A-J-6 ♦,"(2, 14, 11, 6, 2)",1,8149,0.04002747,23605,0.039342,23.5115,11.39,5.5115,2.6816
discard3,"Deal 6, discard 3",6,10000000,23260935,Flush (See),Flush A-J-6 ♣,"(2, 14, 11, 6, 1)",1,8148,0.04002256,24134,0.040223,23.5585,11.4013,5.4777,2.5773
discard3,"Deal 6, discard 3",6,10000000,23260935,Flush (See),Flush A-J-5 ♠,"(2, 14, 11, 5, 4)",1,7440,0.0365449,22092,0.03682,23.6108,11.4598,5.5359,2.6571
discard3,"Deal 6, discard 3",6,10000000,23260935,Flush (See),Flush A-J-5 ♥,"(2, 14, 11, 5, 3)",1,7439,0.03653998,21935,0.036558,23.2956,11.2929,5.4962,2.6761
discard3,"Deal 6, discard 3",6,10000000,23260935,Flush (See),Flush A-J-5 ♦,"(2, 14, 11, 5, 2)",1,7438,0.03653507,21934,0.036557,23.5338,11.4452,5.5886,2.7446
discard3,"Deal 6, discard 3",6,10000000,23260935,Flush (See),Flush A-J-5 ♣,"(2, 14, 11, 5, 1)",1,7437,0.03653016,21839,0.036398,23.0148,11.0147,5.2713,2.4818
discard3,"Deal 6, discard 3",6,10000000,23260935,Flush (See),Flush A-J-4 ♠,"(2, 14, 11, 4, 4)",1,7218,0.03545444,21074,0.035123,23.1304,11.1075,5.345,2.5814
discard3,"Deal 6, discard 3",6,10000000,23260935,Flush (See),Flush A-J-4 ♥,"(2, 14, 11, 4, 3)",1,7217,0.03544953,21636,0.03606,23.2159,11.168,5.3679,2.5605
discard3,"Deal 6, discard 3",6,10000000,23260935,Flush (See),Flush A-J-4 ♦,"(2, 14, 11, 4, 2)",1,7216,0.03544462,21388,0.035647,23.4169,11.2834,5.3834,2.5108
discard3,"Deal 6, discard 3",6,10000000,23260935,Flush (See),Flush A-J-4 ♣,"(2, 14, 11, 4, 1)",1,7215,0.03543971,21313,0.035522,23.2422,11.1411,5.3123,2.4961
discard3,"Deal 6, discard 3",6,10000000,23260935,Flush (See),Flush A-J-3 ♠,"(2, 14, 11, 3, 4)",1,4956,0.02434362,14483,0.024138,23.587,11.3844,5.4201,2.5202
discard3,"Deal 6, discard 3",6,10000000,23260935,Flush (See),Flush A-J-3 ♥,"(2, 14, 11, 3, 3)",1,4955,0.0243387,14659,0.024432,23.784,11.5861,5.6225,2.6946
discard3,"Deal 6, discard 3",6,10000000,23260935,Flush (See),Flush A-J-3 ♦,"(2, 14, 11, 3, 2)",1,4954,0.02433379,14386,0.023977,23.8093,11.5557,5.5971,2.7457
discard3,"Deal 6, discard 3",6,10000000,23260935,Flush (See),Flush A-J-3 ♣,"(2, 14, 11, 3, 1)",1,4953,0.02432888,14485,0.024142,23.2523,11.0507,5.1253,2.2644
discard3,"Deal 6, discard 3",6,10000000,23260935,Flush (See),Flush A-J-2 ♠,"(2, 14, 11, 2, 4)",1,5217,0.02562563,15312,0.02552,22.645,10.7445,5.0562,2.3511
discard3,"Deal 6, discard 3",6,10000000,23260935,Flush (See),Flush A-J-2 ♥,"(2, 14, 11, 2, 3)",1,5216,0.02562072,15392,0.025653,22.4838,10.5704,4.9701,2.3584
discard3,"Deal 6, discard 3",6,10000000,23260935,Flush (See),Flush A-J-2 ♦,"(2, 14, 11, 2, 2)",1,5215,0.02561581,15456,0.02576,22.4017,10.6541,5.1346,2.5298
discard3,"Deal 6, discard 3",6,10000000,23260935,Flush (See),Flush A-J-2 ♣,"(2, 14, 11, 2, 1)",1,5214,0.0256109,15324,0.02554,22.1718,10.5612,5.1227,2.532
discard3,"Deal 6, discard 3",6,10000000,23260935,Flush (See),Flush A-10-9 ♠,"(2, 14, 10, 9, 4)",1,7687,0.03775815,22612,0.037687,21.0587,9.5847,4.2685,1.8618
discard3,"Deal 6, discard 3",6,10000000,23260935,Flush (See),Flush A-10-9 ♥,"(2, 14, 10, 9, 3)",1,7686,0.03775324,22915,0.038192,20.8806,9.4829,4.2487,1.846
discard3,"Deal 6, discard 3",6,10000000,23260935,Flush (See),Flush A-10-9 ♦,"(2, 14, 10, 9, 2)",1,7685,0.03774832,22684,0.037807,21.1109,9.6513,4.359,1.9044
discard3,"Deal 6, discard 3",6,10000000,23260935,Flush (See),Flush A-10-9 ♣,"(2, 14, 10, 9, 1)",1,7684,0.03774341,22306,0.037177,20.9814,9.5351,4.3244,1.977
discard3,"Deal 6, discard 3",6,10000000,23260935,Flush (See),Flush A-10-8 ♠,"(2, 14, 10, 8, 4)",1,9037,0.04438928,26531,0.044218,21.2499,9.6713,4.3542,1.9449
discard3,"Deal 6, discard 3",6,10000000,23260935,Flush (See),Flush A-10-8 ♥,"(2, 14, 10, 8, 3)",1,9036,0.04438437,26573,0.044288,21.5749,9.9661,4.5324,2.0096
discard3,"Deal 6, discard 3",6,10000000,23260935,Flush (See),Flush A-10-8 ♦,"(2, 14, 10, 8, 2)",1,9035,0.04437945,26566,0.044277,21.1782,9.6334,4.3175,1.8633
discard3,"Deal 6, discard 3",6,10000000,23260935,Flush (See),Flush A-10-8 ♣,"(2, 14, 10, 8, 1)",1,9034,0.04437454,26850,0.04475,21.3549,9.8358,4.5244,2.0894
discard3,"Deal 6, discard 3",6,10000000,23260935,Flush (See),Flush A-10-7 ♠,"(2, 14, 10, 7, 4)",1,9681,0.04755257,28554,0.04759,21.3357,9.7577,4.4071,1.9612
discard3,"Deal 6, discard 3",6,10000000,23260935,Flush (See),Flush A-10-7 ♥,"(2, 14, 10, 7, 3)",1,9680,0.04754766,28609,0.047682,21.1524,9.6641,4.4056,2.0168
discard3,"Deal 6, discard 3",6,10000000,23260935,Flush (See),Flush A-10-7 ♦,"(2, 14, 10, 7, 2)",1,9679,0.04754275,28334,0.047223,21.291,9.736,4.4357,2.0082
discard3,"Deal 6, discard 3",6,10000000,23260935,Flush (See),Flush A-10-7 ♣,"(2, 14, 10, 7, 1)",1,9678,0.04753784,28576,0.047627,21.2105,9.7393,4.5024,2.0857
discard3,"Deal 6, discard 3",6,10000000,23260935,Flush (See),Flush A-10-6 ♠,"(2, 14, 10, 6, 4)",1,8607,0.04227714,25271,0.042118,20.9996,9.4844,4.1985,1.7767
discard3,"Deal 6, discard 3",6,10000000,23260935,Flush (See),Flush A-10-6 ♥,"(2, 14, 10, 6, 3)",1,8606,0.04227223,25362,0.04227,20.8292,9.4827,4.2946,1.8887
discard3,"Deal 6, discard 3",6,10000000,23260935,Flush (See),Flush A-10-6 ♦,"(2, 14, 10, 6, 2)",1,8605,0.04226732,25290,0.04215,20.9569,9.5386,4.3037,1.9296
discard3,"Deal 6, discard 3",6,10000000,23260935,Flush (See),Flush A-10-6 ♣,"(2, 14, 10, 6, 1)",1,8604,0.0422624,25478,0.042463,20.9051,9.5239,4.3041,1.9193
discard3,"Deal 6, discard 3",6,10000000,23260935,Flush (See),Flush A-10-5 ♠,"(2, 14, 10, 5, 4)",1,7881,0.03871107,23157,0.038595,21.3776,9.8173,4.4488,1.9303
discard3,"Deal 6, discard 3",6,10000000,23260935,Flush (See),Flush A-10-5 ♥,"(2, 14, 10, 5, 3)",1,7880,0.03870615,23053,0.038422,20.96,9.5714,4.3517,1.9867
discard3,"Deal 6, discard 3",6,10000000,23260935,Flush (See),Flush A-10-5 ♦,"(2, 14, 10, 5, 2)",1,7879,0.03870124,23340,0.0389,21.009,9.6075,4.4302,2.138
discard3,"Deal 6, discard 3",6,10000000,23260935,Flush (See),Flush A-10-5 ♣,"(2, 14, 10, 5, 1)",1,7878,0.03869633,23147,0.038578,20.7906,9.409,4.226,1.8447
discard3,"Deal 6, discard 3",6,10000000,23260935,Flush (See),Flush A-10-4 ♠,"(2, 14, 10, 4, 4)",1,7644,0.03754693,22656,0.03776,21.062,9.5873,4.3203,1.9156
discard3,"Deal 6, discard 3",6,10000000,23260935,Flush (See),Flush A-10-4 ♥,"(2, 14, 10, 4, 3)",1,7643,0.03754202,22310,0.037183,21.0372,9.5858,4.3209,1.9139
discard3,"Deal 6, discard 3",6,10000000,23260935,Flush (See),Flush A-10-4 ♦,"(2, 14, 10, 4, 2)",1,7642,0.03753711,22636,0.037727,20.9799,9.4827,4.2605,1.904
discard3,"Deal 6, discard 3",6,10000000,23260935,Flush (See),Flush A-10-4 ♣,"(2, 14, 10, 4, 1)",1,7641,0.0375322,22492,0.037487,20.9306,9.4371,4.1882,1.814
discard3,"Deal 6, discard 3",6,10000000,23260935,Flush (See),Flush A-10-3 ♠,"(2, 14, 10, 3, 4)",1,5310,0.02608245,15781,0.026302,21.3066,9.815,4.5232,2.0594
discard3,"Deal 6, discard 3",6,10000000,23260935,Flush (See),Flush A-10-3 ♥,"(2, 14, 10, 3, 3)",1,5309,0.02607753,15626,0.026043,20.9158,9.4247,4.1623,1.7599
discard3,"Deal 6, discard 3",6,10000000,23260935,Flush (See),Flush A-10-3 ♦,"(2, 14, 10, 3, 2)",1,5308,0.02607262,15776,0.026293,21.1403,9.5322,4.1684,1.7432
discard3,"Deal 6, discard 3",6,10000000,23260935,Flush (See),Flush A-10-3 ♣,"(2, 14, 10, 3, 1)",1,5307,0.02606771,15804,0.02634,21.1744,9.7229,4.49,2.1134
discard3,"Deal 6, discard 3",6,10000000,23260935,Flush (See),Flush A-10-2 ♠,"(2, 14, 10, 2, 4)",1,5571,0.02736446,16365,0.027275,20.3251,9.1262,4.0965,1.8393
discard3,"Deal 6, discard 3",6,10000000,23260935,Flush (See),Flush A-10-2 ♥,"(2, 14, 10, 2, 3)",1,5570,0.02735955,16203,0.027005,20.3141,9.1076,4.061,1.7713
discard3,"Deal 6, discard 3",6,10000000,23260935,Flush (See),Flush A-10-2 ♦,"(2, 14, 10, 2, 2)",1,5569,0.02735464,16549,0.027582,20.0931,8.9727,3.9761,1.7645
discard3,"Deal 6, discard 3",6,10000000,23260935,Flush (See),Flush A-10-2 ♣,"(2, 14, 10, 2, 1)",1,5568,0.02734973,16295,0.027158,20.1166,8.9911,3.9828,1.6815
discard3,"Deal 6, discard 3",6,10000000,23260935,Flush (See),Flush A-9-8 ♠,"(2, 14, 9, 8, 4)",1,7028,0.03452117,20699,0.034498,20.8764,9.429,4.1944,1.8358
discard3,"Deal 6, discard 3",6,10000000,23260935,Flush (See),Flush A-9-8 ♥,"(2, 14, 9, 8, 3)",1,7027,0.03451626,20731,0.034552,20.8229,9.3773,4.1358,1.7558
discard3,"Deal 6, discard 3",6,10000000,23260935,Flush (See),Flush A-9-8 ♦,"(2, 14, 9, 8, 2)",1,7026,0.03451135,20661,0.034435,20.4995,9.1733,4.0705,1.8102
discard3,"Deal 6, discard 3",6,10000000,23260935,Flush (See),Flush A-9-8 ♣,"(2, 14, 9, 8, 1)",1,7025,0.03450644,20701,0.034502,20.5468,9.1884,4.0578,1.7729
discard3,"Deal 6, discard 3",6,10000000,23260935,Flush (See),Flush A-9-7 ♠,"(2, 14, 9, 7, 4)",1,8277,0.0406562,24273,0.040455,20.5434,9.23,4.0918,1.7921
discard3,"Deal 6, discard 3",6,10000000,23260935,Flush (See),Flush A-9-7 ♥,"(2, 14, 9, 7, 3)",1,8276,0.04065129,24435,0.040725,20.8557,9.4381,4.2423,1.8948
discard3,"Deal 6, discard 3",6,10000000,23260935,Flush (See),Flush A-9-7 ♦,"(2, 14, 9, 7, 2)",1,8275,0.04064637,24452,0.040753,20.5096,9.277,4.1739,1.8322
discard3,"Deal 6, discard 3",6,10000000,23260935,Flush (See),Flush A-9-7 ♣,"(2, 14, 9, 7, 1)",1,8274,0.04064146,24565,0.040942,20.7617,9.3161,4.1278,1.8197
discard3,"Deal 6, discard 3",6,10000000,23260935,Flush (See),Flush A-9-6 ♠,"(2, 14, 9, 6, 4)",1,8865,0.04354442,26248,0.043747,20.429,9.1279,4.0323,1.7525
discard3,"Deal 6, discard 3",6,10000000,23260935,Flush (See),Flush A-9-6 ♥,"(2, 14, 9, 6, 3)",1,8864,0.04353951,26038,0.043397,20.7401,9.3909,4.2277,1.8819
discard3,"Deal 6, discard 3",6,10000000,23260935,Flush (See),Flush A-9-6 ♦,"(2, 14, 9, 6, 2)",1,8863,0.0435346,26230,0.043717,20.8563,9.5025,4.2989,1.9215
discard3,"Deal 6, discard 3",6,10000000,23260935,Flush (See),Flush A-9-6 ♣,"(2, 14, 9, 6, 1)",1,8862,0.04352969,26196,0.04366,20.6127,9.2862,4.1487,1.8438
discard3,"Deal 6, discard 3",6,10000000,23260935,Flush (See),Flush A-9-5 ♠,"(2, 14, 9, 5, 4)",1,7842,0.0385195,22867,0.038112,20.5628,9.369,4.2953,2.016
discard3,"Deal 6, discard 3",6,10000000,23260935,Flush (See),Flush A-9-5 ♥,"(2, 14, 9, 5, 3)",1,7841,0.03851459,22972,0.038287,20.6312,9.32,4.1703,1.7891
discard3,"Deal 6, discard 3",6,10000000,23260935,Flush (See),Flush A-9-5 ♦,"(2, 14, 9, 5, 2)",1,7840,0.03850968,23182,0.038637,20.368,9.0928,4.0454,1.8204
discard3,"Deal 6, discard 3",6,10000000,23260935,Flush (See),Flush A-9-5 ♣,"(2, 14, 9, 5, 1)",1,7839,0.03850476,22982,0.038303,20.5043,9.2842,4.2024,1.8797
discard3,"Deal 6, discard 3",6,10000000,23260935,Flush (See),Flush A-9-4 ♠,"(2, 14, 9, 4, 4)",1,7605,0.03735537,22277,0.037128,20.0633,8.8701,3.8793,1.6923
discard3,"Deal 6, discard 3",6,10000000,23260935,Flush (See),Flush A-9-4 ♥,"(2, 14, 9, 4, 3)",1,7604,0.03735046,22181,0.036968,20.4274,9.1312,4.0404,1.7583
discard3,"Deal 6, discard 3",6,10000000,23260935,Flush (See),Flush A-9-4 ♦,"(2, 14, 9, 4, 2)",1,7603,0.03734554,22497,0.037495,20.3512,9.1759,4.141,1.8714
discard3,"Deal 6, discard 3",6,10000000,23260935,Flush (See),Flush A-9-4 ♣,"(2, 14, 9, 4, 1)",1,7602,0.03734063,22270,0.037117,20.4194,9.1679,4.0656,1.7333
discard3,"Deal 6, discard 3",6,10000000,23260935,Flush (See),Flush A-9-3 ♠,"(2, 14, 9, 3, 4)",1,5274,0.02590562,15365,0.025608,20.7582,9.4084,4.2655,1.9915
discard3,"Deal 6, discard 3",6,10000000,23260935,Flush (See),Flush A-9-3 ♥,"(2, 14, 9, 3, 3)",1,5273,0.0259007,15333,0.025555,20.5791,9.2115,4.071,1.7479
discard3,"Deal 6, discard 3",6,10000000,23260935,Flush (See),Flush A-9-3 ♦,"(2, 14, 9, 3, 2)",1,5272,0.02589579,15463,0.025772,20.5277,9.2052,4.1363,1.8884
discard3,"Deal 6, discard 3",6,10000000,23260935,Flush (See),Flush A-9-3 ♣,"(2, 14, 9, 3, 1)",1,5271,0.02589088,15526,0.025877,20.7304,9.477,4.3334,1.958
discard3,"Deal 6, discard 3",6,10000000,23260935,Flush (See),Flush A-9-2 ♠,"(2, 14, 9, 2, 4)",1,5535,0.02718763,16244,0.027073,19.9551,8.8796,3.919,1.7237
discard3,"Deal 6, discard 3",6,10000000,23260935,Flush (See),Flush A-9-2 ♥,"(2, 14, 9, 2, 3)",1,5534,0.02718272,16140,0.0269,19.518,8.5347,3.6815,1.5242
discard3,"Deal 6, discard 3",6,10000000,23260935,Flush (See),Flush A-9-2 ♦,"(2, 14, 9, 2, 2)",1,5533,0.02717781,16326,0.02721,19.6362,8.7333,3.914,1.7396
discard3,"Deal 6, discard 3",6,10000000,23260935,Flush (See),Flush A-9-2 ♣,"(2, 14, 9, 2, 1)",1,5532,0.0271729,16503,0.027505,19.4831,8.4997,3.683,1.6118
discard3,"Deal 6, discard 3",6,10000000,23260935,Flush (See),Flush A-8-7 ♠,"(2, 14, 8, 7, 4)",1,6418,0.03152488,18874,0.031457,20.3009,9.1205,4.0627,1.7537
discard3,"Deal 6, discard 3",6,10000000,23260935,Flush (See),Flush A-8-7 ♥,"(2, 14, 8, 7, 3)",1,6417,0.03151997,18895,0.031492,19.8799,8.733,3.7798,1.6089
discard3,"Deal 6, discard 3",6,10000000,23260935,Flush (See),Flush A-8-7 ♦,"(2, 14, 8, 7, 2)",1,6416,0.03151506,18888,0.03148,19.712,8.7066,3.8681,1.7101
discard3,"Deal 6, discard 3",6,10000000,23260935,Flush (See),Flush A-8-7 ♣,"(2, 14, 8, 7, 1)",1,6415,0.03151015,19097,0.031828,19.9702,8.7783,3.8058,1.6599
discard3,"Deal 6, discard 3",6,10000000,23260935,Flush (See),Flush A-8-6 ♠,"(2, 14, 8, 6, 4)",1,7578,0.03722275,22021,0.036702,19.9955,8.8783,3.9553,1.7892
discard3,"Deal 6, discard 3",6,10000000,23260935,Flush (See),Flush A-8-6 ♥,"(2, 14, 8, 6, 3)",1,7577,0.03721783,22216,0.037027,20.0284,8.8643,3.8945,1.6925
discard3,"Deal 6, discard 3",6,10000000,23260935,Flush (See),Flush A-8-6 ♦,"(2, 14, 8, 6, 2)",1,7576,0.03721292,22575,0.037625,19.8432,8.7849,3.8272,1.6213
discard3,"Deal 6, discard 3",6,10000000,23260935,Flush (See),Flush A-8-6 ♣,"(2, 14, 8, 6, 1)",1,7575,0.03720801,22044,0.03674,20.0327,8.8704,3.9067,1.7057
discard3,"Deal 6, discard 3",6,10000000,23260935,Flush (See),Flush A-8-5 ♠,"(2, 14, 8, 5, 4)",1,8112,0.03984573,23973,0.039955,19.9975,8.9017,3.9553,1.7228
discard3,"Deal 6, discard 3",6,10000000,23260935,Flush (See),Flush A-8-5 ♥,"(2, 14, 8, 5, 3)",1,8111,0.03984081,23942,0.039903,19.8914,8.7783,3.8435,1.7083
discard3,"Deal 6, discard 3",6,10000000,23260935,Flush (See),Flush A-8-5 ♦,"(2, 14, 8, 5, 2)",1,8110,0.0398359,23882,0.039803,20.0415,8.9762,4.0424,1.8466
discard3,"Deal 6, discard 3",6,10000000,23260935,Flush (See),Flush A-8-5 ♣,"(2, 14, 8, 5, 1)",1,8109,0.03983099,23903,0.039838,20.1305,8.9378,3.9568,1.7697
discard3,"Deal 6, discard 3",6,10000000,23260935,Flush (See),Flush A-8-4 ♠,"(2, 14, 8, 4, 4)",1,7587,0.03726695,22426,0.037377,20.1654,8.9989,3.9757,1.7747
discard3,"Deal 6, discard 3",6,10000000,23260935,Flush (See),Flush A-8-4 ♥,"(2, 14, 8, 4, 3)",1,7586,0.03726204,22391,0.037318,20.0616,8.8955,3.881,1.6391
discard3,"Deal 6, discard 3",6,10000000,23260935,Flush (See),Flush A-8-4 ♦,"(2, 14, 8, 4, 2)",1,7585,0.03725713,22158,0.03693,19.9558,8.8875,3.9354,1.733
discard3,"Deal 6, discard 3",6,10000000,23260935,Flush (See),Flush A-8-4 ♣,"(2, 14, 8, 4, 1)",1,7584,0.03725222,22431,0.037385,19.5689,8.4441,3.5665,1.4355
discard3,"Deal 6, discard 3",6,10000000,23260935,Flush (See),Flush A-8-3 ♠,"(2, 14, 8, 3, 4)",1,5259,0.02583194,15600,0.026,20.1115,8.9314,3.8782,1.5705
discard3,"Deal 6, discard 3",6,10000000,23260935,Flush (See),Flush A-8-3 ♥,"(2, 14, 8, 3, 3)",1,5258,0.02582702,15669,0.026115,19.9943,8.8672,3.8867,1.6721
discard3,"Deal 6, discard 3",6,10000000,23260935,Flush (See),Flush A-8-3 ♦,"(2, 14, 8, 3, 2)",1,5257,0.02582211,15611,0.026018,19.9693,8.895,3.9664,1.7936
discard3,"Deal 6, discard 3",6,10000000,23260935,Flush (See),Flush A-8-3 ♣,"(2, 14, 8, 3, 1)",1,5256,0.0258172,15496,0.025827,19.9045,8.7532,3.7958,1.6391
discard3,"Deal 6, discard 3",6,10000000,23260935,Flush (See),Flush A-8-2 ♠,"(2, 14, 8, 2, 4)",1,5520,0.02711396,16400,0.027333,19.0951,8.3378,3.6598,1.6585
discard3,"Deal 6, discard 3",6,10000000,23260935,Flush (See),Flush A-8-2 ♥,"(2, 14, 8, 2, 3)",1,5519,0.02710904,16332,0.02722,19.0546,8.2409,3.5587,1.5246
discard3,"Deal 6, discard 3",6,10000000,23260935,Flush (See),Flush A-8-2 ♦,"(2, 14, 8, 2, 2)",1,5518,0.02710413,16194,0.02699,19.0762,8.2975,3.6038,1.5561
discard3,"Deal 6, discard 3",6,10000000,23260935,Flush (See),Flush A-8-2 ♣,"(2, 14, 8, 2, 1)",1,5517,0.02709922,16068,0.02678,19.2563,8.4342,3.7192,1.6866
discard3,"Deal 6, discard 3",6,10000000,23260935,Flush (See),Flush A-7-6 ♠,"(2, 14, 7, 6, 4)",1,5847,0.02872016,17444,0.029073,19.378,8.4694,3.6574,1.5593
discard3,"Deal 6, discard 3",6,10000000,23260935,Flush (See),Flush A-7-6 ♥,"(2, 14, 7, 6, 3)",1,5846,0.02871525,16933,0.028222,19.25,8.3476,3.5741,1.5
discard3,"Deal 6, discard 3",6,10000000,23260935,Flush (See),Flush A-7-6 ♦,"(2, 14, 7, 6, 2)",1,5845,0.02871034,17090,0.028483,19.5571,8.5834,3.7215,1.5682
discard3,"Deal 6, discard 3",6,10000000,23260935,Flush (See),Flush A-7-6 ♣,"(2, 14, 7, 6, 1)",1,5844,0.02870543,17339,0.028898,19.4625,8.5224,3.728,1.6668
discard3,"Deal 6, discard 3",6,10000000,23260935,Flush (See),Flush A-7-5 ♠,"(2, 14, 7, 5, 4)",1,6921,0.03399559,20434,0.034057,19.5087,8.5832,3.779,1.6982
discard3,"Deal 6, discard 3",6,10000000,23260935,Flush (See),Flush A-7-5 ♥,"(2, 14, 7, 5, 3)",1,6920,0.03399068,20572,0.034287,19.5999,8.5981,3.7371,1.6138
discard3,"Deal 6, discard 3",6,10000000,23260935,Flush (See),Flush A-7-5 ♦,"(2, 14, 7, 5, 2)",1,6919,0.03398577,20276,0.033793,19.3386,8.4834,3.7256,1.6177
discard3,"Deal 6, discard 3",6,10000000,23260935,Flush (See),Flush A-7-5 ♣,"(2, 14, 7, 5, 1)",1,6918,0.03398086,20254,0.033757,19.3503,8.4551,3.6615,1.5404
discard3,"Deal 6, discard 3",6,10000000,23260935,Flush (See),Flush A-7-4 ♠,"(2, 14, 7, 4, 4)",1,7851,0.03856371,23054,0.038423,19.5719,8.5833,3.7633,1.6657
discard3,"Deal 6, discard 3",6,10000000,23260935,Flush (See),Flush A-7-4 ♥,"(2, 14, 7, 4, 3)",1,7850,0.0385588,23321,0.038868,19.4597,8.4983,3.7091,1.6423
discard3,"Deal 6, discard 3",6,10000000,23260935,Flush (See),Flush A-7-4 ♦,"(2, 14, 7, 4, 2)",1,7849,0.03855388,23018,0.038363,19.271,8.3665,3.5494,1.4337
discard3,"Deal 6, discard 3",6,10000000,23260935,Flush (See),Flush A-7-4 ♣,"(2, 14, 7, 4, 1)",1,7848,0.03854897,23194,0.038657,19.5232,8.5082,3.657,1.5349
discard3,"Deal 6, discard 3",6,10000000,23260935,Flush (See),Flush A-7-3 ♠,"(2, 14, 7, 3, 4)",1,5247,0.02577299,15498,0.02583,19.418,8.5179,3.7205,1.626
discard3,"Deal 6, discard 3",6,10000000,23260935,Flush (See),Flush A-7-3 ♥,"(2, 14, 7, 3, 3)",1,5246,0.02576808,15627,0.026045,19.4541,8.4117,3.5208,1.4014
discard3,"Deal 6, discard 3",6,10000000,23260935,Flush (See),Flush A-7-3 ♦,"(2, 14, 7, 3, 2)",1,5245,0.02576317,15493,0.025822,19.3868,8.4774,3.7152,1.6201
discard3,"Deal 6, discard 3",6,10000000,23260935,Flush (See),Flush A-7-3 ♣,"(2, 14, 7, 3, 1)",1,5244,0.02575826,15585,0.025975,19.4296,8.428,3.5483,1.4373
discard3,"Deal 6, discard 3",6,10000000,23260935,Flush (See),Flush A-7-2 ♠,"(2, 14, 7, 2, 4)",1,5508,0.02705501,16145,0.026908,18.7674,8.0762,3.4326,1.437
discard3,"Deal 6, discard 3",6,10000000,23260935,Flush (See),Flush A-7-2 ♥,"(2, 14, 7, 2, 3)",1,5507,0.0270501,16182,0.02697,18.6701,7.9131,3.2814,1.3101
discard3,"Deal 6, discard 3",6,10000000,23260935,Flush (See),Flush A-7-2 ♦,"(2, 14, 7, 2, 2)",1,5506,0.02704519,16147,0.026912,18.775,8.0213,3.3715,1.3749
discard3,"Deal 6, discard 3",6,10000000,23260935,Flush (See),Flush A-7-2 ♣,"(2, 14, 7, 2, 1)",1,5505,0.02704028,16372,0.027287,18.8651,8.1487,3.4657,1.4109
discard3,"Deal 6, discard 3",6,10000000,23260935,Flush (See),Flush A-6-5 ♠,"(2, 14, 6, 5, 4)",1,5250,0.02578773,15425,0.025708,19.06,8.1686,3.3686,1.3096
discard3,"Deal 6, discard 3",6,10000000,23260935,Flush (See),Flush A-6-5 ♥,"(2, 14, 6, 5, 3)",1,5249,0.02578282,15216,0.02536,19.0609,8.263,3.5634,1.5181
discard3,"Deal 6, discard 3",6,10000000,23260935,Flush (See),Flush A-6-5 ♦,"(2, 14, 6, 5, 2)",1,5248,0.02577791,15203,0.025338,18.9667,8.1727,3.4835,1.4471
discard3,"Deal 6, discard 3",6,10000000,23260935,Flush (See),Flush A-6-5 ♣,"(2, 14, 6, 5, 1)",1,5247,0.02577299,15592,0.025987,18.9584,8.2029,3.5557,1.5136
discard3,"Deal 6, discard 3",6,10000000,23260935,Flush (See),Flush A-6-4 ♠,"(2, 14, 6, 4, 4)",1,6705,0.03293461,20069,0.033448,19.0612,8.2296,3.5408,1.5447
discard3,"Deal 6, discard 3",6,10000000,23260935,Flush (See),Flush A-6-4 ♥,"(2, 14, 6, 4, 3)",1,6704,0.0329297,19842,0.03307,18.9991,8.1917,3.4865,1.4363
discard3,"Deal 6, discard 3",6,10000000,23260935,Flush (See),Flush A-6-4 ♦,"(2, 14, 6, 4, 2)",1,6703,0.03292479,19799,0.032998,19.1161,8.2913,3.5143,1.4193
discard3,"Deal 6, discard 3",6,10000000,23260935,Flush (See),Flush A-6-4 ♣,"(2, 14, 6, 4, 1)",1,6702,0.03291988,19797,0.032995,19.014,8.2275,3.5339,1.4952
discard3,"Deal 6, discard 3",6,10000000,23260935,Flush (See),Flush A-6-3 ♠,"(2, 14, 6, 3, 4)",1,5472,0.02687818,16072,0.026787,19.137,8.274,3.5142,1.4248
discard3,"Deal 6, discard 3",6,10000000,23260935,Flush (See),Flush A-6-3 ♥,"(2, 14, 6, 3, 3)",1,5471,0.02687327,16077,0.026795,19.6741,8.7292,3.9323,1.922
discard3,"Deal 6, discard 3",6,10000000,23260935,Flush (See),Flush A-6-3 ♦,"(2, 14, 6, 3, 2)",1,5470,0.02686836,16160,0.026933,19.0433,8.1733,3.4641,1.4295
discard3,"Deal 6, discard 3",6,10000000,23260935,Flush (See),Flush A-6-3 ♣,"(2, 14, 6, 3, 1)",1,5469,0.02686345,16165,0.026942,19.6492,8.7677,3.9505,1.8435
discard3,"Deal 6, discard 3",6,10000000,23260935,Flush (See),Flush A-6-2 ♠,"(2, 14, 6, 2, 4)",1,5472,0.02687818,16305,0.027175,18.4422,7.8436,3.2824,1.3186
discard3,"Deal 6, discard 3",6,10000000,23260935,Flush (See),Flush A-6-2 ♥,"(2, 14, 6, 2, 3)",1,5471,0.02687327,16050,0.02675,18.3925,7.8212,3.2586,1.2773
discard3,"Deal 6, discard 3",6,10000000,23260935,Flush (See),Flush A-6-2 ♦,"(2, 14, 6, 2, 2)",1,5470,0.02686836,16221,0.027035,18.1616,7.7708,3.3512,1.4426
discard3,"Deal 6, discard 3",6,10000000,23260935,Flush (See),Flush A-6-2 ♣,"(2, 14, 6, 2, 1)",1,5469,0.02686345,16230,0.02705,18.4707,7.8879,3.337,1.4048
discard3,"Deal 6, discard 3",6,10000000,23260935,Flush (See),Flush A-5-4 ♠,"(2, 14, 5, 4, 4)",1,5154,0.02531618,14990,0.024983,18.7512,8.0554,3.4263,1.4209
discard3,"Deal 6, discard 3",6,10000000,23260935,Flush (See),Flush A-5-4 ♥,"(2, 14, 5, 4, 3)",1,5153,0.02531127,15353,0.025588,18.851,8.0968,3.4495,1.4329
discard3,"Deal 6, discard 3",6,10000000,23260935,Flush (See),Flush A-5-4 ♦,"(2, 14, 5, 4, 2)",1,5152,0.02530636,15239,0.025398,18.6817,8.0432,3.4372,1.4502
discard3,"Deal 6, discard 3",6,10000000,23260935,Flush (See),Flush A-5-4 ♣,"(2, 14, 5, 4, 1)",1,5151,0.02530145,15226,0.025377,18.6109,7.9699,3.4428,1.5368
discard3,"Deal 6, discard 3",6,10000000,23260935,Flush (See),Flush A-5-3 ♠,"(2, 14, 5, 3, 4)",1,4383,0.02152907,13063,0.021772,18.7614,7.9989,3.3882,1.4009
discard3,"Deal 6, discard 3",6,10000000,23260935,Flush (See),Flush A-5-3 ♥,"(2, 14, 5, 3, 3)",1,4382,0.02152416,13137,0.021895,19.1429,8.352,3.6264,1.5605
discard3,"Deal 6, discard 3",6,10000000,23260935,Flush (See),Flush A-5-3 ♦,"(2, 14, 5, 3, 2)",1,4381,0.02151925,12919,0.021532,19.3126,8.3838,3.587,1.4862
discard3,"Deal 6, discard 3",6,10000000,23260935,Flush (See),Flush A-5-3 ♣,"(2, 14, 5, 3, 1)",1,4380,0.02151433,12931,0.021552,18.8214,8.1046,3.5125,1.5621
discard3,"Deal 6, discard 3",6,10000000,23260935,Flush (See),Flush A-5-2 ♠,"(2, 14, 5, 2, 4)",1,5700,0.02799811,16731,0.027885,18.0635,7.5489,3.0841,1.2014
discard3,"Deal 6, discard 3",6,10000000,23260935,Flush (See),Flush A-5-2 ♥,"(2, 14, 5, 2, 3)",1,5699,0.02799319,16831,0.028052,18.2211,7.7268,3.244,1.3071
discard3,"Deal 6, discard 3",6,10000000,23260935,Flush (See),Flush A-5-2 ♦,"(2, 14, 5, 2, 2)",1,5698,0.02798828,16953,0.028255,18.1791,7.7485,3.2867,1.3803
discard3,"Deal 6, discard 3",6,10000000,23260935,Flush (See),Flush A-5-2 ♣,"(2, 14, 5, 2, 1)",1,5697,0.02798337,16845,0.028075,18.3081,7.8937,3.4538,1.5554
discard3,"Deal 6, discard 3",6,10000000,23260935,Flush (See),Flush A-4-3 ♠,"(2, 14, 4, 3, 4)",1,4614,0.02266373,13396,0.022327,18.8497,8.0897,3.4354,1.4333
discard3,"Deal 6, discard 3",6,10000000,23260935,Flush (See),Flush A-4-3 ♥,"(2, 14, 4, 3, 3)",1,4613,0.02265882,13760,0.022933,18.657,7.9666,3.3358,1.359
discard3,"Deal 6, discard 3",6,10000000,23260935,Flush (See),Flush A-4-3 ♦,"(2, 14, 4, 3, 2)",1,4612,0.02265391,13554,0.02259,18.6926,8.1474,3.5842,1.5641
discard3,"Deal 6, discard 3",6,10000000,23260935,Flush (See),Flush A-4-3 ♣,"(2, 14, 4, 3, 1)",1,4611,0.02264899,13526,0.022543,18.8208,8.1,3.4822,1.5452
discard3,"Deal 6, discard 3",6,10000000,23260935,Flush (See),Flush A-4-2 ♠,"(2, 14, 4, 2, 4)",1,5928,0.02911803,17469,0.029115,18.2958,7.7755,3.2812,1.351
discard3,"Deal 6, discard 3",6,10000000,23260935,Flush (See),Flush A-4-2 ♥,"(2, 14, 4, 2, 3)",1,5927,0.02911312,17503,0.029172,18.2483,7.7118,3.2006,1.2512
discard3,"Deal 6, discard 3",6,10000000,23260935,Flush (See),Flush A-4-2 ♦,"(2, 14, 4, 2, 2)",1,5926,0.02910821,17186,0.028643,17.896,7.4316,3.0211,1.1812
discard3,"Deal 6, discard 3",6,10000000,23260935,Flush (See),Flush A-4-2 ♣,"(2, 14, 4, 2, 1)",1,5925,0.02910329,17616,0.02936,17.9632,7.6073,3.238,1.4192
discard3,"Deal 6, discard 3",6,10000000,23260935,Flush (See),Flush K-Q-10 ♠,"(2, 13, 12, 10, 4)",1,5616,0.0275855,16554,0.02759,18.0023,7.7135,3.3104,1.4256
discard3,"Deal 6, discard 3",6,10000000,23260935,Flush (See),Flush K-Q-10 ♥,"(2, 13, 12, 10, 3)",1,5616,0.0275855,16625,0.027708,17.5747,7.3377,3.0568,1.3053
discard3,"Deal 6, discard 3",6,10000000,23260935,Flush (See),Flush K-Q-10 ♦,"(2, 13, 12, 10, 2)",1,5616,0.0275855,16465,0.027442,17.7953,7.5153,3.1728,1.324
discard3,"Deal 6, discard 3",6,10000000,23260935,Flush (See),Flush K-Q-10 ♣,"(2, 13, 12, 10, 1)",1,5616,0.0275855,16471,0.027452,17.7639,7.5502,3.2093,1.3418
discard3,"Deal 6, discard 3",6,10000000,23260935,Flush (See),Flush K-Q-9 ♠,"(2, 13, 12, 9, 4)",1,4835,0.02374927,14293,0.023822,17.7471,7.4785,3.1652,1.3573
discard3,"Deal 6, discard 3",6,10000000,23260935,Flush (See),Flush K-Q-9 ♥,"(2, 13, 12, 9, 3)",1,4835,0.02374927,14261,0.023768,17.9511,7.6033,3.2073,1.3814
discard3,"Deal 6, discard 3",6,10000000,23260935,Flush (See),Flush K-Q-9 ♦,"(2, 13, 12, 9, 2)",1,4835,0.02374927,14242,0.023737,17.7559,7.4919,3.1681,1.3551
discard3,"Deal 6, discard 3",6,10000000,23260935,Flush (See),Flush K-Q-9 ♣,"(2, 13, 12, 9, 1)",1,4835,0.02374927,14153,0.023588,17.7708,7.4988,3.1993,1.4414
discard3,"Deal 6, discard 3",6,10000000,23260935,Flush (See),Flush K-Q-8 ♠,"(2, 13, 12, 8, 4)",1,4180,0.02053194,12437,0.020728,17.6682,7.4375,3.1326,1.3347
discard3,"Deal 6, discard 3",6,10000000,23260935,Flush (See),Flush K-Q-8 ♥,"(2, 13, 12, 8, 3)",1,4180,0.02053194,12356,0.020593,17.8666,7.5364,3.213,1.4811
discard3,"Deal 6, discard 3",6,10000000,23260935,Flush (See),Flush K-Q-8 ♦,"(2, 13, 12, 8, 2)",1,4180,0.02053194,12264,0.02044,17.8938,7.5701,3.1703,1.2883
discard3,"Deal 6, discard 3",6,10000000,23260935,Flush (See),Flush K-Q-8 ♣,"(2, 13, 12, 8, 1)",1,4180,0.02053194,12143,0.020238,17.8465,7.5879,3.2216,1.2765
discard3,"Deal 6, discard 3",6,10000000,23260935,Flush (See),Flush K-Q-7 ♠,"(2, 13, 12, 7, 4)",1,3791,0.0186212,11303,0.018838,17.7643,7.5829,3.2982,1.4598
discard3,"Deal 6, discard 3",6,10000000,23260935,Flush (See),Flush K-Q-7 ♥,"(2, 13, 12, 7, 3)",1,3791,0.0186212,11127,0.018545,17.7865,7.5025,3.1491,1.3211
discard3,"Deal 6, discard 3",6,10000000,23260935,Flush (See),Flush K-Q-7 ♦,"(2, 13, 12, 7, 2)",1,3791,0.0186212,11365,0.018942,17.7862,7.4879,3.1342,1.267
discard3,"Deal 6, discard 3",6,10000000,23260935,Flush (See),Flush K-Q-7 ♣,"(2, 13, 12, 7, 1)",1,3791,0.0186212,11093,0.018488,17.4723,7.2667,2.9712,1.1539
discard3,"Deal 6, discard 3",6,10000000,23260935,Flush (See),Flush K-Q-6 ♠,"(2, 13, 12, 6, 4)",1,3406,0.0167301,9919,0.016532,17.8133,7.5643,3.2362,1.4014
discard3,"Deal 6, discard 3",6,10000000,23260935,Flush (See),Flush K-Q-6 ♥,"(2, 13, 12, 6, 3)",1,3406,0.0167301,10236,0.01706,17.4062,7.2509,3.0227,1.2407
discard3,"Deal 6, discard 3",6,10000000,23260935,Flush (See),Flush K-Q-6 ♦,"(2, 13, 12, 6, 2)",1,3406,0.0167301,10058,0.016763,17.586,7.3752,3.104,1.3522
discard3,"Deal 6, discard 3",6,10000000,23260935,Flush (See),Flush K-Q-6 ♣,"(2, 13, 12, 6, 1)",1,3406,0.0167301,9980,0.016633,17.9669,7.5701,3.1603,1.3226
discard3,"Deal 6, discard 3",6,10000000,23260935,Flush (See),Flush K-Q-5 ♠,"(2, 13, 12, 5, 4)",1,3051,0.01498635,8985,0.014975,17.172,7.0228,2.8292,1.1241
discard3,"Deal 6, discard 3",6,10000000,23260935,Flush (See),Flush K-Q-5 ♥,"(2, 13, 12, 5, 3)",1,3051,0.01498635,9011,0.015018,17.442,7.3,2.9852,1.1874
discard3,"Deal 6, discard 3",6,10000000,23260935,Flush (See),Flush K-Q-5 ♦,"(2, 13, 12, 5, 2)",1,3051,0.01498635,8920,0.014867,17.4462,7.2646,3.0404,1.2892
discard3,"Deal 6, discard 3",6,10000000,23260935,Flush (See),Flush K-Q-5 ♣,"(2, 13, 12, 5, 1)",1,3051,0.01498635,8995,0.014992,17.5842,7.4297,3.1795,1.3785
discard3,"Deal 6, discard 3",6,10000000,23260935,Flush (See),Flush K-Q-4 ♠,"(2, 13, 12, 4, 4)",1,2661,0.01307069,7917,0.013195,17.662,7.5458,3.2437,1.3642
discard3,"Deal 6, discard 3",6,10000000,23260935,Flush (See),Flush K-Q-4 ♥,"(2, 13, 12, 4, 3)",1,2661,0.01307069,7832,0.013053,17.8192,7.5741,3.1844,1.2768
discard3,"Deal 6, discard 3",6,10000000,23260935,Flush (See),Flush K-Q-4 ♦,"(2, 13, 12, 4, 2)",1,2661,0.01307069,7842,0.01307,17.7263,7.4751,3.0655,1.2114
discard3,"Deal 6, discard 3",6,10000000,23260935,Flush (See),Flush K-Q-4 ♣,"(2, 13, 12, 4, 1)",1,2661,0.01307069,7900,0.013167,17.9,7.6152,3.3038,1.481
discard3,"Deal 6, discard 3",6,10000000,23260935,Flush (See),Flush K-Q-3 ♠,"(2, 13, 12, 3, 4)",1,2619,0.01286439,7587,0.012645,17.7013,7.5155,3.2055,1.318
discard3,"Deal 6, discard 3",6,10000000,23260935,Flush (See),Flush K-Q-3 ♥,"(2, 13, 12, 3, 3)",1,2619,0.01286439,7678,0.012797,17.7598,7.4186,3.0763,1.3154
discard3,"Deal 6, discard 3",6,10000000,23260935,Flush (See),Flush K-Q-3 ♦,"(2, 13, 12, 3, 2)",1,2619,0.01286439,7748,0.012913,17.873,7.6174,3.2654,1.4197
discard3,"Deal 6, discard 3",6,10000000,23260935,Flush (See),Flush K-Q-3 ♣,"(2, 13, 12, 3, 1)",1,2619,0.01286439,7532,0.012553,17.5558,7.3593,3.1227,1.3542
discard3,"Deal 6, discard 3",6,10000000,23260935,Flush (See),Flush K-Q-2 ♠,"(2, 13, 12, 2, 4)",1,2502,0.01228969,7237,0.012062,17.0292,7.1121,2.993,1.3127
discard3,"Deal 6, discard 3",6,10000000,23260935,Flush (See),Flush K-Q-2 ♥,"(2, 13, 12, 2, 3)",1,2502,0.01228969,7538,0.012563,17.0815,7.2433,3.1547,1.4327
discard3,"Deal 6, discard 3",6,10000000,23260935,Flush (See),Flush K-Q-2 ♦,"(2, 13, 12, 2, 2)",1,2502,0.01228969,7426,0.012377,16.6725,6.8126,2.7848,1.1581
discard3,"Deal 6, discard 3",6,10000000,23260935,Flush (See),Flush K-Q-2 ♣,"(2, 13, 12, 2, 1)",1,2502,0.01228969,7386,0.01231,16.3945,6.5286,2.5751,1.0561
discard3,"Deal 6, discard 3",6,10000000,23260935,Flush (See),Flush K-J-10 ♠,"(2, 13, 11, 10, 4)",1,5412,0.02658346,15764,0.026273,18.1604,7.7969,3.357,1.44
discard3,"Deal 6, discard 3",6,10000000,23260935,Flush (See),Flush K-J-10 ♥,"(2, 13, 11, 10, 3)",1,5412,0.02658346,15915,0.026525,17.929,7.535,3.1631,1.3384
discard3,"Deal 6, discard 3",6,10000000,23260935,Flush (See),Flush K-J-10 ♦,"(2, 13, 11, 10, 2)",1,5412,0.02658346,15824,0.026373,17.9474,7.6567,3.276,1.4029
discard3,"Deal 6, discard 3",6,10000000,23260935,Flush (See),Flush K-J-10 ♣,"(2, 13, 11, 10, 1)",1,5412,0.02658346,15763,0.026272,17.8602,7.6267,3.2633,1.3893
discard3,"Deal 6, discard 3",6,10000000,23260935,Flush (See),Flush K-J-9 ♠,"(2, 13, 11, 9, 4)",1,5015,0.02463342,14992,0.024987,18.2004,7.7862,3.3111,1.4074
discard3,"Deal 6, discard 3",6,10000000,23260935,Flush (See),Flush K-J-9 ♥,"(2, 13, 11, 9, 3)",1,5015,0.02463342,14880,0.0248,17.963,7.5511,3.1559,1.3038
discard3,"Deal 6, discard 3",6,10000000,23260935,Flush (See),Flush K-J-9 ♦,"(2, 13, 11, 9, 2)",1,5015,0.02463342,14476,0.024127,17.7777,7.5021,3.1597,1.3125
discard3,"Deal 6, discard 3",6,10000000,23260935,Flush (See),Flush K-J-9 ♣,"(2, 13, 11, 9, 1)",1,5015,0.02463342,14731,0.024552,17.5684,7.3858,3.0928,1.2559
discard3,"Deal 6, discard 3",6,10000000,23260935,Flush (See),Flush K-J-8 ♠,"(2, 13, 11, 8, 4)",1,5599,0.027502,16274,0.027123,17.9065,7.5919,3.2321,1.3887
discard3,"Deal 6, discard 3",6,10000000,23260935,Flush (See),Flush K-J-8 ♥,"(2, 13, 11, 8, 3)",1,5599,0.027502,16437,0.027395,17.9984,7.704,3.3364,1.4905
discard3,"Deal 6, discard 3",6,10000000,23260935,Flush (See),Flush K-J-8 ♦,"(2, 13, 11, 8, 2)",1,5599,0.027502,16550,0.027583,17.7057,7.3372,2.9704,1.148
discard3,"Deal 6, discard 3",6,10000000,23260935,Flush (See),Flush K-J-8 ♣,"(2, 13, 11, 8, 1)",1,5599,0.027502,16532,0.027553,17.8151,7.555,3.2107,1.3247
discard3,"Deal 6, discard 3",6,10000000,23260935,Flush (See),Flush K-J-7 ♠,"(2, 13, 11, 7, 4)",1,4862,0.02388189,14493,0.024155,18.0184,7.6872,3.2567,1.3524
discard3,"Deal 6, discard 3",6,10000000,23260935,Flush (See),Flush K-J-7 ♥,"(2, 13, 11, 7, 3)",1,4862,0.02388189,14369,0.023948,17.8885,7.599,3.2514,1.3988
discard3,"Deal 6, discard 3",6,10000000,23260935,Flush (See),Flush K-J-7 ♦,"(2, 13, 11, 7, 2)",1,4862,0.02388189,14233,0.023722,17.5381,7.2775,3.0408,1.3138
discard3,"Deal 6, discard 3",6,10000000,23260935,Flush (See),Flush K-J-7 ♣,"(2, 13, 11, 7, 1)",1,4862,0.02388189,14363,0.023938,17.7177,7.3975,3.0384,1.1766
discard3,"Deal 6, discard 3",6,10000000,23260935,Flush (See),Flush K-J-6 ♠,"(2, 13, 11, 6, 4)",1,4390,0.02156345,12847,0.021412,17.6734,7.4492,3.1385,1.3544
discard3,"Deal 6, discard 3",6,10000000,23260935,Flush (See),Flush K-J-6 ♥,"(2, 13, 11, 6, 3)",1,4390,0.02156345,13071,0.021785,17.9061,7.535,3.1535,1.3159
discard3,"Deal 6, discard 3",6,10000000,23260935,Flush (See),Flush K-J-6 ♦,"(2, 13, 11, 6, 2)",1,4390,0.02156345,13256,0.022093,17.5626,7.2827,3.0115,1.2674
discard3,"Deal 6, discard 3",6,10000000,23260935,Flush (See),Flush K-J-6 ♣,"(2, 13, 11, 6, 1)",1,4390,0.02156345,12940,0.021567,17.6685,7.51,3.2148,1.3601
discard3,"Deal 6, discard 3",6,10000000,23260935,Flush (See),Flush K-J-5 ♠,"(2, 13, 11, 5, 4)",1,3951,0.01940711,11541,0.019235,17.5747,7.3503,3.0361,1.1611
discard3,"Deal 6, discard 3",6,10000000,23260935,Flush (See),Flush K-J-5 ♥,"(2, 13, 11, 5, 3)",1,3951,0.01940711,11646,0.01941,17.6224,7.4489,3.1444,1.3481
discard3,"Deal 6, discard 3",6,10000000,23260935,Flush (See),Flush K-J-5 ♦,"(2, 13, 11, 5, 2)",1,3951,0.01940711,11563,0.019272,17.959,7.6459,3.3019,1.5048
discard3,"Deal 6, discard 3",6,10000000,23260935,Flush (See),Flush K-J-5 ♣,"(2, 13, 11, 5, 1)",1,3951,0.01940711,11803,0.019672,17.4108,7.2219,2.906,1.1014
discard3,"Deal 6, discard 3",6,10000000,23260935,Flush (See),Flush K-J-4 ♠,"(2, 13, 11, 4, 4)",1,3525,0.01731462,10390,0.017317,17.7892,7.4572,3.0703,1.2416
discard3,"Deal 6, discard 3",6,10000000,23260935,Flush (See),Flush K-J-4 ♥,"(2, 13, 11, 4, 3)",1,3525,0.01731462,10347,0.017245,17.8854,7.5317,3.1681,1.3917
discard3,"Deal 6, discard 3",6,10000000,23260935,Flush (See),Flush K-J-4 ♦,"(2, 13, 11, 4, 2)",1,3525,0.01731462,10469,0.017448,17.6617,7.3913,3.1044,1.2991
discard3,"Deal 6, discard 3",6,10000000,23260935,Flush (See),Flush K-J-4 ♣,"(2, 13, 11, 4, 1)",1,3525,0.01731462,10574,0.017623,17.6811,7.3633,2.979,1.1159
discard3,"Deal 6, discard 3",6,10000000,23260935,Flush (See),Flush K-J-3 ♠,"(2, 13, 11, 3, 4)",1,3189,0.0156642,9454,0.015757,17.6602,7.4096,3.0929,1.2799
discard3,"Deal 6, discard 3",6,10000000,23260935,Flush (See),Flush K-J-3 ♥,"(2, 13, 11, 3, 3)",1,3189,0.0156642,9429,0.015715,17.6339,7.3741,3.0756,1.2409
discard3,"Deal 6, discard 3",6,10000000,23260935,Flush (See),Flush K-J-3 ♦,"(2, 13, 11, 3, 2)",1,3189,0.0156642,9613,0.016022,17.4566,7.1622,2.9023,1.1963
discard3,"Deal 6, discard 3",6,10000000,23260935,Flush (See),Flush K-J-3 ♣,"(2, 13, 11, 3, 1)",1,3189,0.0156642,9352,0.015587,17.3856,7.2648,3.0774,1.3152
discard3,"Deal 6, discard 3",6,10000000,23260935,Flush (See),Flush K-J-2 ♠,"(2, 13, 11, 2, 4)",1,3105,0.0152516,9101,0.015168,17.1959,7.2003,3.0238,1.1977
discard3,"Deal 6, discard 3",6,10000000,23260935,Flush (See),Flush K-J-2 ♥,"(2, 13, 11, 2, 3)",1,3105,0.0152516,9107,0.015178,16.9167,6.9792,2.8923,1.2079
discard3,"Deal 6, discard 3",6,10000000,23260935,Flush (See),Flush K-J-2 ♦,"(2, 13, 11, 2, 2)",1,3105,0.0152516,9253,0.015422,17.0139,6.9469,2.7861,1.0267
discard3,"Deal 6, discard 3",6,10000000,23260935,Flush (See),Flush K-J-2 ♣,"(2, 13, 11, 2, 1)",1,3105,0.0152516,9069,0.015115,16.7692,6.8762,2.8603,1.257
discard3,"Deal 6, discard 3",6,10000000,23260935,Flush (See),Flush K-10-9 ♠,"(2, 13, 10, 9, 4)",1,7693,0.03778762,22724,0.037873,16.7444,6.8742,2.8331,1.197
discard3,"Deal 6, discard 3",6,10000000,23260935,Flush (See),Flush K-10-9 ♥,"(2, 13, 10, 9, 3)",1,7692,0.03778271,22612,0.037687,16.5602,6.7057,2.6968,1.0614
discard3,"Deal 6, discard 3",6,10000000,23260935,Flush (See),Flush K-10-9 ♦,"(2, 13, 10, 9, 2)",1,7691,0.0377778,22886,0.038143,16.4861,6.7626,2.8218,1.2322
discard3,"Deal 6, discard 3",6,10000000,23260935,Flush (See),Flush K-10-9 ♣,"(2, 13, 10, 9, 1)",1,7690,0.03777288,22676,0.037793,16.4676,6.7252,2.7694,1.1775
discard3,"Deal 6, discard 3",6,10000000,23260935,Flush (See),Flush K-10-8 ♠,"(2, 13, 10, 8, 4)",1,8710,0.04278307,25286,0.042143,16.4273,6.5827,2.618,1.048
discard3,"Deal 6, discard 3",6,10000000,23260935,Flush (See),Flush K-10-8 ♥,"(2, 13, 10, 8, 3)",1,8709,0.04277816,25998,0.04333,16.7428,6.8186,2.7671,1.1309
discard3,"Deal 6, discard 3",6,10000000,23260935,Flush (See),Flush K-10-8 ♦,"(2, 13, 10, 8, 2)",1,8708,0.04277325,25816,0.043027,16.4998,6.6765,2.7115,1.104
discard3,"Deal 6, discard 3",6,10000000,23260935,Flush (See),Flush K-10-8 ♣,"(2, 13, 10, 8, 1)",1,8707,0.04276833,25800,0.043,16.3876,6.6217,2.676,1.1085
discard3,"Deal 6, discard 3",6,10000000,23260935,Flush (See),Flush K-10-7 ♠,"(2, 13, 10, 7, 4)",1,9359,0.04597093,27635,0.046058,16.5102,6.6394,2.6235,1.0277
discard3,"Deal 6, discard 3",6,10000000,23260935,Flush (See),Flush K-10-7 ♥,"(2, 13, 10, 7, 3)",1,9358,0.04596601,27537,0.045895,16.3024,6.5348,2.635,1.0858
discard3,"Deal 6, discard 3",6,10000000,23260935,Flush (See),Flush K-10-7 ♦,"(2, 13, 10, 7, 2)",1,9357,0.0459611,27428,0.045713,16.7081,6.8,2.7723,1.1412
discard3,"Deal 6, discard 3",6,10000000,23260935,Flush (See),Flush K-10-7 ♣,"(2, 13, 10, 7, 1)",1,9356,0.04595619,27596,0.045993,16.356,6.5948,2.6844,1.1161
discard3,"Deal 6, discard 3",6,10000000,23260935,Flush (See),Flush K-10-6 ♠,"(2, 13, 10, 6, 4)",1,8296,0.04074952,24594,0.04099,16.4398,6.6935,2.7478,1.1548
discard3,"Deal 6, discard 3",6,10000000,23260935,Flush (See),Flush K-10-6 ♥,"(2, 13, 10, 6, 3)",1,8295,0.04074461,24500,0.040833,16.531,6.7824,2.8302,1.2367
discard3,"Deal 6, discard 3",6,10000000,23260935,Flush (See),Flush K-10-6 ♦,"(2, 13, 10, 6, 2)",1,8294,0.0407397,24668,0.041113,16.418,6.6596,2.6999,1.1189
discard3,"Deal 6, discard 3",6,10000000,23260935,Flush (See),Flush K-10-6 ♣,"(2, 13, 10, 6, 1)",1,8293,0.04073479,24313,0.040522,16.2288,6.5533,2.6866,1.1722
discard3,"Deal 6, discard 3",6,10000000,23260935,Flush (See),Flush K-10-5 ♠,"(2, 13, 10, 5, 4)",1,7578,0.03722275,22558,0.037597,16.2084,6.5711,2.6181,0.9841
discard3,"Deal 6, discard 3",6,10000000,23260935,Flush (See),Flush K-10-5 ♥,"(2, 13, 10, 5, 3)",1,7577,0.03721783,22299,0.037165,16.3245,6.5913,2.6557,1.0583
discard3,"Deal 6, discard 3",6,10000000,23260935,Flush (See),Flush K-10-5 ♦,"(2, 13, 10, 5, 2)",1,7576,0.03721292,22398,0.03733,16.0805,6.4497,2.544,0.951
discard3,"Deal 6, discard 3",6,10000000,23260935,Flush (See),Flush K-10-5 ♣,"(2, 13, 10, 5, 1)",1,7575,0.03720801,22252,0.037087,16.2749,6.5846,2.6416,1.0246
discard3,"Deal 6, discard 3",6,10000000,23260935,Flush (See),Flush K-10-4 ♠,"(2, 13, 10, 4, 4)",1,6882,0.03380403,20353,0.033922,16.5695,6.7513,2.7357,1.1153
discard3,"Deal 6, discard 3",6,10000000,23260935,Flush (See),Flush K-10-4 ♥,"(2, 13, 10, 4, 3)",1,6881,0.03379912,20320,0.033867,16.3957,6.6112,2.6506,1.0581
discard3,"Deal 6, discard 3",6,10000000,23260935,Flush (See),Flush K-10-4 ♦,"(2, 13, 10, 4, 2)",1,6880,0.03379421,20300,0.033833,16.335,6.6138,2.6768,1.0739
discard3,"Deal 6, discard 3",6,10000000,23260935,Flush (See),Flush K-10-4 ♣,"(2, 13, 10, 4, 1)",1,6879,0.03378929,20079,0.033465,15.953,6.3091,2.5061,1.001
discard3,"Deal 6, discard 3",6,10000000,23260935,Flush (See),Flush K-10-3 ♠,"(2, 13, 10, 3, 4)",1,6363,0.03125473,18902,0.031503,16.2083,6.4998,2.6103,1.0316
discard3,"Deal 6, discard 3",6,10000000,23260935,Flush (See),Flush K-10-3 ♥,"(2, 13, 10, 3, 3)",1,6362,0.03124982,18495,0.030825,16.1341,6.4704,2.5975,1.0543
discard3,"Deal 6, discard 3",6,10000000,23260935,Flush (See),Flush K-10-3 ♦,"(2, 13, 10, 3, 2)",1,6361,0.0312449,18715,0.031192,16.0711,6.4344,2.5552,0.9297
discard3,"Deal 6, discard 3",6,10000000,23260935,Flush (See),Flush K-10-3 ♣,"(2, 13, 10, 3, 1)",1,6360,0.03123999,18787,0.031312,16.034,6.422,2.5635,1.0326
discard3,"Deal 6, discard 3",6,10000000,23260935,Flush (See),Flush K-10-2 ♠,"(2, 13, 10, 2, 4)",1,6153,0.03022322,18133,0.030222,15.3709,6.0735,2.4398,1.0147
discard3,"Deal 6, discard 3",6,10000000,23260935,Flush (See),Flush K-10-2 ♥,"(2, 13, 10, 2, 3)",1,6152,0.03021831,18143,0.030238,15.6523,6.1996,2.4748,0.9701
discard3,"Deal 6, discard 3",6,10000000,23260935,Flush (See),Flush K-10-2 ♦,"(2, 13, 10, 2, 2)",1,6151,0.03021339,18029,0.030048,15.6154,6.1163,2.3385,0.8653
discard3,"Deal 6, discard 3",6,10000000,23260935,Flush (See),Flush K-10-2 ♣,"(2, 13, 10, 2, 1)",1,6150,0.03020848,18024,0.03004,15.3218,5.9831,2.308,0.8156
discard3,"Deal 6, discard 3",6,10000000,23260935,Flush (See),Flush K-9-8 ♠,"(2, 13, 9, 8, 4)",1,6490,0.03187855,19104,0.03184,16.0364,6.4133,2.5691,1.0469
discard3,"Deal 6, discard 3",6,10000000,23260935,Flush (See),Flush K-9-8 ♥,"(2, 13, 9, 8, 3)",1,6489,0.03187363,19029,0.031715,15.6451,6.0944,2.3249,0.8671
discard3,"Deal 6, discard 3",6,10000000,23260935,Flush (See),Flush K-9-8 ♦,"(2, 13, 9, 8, 2)",1,6488,0.03186872,19064,0.031773,15.8372,6.1671,2.3741,0.9389
discard3,"Deal 6, discard 3",6,10000000,23260935,Flush (See),Flush K-9-8 ♣,"(2, 13, 9, 8, 1)",1,6487,0.03186381,19108,0.031847,15.8133,6.2592,2.488,0.9996
discard3,"Deal 6, discard 3",6,10000000,23260935,Flush (See),Flush K-9-7 ♠,"(2, 13, 9, 7, 4)",1,7736,0.03799883,22744,0.037907,15.9858,6.3735,2.5132,0.9321
discard3,"Deal 6, discard 3",6,10000000,23260935,Flush (See),Flush K-9-7 ♥,"(2, 13, 9, 7, 3)",1,7735,0.03799392,22910,0.038183,15.7695,6.2235,2.4086,0.873
discard3,"Deal 6, discard 3",6,10000000,23260935,Flush (See),Flush K-9-7 ♦,"(2, 13, 9, 7, 2)",1,7734,0.03798901,22617,0.037695,15.8885,6.3262,2.4999,0.9108
discard3,"Deal 6, discard 3",6,10000000,23260935,Flush (See),Flush K-9-7 ♣,"(2, 13, 9, 7, 1)",1,7733,0.0379841,22837,0.038062,15.8624,6.288,2.4793,0.9809
discard3,"Deal 6, discard 3",6,10000000,23260935,Flush (See),Flush K-9-6 ♠,"(2, 13, 9, 6, 4)",1,8278,0.04066111,24348,0.04058,15.9611,6.3118,2.4708,0.9693
discard3,"Deal 6, discard 3",6,10000000,23260935,Flush (See),Flush K-9-6 ♥,"(2, 13, 9, 6, 3)",1,8277,0.0406562,24522,0.04087,15.6023,6.1471,2.446,0.9828
discard3,"Deal 6, discard 3",6,10000000,23260935,Flush (See),Flush K-9-6 ♦,"(2, 13, 9, 6, 2)",1,8276,0.04065129,24563,0.040938,15.8902,6.3323,2.5518,1.0707
discard3,"Deal 6, discard 3",6,10000000,23260935,Flush (See),Flush K-9-6 ♣,"(2, 13, 9, 6, 1)",1,8275,0.04064637,24452,0.040753,15.602,6.1202,2.3818,0.8997
discard3,"Deal 6, discard 3",6,10000000,23260935,Flush (See),Flush K-9-5 ♠,"(2, 13, 9, 5, 4)",1,7275,0.03573442,21487,0.035812,15.8561,6.4392,2.6732,1.1309
discard3,"Deal 6, discard 3",6,10000000,23260935,Flush (See),Flush K-9-5 ♥,"(2, 13, 9, 5, 3)",1,7274,0.03572951,21627,0.036045,15.5065,6.0725,2.3665,0.9433
discard3,"Deal 6, discard 3",6,10000000,23260935,Flush (See),Flush K-9-5 ♦,"(2, 13, 9, 5, 2)",1,7273,0.0357246,21434,0.035723,15.7423,6.2513,2.511,1.0451
discard3,"Deal 6, discard 3",6,10000000,23260935,Flush (See),Flush K-9-5 ♣,"(2, 13, 9, 5, 1)",1,7272,0.03571969,21484,0.035807,15.4208,6.0329,2.3413,0.9077
discard3,"Deal 6, discard 3",6,10000000,23260935,Flush (See),Flush K-9-4 ♠,"(2, 13, 9, 4, 4)",1,6588,0.03235992,19340,0.032233,15.9338,6.2818,2.4436,0.9514
discard3,"Deal 6, discard 3",6,10000000,23260935,Flush (See),Flush K-9-4 ♥,"(2, 13, 9, 4, 3)",1,6587,0.032355,19378,0.032297,15.7374,6.1596,2.4172,1.0063
discard3,"Deal 6, discard 3",6,10000000,23260935,Flush (See),Flush K-9-4 ♦,"(2, 13, 9, 4, 2)",1,6586,0.03235009,19319,0.032198,15.7938,6.2296,2.4266,0.8955
discard3,"Deal 6, discard 3",6,10000000,23260935,Flush (See),Flush K-9-4 ♣,"(2, 13, 9, 4, 1)",1,6585,0.03234518,19238,0.032063,15.6316,6.1051,2.3225,0.8681
discard3,"Deal 6, discard 3",6,10000000,23260935,Flush (See),Flush K-9-3 ♠,"(2, 13, 9, 3, 4)",1,6078,0.02985482,17757,0.029595,15.488,6.0551,2.3394,0.8504
discard3,"Deal 6, discard 3",6,10000000,23260935,Flush (See),Flush K-9-3 ♥,"(2, 13, 9, 3, 3)",1,6077,0.02984991,17913,0.029855,15.5909,6.1464,2.415,0.9155
discard3,"Deal 6, discard 3",6,10000000,23260935,Flush (See),Flush K-9-3 ♦,"(2, 13, 9, 3, 2)",1,6076,0.029845,17615,0.029358,15.6469,6.2049,2.4842,0.9991
discard3,"Deal 6, discard 3",6,10000000,23260935,Flush (See),Flush K-9-3 ♣,"(2, 13, 9, 3, 1)",1,6075,0.02984009,17807,0.029678,15.6096,6.1543,2.4429,1.0052
discard3,"Deal 6, discard 3",6,10000000,23260935,Flush (See),Flush K-9-2 ♠,"(2, 13, 9, 2, 4)",1,5877,0.02886752,17279,0.028798,14.9748,5.807,2.2513,0.8913
discard3,"Deal 6, discard 3",6,10000000,23260935,Flush (See),Flush K-9-2 ♥,"(2, 13, 9, 2, 3)",1,5876,0.02886261,17325,0.028875,14.7544,5.6439,2.1472,0.7677
discard3,"Deal 6, discard 3",6,10000000,23260935,Flush (See),Flush K-9-2 ♦,"(2, 13, 9, 2, 2)",1,5875,0.0288577,17336,0.028893,14.9735,5.732,2.1654,0.8133
discard3,"Deal 6, discard 3",6,10000000,23260935,Flush (See),Flush K-9-2 ♣,"(2, 13, 9, 2, 1)",1,5874,0.02885278,17425,0.029042,14.8855,5.7044,2.1429,0.769
discard3,"Deal 6, discard 3",6,10000000,23260935,Flush (See),Flush K-8-7 ♠,"(2, 13, 8, 7, 4)",1,5924,0.02909838,17369,0.028948,14.8143,5.5616,2.0266,0.7024
discard3,"Deal 6, discard 3",6,10000000,23260935,Flush (See),Flush K-8-7 ♥,"(2, 13, 8, 7, 3)",1,5923,0.02909347,17498,0.029163,15.3338,6.0298,2.39,0.9315
discard3,"Deal 6, discard 3",6,10000000,23260935,Flush (See),Flush K-8-7 ♦,"(2, 13, 8, 7, 2)",1,5922,0.02908856,17189,0.028648,15.2254,5.8811,2.2584,0.8436
discard3,"Deal 6, discard 3",6,10000000,23260935,Flush (See),Flush K-8-7 ♣,"(2, 13, 8, 7, 1)",1,5921,0.02908365,17362,0.028937,14.9971,5.7897,2.2175,0.8467
discard3,"Deal 6, discard 3",6,10000000,23260935,Flush (See),Flush K-8-6 ♠,"(2, 13, 8, 6, 4)",1,7021,0.03448679,20665,0.034442,15.1875,5.8698,2.2502,0.8662
discard3,"Deal 6, discard 3",6,10000000,23260935,Flush (See),Flush K-8-6 ♥,"(2, 13, 8, 6, 3)",1,7020,0.03448188,20717,0.034528,15.0673,5.8059,2.2185,0.8544
discard3,"Deal 6, discard 3",6,10000000,23260935,Flush (See),Flush K-8-6 ♦,"(2, 13, 8, 6, 2)",1,7019,0.03447697,20540,0.034233,15.335,5.9372,2.2512,0.813
discard3,"Deal 6, discard 3",6,10000000,23260935,Flush (See),Flush K-8-6 ♣,"(2, 13, 8, 6, 1)",1,7018,0.03447205,20773,0.034622,14.8905,5.6598,2.1114,0.7462
discard3,"Deal 6, discard 3",6,10000000,23260935,Flush (See),Flush K-8-5 ♠,"(2, 13, 8, 5, 4)",1,7509,0.03688382,21976,0.036627,15.2698,5.967,2.3307,0.9101
discard3,"Deal 6, discard 3",6,10000000,23260935,Flush (See),Flush K-8-5 ♥,"(2, 13, 8, 5, 3)",1,7508,0.03687891,22338,0.03723,15.1536,5.8398,2.2294,0.8371
discard3,"Deal 6, discard 3",6,10000000,23260935,Flush (See),Flush K-8-5 ♦,"(2, 13, 8, 5, 2)",1,7507,0.036874,22170,0.03695,15.1809,5.866,2.2634,0.8976
discard3,"Deal 6, discard 3",6,10000000,23260935,Flush (See),Flush K-8-5 ♣,"(2, 13, 8, 5, 1)",1,7506,0.03686908,22128,0.03688,14.9806,5.7791,2.2343,0.8586
discard3,"Deal 6, discard 3",6,10000000,23260935,Flush (See),Flush K-8-4 ♠,"(2, 13, 8, 4, 4)",1,6537,0.03210941,19172,0.031953,15.2384,5.9535,2.3399,0.9389
discard3,"Deal 6, discard 3",6,10000000,23260935,Flush (See),Flush K-8-4 ♥,"(2, 13, 8, 4, 3)",1,6536,0.03210449,19256,0.032093,15.2508,5.9903,2.3961,0.9659
discard3,"Deal 6, discard 3",6,10000000,23260935,Flush (See),Flush K-8-4 ♦,"(2, 13, 8, 4, 2)",1,6535,0.03209958,19364,0.032273,15.19,5.879,2.2826,0.9089
discard3,"Deal 6, discard 3",6,10000000,23260935,Flush (See),Flush K-8-4 ♣,"(2, 13, 8, 4, 1)",1,6534,0.03209467,19253,0.032088,15.1675,5.8588,2.2345,0.857
discard3,"Deal 6, discard 3",6,10000000,23260935,Flush (See),Flush K-8-3 ♠,"(2, 13, 8, 3, 4)",1,6027,0.02960431,17657,0.029428,15.2036,5.8968,2.2835,0.8608
discard3,"Deal 6, discard 3",6,10000000,23260935,Flush (See),Flush K-8-3 ♥,"(2, 13, 8, 3, 3)",1,6026,0.0295994,17904,0.02984,15.3346,6.0802,2.4229,0.9663
discard3,"Deal 6, discard 3",6,10000000,23260935,Flush (See),Flush K-8-3 ♦,"(2, 13, 8, 3, 2)",1,6025,0.02959449,17748,0.02958,14.9955,5.7815,2.2572,0.9184
discard3,"Deal 6, discard 3",6,10000000,23260935,Flush (See),Flush K-8-3 ♣,"(2, 13, 8, 3, 1)",1,6024,0.02958958,17870,0.029783,14.9301,5.7017,2.1276,0.7555
discard3,"Deal 6, discard 3",6,10000000,23260935,Flush (See),Flush K-8-2 ♠,"(2, 13, 8, 2, 4)",1,5826,0.02861701,17093,0.028488,14.6955,5.6187,2.1038,0.7781
discard3,"Deal 6, discard 3",6,10000000,23260935,Flush (See),Flush K-8-2 ♥,"(2, 13, 8, 2, 3)",1,5825,0.0286121,17384,0.028973,14.5743,5.5459,2.1077,0.8168
discard3,"Deal 6, discard 3",6,10000000,23260935,Flush (See),Flush K-8-2 ♦,"(2, 13, 8, 2, 2)",1,5824,0.02860719,17125,0.028542,14.5547,5.4972,2.0461,0.7358
discard3,"Deal 6, discard 3",6,10000000,23260935,Flush (See),Flush K-8-2 ♣,"(2, 13, 8, 2, 1)",1,5823,0.02860228,17183,0.028638,14.707,5.6474,2.1358,0.7973
discard3,"Deal 6, discard 3",6,10000000,23260935,Flush (See),Flush K-7-6 ♠,"(2, 13, 7, 6, 4)",1,5370,0.02637716,16013,0.026688,14.871,5.7216,2.192,0.8431
discard3,"Deal 6, discard 3",6,10000000,23260935,Flush (See),Flush K-7-6 ♥,"(2, 13, 7, 6, 3)",1,5369,0.02637225,15903,0.026505,14.7287,5.6033,2.1266,0.8552
discard3,"Deal 6, discard 3",6,10000000,23260935,Flush (See),Flush K-7-6 ♦,"(2, 13, 7, 6, 2)",1,5368,0.02636734,15617,0.026028,14.7909,5.6739,2.163,0.7748
discard3,"Deal 6, discard 3",6,10000000,23260935,Flush (See),Flush K-7-6 ♣,"(2, 13, 7, 6, 1)",1,5367,0.02636243,15878,0.026463,14.7626,5.6134,2.1048,0.8124
discard3,"Deal 6, discard 3",6,10000000,23260935,Flush (See),Flush K-7-5 ♠,"(2, 13, 7, 5, 4)",1,6381,0.03134314,18878,0.031463,14.7823,5.7051,2.2079,0.8793
discard3,"Deal 6, discard 3",6,10000000,23260935,Flush (See),Flush K-7-5 ♥,"(2, 13, 7, 5, 3)",1,6380,0.03133823,18654,0.03109,14.5492,5.4149,1.9578,0.6755
discard3,"Deal 6, discard 3",6,10000000,23260935,Flush (See),Flush K-7-5 ♦,"(2, 13, 7, 5, 2)",1,6379,0.03133332,18941,0.031568,14.6238,5.524,2.077,0.7867
discard3,"Deal 6, discard 3",6,10000000,23260935,Flush (See),Flush K-7-5 ♣,"(2, 13, 7, 5, 1)",1,6378,0.03132841,18920,0.031533,14.815,5.6401,2.0909,0.7347
discard3,"Deal 6, discard 3",6,10000000,23260935,Flush (See),Flush K-7-4 ♠,"(2, 13, 7, 4, 4)",1,6798,0.03339143,19841,0.033068,14.9458,5.8107,2.2801,0.9022
discard3,"Deal 6, discard 3",6,10000000,23260935,Flush (See),Flush K-7-4 ♥,"(2, 13, 7, 4, 3)",1,6797,0.03338651,20072,0.033453,14.9417,5.7438,2.1961,0.8071
discard3,"Deal 6, discard 3",6,10000000,23260935,Flush (See),Flush K-7-4 ♦,"(2, 13, 7, 4, 2)",1,6796,0.0333816,20014,0.033357,14.6887,5.5961,2.1245,0.7944
discard3,"Deal 6, discard 3",6,10000000,23260935,Flush (See),Flush K-7-4 ♣,"(2, 13, 7, 4, 1)",1,6795,0.03337669,20184,0.03364,14.5714,5.5252,2.0848,0.7729
discard3,"Deal 6, discard 3",6,10000000,23260935,Flush (See),Flush K-7-3 ♠,"(2, 13, 7, 3, 4)",1,6012,0.02953063,17964,0.02994,14.8447,5.6775,2.1387,0.7348
discard3,"Deal 6, discard 3",6,10000000,23260935,Flush (See),Flush K-7-3 ♥,"(2, 13, 7, 3, 3)",1,6011,0.02952572,17888,0.029813,14.5254,5.4931,2.0807,0.8218
discard3,"Deal 6, discard 3",6,10000000,23260935,Flush (See),Flush K-7-3 ♦,"(2, 13, 7, 3, 2)",1,6010,0.02952081,17660,0.029433,14.5402,5.4507,1.9909,0.6908
discard3,"Deal 6, discard 3",6,10000000,23260935,Flush (See),Flush K-7-3 ♣,"(2, 13, 7, 3, 1)",1,6009,0.0295159,17764,0.029607,14.6583,5.5359,2.0806,0.7712
discard3,"Deal 6, discard 3",6,10000000,23260935,Flush (See),Flush K-7-2 ♠,"(2, 13, 7, 2, 4)",1,5811,0.02854333,17236,0.028727,14.2446,5.2959,1.8984,0.673
discard3,"Deal 6, discard 3",6,10000000,23260935,Flush (See),Flush K-7-2 ♥,"(2, 13, 7, 2, 3)",1,5810,0.02853842,17032,0.028387,13.9443,5.1902,1.9598,0.8102
discard3,"Deal 6, discard 3",6,10000000,23260935,Flush (See),Flush K-7-2 ♦,"(2, 13, 7, 2, 2)",1,5809,0.02853351,17234,0.028723,14.1006,5.2739,2.0007,0.7659
discard3,"Deal 6, discard 3",6,10000000,23260935,Flush (See),Flush K-7-2 ♣,"(2, 13, 7, 2, 1)",1,5808,0.0285286,17122,0.028537,14.0842,5.2506,1.9425,0.7009
discard3,"Deal 6, discard 3",6,10000000,23260935,Flush (See),Flush K-6-5 ♠,"(2, 13, 6, 5, 4)",1,4854,0.0238426,14481,0.024135,14.4348,5.4879,2.0827,0.7458
discard3,"Deal 6, discard 3",6,10000000,23260935,Flush (See),Flush K-6-5 ♥,"(2, 13, 6, 5, 3)",1,4853,0.02383769,14329,0.023882,14.306,5.3528,1.9778,0.7118
discard3,"Deal 6, discard 3",6,10000000,23260935,Flush (See),Flush K-6-5 ♦,"(2, 13, 6, 5, 2)",1,4852,0.02383277,14350,0.023917,14.2376,5.3171,1.9596,0.6969
discard3,"Deal 6, discard 3",6,10000000,23260935,Flush (See),Flush K-6-5 ♣,"(2, 13, 6, 5, 1)",1,4851,0.02382786,14160,0.0236,14.2387,5.2938,1.9689,0.7768
discard3,"Deal 6, discard 3",6,10000000,23260935,Flush (See),Flush K-6-4 ♠,"(2, 13, 6, 4, 4)",1,5763,0.02830756,16948,0.028247,14.361,5.4384,2.0651,0.8025
discard3,"Deal 6, discard 3",6,10000000,23260935,Flush (See),Flush K-6-4 ♥,"(2, 13, 6, 4, 3)",1,5762,0.02830265,16908,0.02818,14.2909,5.2951,1.8879,0.5974
discard3,"Deal 6, discard 3",6,10000000,23260935,Flush (See),Flush K-6-4 ♦,"(2, 13, 6, 4, 2)",1,5761,0.02829773,17133,0.028555,14.4114,5.4912,2.1187,0.8697
discard3,"Deal 6, discard 3",6,10000000,23260935,Flush (See),Flush K-6-4 ♣,"(2, 13, 6, 4, 1)",1,5760,0.02829282,16996,0.028327,14.6346,5.5419,2.084,0.7943
discard3,"Deal 6, discard 3",6,10000000,23260935,Flush (See),Flush K-6-3 ♠,"(2, 13, 6, 3, 4)",1,6267,0.03078318,18303,0.030505,14.5031,5.486,2.0314,0.7485
discard3,"Deal 6, discard 3",6,10000000,23260935,Flush (See),Flush K-6-3 ♥,"(2, 13, 6, 3, 3)",1,6266,0.03077827,18386,0.030643,14.4104,5.4917,2.1201,0.8267
discard3,"Deal 6, discard 3",6,10000000,23260935,Flush (See),Flush K-6-3 ♦,"(2, 13, 6, 3, 2)",1,6265,0.03077336,18431,0.030718,14.5673,5.4848,2.0129,0.6782
discard3,"Deal 6, discard 3",6,10000000,23260935,Flush (See),Flush K-6-3 ♣,"(2, 13, 6, 3, 1)",1,6264,0.03076844,18424,0.030707,14.2645,5.317,1.9627,0.7056
discard3,"Deal 6, discard 3",6,10000000,23260935,Flush (See),Flush K-6-2 ♠,"(2, 13, 6, 2, 4)",1,5799,0.02848439,16972,0.028287,13.9465,5.1508,1.8737,0.6658
discard3,"Deal 6, discard 3",6,10000000,23260935,Flush (See),Flush K-6-2 ♥,"(2, 13, 6, 2, 3)",1,5798,0.02847948,17229,0.028715,13.8905,5.1408,1.8817,0.6617
discard3,"Deal 6, discard 3",6,10000000,23260935,Flush (See),Flush K-6-2 ♦,"(2, 13, 6, 2, 2)",1,5797,0.02847456,17215,0.028692,13.8321,5.1513,1.939,0.7493
discard3,"Deal 6, discard 3",6,10000000,23260935,Flush (See),Flush K-6-2 ♣,"(2, 13, 6, 2, 1)",1,5796,0.02846965,17299,0.028832,13.7736,5.1257,1.94,0.7226
discard3,"Deal 6, discard 3",6,10000000,23260935,Flush (See),Flush K-5-4 ♠,"(2, 13, 5, 4, 4)",1,4356,0.02139645,12828,0.02138,14.268,5.3742,2.0237,0.7873
discard3,"Deal 6, discard 3",6,10000000,23260935,Flush (See),Flush K-5-4 ♥,"(2, 13, 5, 4, 3)",1,4355,0.02139154,12797,0.021328,14.1025,5.2692,1.9848,0.7502
discard3,"Deal 6, discard 3",6,10000000,23260935,Flush (See),Flush K-5-4 ♦,"(2, 13, 5, 4, 2)",1,4354,0.02138662,12611,0.021018,14.1273,5.2169,1.8746,0.6185
discard3,"Deal 6, discard 3",6,10000000,23260935,Flush (See),Flush K-5-4 ♣,"(2, 13, 5, 4, 1)",1,4353,0.02138171,12800,0.021333,14.2133,5.2875,1.9344,0.7109
discard3,"Deal 6, discard 3",6,10000000,23260935,Flush (See),Flush K-5-3 ♠,"(2, 13, 5, 3, 4)",1,5322,0.02614139,15630,0.02605,14.1171,5.3161,2.0409,0.8253
discard3,"Deal 6, discard 3",6,10000000,23260935,Flush (See),Flush K-5-3 ♥,"(2, 13, 5, 3, 3)",1,5321,0.02613648,15827,0.026378,14.28,5.4426,2.1053,0.8024
discard3,"Deal 6, discard 3",6,10000000,23260935,Flush (See),Flush K-5-3 ♦,"(2, 13, 5, 3, 2)",1,5320,0.02613157,15355,0.025592,14.1146,5.2953,1.9433,0.6513
discard3,"Deal 6, discard 3",6,10000000,23260935,Flush (See),Flush K-5-3 ♣,"(2, 13, 5, 3, 1)",1,5319,0.02612665,15735,0.026225,14.0769,5.2876,1.9994,0.7626
discard3,"Deal 6, discard 3",6,10000000,23260935,Flush (See),Flush K-5-2 ♠,"(2, 13, 5, 2, 4)",1,6048,0.02970746,17891,0.029818,13.841,5.1367,1.887,0.6875
discard3,"Deal 6, discard 3",6,10000000,23260935,Flush (See),Flush K-5-2 ♥,"(2, 13, 5, 2, 3)",1,6047,0.02970255,17720,0.029533,13.7872,5.0491,1.8194,0.6321
discard3,"Deal 6, discard 3",6,10000000,23260935,Flush (See),Flush K-5-2 ♦,"(2, 13, 5, 2, 2)",1,6046,0.02969764,17731,0.029552,13.8159,5.0454,1.7619,0.5809
discard3,"Deal 6, discard 3",6,10000000,23260935,Flush (See),Flush K-5-2 ♣,"(2, 13, 5, 2, 1)",1,6045,0.02969273,17934,0.02989,13.6763,5.0318,1.8323,0.6803
discard3,"Deal 6, discard 3",6,10000000,23260935,Flush (See),Flush K-4-3 ♠,"(2, 13, 4, 3, 4)",1,3849,0.01890609,11514,0.01919,13.9248,5.1424,1.869,0.6601
discard3,"Deal 6, discard 3",6,10000000,23260935,Flush (See),Flush K-4-3 ♥,"(2, 13, 4, 3, 3)",1,3848,0.01890118,11501,0.019168,14.3022,5.4265,2.0972,0.826
discard3,"Deal 6, discard 3",6,10000000,23260935,Flush (See),Flush K-4-3 ♦,"(2, 13, 4, 3, 2)",1,3847,0.01889627,11405,0.019008,14.2438,5.3538,1.9974,0.7102
discard3,"Deal 6, discard 3",6,10000000,23260935,Flush (See),Flush K-4-3 ♣,"(2, 13, 4, 3, 1)",1,3846,0.01889135,11252,0.018753,14.0837,5.208,1.877,0.6665
discard3,"Deal 6, discard 3",6,10000000,23260935,Flush (See),Flush K-4-2 ♠,"(2, 13, 4, 2, 4)",1,5049,0.02480043,14532,0.02422,13.8763,5.1748,1.9337,0.7432
discard3,"Deal 6, discard 3",6,10000000,23260935,Flush (See),Flush K-4-2 ♥,"(2, 13, 4, 2, 3)",1,5048,0.02479552,14686,0.024477,13.4087,4.84,1.6955,0.5924
discard3,"Deal 6, discard 3",6,10000000,23260935,Flush (See),Flush K-4-2 ♦,"(2, 13, 4, 2, 2)",1,5047,0.0247906,14838,0.02473,13.6959,5.0418,1.8048,0.5863
discard3,"Deal 6, discard 3",6,10000000,23260935,Flush (See),Flush K-4-2 ♣,"(2, 13, 4, 2, 1)",1,5046,0.02478569,14872,0.024787,13.5355,4.9623,1.8263,0.6388
discard3,"Deal 6, discard 3",6,10000000,23260935,Flush (See),Flush K-3-2 ♠,"(2, 13, 3, 2, 4)",1,4104,0.02015864,12021,0.020035,13.0605,4.6377,1.6039,0.5574
discard3,"Deal 6, discard 3",6,10000000,23260935,Flush (See),Flush K-3-2 ♥,"(2, 13, 3, 2, 3)",1,4103,0.02015372,12204,0.02034,13.1146,4.7911,1.6962,0.5326
discard3,"Deal 6, discard 3",6,10000000,23260935,Flush (See),Flush K-3-2 ♦,"(2, 13, 3, 2, 2)",1,4102,0.02014881,12002,0.020003,13.2086,4.795,1.7747,0.6666
discard3,"Deal 6, discard 3",6,10000000,23260935,Flush (See),Flush K-3-2 ♣,"(2, 13, 3, 2, 1)",1,4101,0.0201439,12181,0.020302,13.168,4.7911,1.7059,0.5582
discard3,"Deal 6, discard 3",6,10000000,23260935,Flush (See),Flush Q-J-9 ♠,"(2, 12, 11, 9, 4)",1,5015,0.02463342,14914,0.024857,13.5108,4.9779,1.8452,0.6772
discard3,"Deal 6, discard 3",6,10000000,23260935,Flush (See),Flush Q-J-9 ♥,"(2, 12, 11, 9, 3)",1,5015,0.02463342,14704,0.024507,13.3501,4.7586,1.6662,0.5985
discard3,"Deal 6, discard 3",6,10000000,23260935,Flush (See),Flush Q-J-9 ♦,"(2, 12, 11, 9, 2)",1,5015,0.02463342,14712,0.02452,13.2287,4.8185,1.717,0.5506
discard3,"Deal 6, discard 3",6,10000000,23260935,Flush (See),Flush Q-J-9 ♣,"(2, 12, 11, 9, 1)",1,5015,0.02463342,14669,0.024448,13.4215,4.8722,1.7724,0.6613
discard3,"Deal 6, discard 3",6,10000000,23260935,Flush (See),Flush Q-J-8 ♠,"(2, 12, 11, 8, 4)",1,4282,0.02103296,12626,0.021043,13.0865,4.619,1.5666,0.499
discard3,"Deal 6, discard 3",6,10000000,23260935,Flush (See),Flush Q-J-8 ♥,"(2, 12, 11, 8, 3)",1,4282,0.02103296,12739,0.021232,13.5254,5.0302,1.8918,0.7693
discard3,"Deal 6, discard 3",6,10000000,23260935,Flush (See),Flush Q-J-8 ♦,"(2, 12, 11, 8, 2)",1,4282,0.02103296,12646,0.021077,13.1789,4.713,1.678,0.6326
discard3,"Deal 6, discard 3",6,10000000,23260935,Flush (See),Flush Q-J-8 ♣,"(2, 12, 11, 8, 1)",1,4282,0.02103296,12671,0.021118,13.1395,4.695,1.6084,0.4893
discard3,"Deal 6, discard 3",6,10000000,23260935,Flush (See),Flush Q-J-7 ♠,"(2, 12, 11, 7, 4)",1,3671,0.01803176,10770,0.01795,13.455,4.9786,1.8384,0.6964
discard3,"Deal 6, discard 3",6,10000000,23260935,Flush (See),Flush Q-J-7 ♥,"(2, 12, 11, 7, 3)",1,3671,0.01803176,10837,0.018062,13.4853,4.9313,1.8068,0.6552
discard3,"Deal 6, discard 3",6,10000000,23260935,Flush (See),Flush Q-J-7 ♦,"(2, 12, 11, 7, 2)",1,3671,0.01803176,10795,0.017992,13.4081,4.9199,1.7934,0.6392
discard3,"Deal 6, discard 3",6,10000000,23260935,Flush (See),Flush Q-J-7 ♣,"(2, 12, 11, 7, 1)",1,3671,0.01803176,10713,0.017855,13.2988,4.8044,1.7455,0.5974
discard3,"Deal 6, discard 3",6,10000000,23260935,Flush (See),Flush Q-J-6 ♠,"(2, 12, 11, 6, 4)",1,3313,0.01627329,9805,0.016342,13.1963,4.767,1.7277,0.6119
discard3,"Deal 6, discard 3",6,10000000,23260935,Flush (See),Flush Q-J-6 ♥,"(2, 12, 11, 6, 3)",1,3313,0.01627329,9771,0.016285,12.7868,4.5021,1.572,0.5424
discard3,"Deal 6, discard 3",6,10000000,23260935,Flush (See),Flush Q-J-6 ♦,"(2, 12, 11, 6, 2)",1,3313,0.01627329,9902,0.016503,13.1115,4.7102,1.6643,0.5857
discard3,"Deal 6, discard 3",6,10000000,23260935,Flush (See),Flush Q-J-6 ♣,"(2, 12, 11, 6, 1)",1,3313,0.01627329,9888,0.01648,13.3728,4.8908,1.8103,0.6675
discard3,"Deal 6, discard 3",6,10000000,23260935,Flush (See),Flush Q-J-5 ♠,"(2, 12, 11, 5, 4)",1,2958,0.01452954,8609,0.014348,13.3384,4.8612,1.7702,0.6505
discard3,"Deal 6, discard 3",6,10000000,23260935,Flush (See),Flush Q-J-5 ♥,"(2, 12, 11, 5, 3)",1,2958,0.01452954,8780,0.014633,13.336,4.836,1.7472,0.6492
discard3,"Deal 6, discard 3",6,10000000,23260935,Flush (See),Flush Q-J-5 ♦,"(2, 12, 11, 5, 2)",1,2958,0.01452954,8718,0.01453,13.151,4.7281,1.677,0.5735
discard3,"Deal 6, discard 3",6,10000000,23260935,Flush (See),Flush Q-J-5 ♣,"(2, 12, 11, 5, 1)",1,2958,0.01452954,8814,0.01469,13.1541,4.7243,1.6565,0.5332
discard3,"Deal 6, discard 3",6,10000000,23260935,Flush (See),Flush Q-J-4 ♠,"(2, 12, 11, 4, 4)",1,2613,0.01283492,7601,0.012668,12.9891,4.6257,1.6024,0.5131
discard3,"Deal 6, discard 3",6,10000000,23260935,Flush (See),Flush Q-J-4 ♥,"(2, 12, 11, 4, 3)",1,2613,0.01283492,7618,0.012697,13.0467,4.6784,1.6986,0.6695
discard3,"Deal 6, discard 3",6,10000000,23260935,Flush (See),Flush Q-J-4 ♦,"(2, 12, 11, 4, 2)",1,2613,0.01283492,7743,0.012905,13.2765,4.9025,1.8391,0.7232
discard3,"Deal 6, discard 3",6,10000000,23260935,Flush (See),Flush Q-J-4 ♣,"(2, 12, 11, 4, 1)",1,2613,0.01283492,7639,0.012732,12.9336,4.6642,1.6625,0.5629
discard3,"Deal 6, discard 3",6,10000000,23260935,Flush (See),Flush Q-J-3 ♠,"(2, 12, 11, 3, 4)",1,2340,0.01149396,7024,0.011707,13.1748,4.8106,1.7796,0.6264
discard3,"Deal 6, discard 3",6,10000000,23260935,Flush (See),Flush Q-J-3 ♥,"(2, 12, 11, 3, 3)",1,2340,0.01149396,6893,0.011488,13.5645,4.9761,1.8134,0.7254
discard3,"Deal 6, discard 3",6,10000000,23260935,Flush (See),Flush Q-J-3 ♦,"(2, 12, 11, 3, 2)",1,2340,0.01149396,6773,0.011288,13.2482,4.9683,1.9696,0.8859
discard3,"Deal 6, discard 3",6,10000000,23260935,Flush (See),Flush Q-J-3 ♣,"(2, 12, 11, 3, 1)",1,2340,0.01149396,6888,0.01148,13.1882,4.8026,1.8148,0.7259
discard3,"Deal 6, discard 3",6,10000000,23260935,Flush (See),Flush Q-J-2 ♠,"(2, 12, 11, 2, 4)",1,2286,0.01122871,6699,0.011165,12.672,4.4544,1.5913,0.5822
discard3,"Deal 6, discard 3",6,10000000,23260935,Flush (See),Flush Q-J-2 ♥,"(2, 12, 11, 2, 3)",1,2286,0.01122871,6782,0.011303,12.9121,4.6225,1.6573,0.5603
discard3,"Deal 6, discard 3",6,10000000,23260935,Flush (See),Flush Q-J-2 ♦,"(2, 12, 11, 2, 2)",1,2286,0.01122871,6710,0.011183,12.5917,4.3785,1.4635,0.4769
discard3,"Deal 6, discard 3",6,10000000,23260935,Flush (See),Flush Q-J-2 ♣,"(2, 12, 11, 2, 1)",1,2286,0.01122871,6731,0.011218,13.2937,4.8982,1.762,0.5497
discard3,"Deal 6, discard 3",6,10000000,23260935,Flush (See),Flush Q-10-9 ♠,"(2, 12, 10, 9, 4)",1,7609,0.03737502,22113,0.036855,12.5727,4.4453,1.5421,0.5155
discard3,"Deal 6, discard 3",6,10000000,23260935,Flush (See),Flush Q-10-9 ♥,"(2, 12, 10, 9, 3)",1,7608,0.0373701,22419,0.037365,12.633,4.485,1.6218,0.6289
discard3,"Deal 6, discard 3",6,10000000,23260935,Flush (See),Flush Q-10-9 ♦,"(2, 12, 10, 9, 2)",1,7607,0.03736519,22280,0.037133,12.3456,4.3066,1.4919,0.5117
discard3,"Deal 6, discard 3",6,10000000,23260935,Flush (See),Flush Q-10-9 ♣,"(2, 12, 10, 9, 1)",1,7606,0.03736028,22364,0.037273,12.3699,4.3051,1.4908,0.5097
discard3,"Deal 6, discard 3",6,10000000,23260935,Flush (See),Flush Q-10-8 ♠,"(2, 12, 10, 8, 4)",1,7135,0.03504675,20963,0.034938,12.5016,4.3558,1.5093,0.5152
discard3,"Deal 6, discard 3",6,10000000,23260935,Flush (See),Flush Q-10-8 ♥,"(2, 12, 10, 8, 3)",1,7134,0.03504184,21040,0.035067,12.6179,4.4259,1.5437,0.5181
discard3,"Deal 6, discard 3",6,10000000,23260935,Flush (See),Flush Q-10-8 ♦,"(2, 12, 10, 8, 2)",1,7133,0.03503693,20992,0.034987,12.4152,4.3374,1.5053,0.5192
discard3,"Deal 6, discard 3",6,10000000,23260935,Flush (See),Flush Q-10-8 ♣,"(2, 12, 10, 8, 1)",1,7132,0.03503202,21159,0.035265,12.3933,4.2932,1.4405,0.449
discard3,"Deal 6, discard 3",6,10000000,23260935,Flush (See),Flush Q-10-7 ♠,"(2, 12, 10, 7, 4)",1,7898,0.03879457,23362,0.038937,12.6594,4.5086,1.5752,0.5265
discard3,"Deal 6, discard 3",6,10000000,23260935,Flush (See),Flush Q-10-7 ♥,"(2, 12, 10, 7, 3)",1,7897,0.03878966,23187,0.038645,12.4389,4.4443,1.6345,0.6124
discard3,"Deal 6, discard 3",6,10000000,23260935,Flush (See),Flush Q-10-7 ♦,"(2, 12, 10, 7, 2)",1,7896,0.03878474,23260,0.038767,12.4703,4.359,1.4781,0.4514
discard3,"Deal 6, discard 3",6,10000000,23260935,Flush (See),Flush Q-10-7 ♣,"(2, 12, 10, 7, 1)",1,7895,0.03877983,23126,0.038543,12.5015,4.3445,1.5074,0.5405
discard3,"Deal 6, discard 3",6,10000000,23260935,Flush (See),Flush Q-10-6 ♠,"(2, 12, 10, 6, 4)",1,6958,0.03417734,20537,0.034228,12.5306,4.3989,1.5309,0.5307
discard3,"Deal 6, discard 3",6,10000000,23260935,Flush (See),Flush Q-10-6 ♥,"(2, 12, 10, 6, 3)",1,6957,0.03417243,20435,0.034058,12.5628,4.5011,1.6188,0.6068
discard3,"Deal 6, discard 3",6,10000000,23260935,Flush (See),Flush Q-10-6 ♦,"(2, 12, 10, 6, 2)",1,6956,0.03416751,20130,0.03355,12.5489,4.4123,1.5609,0.5514
discard3,"Deal 6, discard 3",6,10000000,23260935,Flush (See),Flush Q-10-6 ♣,"(2, 12, 10, 6, 1)",1,6955,0.0341626,20429,0.034048,12.5053,4.4143,1.5361,0.514
discard3,"Deal 6, discard 3",6,10000000,23260935,Flush (See),Flush Q-10-5 ♠,"(2, 12, 10, 5, 4)",1,6330,0.03109263,18537,0.030895,12.3472,4.3168,1.4576,0.4747
discard3,"Deal 6, discard 3",6,10000000,23260935,Flush (See),Flush Q-10-5 ♥,"(2, 12, 10, 5, 3)",1,6329,0.03108772,18607,0.031012,12.2395,4.2833,1.493,0.5213
discard3,"Deal 6, discard 3",6,10000000,23260935,Flush (See),Flush Q-10-5 ♦,"(2, 12, 10, 5, 2)",1,6328,0.03108281,18617,0.031028,12.3022,4.2794,1.4965,0.521
discard3,"Deal 6, discard 3",6,10000000,23260935,Flush (See),Flush Q-10-5 ♣,"(2, 12, 10, 5, 1)",1,6327,0.0310779,18531,0.030885,12.3194,4.3829,1.5844,0.5774
discard3,"Deal 6, discard 3",6,10000000,23260935,Flush (See),Flush Q-10-4 ♠,"(2, 12, 10, 4, 4)",1,5721,0.02810126,16761,0.027935,12.4849,4.3882,1.5357,0.5668
discard3,"Deal 6, discard 3",6,10000000,23260935,Flush (See),Flush Q-10-4 ♥,"(2, 12, 10, 4, 3)",1,5720,0.02809634,16884,0.02814,12.2868,4.2833,1.4878,0.5153
discard3,"Deal 6, discard 3",6,10000000,23260935,Flush (See),Flush Q-10-4 ♦,"(2, 12, 10, 4, 2)",1,5719,0.02809143,16778,0.027963,12.5462,4.4183,1.5103,0.4709
discard3,"Deal 6, discard 3",6,10000000,23260935,Flush (See),Flush Q-10-4 ♣,"(2, 12, 10, 4, 1)",1,5718,0.02808652,16850,0.028083,12.3697,4.3478,1.5454,0.5401
discard3,"Deal 6, discard 3",6,10000000,23260935,Flush (See),Flush Q-10-3 ♠,"(2, 12, 10, 3, 4)",1,5268,0.02587614,15535,0.025892,12.2993,4.2852,1.4947,0.515
discard3,"Deal 6, discard 3",6,10000000,23260935,Flush (See),Flush Q-10-3 ♥,"(2, 12, 10, 3, 3)",1,5267,0.02587123,15754,0.026257,12.1702,4.2256,1.4434,0.5078
discard3,"Deal 6, discard 3",6,10000000,23260935,Flush (See),Flush Q-10-3 ♦,"(2, 12, 10, 3, 2)",1,5266,0.02586632,15582,0.02597,12.4169,4.3608,1.512,0.5198
discard3,"Deal 6, discard 3",6,10000000,23260935,Flush (See),Flush Q-10-3 ♣,"(2, 12, 10, 3, 1)",1,5265,0.02586141,15589,0.025982,12.2484,4.2504,1.4626,0.526
discard3,"Deal 6, discard 3",6,10000000,23260935,Flush (See),Flush Q-10-2 ♠,"(2, 12, 10, 2, 4)",1,5091,0.02500673,14998,0.024997,12.1203,4.2786,1.5295,0.5601
discard3,"Deal 6, discard 3",6,10000000,23260935,Flush (See),Flush Q-10-2 ♥,"(2, 12, 10, 2, 3)",1,5090,0.02500182,15214,0.025357,11.7891,4.0693,1.45,0.5456
discard3,"Deal 6, discard 3",6,10000000,23260935,Flush (See),Flush Q-10-2 ♦,"(2, 12, 10, 2, 2)",1,5089,0.02499691,15071,0.025118,11.8526,4.0933,1.4027,0.4976
discard3,"Deal 6, discard 3",6,10000000,23260935,Flush (See),Flush Q-10-2 ♣,"(2, 12, 10, 2, 1)",1,5088,0.02499199,14793,0.024655,11.8989,4.1094,1.4372,0.5002
discard3,"Deal 6, discard 3",6,10000000,23260935,Flush (See),Flush Q-9-8 ♠,"(2, 12, 9, 8, 4)",1,6427,0.03156909,19089,0.031815,12.0729,4.0851,1.3264,0.3981
discard3,"Deal 6, discard 3",6,10000000,23260935,Flush (See),Flush Q-9-8 ♥,"(2, 12, 9, 8, 3)",1,6426,0.03156418,19087,0.031812,12.1339,4.1966,1.4659,0.5658
discard3,"Deal 6, discard 3",6,10000000,23260935,Flush (See),Flush Q-9-8 ♦,"(2, 12, 9, 8, 2)",1,6425,0.03155927,19063,0.031772,12.2604,4.3204,1.5716,0.6033
discard3,"Deal 6, discard 3",6,10000000,23260935,Flush (See),Flush Q-9-8 ♣,"(2, 12, 9, 8, 1)",1,6424,0.03155436,18964,0.031607,12.3381,4.3335,1.4923,0.4746
discard3,"Deal 6, discard 3",6,10000000,23260935,Flush (See),Flush Q-9-7 ♠,"(2, 12, 9, 7, 4)",1,7655,0.03760097,22519,0.037532,12.2386,4.2644,1.4663,0.4929
discard3,"Deal 6, discard 3",6,10000000,23260935,Flush (See),Flush Q-9-7 ♥,"(2, 12, 9, 7, 3)",1,7654,0.03759605,22574,0.037623,12.2947,4.2686,1.4503,0.4607
discard3,"Deal 6, discard 3",6,10000000,23260935,Flush (See),Flush Q-9-7 ♦,"(2, 12, 9, 7, 2)",1,7653,0.03759114,22240,0.037067,12.1214,4.1412,1.3894,0.4451
discard3,"Deal 6, discard 3",6,10000000,23260935,Flush (See),Flush Q-9-7 ♣,"(2, 12, 9, 7, 1)",1,7652,0.03758623,22581,0.037635,12.0566,4.1716,1.4313,0.4871
discard3,"Deal 6, discard 3",6,10000000,23260935,Flush (See),Flush Q-9-6 ♠,"(2, 12, 9, 6, 4)",1,8182,0.04018956,23961,0.039935,12.1477,4.2152,1.429,0.4674
discard3,"Deal 6, discard 3",6,10000000,23260935,Flush (See),Flush Q-9-6 ♥,"(2, 12, 9, 6, 3)",1,8181,0.04018465,24489,0.040815,12.4186,4.3701,1.528,0.5145
discard3,"Deal 6, discard 3",6,10000000,23260935,Flush (See),Flush Q-9-6 ♦,"(2, 12, 9, 6, 2)",1,8180,0.04017974,23925,0.039875,12.0945,4.1567,1.4336,0.5016
discard3,"Deal 6, discard 3",6,10000000,23260935,Flush (See),Flush Q-9-6 ♣,"(2, 12, 9, 6, 1)",1,8179,0.04017483,23984,0.039973,12.0414,4.1082,1.3834,0.442
discard3,"Deal 6, discard 3",6,10000000,23260935,Flush (See),Flush Q-9-5 ♠,"(2, 12, 9, 5, 4)",1,7182,0.03527761,20978,0.034963,12.3768,4.4284,1.6131,0.6197
discard3,"Deal 6, discard 3",6,10000000,23260935,Flush (See),Flush Q-9-5 ♥,"(2, 12, 9, 5, 3)",1,7181,0.0352727,21196,0.035327,12.1079,4.1819,1.3871,0.3916
discard3,"Deal 6, discard 3",6,10000000,23260935,Flush (See),Flush Q-9-5 ♦,"(2, 12, 9, 5, 2)",1,7180,0.03526779,20970,0.03495,11.9599,4.1364,1.4096,0.4912
discard3,"Deal 6, discard 3",6,10000000,23260935,Flush (See),Flush Q-9-5 ♣,"(2, 12, 9, 5, 1)",1,7179,0.03526288,21040,0.035067,11.855,4.0965,1.4183,0.4895
discard3,"Deal 6, discard 3",6,10000000,23260935,Flush (See),Flush Q-9-4 ♠,"(2, 12, 9, 4, 4)",1,6495,0.0319031,19171,0.031952,12.1475,4.1704,1.3771,0.3964
discard3,"Deal 6, discard 3",6,10000000,23260935,Flush (See),Flush Q-9-4 ♥,"(2, 12, 9, 4, 3)",1,6494,0.03189819,19187,0.031978,11.7543,4.035,1.3999,0.4795
discard3,"Deal 6, discard 3",6,10000000,23260935,Flush (See),Flush Q-9-4 ♦,"(2, 12, 9, 4, 2)",1,6493,0.03189328,19023,0.031705,12.0007,4.1308,1.3931,0.4521
discard3,"Deal 6, discard 3",6,10000000,23260935,Flush (See),Flush Q-9-4 ♣,"(2, 12, 9, 4, 1)",1,6492,0.03188837,19020,0.0317,11.9769,4.0825,1.367,0.3943
discard3,"Deal 6, discard 3",6,10000000,23260935,Flush (See),Flush Q-9-3 ♠,"(2, 12, 9, 3, 4)",1,5982,0.02938328,17644,0.029407,11.9281,4.1544,1.4634,0.4704
discard3,"Deal 6, discard 3",6,10000000,23260935,Flush (See),Flush Q-9-3 ♥,"(2, 12, 9, 3, 3)",1,5981,0.02937836,17512,0.029187,11.9501,4.1086,1.3808,0.4683
discard3,"Deal 6, discard 3",6,10000000,23260935,Flush (See),Flush Q-9-3 ♦,"(2, 12, 9, 3, 2)",1,5980,0.02937345,17581,0.029302,11.9311,4.0942,1.3697,0.4152
discard3,"Deal 6, discard 3",6,10000000,23260935,Flush (See),Flush Q-9-3 ♣,"(2, 12, 9, 3, 1)",1,5979,0.02936854,17795,0.029658,11.9084,4.0804,1.397,0.4833
discard3,"Deal 6, discard 3",6,10000000,23260935,Flush (See),Flush Q-9-2 ♠,"(2, 12, 9, 2, 4)",1,5778,0.02838124,17161,0.028602,11.4766,3.9025,1.3123,0.4312
discard3,"Deal 6, discard 3",6,10000000,23260935,Flush (See),Flush Q-9-2 ♥,"(2, 12, 9, 2, 3)",1,5777,0.02837633,17089,0.028482,11.333,3.7691,1.2382,0.4213
discard3,"Deal 6, discard 3",6,10000000,23260935,Flush (See),Flush Q-9-2 ♦,"(2, 12, 9, 2, 2)",1,5776,0.02837141,17110,0.028517,11.5149,3.8282,1.2203,0.3624
discard3,"Deal 6, discard 3",6,10000000,23260935,Flush (See),Flush Q-9-2 ♣,"(2, 12, 9, 2, 1)",1,5775,0.0283665,16929,0.028215,11.2322,3.7622,1.3114,0.4962
discard3,"Deal 6, discard 3",6,10000000,23260935,Flush (See),Flush Q-8-7 ♠,"(2, 12, 8, 7, 4)",1,5630,0.02765427,16692,0.02782,11.4953,3.8629,1.3,0.4493
discard3,"Deal 6, discard 3",6,10000000,23260935,Flush (See),Flush Q-8-7 ♥,"(2, 12, 8, 7, 3)",1,5629,0.02764936,16642,0.027737,11.4998,3.8313,1.2787,0.4447
discard3,"Deal 6, discard 3",6,10000000,23260935,Flush (See),Flush Q-8-7 ♦,"(2, 12, 8, 7, 2)",1,5628,0.02764445,16566,0.02761,11.5954,3.9484,1.3498,0.489
discard3,"Deal 6, discard 3",6,10000000,23260935,Flush (See),Flush Q-8-7 ♣,"(2, 12, 8, 7, 1)",1,5627,0.02763953,16574,0.027623,11.6309,3.9321,1.3382,0.4646
discard3,"Deal 6, discard 3",6,10000000,23260935,Flush (See),Flush Q-8-6 ♠,"(2, 12, 8, 6, 4)",1,6712,0.032969,19927,0.033212,11.8357,4.0608,1.373,0.4516
discard3,"Deal 6, discard 3",6,10000000,23260935,Flush (See),Flush Q-8-6 ♥,"(2, 12, 8, 6, 3)",1,6711,0.03296409,19805,0.033008,11.5531,3.895,1.3108,0.4393
discard3,"Deal 6, discard 3",6,10000000,23260935,Flush (See),Flush Q-8-6 ♦,"(2, 12, 8, 6, 2)",1,6710,0.03295917,19756,0.032927,11.5529,3.937,1.3748,0.5163
discard3,"Deal 6, discard 3",6,10000000,23260935,Flush (See),Flush Q-8-6 ♣,"(2, 12, 8, 6, 1)",1,6709,0.03295426,19804,0.033007,11.5982,3.877,1.2826,0.4141
discard3,"Deal 6, discard 3",6,10000000,23260935,Flush (See),Flush Q-8-5 ♠,"(2, 12, 8, 5, 4)",1,7167,0.03520393,21113,0.035188,11.6128,3.944,1.3395,0.4547
discard3,"Deal 6, discard 3",6,10000000,23260935,Flush (See),Flush Q-8-5 ♥,"(2, 12, 8, 5, 3)",1,7166,0.03519902,21223,0.035372,11.652,3.9905,1.3627,0.4523
discard3,"Deal 6, discard 3",6,10000000,23260935,Flush (See),Flush Q-8-5 ♦,"(2, 12, 8, 5, 2)",1,7165,0.03519411,21401,0.035668,11.5649,3.8554,1.2439,0.3738
discard3,"Deal 6, discard 3",6,10000000,23260935,Flush (See),Flush Q-8-5 ♣,"(2, 12, 8, 5, 1)",1,7164,0.0351892,20978,0.034963,11.3981,3.8002,1.267,0.4338
discard3,"Deal 6, discard 3",6,10000000,23260935,Flush (See),Flush Q-8-4 ♠,"(2, 12, 8, 4, 4)",1,6207,0.03048846,18043,0.030072,11.5402,3.8497,1.2481,0.4046
discard3,"Deal 6, discard 3",6,10000000,23260935,Flush (See),Flush Q-8-4 ♥,"(2, 12, 8, 4, 3)",1,6206,0.03048355,18248,0.030413,11.729,4.0393,1.4106,0.5042
discard3,"Deal 6, discard 3",6,10000000,23260935,Flush (See),Flush Q-8-4 ♦,"(2, 12, 8, 4, 2)",1,6205,0.03047864,18277,0.030462,11.6989,4.0329,1.393,0.4705
discard3,"Deal 6, discard 3",6,10000000,23260935,Flush (See),Flush Q-8-4 ♣,"(2, 12, 8, 4, 1)",1,6204,0.03047373,18410,0.030683,11.5394,4.0141,1.4362,0.5432
discard3,"Deal 6, discard 3",6,10000000,23260935,Flush (See),Flush Q-8-3 ♠,"(2, 12, 8, 3, 4)",1,5703,0.02801284,16923,0.028205,11.4873,3.8474,1.2504,0.3723
discard3,"Deal 6, discard 3",6,10000000,23260935,Flush (See),Flush Q-8-3 ♥,"(2, 12, 8, 3, 3)",1,5702,0.02800793,16818,0.02803,11.7547,3.9904,1.2998,0.3805
discard3,"Deal 6, discard 3",6,10000000,23260935,Flush (See),Flush Q-8-3 ♦,"(2, 12, 8, 3, 2)",1,5701,0.02800302,16714,0.027857,11.4628,3.8124,1.2361,0.3889
discard3,"Deal 6, discard 3",6,10000000,23260935,Flush (See),Flush Q-8-3 ♣,"(2, 12, 8, 3, 1)",1,5700,0.02799811,16978,0.028297,11.2758,3.7107,1.2239,0.4241
discard3,"Deal 6, discard 3",6,10000000,23260935,Flush (See),Flush Q-8-2 ♠,"(2, 12, 8, 2, 4)",1,5508,0.02705501,16287,0.027145,11.193,3.7257,1.2194,0.3868
discard3,"Deal 6, discard 3",6,10000000,23260935,Flush (See),Flush Q-8-2 ♥,"(2, 12, 8, 2, 3)",1,5507,0.0270501,16457,0.027428,11.2736,3.8154,1.27,0.4071
discard3,"Deal 6, discard 3",6,10000000,23260935,Flush (See),Flush Q-8-2 ♦,"(2, 12, 8, 2, 2)",1,5506,0.02704519,16335,0.027225,11.2391,3.8347,1.3407,0.4653
discard3,"Deal 6, discard 3",6,10000000,23260935,Flush (See),Flush Q-8-2 ♣,"(2, 12, 8, 2, 1)",1,5505,0.02704028,16264,0.027107,10.9745,3.5668,1.1326,0.3505
discard3,"Deal 6, discard 3",6,10000000,23260935,Flush (See),Flush Q-7-6 ♠,"(2, 12, 7, 6, 4)",1,5112,0.02510988,15104,0.025173,11.2189,3.7586,1.2778,0.4767
discard3,"Deal 6, discard 3",6,10000000,23260935,Flush (See),Flush Q-7-6 ♥,"(2, 12, 7, 6, 3)",1,5111,0.02510497,14964,0.02494,11.1394,3.6548,1.1508,0.3275
discard3,"Deal 6, discard 3",6,10000000,23260935,Flush (See),Flush Q-7-6 ♦,"(2, 12, 7, 6, 2)",1,5110,0.02510006,15036,0.02506,11.1526,3.7064,1.2357,0.4256
discard3,"Deal 6, discard 3",6,10000000,23260935,Flush (See),Flush Q-7-6 ♣,"(2, 12, 7, 6, 1)",1,5109,0.02509514,15174,0.02529,11.2159,3.7393,1.2495,0.4152
discard3,"Deal 6, discard 3",6,10000000,23260935,Flush (See),Flush Q-7-5 ♠,"(2, 12, 7, 5, 4)",1,6081,0.02986956,17738,0.029563,10.9009,3.5776,1.1647,0.3439
discard3,"Deal 6, discard 3",6,10000000,23260935,Flush (See),Flush Q-7-5 ♥,"(2, 12, 7, 5, 3)",1,6080,0.02986465,18102,0.03017,11.1037,3.6471,1.1943,0.3977
discard3,"Deal 6, discard 3",6,10000000,23260935,Flush (See),Flush Q-7-5 ♦,"(2, 12, 7, 5, 2)",1,6079,0.02985973,17781,0.029635,11.014,3.5611,1.1237,0.3712
discard3,"Deal 6, discard 3",6,10000000,23260935,Flush (See),Flush Q-7-5 ♣,"(2, 12, 7, 5, 1)",1,6078,0.02985482,17906,0.029843,11.0695,3.6234,1.1862,0.3909
discard3,"Deal 6, discard 3",6,10000000,23260935,Flush (See),Flush Q-7-4 ♠,"(2, 12, 7, 4, 4)",1,6465,0.03175575,19033,0.031722,11.2126,3.743,1.2452,0.3941
discard3,"Deal 6, discard 3",6,10000000,23260935,Flush (See),Flush Q-7-4 ♥,"(2, 12, 7, 4, 3)",1,6464,0.03175083,18901,0.031502,11.3095,3.7755,1.2433,0.3809
discard3,"Deal 6, discard 3",6,10000000,23260935,Flush (See),Flush Q-7-4 ♦,"(2, 12, 7, 4, 2)",1,6463,0.03174592,18925,0.031542,11.2375,3.7104,1.1783,0.3752
discard3,"Deal 6, discard 3",6,10000000,23260935,Flush (See),Flush Q-7-4 ♣,"(2, 12, 7, 4, 1)",1,6462,0.03174101,19117,0.031862,11.2193,3.7202,1.2042,0.3609
discard3,"Deal 6, discard 3",6,10000000,23260935,Flush (See),Flush Q-7-3 ♠,"(2, 12, 7, 3, 4)",1,5688,0.02793916,16774,0.027957,10.955,3.565,1.1518,0.3815
discard3,"Deal 6, discard 3",6,10000000,23260935,Flush (See),Flush Q-7-3 ♥,"(2, 12, 7, 3, 3)",1,5687,0.02793425,16594,0.027657,11.0233,3.5549,1.0883,0.3073
discard3,"Deal 6, discard 3",6,10000000,23260935,Flush (See),Flush Q-7-3 ♦,"(2, 12, 7, 3, 2)",1,5686,0.02792934,16936,0.028227,11.0983,3.6378,1.1467,0.3484
discard3,"Deal 6, discard 3",6,10000000,23260935,Flush (See),Flush Q-7-3 ♣,"(2, 12, 7, 3, 1)",1,5685,0.02792443,17055,0.028425,11.287,3.7719,1.2489,0.4163
discard3,"Deal 6, discard 3",6,10000000,23260935,Flush (See),Flush Q-7-2 ♠,"(2, 12, 7, 2, 4)",1,5493,0.02698133,16270,0.027117,10.6048,3.4278,1.1334,0.3872
discard3,"Deal 6, discard 3",6,10000000,23260935,Flush (See),Flush Q-7-2 ♥,"(2, 12, 7, 2, 3)",1,5492,0.02697642,16084,0.026807,10.6752,3.4239,1.0967,0.342
discard3,"Deal 6, discard 3",6,10000000,23260935,Flush (See),Flush Q-7-2 ♦,"(2, 12, 7, 2, 2)",1,5491,0.02697151,16357,0.027262,10.7067,3.4578,1.0992,0.3118
discard3,"Deal 6, discard 3",6,10000000,23260935,Flush (See),Flush Q-7-2 ♣,"(2, 12, 7, 2, 1)",1,5490,0.0269666,15906,0.02651,10.9676,3.5773,1.1015,0.3018
discard3,"Deal 6, discard 3",6,10000000,23260935,Flush (See),Flush Q-6-5 ♠,"(2, 12, 6, 5, 4)",1,4605,0.02261952,13563,0.022605,10.8855,3.5825,1.19,0.3687
discard3,"Deal 6, discard 3",6,10000000,23260935,Flush (See),Flush Q-6-5 ♥,"(2, 12, 6, 5, 3)",1,4604,0.02261461,13697,0.022828,10.9075,3.5723,1.1477,0.3431
discard3,"Deal 6, discard 3",6,10000000,23260935,Flush (See),Flush Q-6-5 ♦,"(2, 12, 6, 5, 2)",1,4603,0.0226097,13575,0.022625,10.7352,3.4821,1.1094,0.3241
discard3,"Deal 6, discard 3",6,10000000,23260935,Flush (See),Flush Q-6-5 ♣,"(2, 12, 6, 5, 1)",1,4602,0.02260479,13488,0.02248,10.7243,3.5024,1.1566,0.4152
discard3,"Deal 6, discard 3",6,10000000,23260935,Flush (See),Flush Q-6-4 ♠,"(2, 12, 6, 4, 4)",1,5472,0.02687818,16125,0.026875,10.965,3.6242,1.1845,0.3659
discard3,"Deal 6, discard 3",6,10000000,23260935,Flush (See),Flush Q-6-4 ♥,"(2, 12, 6, 4, 3)",1,5471,0.02687327,16069,0.026782,10.9335,3.5889,1.1525,0.3547
discard3,"Deal 6, discard 3",6,10000000,23260935,Flush (See),Flush Q-6-4 ♦,"(2, 12, 6, 4, 2)",1,5470,0.02686836,15783,0.026305,11.0923,3.6869,1.2254,0.4245
discard3,"Deal 6, discard 3",6,10000000,23260935,Flush (See),Flush Q-6-4 ♣,"(2, 12, 6, 4, 1)",1,5469,0.02686345,16061,0.026768,10.792,3.4599,1.0759,0.3487
discard3,"Deal 6, discard 3",6,10000000,23260935,Flush (See),Flush Q-6-3 ♠,"(2, 12, 6, 3, 4)",1,5940,0.02917697,17640,0.0294,11.0901,3.6604,1.1882,0.4082
discard3,"Deal 6, discard 3",6,10000000,23260935,Flush (See),Flush Q-6-3 ♥,"(2, 12, 6, 3, 3)",1,5939,0.02917206,17902,0.029837,10.9658,3.6448,1.2546,0.4748
discard3,"Deal 6, discard 3",6,10000000,23260935,Flush (See),Flush Q-6-3 ♦,"(2, 12, 6, 3, 2)",1,5938,0.02916715,17250,0.02875,10.971,3.6232,1.1745,0.3768
discard3,"Deal 6, discard 3",6,10000000,23260935,Flush (See),Flush Q-6-3 ♣,"(2, 12, 6, 3, 1)",1,5937,0.02916224,17340,0.0289,10.7843,3.545,1.1938,0.4441
discard3,"Deal 6, discard 3",6,10000000,23260935,Flush (See),Flush Q-6-2 ♠,"(2, 12, 6, 2, 4)",1,5481,0.02692239,16197,0.026995,10.4637,3.3605,1.0446,0.284
discard3,"Deal 6, discard 3",6,10000000,23260935,Flush (See),Flush Q-6-2 ♥,"(2, 12, 6, 2, 3)",1,5480,0.02691748,16116,0.02686,10.5101,3.373,1.0822,0.3475
discard3,"Deal 6, discard 3",6,10000000,23260935,Flush (See),Flush Q-6-2 ♦,"(2, 12, 6, 2, 2)",1,5479,0.02691257,16224,0.02704,10.506,3.395,1.107,0.4006
discard3,"Deal 6, discard 3",6,10000000,23260935,Flush (See),Flush Q-6-2 ♣,"(2, 12, 6, 2, 1)",1,5478,0.02690765,16032,0.02672,10.3686,3.2847,1.0392,0.3555
discard3,"Deal 6, discard 3",6,10000000,23260935,Flush (See),Flush Q-5-4 ♠,"(2, 12, 5, 4, 4)",1,4116,0.02021758,12254,0.020423,10.5892,3.4487,1.1539,0.3999
discard3,"Deal 6, discard 3",6,10000000,23260935,Flush (See),Flush Q-5-4 ♥,"(2, 12, 5, 4, 3)",1,4115,0.02021267,12231,0.020385,10.7734,3.5206,1.1741,0.4088
discard3,"Deal 6, discard 3",6,10000000,23260935,Flush (See),Flush Q-5-4 ♦,"(2, 12, 5, 4, 2)",1,4114,0.02020776,12184,0.020307,10.5056,3.3134,1.0095,0.2708
discard3,"Deal 6, discard 3",6,10000000,23260935,Flush (See),Flush Q-5-4 ♣,"(2, 12, 5, 4, 1)",1,4113,0.02020284,12267,0.020445,10.71,3.454,1.0956,0.3424
discard3,"Deal 6, discard 3",6,10000000,23260935,Flush (See),Flush Q-5-3 ♠,"(2, 12, 5, 3, 4)",1,5037,0.02474148,14870,0.024783,10.5454,3.38,1.0854,0.3295
discard3,"Deal 6, discard 3",6,10000000,23260935,Flush (See),Flush Q-5-3 ♥,"(2, 12, 5, 3, 3)",1,5036,0.02473657,14950,0.024917,10.9906,3.6656,1.2348,0.4415
discard3,"Deal 6, discard 3",6,10000000,23260935,Flush (See),Flush Q-5-3 ♦,"(2, 12, 5, 3, 2)",1,5035,0.02473166,14877,0.024795,10.5714,3.3562,1.0378,0.2756
discard3,"Deal 6, discard 3",6,10000000,23260935,Flush (See),Flush Q-5-3 ♣,"(2, 12, 5, 3, 1)",1,5034,0.02472675,14950,0.024917,10.4903,3.3452,1.0167,0.2809
discard3,"Deal 6, discard 3",6,10000000,23260935,Flush (See),Flush Q-5-2 ♠,"(2, 12, 5, 2, 4)",1,5727,0.02813073,17049,0.028415,10.5291,3.3844,1.0957,0.3578
discard3,"Deal 6, discard 3",6,10000000,23260935,Flush (See),Flush Q-5-2 ♥,"(2, 12, 5, 2, 3)",1,5726,0.02812582,16769,0.027948,10.3912,3.4009,1.1474,0.3757
discard3,"Deal 6, discard 3",6,10000000,23260935,Flush (See),Flush Q-5-2 ♦,"(2, 12, 5, 2, 2)",1,5725,0.0281209,16827,0.028045,10.3156,3.2816,0.9984,0.2615
discard3,"Deal 6, discard 3",6,10000000,23260935,Flush (See),Flush Q-5-2 ♣,"(2, 12, 5, 2, 1)",1,5724,0.02811599,16846,0.028077,10.295,3.3029,1.0756,0.3562
discard3,"Deal 6, discard 3",6,10000000,23260935,Flush (See),Flush Q-4-3 ♠,"(2, 12, 4, 3, 4)",1,3618,0.01777143,10666,0.017777,10.7379,3.4737,1.1307,0.375
discard3,"Deal 6, discard 3",6,10000000,23260935,Flush (See),Flush Q-4-3 ♥,"(2, 12, 4, 3, 3)",1,3617,0.01776652,10628,0.017713,10.6586,3.3892,1.0839,0.3575
discard3,"Deal 6, discard 3",6,10000000,23260935,Flush (See),Flush Q-4-3 ♦,"(2, 12, 4, 3, 2)",1,3616,0.01776161,10643,0.017738,10.6361,3.4145,1.0843,0.3664
discard3,"Deal 6, discard 3",6,10000000,23260935,Flush (See),Flush Q-4-3 ♣,"(2, 12, 4, 3, 1)",1,3615,0.01775669,10749,0.017915,10.6949,3.4338,1.0996,0.3535
discard3,"Deal 6, discard 3",6,10000000,23260935,Flush (See),Flush Q-4-2 ♠,"(2, 12, 4, 2, 4)",1,4773,0.02344473,14010,0.02335,10.3376,3.3112,1.0178,0.2998
discard3,"Deal 6, discard 3",6,10000000,23260935,Flush (See),Flush Q-4-2 ♥,"(2, 12, 4, 2, 3)",1,4772,0.02343982,13858,0.023097,10.4294,3.3814,1.0896,0.3464
discard3,"Deal 6, discard 3",6,10000000,23260935,Flush (See),Flush Q-4-2 ♦,"(2, 12, 4, 2, 2)",1,4771,0.02343491,14061,0.023435,10.0156,3.11,0.9573,0.2845
discard3,"Deal 6, discard 3",6,10000000,23260935,Flush (See),Flush Q-4-2 ♣,"(2, 12, 4, 2, 1)",1,4770,0.02342999,14062,0.023437,10.1977,3.2342,1.0468,0.3556
discard3,"Deal 6, discard 3",6,10000000,23260935,Flush (See),Flush Q-3-2 ♠,"(2, 12, 3, 2, 4)",1,3849,0.01890609,11265,0.018775,10.1358,3.2091,1.0386,0.3196
discard3,"Deal 6, discard 3",6,10000000,23260935,Flush (See),Flush Q-3-2 ♥,"(2, 12, 3, 2, 3)",1,3848,0.01890118,11358,0.01893,10.1136,3.2074,0.9949,0.3082
discard3,"Deal 6, discard 3",6,10000000,23260935,Flush (See),Flush Q-3-2 ♦,"(2, 12, 3, 2, 2)",1,3847,0.01889627,11483,0.019138,9.8781,3.075,0.9858,0.3396
discard3,"Deal 6, discard 3",6,10000000,23260935,Flush (See),Flush Q-3-2 ♣,"(2, 12, 3, 2, 1)",1,3846,0.01889135,11353,0.018922,9.8529,3.0477,0.9407,0.2995
discard3,"Deal 6, discard 3",6,10000000,23260935,Flush (See),Flush J-10-8 ♠,"(2, 11, 10, 8, 4)",1,7390,0.0362993,21813,0.036355,9.5127,2.8671,0.861,0.2338
discard3,"Deal 6, discard 3",6,10000000,23260935,Flush (See),Flush J-10-8 ♥,"(2, 11, 10, 8, 3)",1,7389,0.03629439,21605,0.036008,9.7519,3.0224,0.9414,0.287
discard3,"Deal 6, discard 3",6,10000000,23260935,Flush (See),Flush J-10-8 ♦,"(2, 11, 10, 8, 2)",1,7388,0.03628947,21859,0.036432,9.5471,2.8917,0.8308,0.2059
discard3,"Deal 6, discard 3",6,10000000,23260935,Flush (See),Flush J-10-8 ♣,"(2, 11, 10, 8, 1)",1,7387,0.03628456,21563,0.035938,9.8451,3.1322,1.0119,0.3339
discard3,"Deal 6, discard 3",6,10000000,23260935,Flush (See),Flush J-10-7 ♠,"(2, 11, 10, 7, 4)",1,6440,0.03163295,18875,0.031458,9.5189,2.8901,0.8699,0.2649
discard3,"Deal 6, discard 3",6,10000000,23260935,Flush (See),Flush J-10-7 ♥,"(2, 11, 10, 7, 3)",1,6439,0.03162804,18959,0.031598,9.6392,2.9326,0.8344,0.1793
discard3,"Deal 6, discard 3",6,10000000,23260935,Flush (See),Flush J-10-7 ♦,"(2, 11, 10, 7, 2)",1,6438,0.03162312,18884,0.031473,9.6553,2.9242,0.8706,0.2595
discard3,"Deal 6, discard 3",6,10000000,23260935,Flush (See),Flush J-10-7 ♣,"(2, 11, 10, 7, 1)",1,6437,0.03161821,19053,0.031755,9.4389,2.8463,0.8503,0.2414
discard3,"Deal 6, discard 3",6,10000000,23260935,Flush (See),Flush J-10-6 ♠,"(2, 11, 10, 6, 4)",1,5632,0.02766409,16572,0.02762,9.5124,2.9441,0.9293,0.3198
discard3,"Deal 6, discard 3",6,10000000,23260935,Flush (See),Flush J-10-6 ♥,"(2, 11, 10, 6, 3)",1,5631,0.02765918,16885,0.028142,9.4741,2.9269,0.9097,0.2724
discard3,"Deal 6, discard 3",6,10000000,23260935,Flush (See),Flush J-10-6 ♦,"(2, 11, 10, 6, 2)",1,5630,0.02765427,16673,0.027788,9.3732,2.7985,0.7941,0.1799
discard3,"Deal 6, discard 3",6,10000000,23260935,Flush (See),Flush J-10-6 ♣,"(2, 11, 10, 6, 1)",1,5629,0.02764936,16393,0.027322,9.4809,2.875,0.8552,0.2562
discard3,"Deal 6, discard 3",6,10000000,23260935,Flush (See),Flush J-10-5 ♠,"(2, 11, 10, 5, 4)",1,5124,0.02516882,14983,0.024972,9.4601,2.8939,0.869,0.2403
discard3,"Deal 6, discard 3",6,10000000,23260935,Flush (See),Flush J-10-5 ♥,"(2, 11, 10, 5, 3)",1,5123,0.02516391,15027,0.025045,9.3778,2.8409,0.8917,0.3194
discard3,"Deal 6, discard 3",6,10000000,23260935,Flush (See),Flush J-10-5 ♦,"(2, 11, 10, 5, 2)",1,5122,0.025159,15223,0.025372,9.4935,2.8582,0.8592,0.2496
discard3,"Deal 6, discard 3",6,10000000,23260935,Flush (See),Flush J-10-5 ♣,"(2, 11, 10, 5, 1)",1,5121,0.02515409,15287,0.025478,9.3596,2.8913,0.9433,0.3402
discard3,"Deal 6, discard 3",6,10000000,23260935,Flush (See),Flush J-10-4 ♠,"(2, 11, 10, 4, 4)",1,4605,0.02261952,13700,0.022833,9.4328,2.8818,0.8861,0.2555
discard3,"Deal 6, discard 3",6,10000000,23260935,Flush (See),Flush J-10-4 ♥,"(2, 11, 10, 4, 3)",1,4604,0.02261461,13672,0.022787,9.5012,2.9286,0.9143,0.2706
discard3,"Deal 6, discard 3",6,10000000,23260935,Flush (See),Flush J-10-4 ♦,"(2, 11, 10, 4, 2)",1,4603,0.0226097,13494,0.02249,9.5168,2.9584,0.9263,0.2816
discard3,"Deal 6, discard 3",6,10000000,23260935,Flush (See),Flush J-10-4 ♣,"(2, 11, 10, 4, 1)",1,4602,0.02260479,13503,0.022505,9.1683,2.695,0.7302,0.1555
discard3,"Deal 6, discard 3",6,10000000,23260935,Flush (See),Flush J-10-3 ♠,"(2, 11, 10, 3, 4)",1,4191,0.02058598,12285,0.020475,9.4359,2.8392,0.8173,0.2116
discard3,"Deal 6, discard 3",6,10000000,23260935,Flush (See),Flush J-10-3 ♥,"(2, 11, 10, 3, 3)",1,4190,0.02058106,12341,0.020568,9.1775,2.721,0.7957,0.2431
discard3,"Deal 6, discard 3",6,10000000,23260935,Flush (See),Flush J-10-3 ♦,"(2, 11, 10, 3, 2)",1,4189,0.02057615,12131,0.020218,9.301,2.8217,0.8342,0.2226
discard3,"Deal 6, discard 3",6,10000000,23260935,Flush (See),Flush J-10-3 ♣,"(2, 11, 10, 3, 1)",1,4188,0.02057124,12350,0.020583,9.4251,2.8818,0.8615,0.2348
discard3,"Deal 6, discard 3",6,10000000,23260935,Flush (See),Flush J-10-2 ♠,"(2, 11, 10, 2, 4)",1,4062,0.01995233,11949,0.019915,9.2024,2.8287,0.8653,0.2594
discard3,"Deal 6, discard 3",6,10000000,23260935,Flush (See),Flush J-10-2 ♥,"(2, 11, 10, 2, 3)",1,4061,0.01994742,11697,0.019495,9.0143,2.6998,0.7968,0.2394
discard3,"Deal 6, discard 3",6,10000000,23260935,Flush (See),Flush J-10-2 ♦,"(2, 11, 10, 2, 2)",1,4060,0.01994251,11802,0.01967,9.1493,2.7224,0.7863,0.1779
discard3,"Deal 6, discard 3",6,10000000,23260935,Flush (See),Flush J-10-2 ♣,"(2, 11, 10, 2, 1)",1,4059,0.0199376,11792,0.019653,8.9586,2.6102,0.7378,0.195
discard3,"Deal 6, discard 3",6,10000000,23260935,Flush (See),Flush J-9-8 ♠,"(2, 11, 9, 8, 4)",1,6586,0.03235009,19255,0.032092,9.4718,2.8471,0.8237,0.187
discard3,"Deal 6, discard 3",6,10000000,23260935,Flush (See),Flush J-9-8 ♥,"(2, 11, 9, 8, 3)",1,6585,0.03234518,19399,0.032332,9.4654,2.8955,0.8763,0.2835
discard3,"Deal 6, discard 3",6,10000000,23260935,Flush (See),Flush J-9-8 ♦,"(2, 11, 9, 8, 2)",1,6584,0.03234027,19467,0.032445,9.1483,2.7118,0.8209,0.262
discard3,"Deal 6, discard 3",6,10000000,23260935,Flush (See),Flush J-9-8 ♣,"(2, 11, 9, 8, 1)",1,6583,0.03233536,19354,0.032257,9.4668,2.9084,0.899,0.2997
discard3,"Deal 6, discard 3",6,10000000,23260935,Flush (See),Flush J-9-7 ♠,"(2, 11, 9, 7, 4)",1,6131,0.03011516,17998,0.029997,9.5177,2.9275,0.9423,0.35
discard3,"Deal 6, discard 3",6,10000000,23260935,Flush (See),Flush J-9-7 ♥,"(2, 11, 9, 7, 3)",1,6130,0.03011024,17901,0.029835,9.519,2.9395,0.9016,0.2905
discard3,"Deal 6, discard 3",6,10000000,23260935,Flush (See),Flush J-9-7 ♦,"(2, 11, 9, 7, 2)",1,6129,0.03010533,18010,0.030017,9.3576,2.8245,0.8395,0.2388
discard3,"Deal 6, discard 3",6,10000000,23260935,Flush (See),Flush J-9-7 ♣,"(2, 11, 9, 7, 1)",1,6128,0.03010042,17883,0.029805,9.3502,2.8832,0.9137,0.2796
discard3,"Deal 6, discard 3",6,10000000,23260935,Flush (See),Flush J-9-6 ♠,"(2, 11, 9, 6, 4)",1,6799,0.03339634,19954,0.033257,9.4573,2.9152,0.8971,0.2706
discard3,"Deal 6, discard 3",6,10000000,23260935,Flush (See),Flush J-9-6 ♥,"(2, 11, 9, 6, 3)",1,6798,0.03339143,20082,0.03347,9.2944,2.7572,0.7987,0.2191
discard3,"Deal 6, discard 3",6,10000000,23260935,Flush (See),Flush J-9-6 ♦,"(2, 11, 9, 6, 2)",1,6797,0.03338651,20077,0.033462,9.4695,2.8545,0.8348,0.2241
discard3,"Deal 6, discard 3",6,10000000,23260935,Flush (See),Flush J-9-6 ♣,"(2, 11, 9, 6, 1)",1,6796,0.0333816,19928,0.033213,9.2834,2.7494,0.7999,0.2409
discard3,"Deal 6, discard 3",6,10000000,23260935,Flush (See),Flush J-9-5 ♠,"(2, 11, 9, 5, 4)",1,5922,0.02908856,17349,0.028915,9.325,2.8428,0.8819,0.294
discard3,"Deal 6, discard 3",6,10000000,23260935,Flush (See),Flush J-9-5 ♥,"(2, 11, 9, 5, 3)",1,5921,0.02908365,17741,0.029568,9.4008,2.8471,0.8387,0.2311
discard3,"Deal 6, discard 3",6,10000000,23260935,Flush (See),Flush J-9-5 ♦,"(2, 11, 9, 5, 2)",1,5920,0.02907873,17386,0.028977,9.1786,2.7154,0.796,0.2473
discard3,"Deal 6, discard 3",6,10000000,23260935,Flush (See),Flush J-9-5 ♣,"(2, 11, 9, 5, 1)",1,5919,0.02907382,17546,0.029243,9.466,2.9015,0.8857,0.2679
discard3,"Deal 6, discard 3",6,10000000,23260935,Flush (See),Flush J-9-4 ♠,"(2, 11, 9, 4, 4)",1,5325,0.02615613,15628,0.026047,9.5233,2.9031,0.8702,0.2368
discard3,"Deal 6, discard 3",6,10000000,23260935,Flush (See),Flush J-9-4 ♥,"(2, 11, 9, 4, 3)",1,5324,0.02615121,15541,0.025902,9.3803,2.8364,0.8339,0.2059
discard3,"Deal 6, discard 3",6,10000000,23260935,Flush (See),Flush J-9-4 ♦,"(2, 11, 9, 4, 2)",1,5323,0.0261463,15613,0.026022,9.2622,2.756,0.8262,0.301
discard3,"Deal 6, discard 3",6,10000000,23260935,Flush (See),Flush J-9-4 ♣,"(2, 11, 9, 4, 1)",1,5322,0.02614139,15498,0.02583,9.2134,2.6855,0.7227,0.1678
discard3,"Deal 6, discard 3",6,10000000,23260935,Flush (See),Flush J-9-3 ♠,"(2, 11, 9, 3, 4)",1,4848,0.02381313,14460,0.0241,9.2483,2.7089,0.787,0.2628
discard3,"Deal 6, discard 3",6,10000000,23260935,Flush (See),Flush J-9-3 ♥,"(2, 11, 9, 3, 3)",1,4847,0.02380821,14402,0.024003,9.3661,2.8961,0.9235,0.3333
discard3,"Deal 6, discard 3",6,10000000,23260935,Flush (See),Flush J-9-3 ♦,"(2, 11, 9, 3, 2)",1,4846,0.0238033,14191,0.023652,9.3454,2.856,0.9062,0.3453
discard3,"Deal 6, discard 3",6,10000000,23260935,Flush (See),Flush J-9-3 ♣,"(2, 11, 9, 3, 1)",1,4845,0.02379839,14188,0.023647,9.3114,2.7981,0.8683,0.289
discard3,"Deal 6, discard 3",6,10000000,23260935,Flush (See),Flush J-9-2 ♠,"(2, 11, 9, 2, 4)",1,4689,0.02303213,13702,0.022837,9.1133,2.7558,0.851,0.2919
discard3,"Deal 6, discard 3",6,10000000,23260935,Flush (See),Flush J-9-2 ♥,"(2, 11, 9, 2, 3)",1,4688,0.02302721,13778,0.022963,8.9752,2.6404,0.7781,0.2468
discard3,"Deal 6, discard 3",6,10000000,23260935,Flush (See),Flush J-9-2 ♦,"(2, 11, 9, 2, 2)",1,4687,0.0230223,13688,0.022813,9.062,2.7309,0.8285,0.2338
discard3,"Deal 6, discard 3",6,10000000,23260935,Flush (See),Flush J-9-2 ♣,"(2, 11, 9, 2, 1)",1,4686,0.02301739,13806,0.02301,9.007,2.6843,0.8141,0.2752
discard3,"Deal 6, discard 3",6,10000000,23260935,Flush (See),Flush J-8-7 ♠,"(2, 11, 8, 7, 4)",1,5798,0.02847948,16856,0.028093,9.0959,2.732,0.8258,0.2254
discard3,"Deal 6, discard 3",6,10000000,23260935,Flush (See),Flush J-8-7 ♥,"(2, 11, 8, 7, 3)",1,5797,0.02847456,17096,0.028493,9.1647,2.758,0.8037,0.2047
discard3,"Deal 6, discard 3",6,10000000,23260935,Flush (See),Flush J-8-7 ♦,"(2, 11, 8, 7, 2)",1,5796,0.02846965,17100,0.0285,8.9556,2.7058,0.8444,0.2456
discard3,"Deal 6, discard 3",6,10000000,23260935,Flush (See),Flush J-8-7 ♣,"(2, 11, 8, 7, 1)",1,5795,0.02846474,17299,0.028832,9.0051,2.6793,0.8093,0.2601
discard3,"Deal 6, discard 3",6,10000000,23260935,Flush (See),Flush J-8-6 ♠,"(2, 11, 8, 6, 4)",1,6889,0.03383841,20303,0.033838,9.074,2.7188,0.8432,0.2709
discard3,"Deal 6, discard 3",6,10000000,23260935,Flush (See),Flush J-8-6 ♥,"(2, 11, 8, 6, 3)",1,6888,0.0338335,20327,0.033878,8.9757,2.6664,0.7989,0.2509
discard3,"Deal 6, discard 3",6,10000000,23260935,Flush (See),Flush J-8-6 ♦,"(2, 11, 8, 6, 2)",1,6887,0.03382859,20076,0.03346,9.072,2.6395,0.7292,0.1893
discard3,"Deal 6, discard 3",6,10000000,23260935,Flush (See),Flush J-8-6 ♣,"(2, 11, 8, 6, 1)",1,6886,0.03382368,20312,0.033853,8.9071,2.5994,0.7424,0.2314
discard3,"Deal 6, discard 3",6,10000000,23260935,Flush (See),Flush J-8-5 ♠,"(2, 11, 8, 5, 4)",1,7347,0.03608808,21699,0.036165,9.1843,2.8015,0.8885,0.2949
discard3,"Deal 6, discard 3",6,10000000,23260935,Flush (See),Flush J-8-5 ♥,"(2, 11, 8, 5, 3)",1,7346,0.03608317,21655,0.036092,9.0339,2.6899,0.7934,0.2309
discard3,"Deal 6, discard 3",6,10000000,23260935,Flush (See),Flush J-8-5 ♦,"(2, 11, 8, 5, 2)",1,7345,0.03607826,21782,0.036303,9.0988,2.7197,0.8135,0.2295
discard3,"Deal 6, discard 3",6,10000000,23260935,Flush (See),Flush J-8-5 ♣,"(2, 11, 8, 5, 1)",1,7344,0.03607335,21650,0.036083,8.9025,2.6171,0.788,0.2587
discard3,"Deal 6, discard 3",6,10000000,23260935,Flush (See),Flush J-8-4 ♠,"(2, 11, 8, 4, 4)",1,6381,0.03134314,18821,0.031368,8.9958,2.6736,0.7906,0.2125
discard3,"Deal 6, discard 3",6,10000000,23260935,Flush (See),Flush J-8-4 ♥,"(2, 11, 8, 4, 3)",1,6380,0.03133823,18818,0.031363,8.8282,2.5672,0.7174,0.2019
discard3,"Deal 6, discard 3",6,10000000,23260935,Flush (See),Flush J-8-4 ♦,"(2, 11, 8, 4, 2)",1,6379,0.03133332,18770,0.031283,8.9467,2.6532,0.7704,0.1865
discard3,"Deal 6, discard 3",6,10000000,23260935,Flush (See),Flush J-8-4 ♣,"(2, 11, 8, 4, 1)",1,6378,0.03132841,19136,0.031893,9.0264,2.6986,0.788,0.2247
discard3,"Deal 6, discard 3",6,10000000,23260935,Flush (See),Flush J-8-3 ♠,"(2, 11, 8, 3, 4)",1,5832,0.02864648,17241,0.028735,8.9484,2.6385,0.7703,0.2088
discard3,"Deal 6, discard 3",6,10000000,23260935,Flush (See),Flush J-8-3 ♥,"(2, 11, 8, 3, 3)",1,5831,0.02864157,17246,0.028743,8.9667,2.6667,0.8106,0.2667
discard3,"Deal 6, discard 3",6,10000000,23260935,Flush (See),Flush J-8-3 ♦,"(2, 11, 8, 3, 2)",1,5830,0.02863666,17169,0.028615,8.8211,2.5843,0.7642,0.233
discard3,"Deal 6, discard 3",6,10000000,23260935,Flush (See),Flush J-8-3 ♣,"(2, 11, 8, 3, 1)",1,5829,0.02863175,17218,0.028697,8.9186,2.66,0.7887,0.2497
discard3,"Deal 6, discard 3",6,10000000,23260935,Flush (See),Flush J-8-2 ♠,"(2, 11, 8, 2, 4)",1,5634,0.02767392,16550,0.027583,8.6967,2.5517,0.7625,0.2296
discard3,"Deal 6, discard 3",6,10000000,23260935,Flush (See),Flush J-8-2 ♥,"(2, 11, 8, 2, 3)",1,5633,0.02766901,16521,0.027535,8.4898,2.4847,0.7324,0.2058
discard3,"Deal 6, discard 3",6,10000000,23260935,Flush (See),Flush J-8-2 ♦,"(2, 11, 8, 2, 2)",1,5632,0.02766409,16528,0.027547,8.5697,2.4776,0.7115,0.1936
discard3,"Deal 6, discard 3",6,10000000,23260935,Flush (See),Flush J-8-2 ♣,"(2, 11, 8, 2, 1)",1,5631,0.02765918,16727,0.027878,8.6124,2.5378,0.782,0.275
discard3,"Deal 6, discard 3",6,10000000,23260935,Flush (See),Flush J-7-6 ♠,"(2, 11, 7, 6, 4)",1,5019,0.02465307,14749,0.024582,8.8555,2.607,0.758,0.1898
discard3,"Deal 6, discard 3",6,10000000,23260935,Flush (See),Flush J-7-6 ♥,"(2, 11, 7, 6, 3)",1,5018,0.02464816,14841,0.024735,8.5392,2.5039,0.752,0.256
discard3,"Deal 6, discard 3",6,10000000,23260935,Flush (See),Flush J-7-6 ♦,"(2, 11, 7, 6, 2)",1,5017,0.02464325,14612,0.024353,8.8222,2.5808,0.735,0.1985
discard3,"Deal 6, discard 3",6,10000000,23260935,Flush (See),Flush J-7-6 ♣,"(2, 11, 7, 6, 1)",1,5016,0.02463833,14704,0.024507,8.5249,2.3837,0.5903,0.1088
discard3,"Deal 6, discard 3",6,10000000,23260935,Flush (See),Flush J-7-5 ♠,"(2, 11, 7, 5, 4)",1,6000,0.02947169,17664,0.02944,8.7947,2.5815,0.7677,0.2717
discard3,"Deal 6, discard 3",6,10000000,23260935,Flush (See),Flush J-7-5 ♥,"(2, 11, 7, 5, 3)",1,5999,0.02946678,17833,0.029722,8.5656,2.4791,0.7301,0.2299
discard3,"Deal 6, discard 3",6,10000000,23260935,Flush (See),Flush J-7-5 ♦,"(2, 11, 7, 5, 2)",1,5998,0.02946187,17663,0.029438,8.6486,2.5109,0.71,0.1755
discard3,"Deal 6, discard 3",6,10000000,23260935,Flush (See),Flush J-7-5 ♣,"(2, 11, 7, 5, 1)",1,5997,0.02945695,17812,0.029687,8.5869,2.4736,0.7141,0.219
discard3,"Deal 6, discard 3",6,10000000,23260935,Flush (See),Flush J-7-4 ♠,"(2, 11, 7, 4, 4)",1,6369,0.0312842,18450,0.03075,8.6959,2.5545,0.7501,0.2331
discard3,"Deal 6, discard 3",6,10000000,23260935,Flush (See),Flush J-7-4 ♥,"(2, 11, 7, 4, 3)",1,6368,0.03127929,18654,0.03109,8.745,2.6011,0.7945,0.2305
discard3,"Deal 6, discard 3",6,10000000,23260935,Flush (See),Flush J-7-4 ♦,"(2, 11, 7, 4, 2)",1,6367,0.03127438,18634,0.031057,8.6482,2.4949,0.6848,0.1771
discard3,"Deal 6, discard 3",6,10000000,23260935,Flush (See),Flush J-7-4 ♣,"(2, 11, 7, 4, 1)",1,6366,0.03126946,18826,0.031377,8.8936,2.6192,0.7532,0.17
discard3,"Deal 6, discard 3",6,10000000,23260935,Flush (See),Flush J-7-3 ♠,"(2, 11, 7, 3, 4)",1,5559,0.02730552,16472,0.027453,8.6073,2.4739,0.6945,0.1943
discard3,"Deal 6, discard 3",6,10000000,23260935,Flush (See),Flush J-7-3 ♥,"(2, 11, 7, 3, 3)",1,5558,0.02730061,16397,0.027328,8.6955,2.5797,0.7611,0.1952
discard3,"Deal 6, discard 3",6,10000000,23260935,Flush (See),Flush J-7-3 ♦,"(2, 11, 7, 3, 2)",1,5557,0.0272957,16113,0.026855,8.5484,2.4806,0.7261,0.242
discard3,"Deal 6, discard 3",6,10000000,23260935,Flush (See),Flush J-7-3 ♣,"(2, 11, 7, 3, 1)",1,5556,0.02729079,16353,0.027255,8.6058,2.4968,0.6898,0.1773
discard3,"Deal 6, discard 3",6,10000000,23260935,Flush (See),Flush J-7-2 ♠,"(2, 11, 7, 2, 4)",1,5370,0.02637716,15787,0.026312,8.3068,2.3507,0.6461,0.1394
discard3,"Deal 6, discard 3",6,10000000,23260935,Flush (See),Flush J-7-2 ♥,"(2, 11, 7, 2, 3)",1,5369,0.02637225,15690,0.02615,8.3352,2.3875,0.6603,0.1721
discard3,"Deal 6, discard 3",6,10000000,23260935,Flush (See),Flush J-7-2 ♦,"(2, 11, 7, 2, 2)",1,5368,0.02636734,15663,0.026105,8.2213,2.2665,0.6014,0.1341
discard3,"Deal 6, discard 3",6,10000000,23260935,Flush (See),Flush J-7-2 ♣,"(2, 11, 7, 2, 1)",1,5367,0.02636243,15807,0.026345,8.1565,2.3382,0.663,0.1898
discard3,"Deal 6, discard 3",6,10000000,23260935,Flush (See),Flush J-6-5 ♠,"(2, 11, 6, 5, 4)",1,4539,0.02229533,13253,0.022088,8.3332,2.3097,0.6127,0.1358
discard3,"Deal 6, discard 3",6,10000000,23260935,Flush (See),Flush J-6-5 ♥,"(2, 11, 6, 5, 3)",1,4538,0.02229042,13257,0.022095,8.4008,2.4199,0.7015,0.2188
discard3,"Deal 6, discard 3",6,10000000,23260935,Flush (See),Flush J-6-5 ♦,"(2, 11, 6, 5, 2)",1,4537,0.02228551,13224,0.02204,8.3749,2.4478,0.7441,0.2269
discard3,"Deal 6, discard 3",6,10000000,23260935,Flush (See),Flush J-6-5 ♣,"(2, 11, 6, 5, 1)",1,4536,0.0222806,13329,0.022215,8.4177,2.3625,0.6467,0.15
discard3,"Deal 6, discard 3",6,10000000,23260935,Flush (See),Flush J-6-4 ♠,"(2, 11, 6, 4, 4)",1,5391,0.02648031,15904,0.026507,8.6249,2.5176,0.7382,0.2452
discard3,"Deal 6, discard 3",6,10000000,23260935,Flush (See),Flush J-6-4 ♥,"(2, 11, 6, 4, 3)",1,5390,0.0264754,15905,0.026508,8.3622,2.3873,0.679,0.1886
discard3,"Deal 6, discard 3",6,10000000,23260935,Flush (See),Flush J-6-4 ♦,"(2, 11, 6, 4, 2)",1,5389,0.02647049,15848,0.026413,8.2749,2.341,0.6752,0.2145
discard3,"Deal 6, discard 3",6,10000000,23260935,Flush (See),Flush J-6-4 ♣,"(2, 11, 6, 4, 1)",1,5388,0.02646558,15920,0.026533,8.5327,2.4987,0.7399,0.2261
discard3,"Deal 6, discard 3",6,10000000,23260935,Flush (See),Flush J-6-3 ♠,"(2, 11, 6, 3, 4)",1,5808,0.0285286,17233,0.028722,8.5667,2.4523,0.6987,0.2089
discard3,"Deal 6, discard 3",6,10000000,23260935,Flush (See),Flush J-6-3 ♥,"(2, 11, 6, 3, 3)",1,5807,0.02852368,17077,0.028462,8.5601,2.5215,0.7659,0.2577
discard3,"Deal 6, discard 3",6,10000000,23260935,Flush (See),Flush J-6-3 ♦,"(2, 11, 6, 3, 2)",1,5806,0.02851877,16910,0.028183,8.4944,2.4583,0.686,0.1892
discard3,"Deal 6, discard 3",6,10000000,23260935,Flush (See),Flush J-6-3 ♣,"(2, 11, 6, 3, 1)",1,5805,0.02851386,17136,0.02856,8.4851,2.3955,0.6583,0.1867
discard3,"Deal 6, discard 3",6,10000000,23260935,Flush (See),Flush J-6-2 ♠,"(2, 11, 6, 2, 4)",1,5358,0.02631822,15762,0.02627,8.1303,2.3271,0.6738,0.165
discard3,"Deal 6, discard 3",6,10000000,23260935,Flush (See),Flush J-6-2 ♥,"(2, 11, 6, 2, 3)",1,5357,0.02631331,15842,0.026403,7.9838,2.2466,0.6211,0.1641
discard3,"Deal 6, discard 3",6,10000000,23260935,Flush (See),Flush J-6-2 ♦,"(2, 11, 6, 2, 2)",1,5356,0.0263084,15645,0.026075,7.9955,2.2154,0.6111,0.179
discard3,"Deal 6, discard 3",6,10000000,23260935,Flush (See),Flush J-6-2 ♣,"(2, 11, 6, 2, 1)",1,5355,0.02630348,15718,0.026197,7.8299,2.1154,0.5624,0.1591
discard3,"Deal 6, discard 3",6,10000000,23260935,Flush (See),Flush J-5-4 ♠,"(2, 11, 5, 4, 4)",1,4050,0.01989339,12042,0.02007,8.2711,2.3551,0.6494,0.1578
discard3,"Deal 6, discard 3",6,10000000,23260935,Flush (See),Flush J-5-4 ♥,"(2, 11, 5, 4, 3)",1,4049,0.01988848,11991,0.019985,8.4005,2.4493,0.7289,0.2252
discard3,"Deal 6, discard 3",6,10000000,23260935,Flush (See),Flush J-5-4 ♦,"(2, 11, 5, 4, 2)",1,4048,0.01988357,11890,0.019817,8.434,2.5038,0.7822,0.2607
discard3,"Deal 6, discard 3",6,10000000,23260935,Flush (See),Flush J-5-4 ♣,"(2, 11, 5, 4, 1)",1,4047,0.01987866,11884,0.019807,8.2018,2.2997,0.6345,0.1599
discard3,"Deal 6, discard 3",6,10000000,23260935,Flush (See),Flush J-5-3 ♠,"(2, 11, 5, 3, 4)",1,4920,0.02416679,14520,0.0242,8.2741,2.3492,0.6474,0.1515
discard3,"Deal 6, discard 3",6,10000000,23260935,Flush (See),Flush J-5-3 ♥,"(2, 11, 5, 3, 3)",1,4919,0.02416187,14296,0.023827,8.3905,2.4335,0.7079,0.2098
discard3,"Deal 6, discard 3",6,10000000,23260935,Flush (See),Flush J-5-3 ♦,"(2, 11, 5, 3, 2)",1,4918,0.02415696,14541,0.024235,8.2374,2.3162,0.6492,0.1788
discard3,"Deal 6, discard 3",6,10000000,23260935,Flush (See),Flush J-5-3 ♣,"(2, 11, 5, 3, 1)",1,4917,0.02415205,14759,0.024598,8.3867,2.383,0.6247,0.1491
discard3,"Deal 6, discard 3",6,10000000,23260935,Flush (See),Flush J-5-2 ♠,"(2, 11, 5, 2, 4)",1,5601,0.02751182,16769,0.027948,7.976,2.2088,0.5951,0.155
discard3,"Deal 6, discard 3",6,10000000,23260935,Flush (See),Flush J-5-2 ♥,"(2, 11, 5, 2, 3)",1,5600,0.02750691,16576,0.027627,8.0164,2.2484,0.6202,0.1629
discard3,"Deal 6, discard 3",6,10000000,23260935,Flush (See),Flush J-5-2 ♦,"(2, 11, 5, 2, 2)",1,5599,0.027502,16348,0.027247,7.982,2.2015,0.5823,0.1346
discard3,"Deal 6, discard 3",6,10000000,23260935,Flush (See),Flush J-5-2 ♣,"(2, 11, 5, 2, 1)",1,5598,0.02749709,16644,0.02774,8.0071,2.2795,0.6393,0.1802
discard3,"Deal 6, discard 3",6,10000000,23260935,Flush (See),Flush J-4-3 ♠,"(2, 11, 4, 3, 4)",1,3552,0.01744724,10510,0.017517,8.4072,2.4577,0.7422,0.2569
discard3,"Deal 6, discard 3",6,10000000,23260935,Flush (See),Flush J-4-3 ♥,"(2, 11, 4, 3, 3)",1,3551,0.01744233,10550,0.017583,8.2929,2.3261,0.6123,0.1327
discard3,"Deal 6, discard 3",6,10000000,23260935,Flush (See),Flush J-4-3 ♦,"(2, 11, 4, 3, 2)",1,3550,0.01743742,10474,0.017457,8.2289,2.2322,0.5595,0.1146
discard3,"Deal 6, discard 3",6,10000000,23260935,Flush (See),Flush J-4-3 ♣,"(2, 11, 4, 3, 1)",1,3549,0.0174325,10449,0.017415,8.2678,2.3227,0.5857,0.0957
discard3,"Deal 6, discard 3",6,10000000,23260935,Flush (See),Flush J-4-2 ♠,"(2, 11, 4, 2, 4)",1,4689,0.02303213,13849,0.023082,7.8894,2.2247,0.647,0.195
discard3,"Deal 6, discard 3",6,10000000,23260935,Flush (See),Flush J-4-2 ♥,"(2, 11, 4, 2, 3)",1,4688,0.02302721,13700,0.022833,7.9774,2.2423,0.6409,0.1971
discard3,"Deal 6, discard 3",6,10000000,23260935,Flush (See),Flush J-4-2 ♦,"(2, 11, 4, 2, 2)",1,4687,0.0230223,13798,0.022997,7.9019,2.1663,0.5914,0.1522
discard3,"Deal 6, discard 3",6,10000000,23260935,Flush (See),Flush J-4-2 ♣,"(2, 11, 4, 2, 1)",1,4686,0.02301739,13917,0.023195,7.9536,2.1765,0.5849,0.1653
discard3,"Deal 6, discard 3",6,10000000,23260935,Flush (See),Flush J-3-2 ♠,"(2, 11, 3, 2, 4)",1,3585,0.01760934,10505,0.017508,7.5136,2.0514,0.5597,0.1428
discard3,"Deal 6, discard 3",6,10000000,23260935,Flush (See),Flush J-3-2 ♥,"(2, 11, 3, 2, 3)",1,3584,0.01760442,10536,0.01756,7.7022,2.089,0.5695,0.1519
discard3,"Deal 6, discard 3",6,10000000,23260935,Flush (See),Flush J-3-2 ♦,"(2, 11, 3, 2, 2)",1,3583,0.01759951,10381,0.017302,7.559,2.0133,0.526,0.1445
discard3,"Deal 6, discard 3",6,10000000,23260935,Flush (See),Flush J-3-2 ♣,"(2, 11, 3, 2, 1)",1,3582,0.0175946,10543,0.017572,7.8972,2.2081,0.6336,0.1707
discard3,"Deal 6, discard 3",6,10000000,23260935,Flush (See),Flush 10-9-7 ♠,"(2, 10, 9, 7, 4)",1,7034,0.03455065,20586,0.03431,7.1549,1.8644,0.4809,0.1263
discard3,"Deal 6, discard 3",6,10000000,23260935,Flush (See),Flush 10-9-7 ♥,"(2, 10, 9, 7, 3)",1,7033,0.03454573,20920,0.034867,7.1707,1.9446,0.5354,0.153
discard3,"Deal 6, discard 3",6,10000000,23260935,Flush (See),Flush 10-9-7 ♦,"(2, 10, 9, 7, 2)",1,7032,0.03454082,20470,0.034117,7.1861,1.8539,0.4426,0.083
discard3,"Deal 6, discard 3",6,10000000,23260935,Flush (See),Flush 10-9-7 ♣,"(2, 10, 9, 7, 1)",1,7031,0.03453591,20860,0.034767,7.1558,1.9276,0.5187,0.1294
discard3,"Deal 6, discard 3",6,10000000,23260935,Flush (See),Flush 10-9-6 ♠,"(2, 10, 9, 6, 4)",1,6124,0.03008077,18091,0.030152,7.1455,1.9159,0.5152,0.1216
discard3,"Deal 6, discard 3",6,10000000,23260935,Flush (See),Flush 10-9-6 ♥,"(2, 10, 9, 6, 3)",1,6123,0.03007586,17793,0.029655,7.1742,1.9412,0.5339,0.1405
discard3,"Deal 6, discard 3",6,10000000,23260935,Flush (See),Flush 10-9-6 ♦,"(2, 10, 9, 6, 2)",1,6122,0.03007095,18201,0.030335,7.2309,1.8917,0.4725,0.1319
discard3,"Deal 6, discard 3",6,10000000,23260935,Flush (See),Flush 10-9-6 ♣,"(2, 10, 9, 6, 1)",1,6121,0.03006604,17900,0.029833,7.1486,1.8659,0.467,0.1117
discard3,"Deal 6, discard 3",6,10000000,23260935,Flush (See),Flush 10-9-5 ♠,"(2, 10, 9, 5, 4)",1,5352,0.02628875,15750,0.02625,7.2063,1.8775,0.4724,0.0889
discard3,"Deal 6, discard 3",6,10000000,23260935,Flush (See),Flush 10-9-5 ♥,"(2, 10, 9, 5, 3)",1,5351,0.02628384,15733,0.026222,7.0209,1.8204,0.4424,0.089
discard3,"Deal 6, discard 3",6,10000000,23260935,Flush (See),Flush 10-9-5 ♦,"(2, 10, 9, 5, 2)",1,5350,0.02627892,15946,0.026577,7.0369,1.8676,0.4866,0.1254
discard3,"Deal 6, discard 3",6,10000000,23260935,Flush (See),Flush 10-9-5 ♣,"(2, 10, 9, 5, 1)",1,5349,0.02627401,15541,0.025902,6.9577,1.8191,0.4865,0.1351
discard3,"Deal 6, discard 3",6,10000000,23260935,Flush (See),Flush 10-9-4 ♠,"(2, 10, 9, 4, 4)",1,4848,0.02381313,14058,0.02343,7.1177,1.9028,0.5349,0.1849
discard3,"Deal 6, discard 3",6,10000000,23260935,Flush (See),Flush 10-9-4 ♥,"(2, 10, 9, 4, 3)",1,4847,0.02380821,14099,0.023498,7.2324,1.9519,0.5064,0.1064
discard3,"Deal 6, discard 3",6,10000000,23260935,Flush (See),Flush 10-9-4 ♦,"(2, 10, 9, 4, 2)",1,4846,0.0238033,14227,0.023712,6.8897,1.765,0.4414,0.0914
discard3,"Deal 6, discard 3",6,10000000,23260935,Flush (See),Flush 10-9-4 ♣,"(2, 10, 9, 4, 1)",1,4845,0.02379839,14386,0.023977,6.8101,1.7044,0.4032,0.0765
discard3,"Deal 6, discard 3",6,10000000,23260935,Flush (See),Flush 10-9-3 ♠,"(2, 10, 9, 3, 4)",1,4419,0.0217059,12797,0.021328,7.247,1.9841,0.5611,0.1485
discard3,"Deal 6, discard 3",6,10000000,23260935,Flush (See),Flush 10-9-3 ♥,"(2, 10, 9, 3, 3)",1,4418,0.02170099,13309,0.022182,7.138,1.895,0.5064,0.1428
discard3,"Deal 6, discard 3",6,10000000,23260935,Flush (See),Flush 10-9-3 ♦,"(2, 10, 9, 3, 2)",1,4417,0.02169608,13125,0.021875,7.0461,1.8667,0.483,0.1067
discard3,"Deal 6, discard 3",6,10000000,23260935,Flush (See),Flush 10-9-3 ♣,"(2, 10, 9, 3, 1)",1,4416,0.02169116,13018,0.021697,7.1002,1.8682,0.5085,0.1383
discard3,"Deal 6, discard 3",6,10000000,23260935,Flush (See),Flush 10-9-2 ♠,"(2, 10, 9, 2, 4)",1,4275,0.02099858,12521,0.020868,6.894,1.8042,0.4824,0.1358
discard3,"Deal 6, discard 3",6,10000000,23260935,Flush (See),Flush 10-9-2 ♥,"(2, 10, 9, 2, 3)",1,4274,0.02099367,12594,0.02099,7.0113,1.8517,0.4907,0.127
discard3,"Deal 6, discard 3",6,10000000,23260935,Flush (See),Flush 10-9-2 ♦,"(2, 10, 9, 2, 2)",1,4273,0.02098876,12543,0.020905,6.7576,1.7269,0.4273,0.0957
discard3,"Deal 6, discard 3",6,10000000,23260935,Flush (See),Flush 10-9-2 ♣,"(2, 10, 9, 2, 1)",1,4272,0.02098384,12462,0.02077,6.9668,1.8424,0.5007,0.1284
discard3,"Deal 6, discard 3",6,10000000,23260935,Flush (See),Flush 10-8-7 ♠,"(2, 10, 8, 7, 4)",1,6548,0.03216344,19027,0.031712,7.0636,1.8553,0.4919,0.1209
discard3,"Deal 6, discard 3",6,10000000,23260935,Flush (See),Flush 10-8-7 ♥,"(2, 10, 8, 7, 3)",1,6547,0.03215853,19378,0.032297,7.1504,1.8712,0.4882,0.1445
discard3,"Deal 6, discard 3",6,10000000,23260935,Flush (See),Flush 10-8-7 ♦,"(2, 10, 8, 7, 2)",1,6546,0.03215361,19159,0.031932,7.0254,1.8618,0.4927,0.1461
discard3,"Deal 6, discard 3",6,10000000,23260935,Flush (See),Flush 10-8-7 ♣,"(2, 10, 8, 7, 1)",1,6545,0.0321487,19569,0.032615,7.1905,1.9066,0.4742,0.1073
discard3,"Deal 6, discard 3",6,10000000,23260935,Flush (See),Flush 10-8-6 ♠,"(2, 10, 8, 6, 4)",1,6112,0.03002183,17910,0.02985,7.1703,1.9347,0.5148,0.134
discard3,"Deal 6, discard 3",6,10000000,23260935,Flush (See),Flush 10-8-6 ♥,"(2, 10, 8, 6, 3)",1,6111,0.03001692,17952,0.02992,7.0282,1.807,0.4601,0.1114
discard3,"Deal 6, discard 3",6,10000000,23260935,Flush (See),Flush 10-8-6 ♦,"(2, 10, 8, 6, 2)",1,6110,0.030012,18099,0.030165,7.0921,1.8316,0.4531,0.105
discard3,"Deal 6, discard 3",6,10000000,23260935,Flush (See),Flush 10-8-6 ♣,"(2, 10, 8, 6, 1)",1,6109,0.03000709,18055,0.030092,7.1349,1.9031,0.4896,0.0997
discard3,"Deal 6, discard 3",6,10000000,23260935,Flush (See),Flush 10-8-5 ♠,"(2, 10, 8, 5, 4)",1,6753,0.03317039,19800,0.033,7.1687,1.9025,0.496,0.1212
discard3,"Deal 6, discard 3",6,10000000,23260935,Flush (See),Flush 10-8-5 ♥,"(2, 10, 8, 5, 3)",1,6752,0.03316548,19911,0.033185,7.0052,1.8035,0.44,0.0954
discard3,"Deal 6, discard 3",6,10000000,23260935,Flush (See),Flush 10-8-5 ♦,"(2, 10, 8, 5, 2)",1,6751,0.03316056,19926,0.03321,6.9532,1.8348,0.4868,0.1355
discard3,"Deal 6, discard 3",6,10000000,23260935,Flush (See),Flush 10-8-5 ♣,"(2, 10, 8, 5, 1)",1,6750,0.03315565,19921,0.033202,6.8119,1.7429,0.4427,0.1054
discard3,"Deal 6, discard 3",6,10000000,23260935,Flush (See),Flush 10-8-4 ♠,"(2, 10, 8, 4, 4)",1,5883,0.02889699,17417,0.029028,6.9547,1.7891,0.4444,0.1091
discard3,"Deal 6, discard 3",6,10000000,23260935,Flush (See),Flush 10-8-4 ♥,"(2, 10, 8, 4, 3)",1,5882,0.02889208,17306,0.028843,7.1039,1.8855,0.5062,0.1502
discard3,"Deal 6, discard 3",6,10000000,23260935,Flush (See),Flush 10-8-4 ♦,"(2, 10, 8, 4, 2)",1,5881,0.02888717,17269,0.028782,6.8875,1.776,0.4482,0.0927
discard3,"Deal 6, discard 3",6,10000000,23260935,Flush (See),Flush 10-8-4 ♣,"(2, 10, 8, 4, 1)",1,5880,0.02888226,17269,0.028782,6.9159,1.7789,0.4308,0.0753
discard3,"Deal 6, discard 3",6,10000000,23260935,Flush (See),Flush 10-8-3 ♠,"(2, 10, 8, 3, 4)",1,5379,0.02642137,15597,0.025995,6.9084,1.7741,0.436,0.0833
discard3,"Deal 6, discard 3",6,10000000,23260935,Flush (See),Flush 10-8-3 ♥,"(2, 10, 8, 3, 3)",1,5378,0.02641646,15867,0.026445,7.0209,1.8535,0.5143,0.1828
discard3,"Deal 6, discard 3",6,10000000,23260935,Flush (See),Flush 10-8-3 ♦,"(2, 10, 8, 3, 2)",1,5377,0.02641155,15963,0.026605,7.0024,1.818,0.4774,0.1316
discard3,"Deal 6, discard 3",6,10000000,23260935,Flush (See),Flush 10-8-3 ♣,"(2, 10, 8, 3, 1)",1,5376,0.02640663,15875,0.026458,6.9209,1.7953,0.4523,0.1008
discard3,"Deal 6, discard 3",6,10000000,23260935,Flush (See),Flush 10-8-2 ♠,"(2, 10, 8, 2, 4)",1,5193,0.02550775,15250,0.025417,6.7364,1.7534,0.4472,0.0984
discard3,"Deal 6, discard 3",6,10000000,23260935,Flush (See),Flush 10-8-2 ♥,"(2, 10, 8, 2, 3)",1,5192,0.02550284,15330,0.02555,6.7469,1.7052,0.3901,0.0457
discard3,"Deal 6, discard 3",6,10000000,23260935,Flush (See),Flush 10-8-2 ♦,"(2, 10, 8, 2, 2)",1,5191,0.02549792,15340,0.025567,6.7145,1.7027,0.4211,0.1108
discard3,"Deal 6, discard 3",6,10000000,23260935,Flush (See),Flush 10-8-2 ♣,"(2, 10, 8, 2, 1)",1,5190,0.02549301,15390,0.02565,6.6452,1.6901,0.4366,0.1235
discard3,"Deal 6, discard 3",6,10000000,23260935,Flush (See),Flush 10-7-6 ♠,"(2, 10, 7, 6, 4)",1,5751,0.02824862,16904,0.028173,6.8978,1.8203,0.4756,0.1124
discard3,"Deal 6, discard 3",6,10000000,23260935,Flush (See),Flush 10-7-6 ♥,"(2, 10, 7, 6, 3)",1,5750,0.0282437,16991,0.028318,6.8477,1.7939,0.4602,0.1236
discard3,"Deal 6, discard 3",6,10000000,23260935,Flush (See),Flush 10-7-6 ♦,"(2, 10, 7, 6, 2)",1,5749,0.02823879,16884,0.02814,6.7976,1.7585,0.4513,0.1066
discard3,"Deal 6, discard 3",6,10000000,23260935,Flush (See),Flush 10-7-6 ♣,"(2, 10, 7, 6, 1)",1,5748,0.02823388,17122,0.028537,6.7089,1.7486,0.4567,0.0993
discard3,"Deal 6, discard 3",6,10000000,23260935,Flush (See),Flush 10-7-5 ♠,"(2, 10, 7, 5, 4)",1,6810,0.03345037,20049,0.033415,6.8632,1.7861,0.4599,0.1147
discard3,"Deal 6, discard 3",6,10000000,23260935,Flush (See),Flush 10-7-5 ♥,"(2, 10, 7, 5, 3)",1,6809,0.03344546,20218,0.033697,6.8751,1.8271,0.4897,0.1237
discard3,"Deal 6, discard 3",6,10000000,23260935,Flush (See),Flush 10-7-5 ♦,"(2, 10, 7, 5, 2)",1,6808,0.03344054,20074,0.033457,6.6673,1.6932,0.4135,0.0847
discard3,"Deal 6, discard 3",6,10000000,23260935,Flush (See),Flush 10-7-5 ♣,"(2, 10, 7, 5, 1)",1,6807,0.03343563,19828,0.033047,6.5882,1.6774,0.4267,0.1009
discard3,"Deal 6, discard 3",6,10000000,23260935,Flush (See),Flush 10-7-4 ♠,"(2, 10, 7, 4, 4)",1,7227,0.03549865,21298,0.035497,6.7772,1.7837,0.4883,0.1502
discard3,"Deal 6, discard 3",6,10000000,23260935,Flush (See),Flush 10-7-4 ♥,"(2, 10, 7, 4, 3)",1,7226,0.03549374,21418,0.035697,6.876,1.7705,0.4501,0.0934
discard3,"Deal 6, discard 3",6,10000000,23260935,Flush (See),Flush 10-7-4 ♦,"(2, 10, 7, 4, 2)",1,7225,0.03548883,21519,0.035865,6.9776,1.8528,0.4889,0.1069
discard3,"Deal 6, discard 3",6,10000000,23260935,Flush (See),Flush 10-7-4 ♣,"(2, 10, 7, 4, 1)",1,7224,0.03548392,21283,0.035472,6.8872,1.7991,0.4652,0.1175
discard3,"Deal 6, discard 3",6,10000000,23260935,Flush (See),Flush 10-7-3 ♠,"(2, 10, 7, 3, 4)",1,6384,0.03135788,18880,0.031467,6.6901,1.6833,0.4184,0.09
discard3,"Deal 6, discard 3",6,10000000,23260935,Flush (See),Flush 10-7-3 ♥,"(2, 10, 7, 3, 3)",1,6383,0.03135297,18848,0.031413,6.6888,1.6575,0.4011,0.0849
discard3,"Deal 6, discard 3",6,10000000,23260935,Flush (See),Flush 10-7-3 ♦,"(2, 10, 7, 3, 2)",1,6382,0.03134805,19032,0.03172,6.8805,1.7707,0.4351,0.0946
discard3,"Deal 6, discard 3",6,10000000,23260935,Flush (See),Flush 10-7-3 ♣,"(2, 10, 7, 3, 1)",1,6381,0.03134314,18812,0.031353,6.7452,1.742,0.455,0.0957
discard3,"Deal 6, discard 3",6,10000000,23260935,Flush (See),Flush 10-7-2 ♠,"(2, 10, 7, 2, 4)",1,6159,0.03025269,17872,0.029787,6.7038,1.7312,0.4443,0.1119
discard3,"Deal 6, discard 3",6,10000000,23260935,Flush (See),Flush 10-7-2 ♥,"(2, 10, 7, 2, 3)",1,6158,0.03024778,18067,0.030112,6.6364,1.7441,0.4616,0.1107
discard3,"Deal 6, discard 3",6,10000000,23260935,Flush (See),Flush 10-7-2 ♦,"(2, 10, 7, 2, 2)",1,6157,0.03024287,18168,0.03028,6.5439,1.7217,0.48,0.1761
discard3,"Deal 6, discard 3",6,10000000,23260935,Flush (See),Flush 10-7-2 ♣,"(2, 10, 7, 2, 1)",1,6156,0.03023795,18352,0.030587,6.4113,1.6145,0.3825,0.1035
discard3,"Deal 6, discard 3",6,10000000,23260935,Flush (See),Flush 10-6-5 ♠,"(2, 10, 6, 5, 4)",1,4998,0.02454992,14703,0.024505,6.6871,1.699,0.3986,0.0612
discard3,"Deal 6, discard 3",6,10000000,23260935,Flush (See),Flush 10-6-5 ♥,"(2, 10, 6, 5, 3)",1,4997,0.02454501,14711,0.024518,6.3803,1.6022,0.3793,0.0816
discard3,"Deal 6, discard 3",6,10000000,23260935,Flush (See),Flush 10-6-5 ♦,"(2, 10, 6, 5, 2)",1,4996,0.02454009,14790,0.02465,6.4307,1.6126,0.4111,0.1149
discard3,"Deal 6, discard 3",6,10000000,23260935,Flush (See),Flush 10-6-5 ♣,"(2, 10, 6, 5, 1)",1,4995,0.02453518,14842,0.024737,6.421,1.578,0.3638,0.0943
discard3,"Deal 6, discard 3",6,10000000,23260935,Flush (See),Flush 10-6-4 ♠,"(2, 10, 6, 4, 4)",1,5931,0.02913277,17492,0.029153,6.8306,1.79,0.4608,0.1143
discard3,"Deal 6, discard 3",6,10000000,23260935,Flush (See),Flush 10-6-4 ♥,"(2, 10, 6, 4, 3)",1,5930,0.02912785,17445,0.029075,6.6174,1.6641,0.3795,0.0631
discard3,"Deal 6, discard 3",6,10000000,23260935,Flush (See),Flush 10-6-4 ♦,"(2, 10, 6, 4, 2)",1,5929,0.02912294,17562,0.02927,6.5317,1.5989,0.3792,0.074
discard3,"Deal 6, discard 3",6,10000000,23260935,Flush (See),Flush 10-6-4 ♣,"(2, 10, 6, 4, 1)",1,5928,0.02911803,17577,0.029295,6.5085,1.6288,0.3857,0.091
discard3,"Deal 6, discard 3",6,10000000,23260935,Flush (See),Flush 10-6-3 ♠,"(2, 10, 6, 3, 4)",1,6375,0.03131367,18968,0.031613,6.5458,1.6549,0.4281,0.1318
discard3,"Deal 6, discard 3",6,10000000,23260935,Flush (See),Flush 10-6-3 ♥,"(2, 10, 6, 3, 3)",1,6374,0.03130876,18624,0.03104,6.5743,1.6919,0.4263,0.0913
discard3,"Deal 6, discard 3",6,10000000,23260935,Flush (See),Flush 10-6-3 ♦,"(2, 10, 6, 3, 2)",1,6373,0.03130385,18708,0.03118,6.5282,1.6725,0.449,0.1283
discard3,"Deal 6, discard 3",6,10000000,23260935,Flush (See),Flush 10-6-3 ♣,"(2, 10, 6, 3, 1)",1,6372,0.03129894,18766,0.031277,6.4372,1.6343,0.4263,0.1226
discard3,"Deal 6, discard 3",6,10000000,23260935,Flush (See),Flush 10-6-2 ♠,"(2, 10, 6, 2, 4)",1,5901,0.02898541,17332,0.028887,6.3322,1.5757,0.3981,0.1039
discard3,"Deal 6, discard 3",6,10000000,23260935,Flush (See),Flush 10-6-2 ♥,"(2, 10, 6, 2, 3)",1,5900,0.0289805,17485,0.029142,6.2082,1.5453,0.3923,0.0743
discard3,"Deal 6, discard 3",6,10000000,23260935,Flush (See),Flush 10-6-2 ♦,"(2, 10, 6, 2, 2)",1,5899,0.02897558,17348,0.028913,6.2226,1.5345,0.3862,0.1211
discard3,"Deal 6, discard 3",6,10000000,23260935,Flush (See),Flush 10-6-2 ♣,"(2, 10, 6, 2, 1)",1,5898,0.02897067,17294,0.028823,6.1865,1.489,0.3319,0.081
discard3,"Deal 6, discard 3",6,10000000,23260935,Flush (See),Flush 10-5-4 ♠,"(2, 10, 5, 4, 4)",1,4512,0.02216271,13219,0.022032,6.3076,1.5395,0.3465,0.0756
discard3,"Deal 6, discard 3",6,10000000,23260935,Flush (See),Flush 10-5-4 ♥,"(2, 10, 5, 4, 3)",1,4511,0.0221578,13387,0.022312,6.203,1.5127,0.372,0.1046
discard3,"Deal 6, discard 3",6,10000000,23260935,Flush (See),Flush 10-5-4 ♦,"(2, 10, 5, 4, 2)",1,4510,0.02215289,13587,0.022645,6.3708,1.5883,0.3886,0.103
discard3,"Deal 6, discard 3",6,10000000,23260935,Flush (See),Flush 10-5-4 ♣,"(2, 10, 5, 4, 1)",1,4509,0.02214798,13150,0.021917,6.5247,1.6517,0.4061,0.0837
discard3,"Deal 6, discard 3",6,10000000,23260935,Flush (See),Flush 10-5-3 ♠,"(2, 10, 5, 3, 4)",1,5433,0.02668662,15749,0.026248,6.469,1.6331,0.4127,0.1206
discard3,"Deal 6, discard 3",6,10000000,23260935,Flush (See),Flush 10-5-3 ♥,"(2, 10, 5, 3, 3)",1,5432,0.0266817,16138,0.026897,6.3069,1.5336,0.3433,0.0868
discard3,"Deal 6, discard 3",6,10000000,23260935,Flush (See),Flush 10-5-3 ♦,"(2, 10, 5, 3, 2)",1,5431,0.02667679,16028,0.026713,6.4674,1.6309,0.4143,0.1123
discard3,"Deal 6, discard 3",6,10000000,23260935,Flush (See),Flush 10-5-3 ♣,"(2, 10, 5, 3, 1)",1,5430,0.02667188,16094,0.026823,6.3042,1.5465,0.3616,0.0746
discard3,"Deal 6, discard 3",6,10000000,23260935,Flush (See),Flush 10-5-2 ♠,"(2, 10, 5, 2, 4)",1,6141,0.03016428,18117,0.030195,6.1489,1.5483,0.4074,0.0994
discard3,"Deal 6, discard 3",6,10000000,23260935,Flush (See),Flush 10-5-2 ♥,"(2, 10, 5, 2, 3)",1,6140,0.03015936,18035,0.030058,6.1713,1.5337,0.3715,0.0887
discard3,"Deal 6, discard 3",6,10000000,23260935,Flush (See),Flush 10-5-2 ♦,"(2, 10, 5, 2, 2)",1,6139,0.03015445,18086,0.030143,6.1401,1.5244,0.3528,0.0719
discard3,"Deal 6, discard 3",6,10000000,23260935,Flush (See),Flush 10-5-2 ♣,"(2, 10, 5, 2, 1)",1,6138,0.03014954,18033,0.030055,6.0495,1.4645,0.3593,0.0943
discard3,"Deal 6, discard 3",6,10000000,23260935,Flush (See),Flush 10-4-3 ♠,"(2, 10, 4, 3, 4)",1,3990,0.01959867,11683,0.019472,6.5728,1.6862,0.4109,0.1198
discard3,"Deal 6, discard 3",6,10000000,23260935,Flush (See),Flush 10-4-3 ♥,"(2, 10, 4, 3, 3)",1,3989,0.01959376,11839,0.019732,6.3831,1.6175,0.4122,0.0929
discard3,"Deal 6, discard 3",6,10000000,23260935,Flush (See),Flush 10-4-3 ♦,"(2, 10, 4, 3, 2)",1,3988,0.01958885,11778,0.01963,6.4086,1.5987,0.3906,0.0849
discard3,"Deal 6, discard 3",6,10000000,23260935,Flush (See),Flush 10-4-3 ♣,"(2, 10, 4, 3, 1)",1,3987,0.01958394,11947,0.019912,6.4853,1.6598,0.4068,0.0753
discard3,"Deal 6, discard 3",6,10000000,23260935,Flush (See),Flush 10-4-2 ♠,"(2, 10, 4, 2, 4)",1,5178,0.02543407,15134,0.025223,6.1689,1.5977,0.4295,0.1255
discard3,"Deal 6, discard 3",6,10000000,23260935,Flush (See),Flush 10-4-2 ♥,"(2, 10, 4, 2, 3)",1,5177,0.02542916,15506,0.025843,5.977,1.4059,0.3018,0.058
discard3,"Deal 6, discard 3",6,10000000,23260935,Flush (See),Flush 10-4-2 ♦,"(2, 10, 4, 2, 2)",1,5176,0.02542424,15041,0.025068,6.1612,1.5079,0.3577,0.0864
discard3,"Deal 6, discard 3",6,10000000,23260935,Flush (See),Flush 10-4-2 ♣,"(2, 10, 4, 2, 1)",1,5175,0.02541933,14990,0.024983,6.3029,1.6344,0.4176,0.1268
discard3,"Deal 6, discard 3",6,10000000,23260935,Flush (See),Flush 10-3-2 ♠,"(2, 10, 3, 2, 4)",1,4029,0.01979024,11932,0.019887,6.051,1.4851,0.3805,0.0754
discard3,"Deal 6, discard 3",6,10000000,23260935,Flush (See),Flush 10-3-2 ♥,"(2, 10, 3, 2, 3)",1,4028,0.01978533,11819,0.019698,6.0454,1.4832,0.3655,0.0846
discard3,"Deal 6, discard 3",6,10000000,23260935,Flush (See),Flush 10-3-2 ♦,"(2, 10, 3, 2, 2)",1,4027,0.01978042,11808,0.01968,6.1331,1.5193,0.3523,0.0593
discard3,"Deal 6, discard 3",6,10000000,23260935,Flush (See),Flush 10-3-2 ♣,"(2, 10, 3, 2, 1)",1,4026,0.0197755,12027,0.020045,5.9366,1.4551,0.3459,0.0831
discard3,"Deal 6, discard 3",6,10000000,23260935,Flush (See),Flush 9-8-6 ♠,"(2, 9, 8, 6, 4)",1,6340,0.03114175,18660,0.0311,5.9143,1.4534,0.3687,0.0911
discard3,"Deal 6, discard 3",6,10000000,23260935,Flush (See),Flush 9-8-6 ♥,"(2, 9, 8, 6, 3)",1,6339,0.03113684,18636,0.03106,5.8467,1.4279,0.3466,0.0912
discard3,"Deal 6, discard 3",6,10000000,23260935,Flush (See),Flush 9-8-6 ♦,"(2, 9, 8, 6, 2)",1,6338,0.03113193,18657,0.031095,5.8809,1.4386,0.3463,0.0858
discard3,"Deal 6, discard 3",6,10000000,23260935,Flush (See),Flush 9-8-6 ♣,"(2, 9, 8, 6, 1)",1,6337,0.03112702,18542,0.030903,5.8796,1.4011,0.3344,0.0809
discard3,"Deal 6, discard 3",6,10000000,23260935,Flush (See),Flush 9-8-5 ♠,"(2, 9, 8, 5, 4)",1,5481,0.02692239,16117,0.026862,5.8981,1.4506,0.3599,0.0745
discard3,"Deal 6, discard 3",6,10000000,23260935,Flush (See),Flush 9-8-5 ♥,"(2, 9, 8, 5, 3)",1,5480,0.02691748,16221,0.027035,6.0804,1.5122,0.3724,0.0863
discard3,"Deal 6, discard 3",6,10000000,23260935,Flush (See),Flush 9-8-5 ♦,"(2, 9, 8, 5, 2)",1,5479,0.02691257,16166,0.026943,5.9421,1.4221,0.3464,0.0495
discard3,"Deal 6, discard 3",6,10000000,23260935,Flush (See),Flush 9-8-5 ♣,"(2, 9, 8, 5, 1)",1,5478,0.02690765,15949,0.026582,5.7985,1.4145,0.3436,0.069
discard3,"Deal 6, discard 3",6,10000000,23260935,Flush (See),Flush 9-8-4 ♠,"(2, 9, 8, 4, 4)",1,4737,0.0232679,13749,0.022915,5.9052,1.4379,0.3477,0.0873
discard3,"Deal 6, discard 3",6,10000000,23260935,Flush (See),Flush 9-8-4 ♥,"(2, 9, 8, 4, 3)",1,4736,0.02326299,13896,0.02316,5.8384,1.3889,0.3238,0.072
discard3,"Deal 6, discard 3",6,10000000,23260935,Flush (See),Flush 9-8-4 ♦,"(2, 9, 8, 4, 2)",1,4735,0.02325808,13983,0.023305,5.895,1.3967,0.3204,0.0858
discard3,"Deal 6, discard 3",6,10000000,23260935,Flush (See),Flush 9-8-4 ♣,"(2, 9, 8, 4, 1)",1,4734,0.02325316,13941,0.023235,5.7191,1.36,0.33,0.0861
discard3,"Deal 6, discard 3",6,10000000,23260935,Flush (See),Flush 9-8-3 ♠,"(2, 9, 8, 3, 4)",1,4332,0.02127856,12705,0.021175,5.9795,1.5207,0.4014,0.1102
discard3,"Deal 6, discard 3",6,10000000,23260935,Flush (See),Flush 9-8-3 ♥,"(2, 9, 8, 3, 3)",1,4331,0.02127365,12904,0.021507,5.9664,1.4569,0.3441,0.062
discard3,"Deal 6, discard 3",6,10000000,23260935,Flush (See),Flush 9-8-3 ♦,"(2, 9, 8, 3, 2)",1,4330,0.02126874,12685,0.021142,5.922,1.4497,0.3563,0.0946
discard3,"Deal 6, discard 3",6,10000000,23260935,Flush (See),Flush 9-8-3 ♣,"(2, 9, 8, 3, 1)",1,4329,0.02126382,12724,0.021207,5.7592,1.3219,0.2971,0.0707
discard3,"Deal 6, discard 3",6,10000000,23260935,Flush (See),Flush 9-8-2 ♠,"(2, 9, 8, 2, 4)",1,4185,0.0205565,12162,0.02027,5.6611,1.3633,0.342,0.0904
discard3,"Deal 6, discard 3",6,10000000,23260935,Flush (See),Flush 9-8-2 ♥,"(2, 9, 8, 2, 3)",1,4184,0.02055159,12404,0.020673,5.7377,1.4036,0.3467,0.0645
discard3,"Deal 6, discard 3",6,10000000,23260935,Flush (See),Flush 9-8-2 ♦,"(2, 9, 8, 2, 2)",1,4183,0.02054668,12296,0.020493,5.5734,1.2955,0.2928,0.0569
discard3,"Deal 6, discard 3",6,10000000,23260935,Flush (See),Flush 9-8-2 ♣,"(2, 9, 8, 2, 1)",1,4182,0.02054177,12380,0.020633,5.7375,1.3901,0.3118,0.0646
discard3,"Deal 6, discard 3",6,10000000,23260935,Flush (See),Flush 9-7-6 ♠,"(2, 9, 7, 6, 4)",1,5916,0.02905909,17523,0.029205,5.7884,1.3736,0.3219,0.0628
discard3,"Deal 6, discard 3",6,10000000,23260935,Flush (See),Flush 9-7-6 ♥,"(2, 9, 7, 6, 3)",1,5915,0.02905417,17511,0.029185,5.6736,1.3243,0.2981,0.0571
discard3,"Deal 6, discard 3",6,10000000,23260935,Flush (See),Flush 9-7-6 ♦,"(2, 9, 7, 6, 2)",1,5914,0.02904926,17321,0.028868,5.6977,1.3204,0.2956,0.0635
discard3,"Deal 6, discard 3",6,10000000,23260935,Flush (See),Flush 9-7-6 ♣,"(2, 9, 7, 6, 1)",1,5913,0.02904435,17569,0.029282,5.804,1.3717,0.3233,0.0911
discard3,"Deal 6, discard 3",6,10000000,23260935,Flush (See),Flush 9-7-5 ♠,"(2, 9, 7, 5, 4)",1,5499,0.0270108,16357,0.027262,5.855,1.4428,0.3558,0.0917
discard3,"Deal 6, discard 3",6,10000000,23260935,Flush (See),Flush 9-7-5 ♥,"(2, 9, 7, 5, 3)",1,5498,0.02700589,16198,0.026997,5.5902,1.3181,0.3235,0.0988
discard3,"Deal 6, discard 3",6,10000000,23260935,Flush (See),Flush 9-7-5 ♦,"(2, 9, 7, 5, 2)",1,5497,0.02700098,16163,0.026938,5.692,1.3259,0.2883,0.0557
discard3,"Deal 6, discard 3",6,10000000,23260935,Flush (See),Flush 9-7-5 ♣,"(2, 9, 7, 5, 1)",1,5496,0.02699607,16226,0.027043,5.9639,1.4822,0.3673,0.0924
discard3,"Deal 6, discard 3",6,10000000,23260935,Flush (See),Flush 9-7-4 ♠,"(2, 9, 7, 4, 4)",1,6057,0.02975167,17774,0.029623,5.8692,1.4082,0.3297,0.0788
discard3,"Deal 6, discard 3",6,10000000,23260935,Flush (See),Flush 9-7-4 ♥,"(2, 9, 7, 4, 3)",1,6056,0.02974676,17932,0.029887,5.7188,1.378,0.319,0.0613
discard3,"Deal 6, discard 3",6,10000000,23260935,Flush (See),Flush 9-7-4 ♦,"(2, 9, 7, 4, 2)",1,6055,0.02974185,17711,0.029518,5.7315,1.359,0.3196,0.079
discard3,"Deal 6, discard 3",6,10000000,23260935,Flush (See),Flush 9-7-4 ♣,"(2, 9, 7, 4, 1)",1,6054,0.02973694,17778,0.02963,5.7453,1.3652,0.3352,0.1069
discard3,"Deal 6, discard 3",6,10000000,23260935,Flush (See),Flush 9-7-3 ♠,"(2, 9, 7, 3, 4)",1,5313,0.02609718,15672,0.02612,5.7663,1.4344,0.3573,0.083
discard3,"Deal 6, discard 3",6,10000000,23260935,Flush (See),Flush 9-7-3 ♥,"(2, 9, 7, 3, 3)",1,5312,0.02609227,15496,0.025827,5.7854,1.3978,0.3575,0.0968
discard3,"Deal 6, discard 3",6,10000000,23260935,Flush (See),Flush 9-7-3 ♦,"(2, 9, 7, 3, 2)",1,5311,0.02608736,15556,0.025927,5.603,1.2812,0.2841,0.045
discard3,"Deal 6, discard 3",6,10000000,23260935,Flush (See),Flush 9-7-3 ♣,"(2, 9, 7, 3, 1)",1,5310,0.02608245,15720,0.0262,5.6832,1.3321,0.2812,0.0509
discard3,"Deal 6, discard 3",6,10000000,23260935,Flush (See),Flush 9-7-2 ♠,"(2, 9, 7, 2, 4)",1,5124,0.02516882,14972,0.024953,5.5818,1.3178,0.3206,0.0801
discard3,"Deal 6, discard 3",6,10000000,23260935,Flush (See),Flush 9-7-2 ♥,"(2, 9, 7, 2, 3)",1,5123,0.02516391,15012,0.02502,5.3277,1.2044,0.2465,0.04
discard3,"Deal 6, discard 3",6,10000000,23260935,Flush (See),Flush 9-7-2 ♦,"(2, 9, 7, 2, 2)",1,5122,0.025159,15197,0.025328,5.3833,1.2391,0.2882,0.0526
discard3,"Deal 6, discard 3",6,10000000,23260935,Flush (See),Flush 9-7-2 ♣,"(2, 9, 7, 2, 1)",1,5121,0.02515409,15024,0.02504,5.4147,1.2706,0.3022,0.0732
discard3,"Deal 6, discard 3",6,10000000,23260935,Flush (See),Flush 9-6-5 ♠,"(2, 9, 6, 5, 4)",1,5166,0.02537513,15301,0.025502,5.5277,1.2921,0.3072,0.0523
discard3,"Deal 6, discard 3",6,10000000,23260935,Flush (See),Flush 9-6-5 ♥,"(2, 9, 6, 5, 3)",1,5165,0.02537021,15266,0.025443,5.4677,1.2741,0.2961,0.0655
discard3,"Deal 6, discard 3",6,10000000,23260935,Flush (See),Flush 9-6-5 ♦,"(2, 9, 6, 5, 2)",1,5164,0.0253653,14963,0.024938,5.5363,1.2571,0.282,0.0735
discard3,"Deal 6, discard 3",6,10000000,23260935,Flush (See),Flush 9-6-5 ♣,"(2, 9, 6, 5, 1)",1,5163,0.02536039,14881,0.024802,5.5359,1.2755,0.2728,0.0605
discard3,"Deal 6, discard 3",6,10000000,23260935,Flush (See),Flush 9-6-4 ♠,"(2, 9, 6, 4, 4)",1,6114,0.03003165,18177,0.030295,5.688,1.3759,0.3499,0.1045
discard3,"Deal 6, discard 3",6,10000000,23260935,Flush (See),Flush 9-6-4 ♥,"(2, 9, 6, 4, 3)",1,6113,0.03002674,18374,0.030623,5.6672,1.371,0.32,0.0544
discard3,"Deal 6, discard 3",6,10000000,23260935,Flush (See),Flush 9-6-4 ♦,"(2, 9, 6, 4, 2)",1,6112,0.03002183,18081,0.030135,5.664,1.3428,0.3241,0.0885
discard3,"Deal 6, discard 3",6,10000000,23260935,Flush (See),Flush 9-6-4 ♣,"(2, 9, 6, 4, 1)",1,6111,0.03001692,18030,0.03005,5.5291,1.3006,0.3228,0.0998
discard3,"Deal 6, discard 3",6,10000000,23260935,Flush (See),Flush 9-6-3 ♠,"(2, 9, 6, 3, 4)",1,6564,0.03224203,19433,0.032388,5.5447,1.2901,0.2974,0.0669
discard3,"Deal 6, discard 3",6,10000000,23260935,Flush (See),Flush 9-6-3 ♥,"(2, 9, 6, 3, 3)",1,6563,0.03223712,19599,0.032665,5.4727,1.2582,0.2908,0.0561
discard3,"Deal 6, discard 3",6,10000000,23260935,Flush (See),Flush 9-6-3 ♦,"(2, 9, 6, 3, 2)",1,6562,0.03223221,19163,0.031938,5.6473,1.3088,0.3048,0.0678
discard3,"Deal 6, discard 3",6,10000000,23260935,Flush (See),Flush 9-6-3 ♣,"(2, 9, 6, 3, 1)",1,6561,0.03222729,19042,0.031737,5.6423,1.3187,0.2983,0.063
discard3,"Deal 6, discard 3",6,10000000,23260935,Flush (See),Flush 9-6-2 ♠,"(2, 9, 6, 2, 4)",1,6081,0.02986956,17971,0.029952,5.2206,1.1713,0.2749,0.0723
discard3,"Deal 6, discard 3",6,10000000,23260935,Flush (See),Flush 9-6-2 ♥,"(2, 9, 6, 2, 3)",1,6080,0.02986465,17765,0.029608,5.4106,1.2677,0.331,0.1295
discard3,"Deal 6, discard 3",6,10000000,23260935,Flush (See),Flush 9-6-2 ♦,"(2, 9, 6, 2, 2)",1,6079,0.02985973,17947,0.029912,5.5318,1.335,0.3377,0.0892
discard3,"Deal 6, discard 3",6,10000000,23260935,Flush (See),Flush 9-6-2 ♣,"(2, 9, 6, 2, 1)",1,6078,0.02985482,17666,0.029443,5.2468,1.1746,0.2411,0.034
discard3,"Deal 6, discard 3",6,10000000,23260935,Flush (See),Flush 9-5-4 ♠,"(2, 9, 5, 4, 4)",1,4443,0.02182379,13030,0.021717,5.4021,1.2579,0.3177,0.0998
discard3,"Deal 6, discard 3",6,10000000,23260935,Flush (See),Flush 9-5-4 ♥,"(2, 9, 5, 4, 3)",1,4442,0.02181887,13162,0.021937,5.3138,1.2323,0.2705,0.038
discard3,"Deal 6, discard 3",6,10000000,23260935,Flush (See),Flush 9-5-4 ♦,"(2, 9, 5, 4, 2)",1,4441,0.02181396,13006,0.021677,5.346,1.2317,0.2676,0.0384
discard3,"Deal 6, discard 3",6,10000000,23260935,Flush (See),Flush 9-5-4 ♣,"(2, 9, 5, 4, 1)",1,4440,0.02180905,13056,0.02176,5.4488,1.2852,0.3202,0.1149
discard3,"Deal 6, discard 3",6,10000000,23260935,Flush (See),Flush 9-5-3 ♠,"(2, 9, 5, 3, 4)",1,5379,0.02642137,15871,0.026452,5.5825,1.3093,0.3087,0.063
discard3,"Deal 6, discard 3",6,10000000,23260935,Flush (See),Flush 9-5-3 ♥,"(2, 9, 5, 3, 3)",1,5378,0.02641646,15793,0.026322,5.3999,1.217,0.2735,0.0697
discard3,"Deal 6, discard 3",6,10000000,23260935,Flush (See),Flush 9-5-3 ♦,"(2, 9, 5, 3, 2)",1,5377,0.02641155,15925,0.026542,5.4895,1.2697,0.2813,0.0628
discard3,"Deal 6, discard 3",6,10000000,23260935,Flush (See),Flush 9-5-3 ♣,"(2, 9, 5, 3, 1)",1,5376,0.02640663,15953,0.026588,5.2968,1.1854,0.2545,0.0501
discard3,"Deal 6, discard 3",6,10000000,23260935,Flush (See),Flush 9-5-2 ♠,"(2, 9, 5, 2, 4)",1,6075,0.02984009,18011,0.030018,5.3023,1.2231,0.2687,0.0444
discard3,"Deal 6, discard 3",6,10000000,23260935,Flush (See),Flush 9-5-2 ♥,"(2, 9, 5, 2, 3)",1,6074,0.02983517,17887,0.029812,5.1417,1.1438,0.2393,0.0224
discard3,"Deal 6, discard 3",6,10000000,23260935,Flush (See),Flush 9-5-2 ♦,"(2, 9, 5, 2, 2)",1,6073,0.02983026,18020,0.030033,5.0938,1.1082,0.2297,0.0444
discard3,"Deal 6, discard 3",6,10000000,23260935,Flush (See),Flush 9-5-2 ♣,"(2, 9, 5, 2, 1)",1,6072,0.02982535,17871,0.029785,5.2862,1.2103,0.2764,0.0671
discard3,"Deal 6, discard 3",6,10000000,23260935,Flush (See),Flush 9-4-3 ♠,"(2, 9, 4, 3, 4)",1,3948,0.01939237,11565,0.019275,5.5633,1.3238,0.3286,0.0692
discard3,"Deal 6, discard 3",6,10000000,23260935,Flush (See),Flush 9-4-3 ♥,"(2, 9, 4, 3, 3)",1,3947,0.01938746,11585,0.019308,5.3621,1.2792,0.309,0.0691
discard3,"Deal 6, discard 3",6,10000000,23260935,Flush (See),Flush 9-4-3 ♦,"(2, 9, 4, 3, 2)",1,3946,0.01938255,11696,0.019493,5.5207,1.3321,0.3095,0.0598
discard3,"Deal 6, discard 3",6,10000000,23260935,Flush (See),Flush 9-4-3 ♣,"(2, 9, 4, 3, 1)",1,3945,0.01937764,11446,0.019077,5.3897,1.2703,0.2796,0.0612
discard3,"Deal 6, discard 3",6,10000000,23260935,Flush (See),Flush 9-4-2 ♠,"(2, 9, 4, 2, 4)",1,5124,0.02516882,15147,0.025245,5.1357,1.1646,0.2641,0.0528
discard3,"Deal 6, discard 3",6,10000000,23260935,Flush (See),Flush 9-4-2 ♥,"(2, 9, 4, 2, 3)",1,5123,0.02516391,15113,0.025188,4.9811,1.1182,0.2435,0.0463
discard3,"Deal 6, discard 3",6,10000000,23260935,Flush (See),Flush 9-4-2 ♦,"(2, 9, 4, 2, 2)",1,5122,0.025159,14991,0.024985,5.1398,1.1607,0.2481,0.0534
discard3,"Deal 6, discard 3",6,10000000,23260935,Flush (See),Flush 9-4-2 ♣,"(2, 9, 4, 2, 1)",1,5121,0.02515409,15100,0.025167,5.3166,1.2642,0.3179,0.0795
discard3,"Deal 6, discard 3",6,10000000,23260935,Flush (See),Flush 9-3-2 ♠,"(2, 9, 3, 2, 4)",1,3972,0.01951026,11722,0.019537,5.0537,1.1286,0.2525,0.0341
discard3,"Deal 6, discard 3",6,10000000,23260935,Flush (See),Flush 9-3-2 ♥,"(2, 9, 3, 2, 3)",1,3971,0.01950535,11581,0.019302,5.1507,1.1614,0.2435,0.0432
discard3,"Deal 6, discard 3",6,10000000,23260935,Flush (See),Flush 9-3-2 ♦,"(2, 9, 3, 2, 2)",1,3970,0.01950044,11550,0.01925,5.0978,1.1463,0.2338,0.026
discard3,"Deal 6, discard 3",6,10000000,23260935,Flush (See),Flush 9-3-2 ♣,"(2, 9, 3, 2, 1)",1,3969,0.01949552,11720,0.019533,5.1578,1.1613,0.2645,0.0853
discard3,"Deal 6, discard 3",6,10000000,23260935,Flush (See),Flush 8-7-5 ♠,"(2, 8, 7, 5, 4)",1,5736,0.02817494,16716,0.02786,4.9414,1.1085,0.2596,0.0897
discard3,"Deal 6, discard 3",6,10000000,23260935,Flush (See),Flush 8-7-5 ♥,"(2, 8, 7, 5, 3)",1,5735,0.02817002,16817,0.028028,5.0235,1.1352,0.2664,0.0535
discard3,"Deal 6, discard 3",6,10000000,23260935,Flush (See),Flush 8-7-5 ♦,"(2, 8, 7, 5, 2)",1,5734,0.02816511,16905,0.028175,5.1559,1.1529,0.2461,0.0473
discard3,"Deal 6, discard 3",6,10000000,23260935,Flush (See),Flush 8-7-5 ♣,"(2, 8, 7, 5, 1)",1,5733,0.0281602,16938,0.02823,5.0998,1.1778,0.2633,0.0472
discard3,"Deal 6, discard 3",6,10000000,23260935,Flush (See),Flush 8-7-4 ♠,"(2, 8, 7, 4, 4)",1,4908,0.02410784,14462,0.024103,5.0228,1.1008,0.2351,0.0484
discard3,"Deal 6, discard 3",6,10000000,23260935,Flush (See),Flush 8-7-4 ♥,"(2, 8, 7, 4, 3)",1,4907,0.02410293,14596,0.024327,5.1199,1.1298,0.2302,0.0411
discard3,"Deal 6, discard 3",6,10000000,23260935,Flush (See),Flush 8-7-4 ♦,"(2, 8, 7, 4, 2)",1,4906,0.02409802,14472,0.02412,4.9212,1.109,0.2626,0.0691
discard3,"Deal 6, discard 3",6,10000000,23260935,Flush (See),Flush 8-7-4 ♣,"(2, 8, 7, 4, 1)",1,4905,0.02409311,14389,0.023982,5.0247,1.1196,0.2474,0.0556
discard3,"Deal 6, discard 3",6,10000000,23260935,Flush (See),Flush 8-7-3 ♠,"(2, 8, 7, 3, 4)",1,4272,0.02098384,12572,0.020953,5.1615,1.178,0.2657,0.0636
discard3,"Deal 6, discard 3",6,10000000,23260935,Flush (See),Flush 8-7-3 ♥,"(2, 8, 7, 3, 3)",1,4271,0.02097893,12420,0.0207,5.1457,1.1425,0.2512,0.0644
discard3,"Deal 6, discard 3",6,10000000,23260935,Flush (See),Flush 8-7-3 ♦,"(2, 8, 7, 3, 2)",1,4270,0.02097402,12671,0.021118,5.0217,1.1301,0.2683,0.0789
discard3,"Deal 6, discard 3",6,10000000,23260935,Flush (See),Flush 8-7-3 ♣,"(2, 8, 7, 3, 1)",1,4269,0.02096911,12490,0.020817,5.0008,1.1689,0.3042,0.1121
discard3,"Deal 6, discard 3",6,10000000,23260935,Flush (See),Flush 8-7-2 ♠,"(2, 8, 7, 2, 4)",1,4149,0.02037967,12040,0.020067,4.7666,1.0291,0.2309,0.0748
discard3,"Deal 6, discard 3",6,10000000,23260935,Flush (See),Flush 8-7-2 ♥,"(2, 8, 7, 2, 3)",1,4148,0.02037476,12220,0.020367,5.0262,1.1588,0.2782,0.0655
discard3,"Deal 6, discard 3",6,10000000,23260935,Flush (See),Flush 8-7-2 ♦,"(2, 8, 7, 2, 2)",1,4147,0.02036985,12051,0.020085,4.9108,1.0638,0.2174,0.0332
discard3,"Deal 6, discard 3",6,10000000,23260935,Flush (See),Flush 8-7-2 ♣,"(2, 8, 7, 2, 1)",1,4146,0.02036494,12206,0.020343,4.7198,1.0011,0.2015,0.041
discard3,"Deal 6, discard 3",6,10000000,23260935,Flush (See),Flush 8-6-5 ♠,"(2, 8, 6, 5, 4)",1,5352,0.02628875,15919,0.026532,4.8973,1.0748,0.2362,0.0691
discard3,"Deal 6, discard 3",6,10000000,23260935,Flush (See),Flush 8-6-5 ♥,"(2, 8, 6, 5, 3)",1,5351,0.02628384,15781,0.026302,5.0238,1.1425,0.2674,0.0634
discard3,"Deal 6, discard 3",6,10000000,23260935,Flush (See),Flush 8-6-5 ♦,"(2, 8, 6, 5, 2)",1,5350,0.02627892,15818,0.026363,4.8887,1.1013,0.2453,0.0443
discard3,"Deal 6, discard 3",6,10000000,23260935,Flush (See),Flush 8-6-5 ♣,"(2, 8, 6, 5, 1)",1,5349,0.02627401,15662,0.026103,4.7701,0.9858,0.1686,0.0128
discard3,"Deal 6, discard 3",6,10000000,23260935,Flush (See),Flush 8-6-4 ♠,"(2, 8, 6, 4, 4)",1,4935,0.02424047,14481,0.024135,4.9044,1.0635,0.2182,0.0345
discard3,"Deal 6, discard 3",6,10000000,23260935,Flush (See),Flush 8-6-4 ♥,"(2, 8, 6, 4, 3)",1,4934,0.02423555,14329,0.023882,5.0701,1.1613,0.2778,0.0628
discard3,"Deal 6, discard 3",6,10000000,23260935,Flush (See),Flush 8-6-4 ♦,"(2, 8, 6, 4, 2)",1,4933,0.02423064,14700,0.0245,4.9673,1.0857,0.2259,0.0476
discard3,"Deal 6, discard 3",6,10000000,23260935,Flush (See),Flush 8-6-4 ♣,"(2, 8, 6, 4, 1)",1,4932,0.02422573,14587,0.024312,4.8146,1.0413,0.218,0.0411
discard3,"Deal 6, discard 3",6,10000000,23260935,Flush (See),Flush 8-6-3 ♠,"(2, 8, 6, 3, 4)",1,5508,0.02705501,16152,0.02692,5.0186,1.0996,0.2452,0.0619
discard3,"Deal 6, discard 3",6,10000000,23260935,Flush (See),Flush 8-6-3 ♥,"(2, 8, 6, 3, 3)",1,5507,0.0270501,16268,0.027113,5.0178,1.155,0.2754,0.0738
discard3,"Deal 6, discard 3",6,10000000,23260935,Flush (See),Flush 8-6-3 ♦,"(2, 8, 6, 3, 2)",1,5506,0.02704519,16144,0.026907,4.9938,1.1088,0.2317,0.0372
discard3,"Deal 6, discard 3",6,10000000,23260935,Flush (See),Flush 8-6-3 ♣,"(2, 8, 6, 3, 1)",1,5505,0.02704028,16262,0.027103,5.0086,1.153,0.2779,0.0738
discard3,"Deal 6, discard 3",6,10000000,23260935,Flush (See),Flush 8-6-2 ♠,"(2, 8, 6, 2, 4)",1,5091,0.02500673,14817,0.024695,4.7041,1.0177,0.2295,0.0607
discard3,"Deal 6, discard 3",6,10000000,23260935,Flush (See),Flush 8-6-2 ♥,"(2, 8, 6, 2, 3)",1,5090,0.02500182,14867,0.024778,4.8746,1.0688,0.2139,0.0336
discard3,"Deal 6, discard 3",6,10000000,23260935,Flush (See),Flush 8-6-2 ♦,"(2, 8, 6, 2, 2)",1,5089,0.02499691,14848,0.024747,4.7777,1.017,0.202,0.0269
discard3,"Deal 6, discard 3",6,10000000,23260935,Flush (See),Flush 8-6-2 ♣,"(2, 8, 6, 2, 1)",1,5088,0.02499199,15140,0.025233,4.675,0.9875,0.1889,0.0198
discard3,"Deal 6, discard 3",6,10000000,23260935,Flush (See),Flush 8-5-4 ♠,"(2, 8, 5, 4, 4)",1,4629,0.02273741,13619,0.022698,4.9291,1.1043,0.232,0.0367
discard3,"Deal 6, discard 3",6,10000000,23260935,Flush (See),Flush 8-5-4 ♥,"(2, 8, 5, 4, 3)",1,4628,0.0227325,13405,0.022342,4.8803,1.11,0.2715,0.0597
discard3,"Deal 6, discard 3",6,10000000,23260935,Flush (See),Flush 8-5-4 ♦,"(2, 8, 5, 4, 2)",1,4627,0.02272759,13722,0.02287,4.7806,1.0239,0.2099,0.0583
discard3,"Deal 6, discard 3",6,10000000,23260935,Flush (See),Flush 8-5-4 ♣,"(2, 8, 5, 4, 1)",1,4626,0.02272267,13812,0.02302,4.9081,1.115,0.2549,0.0507
discard3,"Deal 6, discard 3",6,10000000,23260935,Flush (See),Flush 8-5-3 ♠,"(2, 8, 5, 3, 4)",1,5580,0.02740867,16548,0.02758,4.8628,1.0575,0.2272,0.0483
discard3,"Deal 6, discard 3",6,10000000,23260935,Flush (See),Flush 8-5-3 ♥,"(2, 8, 5, 3, 3)",1,5579,0.02740376,16717,0.027862,4.8549,1.0462,0.2082,0.0359
discard3,"Deal 6, discard 3",6,10000000,23260935,Flush (See),Flush 8-5-3 ♦,"(2, 8, 5, 3, 2)",1,5578,0.02739885,16349,0.027248,4.8994,1.0796,0.2312,0.0367
discard3,"Deal 6, discard 3",6,10000000,23260935,Flush (See),Flush 8-5-3 ♣,"(2, 8, 5, 3, 1)",1,5577,0.02739394,16562,0.027603,4.7265,1.021,0.2101,0.0302
discard3,"Deal 6, discard 3",6,10000000,23260935,Flush (See),Flush 8-5-2 ♠,"(2, 8, 5, 2, 4)",1,6285,0.0308716,18602,0.031003,4.7635,1.0386,0.2258,0.0484
discard3,"Deal 6, discard 3",6,10000000,23260935,Flush (See),Flush 8-5-2 ♥,"(2, 8, 5, 2, 3)",1,6284,0.03086668,18401,0.030668,4.7497,1.0673,0.2424,0.0598
discard3,"Deal 6, discard 3",6,10000000,23260935,Flush (See),Flush 8-5-2 ♦,"(2, 8, 5, 2, 2)",1,6283,0.03086177,18551,0.030918,4.7194,1.0048,0.2221,0.0647
discard3,"Deal 6, discard 3",6,10000000,23260935,Flush (See),Flush 8-5-2 ♣,"(2, 8, 5, 2, 1)",1,6282,0.03085686,18638,0.031063,4.6276,1.0178,0.2264,0.0376
discard3,"Deal 6, discard 3",6,10000000,23260935,Flush (See),Flush 8-4-3 ♠,"(2, 8, 4, 3, 4)",1,3909,0.01920081,11373,0.018955,4.7349,1.0208,0.211,0.0352
discard3,"Deal 6, discard 3",6,10000000,23260935,Flush (See),Flush 8-4-3 ♥,"(2, 8, 4, 3, 3)",1,3908,0.01919589,11496,0.01916,4.9478,1.0899,0.2436,0.0522
discard3,"Deal 6, discard 3",6,10000000,23260935,Flush (See),Flush 8-4-3 ♦,"(2, 8, 4, 3, 2)",1,3907,0.01919098,11413,0.019022,4.8979,1.1023,0.2155,0.0263
discard3,"Deal 6, discard 3",6,10000000,23260935,Flush (See),Flush 8-4-3 ♣,"(2, 8, 4, 3, 1)",1,3906,0.01918607,11529,0.019215,4.6925,1.0235,0.2134,0.0434
discard3,"Deal 6, discard 3",6,10000000,23260935,Flush (See),Flush 8-4-2 ♠,"(2, 8, 4, 2, 4)",1,5103,0.02506567,15027,0.025045,4.6017,0.9822,0.2063,0.0466
discard3,"Deal 6, discard 3",6,10000000,23260935,Flush (See),Flush 8-4-2 ♥,"(2, 8, 4, 2, 3)",1,5102,0.02506076,15058,0.025097,4.5378,0.9689,0.2032,0.0266
discard3,"Deal 6, discard 3",6,10000000,23260935,Flush (See),Flush 8-4-2 ♦,"(2, 8, 4, 2, 2)",1,5101,0.02505585,14936,0.024893,4.5253,0.9601,0.1888,0.0335
discard3,"Deal 6, discard 3",6,10000000,23260935,Flush (See),Flush 8-4-2 ♣,"(2, 8, 4, 2, 1)",1,5100,0.02505094,14962,0.024937,4.5529,0.9985,0.2313,0.0468
discard3,"Deal 6, discard 3",6,10000000,23260935,Flush (See),Flush 8-3-2 ♠,"(2, 8, 3, 2, 4)",1,3948,0.01939237,11748,0.01958,4.5727,0.9687,0.206,0.0511
discard3,"Deal 6, discard 3",6,10000000,23260935,Flush (See),Flush 8-3-2 ♥,"(2, 8, 3, 2, 3)",1,3947,0.01938746,11660,0.019433,4.6003,0.9854,0.1852,0.0257
discard3,"Deal 6, discard 3",6,10000000,23260935,Flush (See),Flush 8-3-2 ♦,"(2, 8, 3, 2, 2)",1,3946,0.01938255,11663,0.019438,4.3822,0.8728,0.1509,0.0086
discard3,"Deal 6, discard 3",6,10000000,23260935,Flush (See),Flush 8-3-2 ♣,"(2, 8, 3, 2, 1)",1,3945,0.01937764,11483,0.019138,4.6599,1.0058,0.2264,0.0523
discard3,"Deal 6, discard 3",6,10000000,23260935,Flush (See),Flush 7-6-4 ♠,"(2, 7, 6, 4, 4)",1,5163,0.02536039,15435,0.025725,4.495,0.9848,0.2293,0.0583
discard3,"Deal 6, discard 3",6,10000000,23260935,Flush (See),Flush 7-6-4 ♥,"(2, 7, 6, 4, 3)",1,5162,0.02535548,15308,0.025513,4.4558,0.9015,0.1725,0.0327
discard3,"Deal 6, discard 3",6,10000000,23260935,Flush (See),Flush 7-6-4 ♦,"(2, 7, 6, 4, 2)",1,5161,0.02535057,15104,0.025173,4.5822,0.9547,0.1867,0.0265
discard3,"Deal 6, discard 3",6,10000000,23260935,Flush (See),Flush 7-6-4 ♣,"(2, 7, 6, 4, 1)",1,5160,0.02534565,15198,0.02533,4.4868,0.933,0.1869,0.0329
discard3,"Deal 6, discard 3",6,10000000,23260935,Flush (See),Flush 7-6-3 ♠,"(2, 7, 6, 3, 4)",1,4443,0.02182379,13122,0.02187,4.558,0.9709,0.2012,0.0381
discard3,"Deal 6, discard 3",6,10000000,23260935,Flush (See),Flush 7-6-3 ♥,"(2, 7, 6, 3, 3)",1,4442,0.02181887,13201,0.022002,4.636,1.0143,0.2106,0.0455
discard3,"Deal 6, discard 3",6,10000000,23260935,Flush (See),Flush 7-6-3 ♦,"(2, 7, 6, 3, 2)",1,4441,0.02181396,13060,0.021767,4.5804,0.9502,0.1838,0.023
discard3,"Deal 6, discard 3",6,10000000,23260935,Flush (See),Flush 7-6-3 ♣,"(2, 7, 6, 3, 1)",1,4440,0.02180905,12988,0.021647,4.4025,0.8985,0.1786,0.0308
discard3,"Deal 6, discard 3",6,10000000,23260935,Flush (See),Flush 7-6-2 ♠,"(2, 7, 6, 2, 4)",1,4101,0.0201439,12100,0.020167,4.5744,1.0231,0.2231,0.0496
discard3,"Deal 6, discard 3",6,10000000,23260935,Flush (See),Flush 7-6-2 ♥,"(2, 7, 6, 2, 3)",1,4100,0.02013899,12017,0.020028,4.3047,0.8829,0.1864,0.0499
discard3,"Deal 6, discard 3",6,10000000,23260935,Flush (See),Flush 7-6-2 ♦,"(2, 7, 6, 2, 2)",1,4099,0.02013408,11966,0.019943,4.4041,0.9009,0.1788,0.0334
discard3,"Deal 6, discard 3",6,10000000,23260935,Flush (See),Flush 7-6-2 ♣,"(2, 7, 6, 2, 1)",1,4098,0.02012916,12050,0.020083,4.4515,0.9311,0.1826,0.0249
discard3,"Deal 6, discard 3",6,10000000,23260935,Flush (See),Flush 7-5-4 ♠,"(2, 7, 5, 4, 4)",1,4815,0.02365103,14199,0.023665,4.4221,0.943,0.2028,0.0352
discard3,"Deal 6, discard 3",6,10000000,23260935,Flush (See),Flush 7-5-4 ♥,"(2, 7, 5, 4, 3)",1,4814,0.02364612,14068,0.023447,4.6012,0.9909,0.2275,0.064
discard3,"Deal 6, discard 3",6,10000000,23260935,Flush (See),Flush 7-5-4 ♦,"(2, 7, 5, 4, 2)",1,4813,0.02364121,14173,0.023622,4.3999,0.9123,0.1736,0.0212
discard3,"Deal 6, discard 3",6,10000000,23260935,Flush (See),Flush 7-5-4 ♣,"(2, 7, 5, 4, 1)",1,4812,0.0236363,14227,0.023712,4.5906,0.9847,0.2052,0.0351
discard3,"Deal 6, discard 3",6,10000000,23260935,Flush (See),Flush 7-5-3 ♠,"(2, 7, 5, 3, 4)",1,4488,0.02204482,13231,0.022052,4.3088,0.8752,0.1769,0.0378
discard3,"Deal 6, discard 3",6,10000000,23260935,Flush (See),Flush 7-5-3 ♥,"(2, 7, 5, 3, 3)",1,4487,0.02203991,13390,0.022317,4.4264,0.9477,0.2151,0.0672
discard3,"Deal 6, discard 3",6,10000000,23260935,Flush (See),Flush 7-5-3 ♦,"(2, 7, 5, 3, 2)",1,4486,0.022035,13179,0.021965,4.4692,0.9105,0.176,0.0379
discard3,"Deal 6, discard 3",6,10000000,23260935,Flush (See),Flush 7-5-3 ♣,"(2, 7, 5, 3, 1)",1,4485,0.02203009,13108,0.021847,4.5331,0.9818,0.2121,0.0229
discard3,"Deal 6, discard 3",6,10000000,23260935,Flush (See),Flush 7-5-2 ♠,"(2, 7, 5, 2, 4)",1,5286,0.02596456,15705,0.026175,4.419,0.9373,0.2038,0.0509
discard3,"Deal 6, discard 3",6,10000000,23260935,Flush (See),Flush 7-5-2 ♥,"(2, 7, 5, 2, 3)",1,5285,0.02595965,15378,0.02563,4.3699,0.9579,0.225,0.052
discard3,"Deal 6, discard 3",6,10000000,23260935,Flush (See),Flush 7-5-2 ♦,"(2, 7, 5, 2, 2)",1,5284,0.02595474,15393,0.025655,4.2526,0.8692,0.1689,0.0325
discard3,"Deal 6, discard 3",6,10000000,23260935,Flush (See),Flush 7-5-2 ♣,"(2, 7, 5, 2, 1)",1,5283,0.02594982,15416,0.025693,4.1775,0.8407,0.1648,0.0259
discard3,"Deal 6, discard 3",6,10000000,23260935,Flush (See),Flush 7-4-3 ♠,"(2, 7, 4, 3, 4)",1,4092,0.02009969,11976,0.01996,4.4748,0.941,0.1971,0.0418
discard3,"Deal 6, discard 3",6,10000000,23260935,Flush (See),Flush 7-4-3 ♥,"(2, 7, 4, 3, 3)",1,4091,0.02009478,12057,0.020095,4.5467,0.9795,0.2156,0.0415
discard3,"Deal 6, discard 3",6,10000000,23260935,Flush (See),Flush 7-4-3 ♦,"(2, 7, 4, 3, 2)",1,4090,0.02008987,12032,0.020053,4.5695,0.9849,0.2194,0.0582
discard3,"Deal 6, discard 3",6,10000000,23260935,Flush (See),Flush 7-4-3 ♣,"(2, 7, 4, 3, 1)",1,4089,0.02008496,12091,0.020152,4.4091,0.9048,0.177,0.0248
discard3,"Deal 6, discard 3",6,10000000,23260935,Flush (See),Flush 7-4-2 ♠,"(2, 7, 4, 2, 4)",1,5304,0.02605297,15549,0.025915,4.235,0.8824,0.1775,0.0193
discard3,"Deal 6, discard 3",6,10000000,23260935,Flush (See),Flush 7-4-2 ♥,"(2, 7, 4, 2, 3)",1,5303,0.02604806,15622,0.026037,4.3067,0.8904,0.1664,0.0192
discard3,"Deal 6, discard 3",6,10000000,23260935,Flush (See),Flush 7-4-2 ♦,"(2, 7, 4, 2, 2)",1,5302,0.02604315,15518,0.025863,4.3118,0.8809,0.1714,0.0322
discard3,"Deal 6, discard 3",6,10000000,23260935,Flush (See),Flush 7-4-2 ♣,"(2, 7, 4, 2, 1)",1,5301,0.02603824,15595,0.025992,4.3379,0.9356,0.2013,0.0385
discard3,"Deal 6, discard 3",6,10000000,23260935,Flush (See),Flush 7-3-2 ♠,"(2, 7, 3, 2, 4)",1,3909,0.01920081,11397,0.018995,4.2836,0.8678,0.1772,0.0526
discard3,"Deal 6, discard 3",6,10000000,23260935,Flush (See),Flush 7-3-2 ♥,"(2, 7, 3, 2, 3)",1,3908,0.01919589,11447,0.019078,4.3583,0.9216,0.2167,0.0786
discard3,"Deal 6, discard 3",6,10000000,23260935,Flush (See),Flush 7-3-2 ♦,"(2, 7, 3, 2, 2)",1,3907,0.01919098,11378,0.018963,4.2582,0.8956,0.1916,0.0352
discard3,"Deal 6, discard 3",6,10000000,23260935,Flush (See),Flush 7-3-2 ♣,"(2, 7, 3, 2, 1)",1,3906,0.01918607,11297,0.018828,4.1728,0.8799,0.2036,0.0443
discard3,"Deal 6, discard 3",6,10000000,23260935,Flush (See),Flush 6-5-3 ♠,"(2, 6, 5, 3, 4)",1,4707,0.02312054,13917,0.023195,4.2085,0.868,0.1782,0.0431
discard3,"Deal 6, discard 3",6,10000000,23260935,Flush (See),Flush 6-5-3 ♥,"(2, 6, 5, 3, 3)",1,4706,0.02311563,13902,0.02317,4.1656,0.8287,0.1554,0.0288
discard3,"Deal 6, discard 3",6,10000000,23260935,Flush (See),Flush 6-5-3 ♦,"(2, 6, 5, 3, 2)",1,4705,0.02311072,13776,0.02296,4.3104,0.8849,0.1786,0.029
discard3,"Deal 6, discard 3",6,10000000,23260935,Flush (See),Flush 6-5-3 ♣,"(2, 6, 5, 3, 1)",1,4704,0.02310581,13802,0.023003,4.3566,0.9086,0.1536,0.0072
discard3,"Deal 6, discard 3",6,10000000,23260935,Flush (See),Flush 6-5-2 ♠,"(2, 6, 5, 2, 4)",1,4281,0.02102805,12422,0.020703,4.3278,0.962,0.2479,0.0725
discard3,"Deal 6, discard 3",6,10000000,23260935,Flush (See),Flush 6-5-2 ♥,"(2, 6, 5, 2, 3)",1,4280,0.02102314,12631,0.021052,4.1224,0.8352,0.1821,0.0554
discard3,"Deal 6, discard 3",6,10000000,23260935,Flush (See),Flush 6-5-2 ♦,"(2, 6, 5, 2, 2)",1,4279,0.02101823,12711,0.021185,4.2326,0.9449,0.2313,0.0708
discard3,"Deal 6, discard 3",6,10000000,23260935,Flush (See),Flush 6-5-2 ♣,"(2, 6, 5, 2, 1)",1,4278,0.02101332,12442,0.020737,4.3024,0.9002,0.1752,0.0161
discard3,"Deal 6, discard 3",6,10000000,23260935,Flush (See),Flush 6-4-3 ♠,"(2, 6, 4, 3, 4)",1,4275,0.02099858,12485,0.020808,4.3364,0.9251,0.197,0.04
discard3,"Deal 6, discard 3",6,10000000,23260935,Flush (See),Flush 6-4-3 ♥,"(2, 6, 4, 3, 3)",1,4274,0.02099367,12497,0.020828,4.3586,0.9578,0.2241,0.04
discard3,"Deal 6, discard 3",6,10000000,23260935,Flush (See),Flush 6-4-3 ♦,"(2, 6, 4, 3, 2)",1,4273,0.02098876,12478,0.020797,4.2146,0.8607,0.1715,0.024
discard3,"Deal 6, discard 3",6,10000000,23260935,Flush (See),Flush 6-4-3 ♣,"(2, 6, 4, 3, 1)",1,4272,0.02098384,12698,0.021163,4.2763,0.8639,0.1512,0.0158
discard3,"Deal 6, discard 3",6,10000000,23260935,Flush (See),Flush 6-4-2 ♠,"(2, 6, 4, 2, 4)",1,4275,0.02099858,12627,0.021045,4.0374,0.7817,0.1299,0.0
discard3,"Deal 6, discard 3",6,10000000,23260935,Flush (See),Flush 6-4-2 ♥,"(2, 6, 4, 2, 3)",1,4274,0.02099367,12532,0.020887,4.0528,0.786,0.1532,0.0239
discard3,"Deal 6, discard 3",6,10000000,23260935,Flush (See),Flush 6-4-2 ♦,"(2, 6, 4, 2, 2)",1,4273,0.02098876,12535,0.020892,4.0726,0.8081,0.1324,0.008
discard3,"Deal 6, discard 3",6,10000000,23260935,Flush (See),Flush 6-4-2 ♣,"(2, 6, 4, 2, 1)",1,4272,0.02098384,12571,0.020952,4.1739,0.8655,0.1702,0.0398
discard3,"Deal 6, discard 3",6,10000000,23260935,Flush (See),Flush 6-3-2 ♠,"(2, 6, 3, 2, 4)",1,4092,0.02009969,11957,0.019928,4.1959,0.8756,0.1823,0.0167
discard3,"Deal 6, discard 3",6,10000000,23260935,Flush (See),Flush 6-3-2 ♥,"(2, 6, 3, 2, 3)",1,4091,0.02009478,12258,0.02043,4.0692,0.8264,0.1599,0.0245
discard3,"Deal 6, discard 3",6,10000000,23260935,Flush (See),Flush 6-3-2 ♦,"(2, 6, 3, 2, 2)",1,4090,0.02008987,11969,0.019948,4.1457,0.8631,0.1671,0.0084
discard3,"Deal 6, discard 3",6,10000000,23260935,Flush (See),Flush 6-3-2 ♣,"(2, 6, 3, 2, 1)",1,4089,0.02008496,11917,0.019862,3.9985,0.746,0.1259,0.0252
discard3,"Deal 6, discard 3",6,10000000,23260935,Flush (See),Flush 5-4-2 ♠,"(2, 5, 4, 2, 4)",1,4485,0.02203009,13421,0.022368,4.0288,0.8271,0.1773,0.0373
discard3,"Deal 6, discard 3",6,10000000,23260935,Flush (See),Flush 5-4-2 ♥,"(2, 5, 4, 2, 3)",1,4484,0.02202518,13128,0.02188,4.0608,0.8166,0.1615,0.0305
discard3,"Deal 6, discard 3",6,10000000,23260935,Flush (See),Flush 5-4-2 ♦,"(2, 5, 4, 2, 2)",1,4483,0.02202026,13327,0.022212,4.0729,0.8329,0.1576,0.0225
discard3,"Deal 6, discard 3",6,10000000,23260935,Flush (See),Flush 5-4-2 ♣,"(2, 5, 4, 2, 1)",1,4482,0.02201535,13180,0.021967,3.9355,0.8209,0.1715,0.0379
discard3,"Deal 6, discard 3",6,10000000,23260935,Flush (See),Flush 5-3-2 ♠,"(2, 5, 3, 2, 4)",1,4275,0.02099858,12574,0.020957,4.0695,0.8184,0.1813,0.0477
discard3,"Deal 6, discard 3",6,10000000,23260935,Flush (See),Flush 5-3-2 ♥,"(2, 5, 3, 2, 3)",1,4274,0.02099367,12343,0.020572,4.0962,0.8418,0.1718,0.0486
discard3,"Deal 6, discard 3",6,10000000,23260935,Flush (See),Flush 5-3-2 ♦,"(2, 5, 3, 2, 2)",1,4273,0.02098876,12722,0.021203,3.8453,0.7428,0.1462,0.0236
discard3,"Deal 6, discard 3",6,10000000,23260935,Flush (See),Flush 5-3-2 ♣,"(2, 5, 3, 2, 1)",1,4272,0.02098384,12617,0.021028,4.039,0.8187,0.1617,0.0238
discard3,"Deal 6, discard 3",6,10000000,23260935,Point total (Tam),"9 points, pair A, kicker 7♠","(1, 9, 1, 14, 7, 4)",6,31770,0.1560526,93754,0.156257,4.0015,0.8184,0.1715,0.0384
discard3,"Deal 6, discard 3",6,10000000,23260935,Point total (Tam),"9 points, pair A, kicker 7♥","(1, 9, 1, 14, 7, 3)",6,29361,0.14421972,86619,0.144365,3.995,0.8291,0.1833,0.0531
discard3,"Deal 6, discard 3",6,10000000,23260935,Point total (Tam),"9 points, pair A, kicker 7♦","(1, 9, 1, 14, 7, 2)",6,26952,0.13238683,79494,0.13249,3.9716,0.8056,0.1668,0.034
discard3,"Deal 6, discard 3",6,10000000,23260935,Point total (Tam),"9 points, pair A, kicker 7♣","(1, 9, 1, 14, 7, 1)",6,24543,0.12055395,72488,0.120813,3.9419,0.7954,0.157,0.0235
discard3,"Deal 6, discard 3",6,10000000,23260935,Point total (Tam),"9 points, pair K, kicker 9♠","(1, 9, 1, 13, 9, 4)",6,19521,0.09588614,57449,0.095748,4.1242,0.8594,0.1897,0.0453
discard3,"Deal 6, discard 3",6,10000000,23260935,Point total (Tam),"9 points, pair K, kicker 9♥","(1, 9, 1, 13, 9, 3)",6,17854,0.08769793,52896,0.08816,4.1147,0.8727,0.1875,0.0435
discard3,"Deal 6, discard 3",6,10000000,23260935,Point total (Tam),"9 points, pair K, kicker 9♦","(1, 9, 1, 13, 9, 2)",6,16187,0.07950971,48021,0.080035,4.0118,0.8161,0.1845,0.0604
discard3,"Deal 6, discard 3",6,10000000,23260935,Point total (Tam),"9 points, pair K, kicker 9♣","(1, 9, 1, 13, 9, 1)",6,14520,0.07132149,42755,0.071258,4.0751,0.8373,0.1787,0.0421
discard3,"Deal 6, discard 3",6,10000000,23260935,Point total (Tam),"9 points, pair Q, kicker 9♠","(1, 9, 1, 12, 9, 4)",6,19521,0.09588614,57699,0.096165,4.1346,0.8777,0.2042,0.0589
discard3,"Deal 6, discard 3",6,10000000,23260935,Point total (Tam),"9 points, pair Q, kicker 9♥","(1, 9, 1, 12, 9, 3)",6,17854,0.08769793,52449,0.087415,4.1166,0.8643,0.1823,0.0324
discard3,"Deal 6, discard 3",6,10000000,23260935,Point total (Tam),"9 points, pair Q, kicker 9♦","(1, 9, 1, 12, 9, 2)",6,16187,0.07950971,47566,0.079277,4.0861,0.8168,0.1484,0.0189
discard3,"Deal 6, discard 3",6,10000000,23260935,Point total (Tam),"9 points, pair Q, kicker 9♣","(1, 9, 1, 12, 9, 1)",6,14520,0.07132149,42625,0.071042,4.1286,0.8753,0.1924,0.0493
discard3,"Deal 6, discard 3",6,10000000,23260935,Point total (Tam),"9 points, pair J, kicker 9♠","(1, 9, 1, 11, 9, 4)",6,14403,0.07074679,41997,0.069995,4.0084,0.8134,0.1619,0.0214
discard3,"Deal 6, discard 3",6,10000000,23260935,Point total (Tam),"9 points, pair J, kicker 9♥","(1, 9, 1, 11, 9, 3)",6,13063,0.06416478,38668,0.064447,3.9793,0.8265,0.1831,0.0414
discard3,"Deal 6, discard 3",6,10000000,23260935,Point total (Tam),"9 points, pair J, kicker 9♦","(1, 9, 1, 11, 9, 2)",6,11723,0.05758277,34784,0.057973,4.0418,0.8369,0.1897,0.0575
discard3,"Deal 6, discard 3",6,10000000,23260935,Point total (Tam),"9 points, pair J, kicker 9♣","(1, 9, 1, 11, 9, 1)",6,10383,0.05100076,30446,0.050743,3.9329,0.7994,0.1563,0.0263
discard3,"Deal 6, discard 3",6,10000000,23260935,Point total (Tam),"9 points, pair 10, kicker 9♠","(1, 9, 1, 10, 9, 4)",6,20715,0.10175101,61052,0.101753,3.3983,0.6206,0.1156,0.0278
discard3,"Deal 6, discard 3",6,10000000,23260935,Point total (Tam),"9 points, pair 10, kicker 9♥","(1, 9, 1, 10, 9, 3)",6,18998,0.0933172,55995,0.093325,3.4169,0.6226,0.1043,0.0161
discard3,"Deal 6, discard 3",6,10000000,23260935,Point total (Tam),"9 points, pair 10, kicker 9♦","(1, 9, 1, 10, 9, 2)",6,17281,0.08488338,51023,0.085038,3.5141,0.6672,0.1207,0.0176
discard3,"Deal 6, discard 3",6,10000000,23260935,Point total (Tam),"9 points, pair 10, kicker 9♣","(1, 9, 1, 10, 9, 1)",6,15564,0.07644957,45845,0.076408,3.4067,0.6566,0.1427,0.0393
discard3,"Deal 6, discard 3",6,10000000,23260935,Point total (Tam),"9 points, pair 9, kicker A♠","(1, 9, 1, 9, 14, 4)",6,28251,0.13876745,83258,0.138763,3.6278,0.6984,0.1302,0.0204
discard3,"Deal 6, discard 3",6,10000000,23260935,Point total (Tam),"9 points, pair 9, kicker A♥","(1, 9, 1, 9, 14, 3)",6,26333,0.12934634,77997,0.129995,3.6004,0.688,0.1369,0.0282
discard3,"Deal 6, discard 3",6,10000000,23260935,Point total (Tam),"9 points, pair 9, kicker A♦","(1, 9, 1, 9, 14, 2)",6,24415,0.11992522,72176,0.120293,3.5449,0.6643,0.1186,0.0125
discard3,"Deal 6, discard 3",6,10000000,23260935,Point total (Tam),"9 points, pair 9, kicker A♣","(1, 9, 1, 9, 14, 1)",6,22497,0.1105041,65957,0.109928,3.6048,0.7,0.1392,0.0273
discard3,"Deal 6, discard 3",6,10000000,23260935,Point total (Tam),"9 points, pair 8, kicker 3♠","(1, 9, 1, 8, 3, 4)",6,29973,0.14722583,87950,0.146583,3.1857,0.5795,0.1114,0.0262
discard3,"Deal 6, discard 3",6,10000000,23260935,Point total (Tam),"9 points, pair 8, kicker 3♥","(1, 9, 1, 8, 3, 3)",6,27608,0.13560907,81493,0.135822,3.2042,0.5896,0.1149,0.0307
discard3,"Deal 6, discard 3",6,10000000,23260935,Point total (Tam),"9 points, pair 8, kicker 3♦","(1, 9, 1, 8, 3, 2)",6,25243,0.12399231,74316,0.12386,3.1346,0.5664,0.1023,0.0188
discard3,"Deal 6, discard 3",6,10000000,23260935,Point total (Tam),"9 points, pair 8, kicker 3♣","(1, 9, 1, 8, 3, 1)",6,22878,0.11237556,67521,0.112535,3.19,0.5823,0.1102,0.0252
discard3,"Deal 6, discard 3",6,10000000,23260935,Point total (Tam),"9 points, pair 7, kicker 5♠","(1, 9, 1, 7, 5, 4)",6,25626,0.12587359,75440,0.125733,3.0427,0.5327,0.0981,0.0186
discard3,"Deal 6, discard 3",6,10000000,23260935,Point total (Tam),"9 points, pair 7, kicker 5♥","(1, 9, 1, 7, 5, 3)",6,23563,0.11574024,69194,0.115323,3.041,0.5337,0.0971,0.0231
discard3,"Deal 6, discard 3",6,10000000,23260935,Point total (Tam),"9 points, pair 7, kicker 5♦","(1, 9, 1, 7, 5, 2)",6,21500,0.10560689,63331,0.105552,3.0928,0.5634,0.1064,0.0189
discard3,"Deal 6, discard 3",6,10000000,23260935,Point total (Tam),"9 points, pair 7, kicker 5♣","(1, 9, 1, 7, 5, 1)",6,19437,0.09547354,57180,0.0953,3.0238,0.5282,0.0885,0.014
discard3,"Deal 6, discard 3",6,10000000,23260935,Point total (Tam),"9 points, pair 6, kicker 7♠","(1, 9, 1, 6, 7, 4)",6,20640,0.10138262,61275,0.102125,2.8924,0.4991,0.0849,0.0131
discard3,"Deal 6, discard 3",6,10000000,23260935,Point total (Tam),"9 points, pair 6, kicker 7♥","(1, 9, 1, 6, 7, 3)",6,18904,0.09285547,55804,0.093007,2.8872,0.4926,0.0738,0.0036
discard3,"Deal 6, discard 3",6,10000000,23260935,Point total (Tam),"9 points, pair 6, kicker 7♦","(1, 9, 1, 6, 7, 2)",6,17168,0.08432833,50807,0.084678,2.8411,0.4903,0.087,0.0138
discard3,"Deal 6, discard 3",6,10000000,23260935,Point total (Tam),"9 points, pair 6, kicker 7♣","(1, 9, 1, 6, 7, 1)",6,15432,0.07580119,45434,0.075723,2.8769,0.4963,0.0872,0.0176
discard3,"Deal 6, discard 3",6,10000000,23260935,Point total (Tam),"9 points, pair 5, kicker 9♠","(1, 9, 1, 5, 9, 4)",6,26088,0.12814291,76675,0.127792,2.8739,0.4995,0.0918,0.0209
discard3,"Deal 6, discard 3",6,10000000,23260935,Point total (Tam),"9 points, pair 5, kicker 9♥","(1, 9, 1, 5, 9, 3)",6,24277,0.11924737,71316,0.11886,2.9155,0.5026,0.0844,0.0112
discard3,"Deal 6, discard 3",6,10000000,23260935,Point total (Tam),"9 points, pair 5, kicker 9♦","(1, 9, 1, 5, 9, 2)",6,22466,0.11035183,65986,0.109977,2.883,0.498,0.0824,0.0136
discard3,"Deal 6, discard 3",6,10000000,23260935,Point total (Tam),"9 points, pair 5, kicker 9♣","(1, 9, 1, 5, 9, 1)",6,20655,0.10145629,60928,0.101547,2.8143,0.4761,0.0748,0.0082
discard3,"Deal 6, discard 3",6,10000000,23260935,Point total (Tam),"9 points, pair 4, kicker A♠","(1, 9, 1, 4, 14, 4)",6,30483,0.14973092,90312,0.15052,2.5847,0.4246,0.0737,0.01
discard3,"Deal 6, discard 3",6,10000000,23260935,Point total (Tam),"9 points, pair 4, kicker A♥","(1, 9, 1, 4, 14, 3)",6,28508,0.14002983,84521,0.140868,2.5238,0.4004,0.0575,0.0047
discard3,"Deal 6, discard 3",6,10000000,23260935,Point total (Tam),"9 points, pair 4, kicker A♦","(1, 9, 1, 4, 14, 2)",6,26533,0.13032873,77586,0.12931,2.5302,0.4026,0.067,0.0103
discard3,"Deal 6, discard 3",6,10000000,23260935,Point total (Tam),"9 points, pair 4, kicker A♣","(1, 9, 1, 4, 14, 1)",6,24558,0.12062763,72373,0.120622,2.5653,0.4163,0.0649,0.0055
discard3,"Deal 6, discard 3",6,10000000,23260935,Point total (Tam),"9 points, pair 2, kicker 5♠","(1, 9, 1, 2, 5, 4)",6,30417,0.14940673,89625,0.149375,2.2873,0.3384,0.0428,0.0056
discard3,"Deal 6, discard 3",6,10000000,23260935,Point total (Tam),"9 points, pair 2, kicker 5♥","(1, 9, 1, 2, 5, 3)",6,28442,0.13970564,84095,0.140158,2.3025,0.3471,0.0492,0.0024
discard3,"Deal 6, discard 3",6,10000000,23260935,Point total (Tam),"9 points, pair 2, kicker 5♦","(1, 9, 1, 2, 5, 2)",6,26467,0.13000454,77974,0.129957,2.2922,0.3585,0.0557,0.009
discard3,"Deal 6, discard 3",6,10000000,23260935,Point total (Tam),"9 points, pair 2, kicker 5♣","(1, 9, 1, 2, 5, 1)",6,24492,0.12030344,72170,0.120283,2.2867,0.3632,0.0618,0.0139
discard3,"Deal 6, discard 3",6,10000000,23260935,Point total (Tam),"9 points, A-K-8, control A♠","(1, 9, 0, 14, 13, 8, 4)",15,44370,0.21794315,130400,0.217333,2.3228,0.3577,0.0572,0.0115
discard3,"Deal 6, discard 3",6,10000000,23260935,Point total (Tam),"9 points, A-K-8, control A♥","(1, 9, 0, 14, 13, 8, 3)",15,40907,0.20093307,120830,0.201383,2.3135,0.3672,0.0629,0.0157
discard3,"Deal 6, discard 3",6,10000000,23260935,Point total (Tam),"9 points, A-K-8, control A♦","(1, 9, 0, 14, 13, 8, 2)",15,37444,0.183923,110204,0.183673,2.239,0.3426,0.0572,0.0118
discard3,"Deal 6, discard 3",6,10000000,23260935,Point total (Tam),"9 points, A-K-8, control A♣","(1, 9, 0, 14, 13, 8, 1)",15,33981,0.16691292,100469,0.167448,2.2498,0.3505,0.0563,0.01
discard3,"Deal 6, discard 3",6,10000000,23260935,Point total (Tam),"9 points, A-Q-8, control A♠","(1, 9, 0, 14, 12, 8, 4)",15,41598,0.20432723,122940,0.2049,2.2175,0.3327,0.0495,0.0073
discard3,"Deal 6, discard 3",6,10000000,23260935,Point total (Tam),"9 points, A-Q-8, control A♥","(1, 9, 0, 14, 12, 8, 3)",15,38237,0.18781817,112858,0.188097,2.155,0.3183,0.0459,0.0062
discard3,"Deal 6, discard 3",6,10000000,23260935,Point total (Tam),"9 points, A-Q-8, control A♦","(1, 9, 0, 14, 12, 8, 2)",15,34876,0.17130911,102755,0.171258,2.1283,0.3227,0.0524,0.0097
discard3,"Deal 6, discard 3",6,10000000,23260935,Point total (Tam),"9 points, A-Q-8, control A♣","(1, 9, 0, 14, 12, 8, 1)",15,31515,0.15480005,92791,0.154652,2.0753,0.3055,0.0466,0.0097
discard3,"Deal 6, discard 3",6,10000000,23260935,Point total (Tam),"9 points, A-J-8, control A♠","(1, 9, 0, 14, 11, 8, 4)",15,31467,0.15456428,92598,0.15433,2.0498,0.3009,0.0462,0.0065
discard3,"Deal 6, discard 3",6,10000000,23260935,Point total (Tam),"9 points, A-J-8, control A♥","(1, 9, 0, 14, 11, 8, 3)",15,28762,0.14127746,85393,0.142322,2.0216,0.2849,0.0375,0.0023
discard3,"Deal 6, discard 3",6,10000000,23260935,Point total (Tam),"9 points, A-J-8, control A♦","(1, 9, 0, 14, 11, 8, 2)",15,26057,0.12799064,76475,0.127458,1.9534,0.2852,0.0468,0.0131
discard3,"Deal 6, discard 3",6,10000000,23260935,Point total (Tam),"9 points, A-J-8, control A♣","(1, 9, 0, 14, 11, 8, 1)",15,23352,0.11470382,68675,0.114458,1.9198,0.2695,0.039,0.0073
discard3,"Deal 6, discard 3",6,10000000,23260935,Point total (Tam),"9 points, A-10-8, control A♠","(1, 9, 0, 14, 10, 8, 4)",15,15324,0.0752707,45326,0.075543,1.7756,0.2469,0.0428,0.0088
discard3,"Deal 6, discard 3",6,10000000,23260935,Point total (Tam),"9 points, A-10-8, control A♥","(1, 9, 0, 14, 10, 8, 3)",15,13815,0.06785857,40534,0.067557,1.7316,0.2324,0.0252,0.0
discard3,"Deal 6, discard 3",6,10000000,23260935,Point total (Tam),"9 points, A-10-8, control A♦","(1, 9, 0, 14, 10, 8, 2)",15,12306,0.06044644,36577,0.060962,1.7489,0.2348,0.0273,0.0
discard3,"Deal 6, discard 3",6,10000000,23260935,Point total (Tam),"9 points, A-10-8, control A♣","(1, 9, 0, 14, 10, 8, 1)",15,10797,0.05303431,31745,0.052908,1.7181,0.2265,0.0277,0.0032
discard3,"Deal 6, discard 3",6,10000000,23260935,Point total (Tam),"9 points, A-6-2, control A♠","(1, 9, 0, 14, 6, 2, 4)",15,36483,0.17920261,107510,0.179183,1.6944,0.219,0.0288,0.0028
discard3,"Deal 6, discard 3",6,10000000,23260935,Point total (Tam),"9 points, A-6-2, control A♥","(1, 9, 0, 14, 6, 2, 3)",15,33296,0.16354823,98197,0.163662,1.6472,0.2158,0.0287,0.0041
discard3,"Deal 6, discard 3",6,10000000,23260935,Point total (Tam),"9 points, A-6-2, control A♦","(1, 9, 0, 14, 6, 2, 2)",15,30109,0.14789385,88867,0.148112,1.6063,0.2083,0.0259,0.0034
discard3,"Deal 6, discard 3",6,10000000,23260935,Point total (Tam),"9 points, A-6-2, control A♣","(1, 9, 0, 14, 6, 2, 1)",15,26922,0.13223948,79680,0.1328,1.5792,0.2041,0.0274,0.0038
discard3,"Deal 6, discard 3",6,10000000,23260935,Point total (Tam),"9 points, A-5-3, control A♠","(1, 9, 0, 14, 5, 3, 4)",15,25812,0.12678721,75811,0.126352,1.6517,0.2122,0.0259,0.0026
discard3,"Deal 6, discard 3",6,10000000,23260935,Point total (Tam),"9 points, A-5-3, control A♥","(1, 9, 0, 14, 5, 3, 3)",15,23369,0.11478732,68866,0.114777,1.6118,0.2135,0.0282,0.0058
discard3,"Deal 6, discard 3",6,10000000,23260935,Point total (Tam),"9 points, A-5-3, control A♦","(1, 9, 0, 14, 5, 3, 2)",15,20926,0.10278743,61669,0.102782,1.5492,0.1894,0.0282,0.0049
discard3,"Deal 6, discard 3",6,10000000,23260935,Point total (Tam),"9 points, A-5-3, control A♣","(1, 9, 0, 14, 5, 3, 1)",15,18483,0.09078754,54595,0.090992,1.5355,0.1969,0.0282,0.0073
discard3,"Deal 6, discard 3",6,10000000,23260935,Point total (Tam),"9 points, K-Q-9, control K♠","(1, 9, 0, 13, 12, 9, 4)",15,24489,0.1202887,72216,0.12036,1.3987,0.1648,0.0186,0.0
discard3,"Deal 6, discard 3",6,10000000,23260935,Point total (Tam),"9 points, K-Q-9, control K♥","(1, 9, 0, 13, 12, 9, 3)",15,24489,0.1202887,72352,0.120587,1.3907,0.1648,0.0166,0.0
discard3,"Deal 6, discard 3",6,10000000,23260935,Point total (Tam),"9 points, K-Q-9, control K♦","(1, 9, 0, 13, 12, 9, 2)",15,24489,0.1202887,72242,0.120403,1.344,0.1546,0.0152,0.0
discard3,"Deal 6, discard 3",6,10000000,23260935,Point total (Tam),"9 points, K-Q-9, control K♣","(1, 9, 0, 13, 12, 9, 1)",15,24489,0.1202887,72527,0.120878,1.3468,0.1653,0.0199,0.0014
discard3,"Deal 6, discard 3",6,10000000,23260935,Point total (Tam),"9 points, K-J-9, control K♠","(1, 9, 0, 13, 11, 9, 4)",15,23103,0.11348074,68424,0.11404,1.4128,0.1632,0.0146,0.0
discard3,"Deal 6, discard 3",6,10000000,23260935,Point total (Tam),"9 points, K-J-9, control K♥","(1, 9, 0, 13, 11, 9, 3)",15,23103,0.11348074,68395,0.113992,1.3343,0.1548,0.019,0.0015
discard3,"Deal 6, discard 3",6,10000000,23260935,Point total (Tam),"9 points, K-J-9, control K♦","(1, 9, 0, 13, 11, 9, 2)",15,23103,0.11348074,68173,0.113622,1.3451,0.1531,0.0202,0.0059
discard3,"Deal 6, discard 3",6,10000000,23260935,Point total (Tam),"9 points, K-J-9, control K♣","(1, 9, 0, 13, 11, 9, 1)",15,23103,0.11348074,68109,0.113515,1.291,0.1414,0.0141,0.0
discard3,"Deal 6, discard 3",6,10000000,23260935,Point total (Tam),"9 points, K-10-9, control K♠","(1, 9, 0, 13, 10, 9, 4)",15,17448,0.08570368,51311,0.085518,1.1672,0.124,0.0129,0.0
discard3,"Deal 6, discard 3",6,10000000,23260935,Point total (Tam),"9 points, K-10-9, control K♥","(1, 9, 0, 13, 10, 9, 3)",15,17448,0.08570368,51564,0.08594,1.1787,0.1284,0.0132,0.0019
discard3,"Deal 6, discard 3",6,10000000,23260935,Point total (Tam),"9 points, K-10-9, control K♦","(1, 9, 0, 13, 10, 9, 2)",15,17448,0.08570368,51486,0.08581,1.1329,0.1187,0.0144,0.0019
discard3,"Deal 6, discard 3",6,10000000,23260935,Point total (Tam),"9 points, K-10-9, control K♣","(1, 9, 0, 13, 10, 9, 1)",15,17448,0.08570368,51493,0.085822,1.1299,0.1189,0.0124,0.0019
discard3,"Deal 6, discard 3",6,10000000,23260935,Point total (Tam),"9 points, K-7-2, control K♠","(1, 9, 0, 13, 7, 2, 4)",15,37809,0.18571586,111457,0.185762,1.0689,0.1137,0.0129,0.0018
discard3,"Deal 6, discard 3",6,10000000,23260935,Point total (Tam),"9 points, K-7-2, control K♥","(1, 9, 0, 13, 7, 2, 3)",15,35512,0.17443311,104535,0.174225,1.0483,0.1074,0.0096,0.0
discard3,"Deal 6, discard 3",6,10000000,23260935,Point total (Tam),"9 points, K-7-2, control K♦","(1, 9, 0, 13, 7, 2, 2)",15,33215,0.16315037,97855,0.163092,1.0173,0.1022,0.0123,0.002
discard3,"Deal 6, discard 3",6,10000000,23260935,Point total (Tam),"9 points, K-7-2, control K♣","(1, 9, 0, 13, 7, 2, 1)",15,30918,0.15186762,92056,0.153427,0.969,0.0933,0.008,0.0
discard3,"Deal 6, discard 3",6,10000000,23260935,Point total (Tam),"9 points, K-6-3, control K♠","(1, 9, 0, 13, 6, 3, 4)",15,36876,0.18113301,108695,0.181158,0.9503,0.0893,0.0063,0.0
discard3,"Deal 6, discard 3",6,10000000,23260935,Point total (Tam),"9 points, K-6-3, control K♥","(1, 9, 0, 13, 6, 3, 3)",15,34695,0.17042005,102242,0.170403,0.9054,0.0825,0.0061,0.0
discard3,"Deal 6, discard 3",6,10000000,23260935,Point total (Tam),"9 points, K-6-3, control K♦","(1, 9, 0, 13, 6, 3, 2)",15,32514,0.15970709,95613,0.159355,0.8894,0.0813,0.0059,0.0
discard3,"Deal 6, discard 3",6,10000000,23260935,Point total (Tam),"9 points, K-6-3, control K♣","(1, 9, 0, 13, 6, 3, 1)",15,30333,0.14899413,89312,0.148853,0.8696,0.0812,0.0076,0.0022
discard3,"Deal 6, discard 3",6,10000000,23260935,Point total (Tam),"9 points, K-5-4, control K♠","(1, 9, 0, 13, 5, 4, 4)",15,20037,0.09842071,58754,0.097923,0.8973,0.0899,0.0082,0.0
discard3,"Deal 6, discard 3",6,10000000,23260935,Point total (Tam),"9 points, K-5-4, control K♥","(1, 9, 0, 13, 5, 4, 3)",15,18674,0.09172572,55305,0.092175,0.8591,0.072,0.0061,0.0
discard3,"Deal 6, discard 3",6,10000000,23260935,Point total (Tam),"9 points, K-5-4, control K♦","(1, 9, 0, 13, 5, 4, 2)",15,17311,0.08503074,50909,0.084848,0.8362,0.0762,0.009,0.0
discard3,"Deal 6, discard 3",6,10000000,23260935,Point total (Tam),"9 points, K-5-4, control K♣","(1, 9, 0, 13, 5, 4, 1)",15,15948,0.07833575,47031,0.078385,0.8352,0.0717,0.006,0.0021
discard3,"Deal 6, discard 3",6,10000000,23260935,Point total (Tam),"9 points, Q-J-9, control Q♠","(1, 9, 0, 12, 11, 9, 4)",15,23103,0.11348074,67866,0.11311,0.797,0.0693,0.0035,0.0
discard3,"Deal 6, discard 3",6,10000000,23260935,Point total (Tam),"9 points, Q-J-9, control Q♥","(1, 9, 0, 12, 11, 9, 3)",15,23103,0.11348074,68133,0.113555,0.7816,0.0707,0.0059,0.0
discard3,"Deal 6, discard 3",6,10000000,23260935,Point total (Tam),"9 points, Q-J-9, control Q♦","(1, 9, 0, 12, 11, 9, 2)",15,23103,0.11348074,68262,0.11377,0.7726,0.065,0.0053,0.0
discard3,"Deal 6, discard 3",6,10000000,23260935,Point total (Tam),"9 points, Q-J-9, control Q♣","(1, 9, 0, 12, 11, 9, 1)",15,23103,0.11348074,68015,0.113358,0.7398,0.0584,0.0044,0.0
discard3,"Deal 6, discard 3",6,10000000,23260935,Point total (Tam),"9 points, Q-10-9, control Q♠","(1, 9, 0, 12, 10, 9, 4)",15,17448,0.08570368,51583,0.085972,0.6562,0.0485,0.0035,0.0019
discard3,"Deal 6, discard 3",6,10000000,23260935,Point total (Tam),"9 points, Q-10-9, control Q♥","(1, 9, 0, 12, 10, 9, 3)",15,17448,0.08570368,51544,0.085907,0.6476,0.0506,0.0031,0.0
discard3,"Deal 6, discard 3",6,10000000,23260935,Point total (Tam),"9 points, Q-10-9, control Q♦","(1, 9, 0, 12, 10, 9, 2)",15,17448,0.08570368,51768,0.08628,0.6467,0.0483,0.0035,0.0
discard3,"Deal 6, discard 3",6,10000000,23260935,Point total (Tam),"9 points, Q-10-9, control Q♣","(1, 9, 0, 12, 10, 9, 1)",15,17448,0.08570368,51346,0.085577,0.6265,0.0409,0.0023,0.0
discard3,"Deal 6, discard 3",6,10000000,23260935,Point total (Tam),"9 points, Q-7-2, control Q♠","(1, 9, 0, 12, 7, 2, 4)",15,28509,0.14003474,83964,0.13994,0.5922,0.0444,0.0043,0.0012
discard3,"Deal 6, discard 3",6,10000000,23260935,Point total (Tam),"9 points, Q-7-2, control Q♥","(1, 9, 0, 12, 7, 2, 3)",15,26212,0.12875199,77381,0.128968,0.5849,0.0446,0.0023,0.0
discard3,"Deal 6, discard 3",6,10000000,23260935,Point total (Tam),"9 points, Q-7-2, control Q♦","(1, 9, 0, 12, 7, 2, 2)",15,23915,0.11746925,70685,0.117808,0.5523,0.0386,0.0025,0.0
discard3,"Deal 6, discard 3",6,10000000,23260935,Point total (Tam),"9 points, Q-7-2, control Q♣","(1, 9, 0, 12, 7, 2, 1)",15,21618,0.1061865,63367,0.105612,0.5549,0.0402,0.0025,0.0
discard3,"Deal 6, discard 3",6,10000000,23260935,Point total (Tam),"9 points, Q-6-3, control Q♠","(1, 9, 0, 12, 6, 3, 4)",15,28143,0.13823696,82553,0.137588,0.5275,0.0367,0.0022,0.0
discard3,"Deal 6, discard 3",6,10000000,23260935,Point total (Tam),"9 points, Q-6-3, control Q♥","(1, 9, 0, 12, 6, 3, 3)",15,25962,0.127524,76469,0.127448,0.5211,0.0345,0.0024,0.0
discard3,"Deal 6, discard 3",6,10000000,23260935,Point total (Tam),"9 points, Q-6-3, control Q♦","(1, 9, 0, 12, 6, 3, 2)",15,23781,0.11681105,70479,0.117465,0.5001,0.0301,0.0009,0.0
discard3,"Deal 6, discard 3",6,10000000,23260935,Point total (Tam),"9 points, Q-6-3, control Q♣","(1, 9, 0, 12, 6, 3, 1)",15,21600,0.10609809,63465,0.105775,0.4902,0.0314,0.0016,0.0
discard3,"Deal 6, discard 3",6,10000000,23260935,Point total (Tam),"9 points, Q-5-4, control Q♠","(1, 9, 0, 12, 5, 4, 4)",15,14742,0.07241194,43128,0.07188,0.477,0.0301,0.0019,0.0
discard3,"Deal 6, discard 3",6,10000000,23260935,Point total (Tam),"9 points, Q-5-4, control Q♥","(1, 9, 0, 12, 5, 4, 3)",15,13379,0.06571696,39484,0.065807,0.4842,0.0306,0.001,0.0
discard3,"Deal 6, discard 3",6,10000000,23260935,Point total (Tam),"9 points, Q-5-4, control Q♦","(1, 9, 0, 12, 5, 4, 2)",15,12016,0.05902197,35258,0.058763,0.4742,0.0309,0.0017,0.0
discard3,"Deal 6, discard 3",6,10000000,23260935,Point total (Tam),"9 points, Q-5-4, control Q♣","(1, 9, 0, 12, 5, 4, 1)",15,10653,0.05232699,31205,0.052008,0.4576,0.033,0.0032,0.0
discard3,"Deal 6, discard 3",6,10000000,23260935,Point total (Tam),"9 points, J-7-2, control J♠","(1, 9, 0, 11, 7, 2, 4)",15,23061,0.11327444,67777,0.112962,0.4068,0.0223,0.0009,0.0
discard3,"Deal 6, discard 3",6,10000000,23260935,Point total (Tam),"9 points, J-7-2, control J♥","(1, 9, 0, 11, 7, 2, 3)",15,20764,0.1019917,61180,0.101967,0.4027,0.0265,0.002,0.0
discard3,"Deal 6, discard 3",6,10000000,23260935,Point total (Tam),"9 points, J-7-2, control J♦","(1, 9, 0, 11, 7, 2, 2)",15,18467,0.09070895,54545,0.090908,0.3799,0.0253,0.0029,0.0
discard3,"Deal 6, discard 3",6,10000000,23260935,Point total (Tam),"9 points, J-7-2, control J♣","(1, 9, 0, 11, 7, 2, 1)",15,16170,0.07942621,47654,0.079423,0.3689,0.0208,0.0021,0.0
discard3,"Deal 6, discard 3",6,10000000,23260935,Point total (Tam),"9 points, J-6-3, control J♠","(1, 9, 0, 11, 6, 3, 4)",15,23109,0.11351022,68302,0.113837,0.3635,0.0176,0.0003,0.0
discard3,"Deal 6, discard 3",6,10000000,23260935,Point total (Tam),"9 points, J-6-3, control J♥","(1, 9, 0, 11, 6, 3, 3)",15,20928,0.10279726,61648,0.102747,0.3366,0.0191,0.001,0.0
discard3,"Deal 6, discard 3",6,10000000,23260935,Point total (Tam),"9 points, J-6-3, control J♦","(1, 9, 0, 11, 6, 3, 2)",15,18747,0.0920843,55029,0.091715,0.3482,0.0245,0.0022,0.0
discard3,"Deal 6, discard 3",6,10000000,23260935,Point total (Tam),"9 points, J-6-3, control J♣","(1, 9, 0, 11, 6, 3, 1)",15,16566,0.08137134,48543,0.080905,0.3315,0.0212,0.0016,0.0
discard3,"Deal 6, discard 3",6,10000000,23260935,Point total (Tam),"9 points, J-5-4, control J♠","(1, 9, 0, 11, 5, 4, 4)",15,11859,0.0582508,35022,0.05837,0.3324,0.0214,0.0011,0.0
discard3,"Deal 6, discard 3",6,10000000,23260935,Point total (Tam),"9 points, J-5-4, control J♥","(1, 9, 0, 11, 5, 4, 3)",15,10496,0.05155581,31007,0.051678,0.3193,0.0148,0.0013,0.0
discard3,"Deal 6, discard 3",6,10000000,23260935,Point total (Tam),"9 points, J-5-4, control J♦","(1, 9, 0, 11, 5, 4, 2)",15,9133,0.04486082,27080,0.045133,0.3143,0.0155,0.0,0.0
discard3,"Deal 6, discard 3",6,10000000,23260935,Point total (Tam),"9 points, J-5-4, control J♣","(1, 9, 0, 11, 5, 4, 1)",15,7770,0.03816584,22362,0.03727,0.3103,0.0174,0.0009,0.0
discard3,"Deal 6, discard 3",6,10000000,23260935,Point total (Tam),"9 points, 10-7-2, control 10♠","(1, 9, 0, 10, 7, 2, 4)",15,14331,0.07039313,41837,0.069728,0.2742,0.0129,0.001,0.0
discard3,"Deal 6, discard 3",6,10000000,23260935,Point total (Tam),"9 points, 10-7-2, control 10♥","(1, 9, 0, 10, 7, 2, 3)",15,12778,0.06276488,37552,0.062587,0.2706,0.0208,0.0016,0.0
discard3,"Deal 6, discard 3",6,10000000,23260935,Point total (Tam),"9 points, 10-7-2, control 10♦","(1, 9, 0, 10, 7, 2, 2)",15,11225,0.05513662,33299,0.055498,0.2556,0.0111,0.0006,0.0
discard3,"Deal 6, discard 3",6,10000000,23260935,Point total (Tam),"9 points, 10-7-2, control 10♣","(1, 9, 0, 10, 7, 2, 1)",15,9672,0.04750837,28465,0.047442,0.286,0.019,0.0014,0.0
discard3,"Deal 6, discard 3",6,10000000,23260935,Point total (Tam),"9 points, 10-6-3, control 10♠","(1, 9, 0, 10, 6, 3, 4)",15,13254,0.06510296,39293,0.065488,0.2479,0.0117,0.0005,0.0
discard3,"Deal 6, discard 3",6,10000000,23260935,Point total (Tam),"9 points, 10-6-3, control 10♥","(1, 9, 0, 10, 6, 3, 3)",15,11817,0.05804449,34762,0.057937,0.2425,0.0118,0.0006,0.0
discard3,"Deal 6, discard 3",6,10000000,23260935,Point total (Tam),"9 points, 10-6-3, control 10♦","(1, 9, 0, 10, 6, 3, 2)",15,10380,0.05098602,30673,0.051122,0.2426,0.013,0.0013,0.0
discard3,"Deal 6, discard 3",6,10000000,23260935,Point total (Tam),"9 points, 10-6-3, control 10♣","(1, 9, 0, 10, 6, 3, 1)",15,8943,0.04392755,26376,0.04396,0.2589,0.014,0.0023,0.0
discard3,"Deal 6, discard 3",6,10000000,23260935,Point total (Tam),"9 points, 10-5-4, control 10♠","(1, 9, 0, 10, 5, 4, 4)",15,5793,0.02845492,17054,0.028423,0.2345,0.0147,0.0,0.0
discard3,"Deal 6, discard 3",6,10000000,23260935,Point total (Tam),"9 points, 10-5-4, control 10♥","(1, 9, 0, 10, 5, 4, 3)",15,4970,0.02441238,14821,0.024702,0.2348,0.0128,0.0013,0.0
discard3,"Deal 6, discard 3",6,10000000,23260935,Point total (Tam),"9 points, 10-5-4, control 10♦","(1, 9, 0, 10, 5, 4, 2)",15,4147,0.02036985,12335,0.020558,0.2116,0.0057,0.0,0.0
discard3,"Deal 6, discard 3",6,10000000,23260935,Point total (Tam),"9 points, 10-5-4, control 10♣","(1, 9, 0, 10, 5, 4, 1)",15,3324,0.01632732,9899,0.016498,0.2182,0.0061,0.0,0.0
discard3,"Deal 6, discard 3",6,10000000,23260935,Point total (Tam),"9 points, 9-8-2, control 9♠","(1, 9, 0, 9, 8, 2, 4)",15,18789,0.0922906,55330,0.092217,0.2906,0.015,0.0007,0.0
discard3,"Deal 6, discard 3",6,10000000,23260935,Point total (Tam),"9 points, 9-8-2, control 9♥","(1, 9, 0, 9, 8, 2, 3)",15,16376,0.08043807,48357,0.080595,0.3123,0.0184,0.0012,0.0
discard3,"Deal 6, discard 3",6,10000000,23260935,Point total (Tam),"9 points, 9-8-2, control 9♦","(1, 9, 0, 9, 8, 2, 2)",15,13963,0.06858554,41238,0.06873,0.2968,0.0172,0.0019,0.0
discard3,"Deal 6, discard 3",6,10000000,23260935,Point total (Tam),"9 points, 9-8-2, control 9♣","(1, 9, 0, 9, 8, 2, 1)",15,11550,0.056733,34288,0.057147,0.2718,0.0146,0.0006,0.0
discard3,"Deal 6, discard 3",6,10000000,23260935,Point total (Tam),"9 points, 9-7-3, control 9♠","(1, 9, 0, 9, 7, 3, 4)",15,13614,0.06687127,40178,0.066963,0.2924,0.0142,0.001,0.0
discard3,"Deal 6, discard 3",6,10000000,23260935,Point total (Tam),"9 points, 9-7-3, control 9♥","(1, 9, 0, 9, 7, 3, 3)",15,11725,0.0575926,34415,0.057358,0.3034,0.0163,0.0012,0.0
discard3,"Deal 6, discard 3",6,10000000,23260935,Point total (Tam),"9 points, 9-7-3, control 9♦","(1, 9, 0, 9, 7, 3, 2)",15,9836,0.04831392,28851,0.048085,0.2818,0.0146,0.0007,0.0
discard3,"Deal 6, discard 3",6,10000000,23260935,Point total (Tam),"9 points, 9-7-3, control 9♣","(1, 9, 0, 9, 7, 3, 1)",15,7947,0.03903525,23344,0.038907,0.2652,0.0129,0.0,0.0
discard3,"Deal 6, discard 3",6,10000000,23260935,Point total (Tam),"9 points, 9-6-4, control 9♠","(1, 9, 0, 9, 6, 4, 4)",15,16983,0.08341962,49865,0.083108,0.2475,0.0116,0.0004,0.0
discard3,"Deal 6, discard 3",6,10000000,23260935,Point total (Tam),"9 points, 9-6-4, control 9♥","(1, 9, 0, 9, 6, 4, 3)",15,14802,0.07270666,43727,0.072878,0.2591,0.0137,0.0009,0.0
discard3,"Deal 6, discard 3",6,10000000,23260935,Point total (Tam),"9 points, 9-6-4, control 9♦","(1, 9, 0, 9, 6, 4, 2)",15,12621,0.0619937,37051,0.061752,0.241,0.0132,0.0011,0.0
discard3,"Deal 6, discard 3",6,10000000,23260935,Point total (Tam),"9 points, 9-6-4, control 9♣","(1, 9, 0, 9, 6, 4, 1)",15,10440,0.05128074,30871,0.051452,0.2248,0.0097,0.0,0.0
discard3,"Deal 6, discard 3",6,10000000,23260935,Point total (Tam),"9 points, 8-7-4, control 8♠","(1, 9, 0, 8, 7, 4, 4)",15,15954,0.07836522,47091,0.078485,0.1741,0.0079,0.0008,0.0
discard3,"Deal 6, discard 3",6,10000000,23260935,Point total (Tam),"9 points, 8-7-4, control 8♥","(1, 9, 0, 8, 7, 4, 3)",15,14225,0.06987247,42189,0.070315,0.1754,0.0073,0.0005,0.0
discard3,"Deal 6, discard 3",6,10000000,23260935,Point total (Tam),"9 points, 8-7-4, control 8♦","(1, 9, 0, 8, 7, 4, 2)",15,12496,0.06137971,36707,0.061178,0.1656,0.0038,0.0,0.0
discard3,"Deal 6, discard 3",6,10000000,23260935,Point total (Tam),"9 points, 8-7-4, control 8♣","(1, 9, 0, 8, 7, 4, 1)",15,10767,0.05288695,31690,0.052817,0.166,0.0073,0.0,0.0
discard3,"Deal 6, discard 3",6,10000000,23260935,Point total (Tam),"9 points, 8-6-5, control 8♠","(1, 9, 0, 8, 6, 5, 4)",15,17781,0.08733935,52106,0.086843,0.1691,0.0059,0.0,0.0
discard3,"Deal 6, discard 3",6,10000000,23260935,Point total (Tam),"9 points, 8-6-5, control 8♥","(1, 9, 0, 8, 6, 5, 3)",15,15498,0.07612538,45620,0.076033,0.1574,0.0077,0.0004,0.0
discard3,"Deal 6, discard 3",6,10000000,23260935,Point total (Tam),"9 points, 8-6-5, control 8♦","(1, 9, 0, 8, 6, 5, 2)",15,13215,0.0649114,39075,0.065125,0.1569,0.0049,0.0,0.0
discard3,"Deal 6, discard 3",6,10000000,23260935,Point total (Tam),"9 points, 8-6-5, control 8♣","(1, 9, 0, 8, 6, 5, 1)",15,10932,0.05369742,32241,0.053735,0.1585,0.0065,0.0,0.0
discard3,"Deal 6, discard 3",6,10000000,23260935,Point total (Tam),"8 points, pair A, kicker 6♠","(1, 8, 1, 14, 6, 4)",6,7554,0.03710486,22304,0.037173,0.1766,0.0081,0.0,0.0
discard3,"Deal 6, discard 3",6,10000000,23260935,Point total (Tam),"8 points, pair A, kicker 6♥","(1, 8, 1, 14, 6, 3)",6,6409,0.03148068,18729,0.031215,0.1586,0.0053,0.0,0.0
discard3,"Deal 6, discard 3",6,10000000,23260935,Point total (Tam),"8 points, pair A, kicker 6♦","(1, 8, 1, 14, 6, 2)",6,5264,0.0258565,15399,0.025665,0.1487,0.0039,0.0,0.0
discard3,"Deal 6, discard 3",6,10000000,23260935,Point total (Tam),"8 points, pair A, kicker 6♣","(1, 8, 1, 14, 6, 1)",6,4119,0.02023232,12188,0.020313,0.1551,0.0057,0.0,0.0
discard3,"Deal 6, discard 3",6,10000000,23260935,Point total (Tam),"8 points, pair K, kicker 8♠","(1, 8, 1, 13, 8, 4)",6,5346,0.02625928,15496,0.025827,0.1207,0.0039,0.0,0.0
discard3,"Deal 6, discard 3",6,10000000,23260935,Point total (Tam),"8 points, pair K, kicker 8♥","(1, 8, 1, 13, 8, 3)",6,4792,0.02353806,14051,0.023418,0.111,0.005,0.0,0.0
discard3,"Deal 6, discard 3",6,10000000,23260935,Point total (Tam),"8 points, pair K, kicker 8♦","(1, 8, 1, 13, 8, 2)",6,4238,0.02081684,12406,0.020677,0.1217,0.0024,0.0,0.0
discard3,"Deal 6, discard 3",6,10000000,23260935,Point total (Tam),"8 points, pair K, kicker 8♣","(1, 8, 1, 13, 8, 1)",6,3684,0.01809562,10876,0.018127,0.1186,0.0037,0.0,0.0
discard3,"Deal 6, discard 3",6,10000000,23260935,Point total (Tam),"8 points, pair Q, kicker 8♠","(1, 8, 1, 12, 8, 4)",6,5346,0.02625928,15733,0.026222,0.1322,0.0025,0.0,0.0
discard3,"Deal 6, discard 3",6,10000000,23260935,Point total (Tam),"8 points, pair Q, kicker 8♥","(1, 8, 1, 12, 8, 3)",6,4792,0.02353806,13986,0.02331,0.1223,0.005,0.0,0.0
discard3,"Deal 6, discard 3",6,10000000,23260935,Point total (Tam),"8 points, pair Q, kicker 8♦","(1, 8, 1, 12, 8, 2)",6,4238,0.02081684,12707,0.021178,0.1574,0.0063,0.0,0.0
discard3,"Deal 6, discard 3",6,10000000,23260935,Point total (Tam),"8 points, pair Q, kicker 8♣","(1, 8, 1, 12, 8, 1)",6,3684,0.01809562,10837,0.018062,0.1301,0.0065,0.0018,0.0
discard3,"Deal 6, discard 3",6,10000000,23260935,Point total (Tam),"8 points, pair J, kicker 8♠","(1, 8, 1, 11, 8, 4)",6,5346,0.02625928,15886,0.026477,0.1146,0.0019,0.0,0.0
discard3,"Deal 6, discard 3",6,10000000,23260935,Point total (Tam),"8 points, pair J, kicker 8♥","(1, 8, 1, 11, 8, 3)",6,4792,0.02353806,14056,0.023427,0.1081,0.0043,0.0,0.0
discard3,"Deal 6, discard 3",6,10000000,23260935,Point total (Tam),"8 points, pair J, kicker 8♦","(1, 8, 1, 11, 8, 2)",6,4238,0.02081684,12327,0.020545,0.1119,0.0041,0.0,0.0
discard3,"Deal 6, discard 3",6,10000000,23260935,Point total (Tam),"8 points, pair J, kicker 8♣","(1, 8, 1, 11, 8, 1)",6,3684,0.01809562,10927,0.018212,0.1062,0.0027,0.0,0.0
discard3,"Deal 6, discard 3",6,10000000,23260935,Point total (Tam),"8 points, pair 10, kicker 8♠","(1, 8, 1, 10, 8, 4)",6,11859,0.0582508,34947,0.058245,0.0867,0.0017,0.0,0.0
discard3,"Deal 6, discard 3",6,10000000,23260935,Point total (Tam),"8 points, pair 10, kicker 8♥","(1, 8, 1, 10, 8, 3)",6,10796,0.0530294,31736,0.052893,0.0781,0.0006,0.0,0.0
discard3,"Deal 6, discard 3",6,10000000,23260935,Point total (Tam),"8 points, pair 10, kicker 8♦","(1, 8, 1, 10, 8, 2)",6,9733,0.04780799,28784,0.047973,0.0823,0.0021,0.0,0.0
discard3,"Deal 6, discard 3",6,10000000,23260935,Point total (Tam),"8 points, pair 10, kicker 8♣","(1, 8, 1, 10, 8, 1)",6,8670,0.04258659,25120,0.041867,0.0788,0.0016,0.0,0.0
discard3,"Deal 6, discard 3",6,10000000,23260935,Point total (Tam),"8 points, pair 9, kicker K♠","(1, 8, 1, 9, 13, 4)",6,1866,0.0091657,5452,0.009087,0.1596,0.0055,0.0,0.0
discard3,"Deal 6, discard 3",6,10000000,23260935,Point total (Tam),"8 points, pair 9, kicker K♥","(1, 8, 1, 9, 13, 3)",6,1866,0.0091657,5591,0.009318,0.1628,0.0036,0.0,0.0
discard3,"Deal 6, discard 3",6,10000000,23260935,Point total (Tam),"8 points, pair 9, kicker K♦","(1, 8, 1, 9, 13, 2)",6,1866,0.0091657,5517,0.009195,0.1432,0.0054,0.0,0.0
discard3,"Deal 6, discard 3",6,10000000,23260935,Point total (Tam),"8 points, pair 9, kicker K♣","(1, 8, 1, 9, 13, 1)",6,1866,0.0091657,5391,0.008985,0.1447,0.0019,0.0,0.0
discard3,"Deal 6, discard 3",6,10000000,23260935,Point total (Tam),"8 points, pair 9, kicker Q♠","(1, 8, 1, 9, 12, 4)",6,1866,0.0091657,5559,0.009265,0.2105,0.0108,0.0,0.0
discard3,"Deal 6, discard 3",6,10000000,23260935,Point total (Tam),"8 points, pair 9, kicker Q♥","(1, 8, 1, 9, 12, 3)",6,1866,0.0091657,5517,0.009195,0.1758,0.0073,0.0,0.0
discard3,"Deal 6, discard 3",6,10000000,23260935,Point total (Tam),"8 points, pair 9, kicker Q♦","(1, 8, 1, 9, 12, 2)",6,1866,0.0091657,5492,0.009153,0.1912,0.0055,0.0,0.0
discard3,"Deal 6, discard 3",6,10000000,23260935,Point total (Tam),"8 points, pair 9, kicker Q♣","(1, 8, 1, 9, 12, 1)",6,1866,0.0091657,5528,0.009213,0.1339,0.0018,0.0,0.0
discard3,"Deal 6, discard 3",6,10000000,23260935,Point total (Tam),"8 points, pair 9, kicker J♠","(1, 8, 1, 9, 11, 4)",6,1866,0.0091657,5428,0.009047,0.1529,0.0055,0.0,0.0
discard3,"Deal 6, discard 3",6,10000000,23260935,Point total (Tam),"8 points, pair 9, kicker J♥","(1, 8, 1, 9, 11, 3)",6,1866,0.0091657,5541,0.009235,0.1931,0.0199,0.0036,0.0
discard3,"Deal 6, discard 3",6,10000000,23260935,Point total (Tam),"8 points, pair 9, kicker J♦","(1, 8, 1, 9, 11, 2)",6,1866,0.0091657,5530,0.009217,0.17,0.0145,0.0036,0.0
discard3,"Deal 6, discard 3",6,10000000,23260935,Point total (Tam),"8 points, pair 9, kicker J♣","(1, 8, 1, 9, 11, 1)",6,1866,0.0091657,5578,0.009297,0.1811,0.009,0.0,0.0
discard3,"Deal 6, discard 3",6,10000000,23260935,Point total (Tam),"8 points, pair 9, kicker 10♠","(1, 8, 1, 9, 10, 4)",6,1164,0.00571751,3421,0.005702,0.1052,0.0029,0.0,0.0
discard3,"Deal 6, discard 3",6,10000000,23260935,Point total (Tam),"8 points, pair 9, kicker 10♥","(1, 8, 1, 9, 10, 3)",6,1164,0.00571751,3455,0.005758,0.1129,0.0058,0.0,0.0
discard3,"Deal 6, discard 3",6,10000000,23260935,Point total (Tam),"8 points, pair 9, kicker 10♦","(1, 8, 1, 9, 10, 2)",6,1164,0.00571751,3478,0.005797,0.1093,0.0029,0.0,0.0
discard3,"Deal 6, discard 3",6,10000000,23260935,Point total (Tam),"8 points, pair 9, kicker 10♣","(1, 8, 1, 9, 10, 1)",6,1164,0.00571751,3320,0.005533,0.1145,0.0,0.0,0.0
discard3,"Deal 6, discard 3",6,10000000,23260935,Point total (Tam),"8 points, pair 8, kicker 2♠","(1, 8, 1, 8, 2, 4)",6,7836,0.03849003,22951,0.038252,0.0998,0.0026,0.0,0.0
discard3,"Deal 6, discard 3",6,10000000,23260935,Point total (Tam),"8 points, pair 8, kicker 2♥","(1, 8, 1, 8, 2, 3)",6,7012,0.03444258,20742,0.03457,0.0998,0.0014,0.0,0.0
discard3,"Deal 6, discard 3",6,10000000,23260935,Point total (Tam),"8 points, pair 8, kicker 2♦","(1, 8, 1, 8, 2, 2)",6,6188,0.03039514,18417,0.030695,0.1005,0.0016,0.0,0.0
discard3,"Deal 6, discard 3",6,10000000,23260935,Point total (Tam),"8 points, pair 8, kicker 2♣","(1, 8, 1, 8, 2, 1)",6,5364,0.02634769,15755,0.026258,0.1041,0.0025,0.0,0.0
discard3,"Deal 6, discard 3",6,10000000,23260935,Point total (Tam),"8 points, pair 7, kicker 4♠","(1, 8, 1, 7, 4, 4)",6,10068,0.0494535,29652,0.04942,0.0914,0.0013,0.0,0.0
discard3,"Deal 6, discard 3",6,10000000,23260935,Point total (Tam),"8 points, pair 7, kicker 4♥","(1, 8, 1, 7, 4, 3)",6,9011,0.04426157,26652,0.04442,0.0822,0.0011,0.0,0.0
discard3,"Deal 6, discard 3",6,10000000,23260935,Point total (Tam),"8 points, pair 7, kicker 4♦","(1, 8, 1, 7, 4, 2)",6,7954,0.03906964,23304,0.03884,0.0914,0.0039,0.0,0.0
discard3,"Deal 6, discard 3",6,10000000,23260935,Point total (Tam),"8 points, pair 7, kicker 4♣","(1, 8, 1, 7, 4, 1)",6,6897,0.03387771,20268,0.03378,0.0923,0.001,0.0,0.0
discard3,"Deal 6, discard 3",6,10000000,23260935,Point total (Tam),"8 points, pair 5, kicker 8♠","(1, 8, 1, 5, 8, 4)",6,7035,0.03455556,20942,0.034903,0.0807,0.0024,0.0,0.0
discard3,"Deal 6, discard 3",6,10000000,23260935,Point total (Tam),"8 points, pair 5, kicker 8♥","(1, 8, 1, 5, 8, 3)",6,6469,0.03177539,19279,0.032132,0.0762,0.0016,0.0,0.0
discard3,"Deal 6, discard 3",6,10000000,23260935,Point total (Tam),"8 points, pair 5, kicker 8♦","(1, 8, 1, 5, 8, 2)",6,5903,0.02899523,17449,0.029082,0.0785,0.0023,0.0,0.0
discard3,"Deal 6, discard 3",6,10000000,23260935,Point total (Tam),"8 points, pair 5, kicker 8♣","(1, 8, 1, 5, 8, 1)",6,5337,0.02621507,15682,0.026137,0.081,0.0032,0.0,0.0
discard3,"Deal 6, discard 3",6,10000000,23260935,Point total (Tam),"8 points, pair 4, kicker K♠","(1, 8, 1, 4, 13, 4)",6,7590,0.03728169,22226,0.037043,0.0531,0.0004,0.0,0.0
discard3,"Deal 6, discard 3",6,10000000,23260935,Point total (Tam),"8 points, pair 4, kicker K♥","(1, 8, 1, 4, 13, 3)",6,7206,0.0353955,21176,0.035293,0.0647,0.0005,0.0,0.0
discard3,"Deal 6, discard 3",6,10000000,23260935,Point total (Tam),"8 points, pair 4, kicker K♦","(1, 8, 1, 4, 13, 2)",6,6822,0.03350931,20146,0.033577,0.065,0.0015,0.0,0.0
discard3,"Deal 6, discard 3",6,10000000,23260935,Point total (Tam),"8 points, pair 4, kicker K♣","(1, 8, 1, 4, 13, 1)",6,6438,0.03162312,19042,0.031737,0.0646,0.0011,0.0,0.0
discard3,"Deal 6, discard 3",6,10000000,23260935,Point total (Tam),"8 points, pair 4, kicker Q♠","(1, 8, 1, 4, 12, 4)",6,4746,0.02331211,13770,0.02295,0.069,0.0036,0.0,0.0
discard3,"Deal 6, discard 3",6,10000000,23260935,Point total (Tam),"8 points, pair 4, kicker Q♥","(1, 8, 1, 4, 12, 3)",6,4362,0.02142592,13121,0.021868,0.0732,0.0,0.0,0.0
discard3,"Deal 6, discard 3",6,10000000,23260935,Point total (Tam),"8 points, pair 4, kicker Q♦","(1, 8, 1, 4, 12, 2)",6,3978,0.01953973,11842,0.019737,0.0709,0.0017,0.0,0.0
discard3,"Deal 6, discard 3",6,10000000,23260935,Point total (Tam),"8 points, pair 4, kicker Q♣","(1, 8, 1, 4, 12, 1)",6,3594,0.01765354,10684,0.017807,0.0636,0.0,0.0,0.0
discard3,"Deal 6, discard 3",6,10000000,23260935,Point total (Tam),"8 points, pair 4, kicker J♠","(1, 8, 1, 4, 11, 4)",6,3564,0.01750618,10570,0.017617,0.0624,0.0,0.0,0.0
discard3,"Deal 6, discard 3",6,10000000,23260935,Point total (Tam),"8 points, pair 4, kicker J♥","(1, 8, 1, 4, 11, 3)",6,3180,0.01562,9400,0.015667,0.0734,0.0011,0.0,0.0
discard3,"Deal 6, discard 3",6,10000000,23260935,Point total (Tam),"8 points, pair 4, kicker J♦","(1, 8, 1, 4, 11, 2)",6,2796,0.01373381,8280,0.0138,0.0628,0.0,0.0,0.0
discard3,"Deal 6, discard 3",6,10000000,23260935,Point total (Tam),"8 points, pair 4, kicker J♣","(1, 8, 1, 4, 11, 1)",6,2412,0.01184762,7062,0.01177,0.0581,0.0014,0.0,0.0
discard3,"Deal 6, discard 3",6,10000000,23260935,Point total (Tam),"8 points, pair 4, kicker 10♠","(1, 8, 1, 4, 10, 4)",6,1314,0.0064543,3863,0.006438,0.0673,0.0052,0.0,0.0
discard3,"Deal 6, discard 3",6,10000000,23260935,Point total (Tam),"8 points, pair 4, kicker 10♥","(1, 8, 1, 4, 10, 3)",6,1125,0.00552594,3360,0.0056,0.0417,0.0,0.0,0.0
discard3,"Deal 6, discard 3",6,10000000,23260935,Point total (Tam),"8 points, pair 4, kicker 10♦","(1, 8, 1, 4, 10, 2)",6,936,0.00459758,2798,0.004663,0.0536,0.0,0.0,0.0
discard3,"Deal 6, discard 3",6,10000000,23260935,Point total (Tam),"8 points, pair 4, kicker 10♣","(1, 8, 1, 4, 10, 1)",6,747,0.00366923,2142,0.00357,0.042,0.0,0.0,0.0
discard3,"Deal 6, discard 3",6,10000000,23260935,Point total (Tam),"8 points, pair 3, kicker 2♠","(1, 8, 1, 3, 2, 4)",6,7965,0.03912367,23505,0.039175,0.0425,0.0021,0.0009,0.0
discard3,"Deal 6, discard 3",6,10000000,23260935,Point total (Tam),"8 points, pair 3, kicker 2♥","(1, 8, 1, 3, 2, 3)",6,7040,0.03458012,20698,0.034497,0.0473,0.001,0.0,0.0
discard3,"Deal 6, discard 3",6,10000000,23260935,Point total (Tam),"8 points, pair 3, kicker 2♦","(1, 8, 1, 3, 2, 2)",6,6115,0.03003656,17960,0.029933,0.0585,0.0028,0.0,0.0
discard3,"Deal 6, discard 3",6,10000000,23260935,Point total (Tam),"8 points, pair 3, kicker 2♣","(1, 8, 1, 3, 2, 1)",6,5190,0.02549301,15413,0.025688,0.0448,0.0006,0.0,0.0
discard3,"Deal 6, discard 3",6,10000000,23260935,Point total (Tam),"8 points, pair 2, kicker 4♠","(1, 8, 1, 2, 4, 4)",6,6510,0.03197678,19369,0.032282,0.0568,0.0005,0.0,0.0
discard3,"Deal 6, discard 3",6,10000000,23260935,Point total (Tam),"8 points, pair 2, kicker 4♥","(1, 8, 1, 2, 4, 3)",6,6340,0.03114175,18726,0.03121,0.0619,0.0021,0.0,0.0
discard3,"Deal 6, discard 3",6,10000000,23260935,Point total (Tam),"8 points, pair 2, kicker 4♦","(1, 8, 1, 2, 4, 2)",6,6170,0.03030672,18243,0.030405,0.0504,0.0016,0.0,0.0
discard3,"Deal 6, discard 3",6,10000000,23260935,Point total (Tam),"8 points, pair 2, kicker 4♣","(1, 8, 1, 2, 4, 1)",6,6000,0.02947169,17577,0.029295,0.0484,0.0,0.0,0.0
discard3,"Deal 6, discard 3",6,10000000,23260935,Point total (Tam),"8 points, A-K-7, control A♠","(1, 8, 0, 14, 13, 7, 4)",15,6774,0.03327354,19946,0.033243,0.0431,0.0005,0.0,0.0
discard3,"Deal 6, discard 3",6,10000000,23260935,Point total (Tam),"8 points, A-K-7, control A♥","(1, 8, 0, 14, 13, 7, 3)",15,6774,0.03327354,19657,0.032762,0.0361,0.0005,0.0,0.0
discard3,"Deal 6, discard 3",6,10000000,23260935,Point total (Tam),"8 points, A-K-7, control A♦","(1, 8, 0, 14, 13, 7, 2)",15,6774,0.03327354,20074,0.033457,0.0319,0.001,0.0,0.0
discard3,"Deal 6, discard 3",6,10000000,23260935,Point total (Tam),"8 points, A-K-7, control A♣","(1, 8, 0, 14, 13, 7, 1)",15,6774,0.03327354,19935,0.033225,0.0441,0.001,0.0,0.0
discard3,"Deal 6, discard 3",6,10000000,23260935,Point total (Tam),"8 points, A-Q-7, control A♠","(1, 8, 0, 14, 12, 7, 4)",15,5028,0.02469728,14847,0.024745,0.0471,0.002,0.0,0.0
discard3,"Deal 6, discard 3",6,10000000,23260935,Point total (Tam),"8 points, A-Q-7, control A♥","(1, 8, 0, 14, 12, 7, 3)",15,5028,0.02469728,14759,0.024598,0.0447,0.002,0.0,0.0
discard3,"Deal 6, discard 3",6,10000000,23260935,Point total (Tam),"8 points, A-Q-7, control A♦","(1, 8, 0, 14, 12, 7, 2)",15,5028,0.02469728,14841,0.024735,0.0344,0.0007,0.0,0.0
discard3,"Deal 6, discard 3",6,10000000,23260935,Point total (Tam),"8 points, A-Q-7, control A♣","(1, 8, 0, 14, 12, 7, 1)",15,5028,0.02469728,14902,0.024837,0.0356,0.0007,0.0,0.0
discard3,"Deal 6, discard 3",6,10000000,23260935,Point total (Tam),"8 points, A-J-7, control A♠","(1, 8, 0, 14, 11, 7, 4)",15,3696,0.01815456,11049,0.018415,0.0226,0.0009,0.0,0.0
discard3,"Deal 6, discard 3",6,10000000,23260935,Point total (Tam),"8 points, A-J-7, control A♥","(1, 8, 0, 14, 11, 7, 3)",15,3696,0.01815456,10803,0.018005,0.0342,0.0,0.0,0.0
discard3,"Deal 6, discard 3",6,10000000,23260935,Point total (Tam),"8 points, A-J-7, control A♦","(1, 8, 0, 14, 11, 7, 2)",15,3696,0.01815456,10907,0.018178,0.0284,0.0,0.0,0.0
discard3,"Deal 6, discard 3",6,10000000,23260935,Point total (Tam),"8 points, A-J-7, control A♣","(1, 8, 0, 14, 11, 7, 1)",15,3696,0.01815456,10739,0.017898,0.041,0.0,0.0,0.0
discard3,"Deal 6, discard 3",6,10000000,23260935,Point total (Tam),"8 points, A-10-7, control A♠","(1, 8, 0, 14, 10, 7, 4)",15,942,0.00462706,2676,0.00446,0.0262,0.0,0.0,0.0
discard3,"Deal 6, discard 3",6,10000000,23260935,Point total (Tam),"8 points, A-10-7, control A♥","(1, 8, 0, 14, 10, 7, 3)",15,942,0.00462706,2844,0.00474,0.0176,0.0,0.0,0.0
discard3,"Deal 6, discard 3",6,10000000,23260935,Point total (Tam),"8 points, A-10-7, control A♦","(1, 8, 0, 14, 10, 7, 2)",15,942,0.00462706,2760,0.0046,0.0399,0.0,0.0,0.0
discard3,"Deal 6, discard 3",6,10000000,23260935,Point total (Tam),"8 points, A-10-7, control A♣","(1, 8, 0, 14, 10, 7, 1)",15,942,0.00462706,2690,0.004483,0.0372,0.0,0.0,0.0
discard3,"Deal 6, discard 3",6,10000000,23260935,Point total (Tam),"8 points, A-9-8, control A♠","(1, 8, 0, 14, 9, 8, 4)",15,1686,0.00828155,4945,0.008242,0.0465,0.0,0.0,0.0
discard3,"Deal 6, discard 3",6,10000000,23260935,Point total (Tam),"8 points, A-9-8, control A♥","(1, 8, 0, 14, 9, 8, 3)",15,1350,0.00663113,3919,0.006532,0.0383,0.0,0.0,0.0
discard3,"Deal 6, discard 3",6,10000000,23260935,Point total (Tam),"8 points, A-9-8, control A♦","(1, 8, 0, 14, 9, 8, 2)",15,1014,0.00498072,3105,0.005175,0.0515,0.0032,0.0,0.0
discard3,"Deal 6, discard 3",6,10000000,23260935,Point total (Tam),"8 points, A-9-8, control A♣","(1, 8, 0, 14, 9, 8, 1)",15,678,0.0033303,1937,0.003228,0.0413,0.0,0.0,0.0
discard3,"Deal 6, discard 3",6,10000000,23260935,Point total (Tam),"8 points, A-5-2, control A♠","(1, 8, 0, 14, 5, 2, 4)",15,7374,0.03622071,21642,0.03607,0.03,0.0005,0.0,0.0
discard3,"Deal 6, discard 3",6,10000000,23260935,Point total (Tam),"8 points, A-5-2, control A♥","(1, 8, 0, 14, 5, 2, 3)",15,5856,0.02876437,17378,0.028963,0.0334,0.0017,0.0,0.0
discard3,"Deal 6, discard 3",6,10000000,23260935,Point total (Tam),"8 points, A-5-2, control A♦","(1, 8, 0, 14, 5, 2, 2)",15,4338,0.02130803,12824,0.021373,0.0312,0.0,0.0,0.0
discard3,"Deal 6, discard 3",6,10000000,23260935,Point total (Tam),"8 points, A-5-2, control A♣","(1, 8, 0, 14, 5, 2, 1)",15,2820,0.01385169,8462,0.014103,0.0331,0.0012,0.0,0.0
discard3,"Deal 6, discard 3",6,10000000,23260935,Point total (Tam),"8 points, A-4-3, control A♠","(1, 8, 0, 14, 4, 3, 4)",15,7518,0.03692803,22066,0.036777,0.0308,0.0009,0.0,0.0
discard3,"Deal 6, discard 3",6,10000000,23260935,Point total (Tam),"8 points, A-4-3, control A♥","(1, 8, 0, 14, 4, 3, 3)",15,6160,0.0302576,18284,0.030473,0.0268,0.0,0.0,0.0
discard3,"Deal 6, discard 3",6,10000000,23260935,Point total (Tam),"8 points, A-4-3, control A♦","(1, 8, 0, 14, 4, 3, 2)",15,4802,0.02358718,14228,0.023713,0.0267,0.0,0.0,0.0
discard3,"Deal 6, discard 3",6,10000000,23260935,Point total (Tam),"8 points, A-4-3, control A♣","(1, 8, 0, 14, 4, 3, 1)",15,3444,0.01691675,10213,0.017022,0.0166,0.0,0.0,0.0
discard3,"Deal 6, discard 3",6,10000000,23260935,Point total (Tam),"8 points, K-Q-8, control K♠","(1, 8, 0, 13, 12, 8, 4)",15,7206,0.0353955,21188,0.035313,0.0255,0.0,0.0,0.0
discard3,"Deal 6, discard 3",6,10000000,23260935,Point total (Tam),"8 points, K-Q-8, control K♥","(1, 8, 0, 13, 12, 8, 3)",15,7206,0.0353955,21310,0.035517,0.0244,0.0,0.0,0.0
discard3,"Deal 6, discard 3",6,10000000,23260935,Point total (Tam),"8 points, K-Q-8, control K♦","(1, 8, 0, 13, 12, 8, 2)",15,7206,0.0353955,21327,0.035545,0.0173,0.0005,0.0,0.0
discard3,"Deal 6, discard 3",6,10000000,23260935,Point total (Tam),"8 points, K-Q-8, control K♣","(1, 8, 0, 13, 12, 8, 1)",15,7206,0.0353955,21145,0.035242,0.0161,0.0,0.0,0.0
discard3,"Deal 6, discard 3",6,10000000,23260935,Point total (Tam),"8 points, K-J-8, control K♠","(1, 8, 0, 13, 11, 8, 4)",15,7206,0.0353955,20889,0.034815,0.0244,0.0005,0.0,0.0
discard3,"Deal 6, discard 3",6,10000000,23260935,Point total (Tam),"8 points, K-J-8, control K♥","(1, 8, 0, 13, 11, 8, 3)",15,7206,0.0353955,21208,0.035347,0.0193,0.0,0.0,0.0
discard3,"Deal 6, discard 3",6,10000000,23260935,Point total (Tam),"8 points, K-J-8, control K♦","(1, 8, 0, 13, 11, 8, 2)",15,7206,0.0353955,21733,0.036222,0.0225,0.0005,0.0,0.0
discard3,"Deal 6, discard 3",6,10000000,23260935,Point total (Tam),"8 points, K-J-8, control K♣","(1, 8, 0, 13, 11, 8, 1)",15,7206,0.0353955,21350,0.035583,0.015,0.0,0.0,0.0
discard3,"Deal 6, discard 3",6,10000000,23260935,Point total (Tam),"8 points, K-10-8, control K♠","(1, 8, 0, 13, 10, 8, 4)",15,2742,0.01346856,8220,0.0137,0.0134,0.0,0.0,0.0
discard3,"Deal 6, discard 3",6,10000000,23260935,Point total (Tam),"8 points, K-10-8, control K♥","(1, 8, 0, 13, 10, 8, 3)",15,2742,0.01346856,8062,0.013437,0.0124,0.0,0.0,0.0
discard3,"Deal 6, discard 3",6,10000000,23260935,Point total (Tam),"8 points, K-10-8, control K♦","(1, 8, 0, 13, 10, 8, 2)",15,2742,0.01346856,8123,0.013538,0.016,0.0,0.0,0.0
discard3,"Deal 6, discard 3",6,10000000,23260935,Point total (Tam),"8 points, K-10-8, control K♣","(1, 8, 0, 13, 10, 8, 1)",15,2742,0.01346856,8028,0.01338,0.0149,0.0,0.0,0.0
discard3,"Deal 6, discard 3",6,10000000,23260935,Point total (Tam),"8 points, K-6-2, control K♠","(1, 8, 0, 13, 6, 2, 4)",15,6336,0.03112211,18564,0.03094,0.0151,0.0016,0.0,0.0
discard3,"Deal 6, discard 3",6,10000000,23260935,Point total (Tam),"8 points, K-6-2, control K♥","(1, 8, 0, 13, 6, 2, 3)",15,5849,0.02872999,17256,0.02876,0.011,0.0,0.0,0.0
discard3,"Deal 6, discard 3",6,10000000,23260935,Point total (Tam),"8 points, K-6-2, control K♦","(1, 8, 0, 13, 6, 2, 2)",15,5362,0.02633787,15771,0.026285,0.0082,0.0006,0.0,0.0
discard3,"Deal 6, discard 3",6,10000000,23260935,Point total (Tam),"8 points, K-6-2, control K♣","(1, 8, 0, 13, 6, 2, 1)",15,4875,0.02394575,14503,0.024172,0.0103,0.0,0.0,0.0
discard3,"Deal 6, discard 3",6,10000000,23260935,Point total (Tam),"8 points, K-5-3, control K♠","(1, 8, 0, 13, 5, 3, 4)",15,6204,0.03047373,18212,0.030353,0.0082,0.0,0.0,0.0
discard3,"Deal 6, discard 3",6,10000000,23260935,Point total (Tam),"8 points, K-5-3, control K♥","(1, 8, 0, 13, 5, 3, 3)",15,5717,0.02808161,16973,0.028288,0.0082,0.0,0.0,0.0
discard3,"Deal 6, discard 3",6,10000000,23260935,Point total (Tam),"8 points, K-5-3, control K♦","(1, 8, 0, 13, 5, 3, 2)",15,5230,0.02568949,15359,0.025598,0.0078,0.0,0.0,0.0
discard3,"Deal 6, discard 3",6,10000000,23260935,Point total (Tam),"8 points, K-5-3, control K♣","(1, 8, 0, 13, 5, 3, 1)",15,4743,0.02329737,14096,0.023493,0.0106,0.0,0.0,0.0
discard3,"Deal 6, discard 3",6,10000000,23260935,Point total (Tam),"8 points, Q-J-8, control Q♠","(1, 8, 0, 12, 11, 8, 4)",15,2742,0.01346856,8080,0.013467,0.0111,0.0012,0.0,0.0
discard3,"Deal 6, discard 3",6,10000000,23260935,Point total (Tam),"8 points, Q-J-8, control Q♥","(1, 8, 0, 12, 11, 8, 3)",15,2742,0.01346856,7989,0.013315,0.0125,0.0,0.0,0.0
discard3,"Deal 6, discard 3",6,10000000,23260935,Point total (Tam),"8 points, Q-J-8, control Q♦","(1, 8, 0, 12, 11, 8, 2)",15,2742,0.01346856,8109,0.013515,0.0111,0.0,0.0,0.0
discard3,"Deal 6, discard 3",6,10000000,23260935,Point total (Tam),"8 points, Q-J-8, control Q♣","(1, 8, 0, 12, 11, 8, 1)",15,2742,0.01346856,8078,0.013463,0.0074,0.0,0.0,0.0
discard3,"Deal 6, discard 3",6,10000000,23260935,Point total (Tam),"8 points, Q-10-8, control Q♠","(1, 8, 0, 12, 10, 8, 4)",15,2742,0.01346856,8006,0.013343,0.0062,0.0,0.0,0.0
discard3,"Deal 6, discard 3",6,10000000,23260935,Point total (Tam),"8 points, Q-10-8, control Q♥","(1, 8, 0, 12, 10, 8, 3)",15,2742,0.01346856,8134,0.013557,0.0086,0.0,0.0,0.0
discard3,"Deal 6, discard 3",6,10000000,23260935,Point total (Tam),"8 points, Q-10-8, control Q♦","(1, 8, 0, 12, 10, 8, 2)",15,2742,0.01346856,8194,0.013657,0.0061,0.0,0.0,0.0
discard3,"Deal 6, discard 3",6,10000000,23260935,Point total (Tam),"8 points, Q-10-8, control Q♣","(1, 8, 0, 12, 10, 8, 1)",15,2742,0.01346856,7996,0.013327,0.0038,0.0,0.0,0.0
discard3,"Deal 6, discard 3",6,10000000,23260935,Point total (Tam),"8 points, Q-6-2, control Q♠","(1, 8, 0, 12, 6, 2, 4)",15,3453,0.01696096,9992,0.016653,0.012,0.0,0.0,0.0
discard3,"Deal 6, discard 3",6,10000000,23260935,Point total (Tam),"8 points, Q-6-2, control Q♥","(1, 8, 0, 12, 6, 2, 3)",15,2966,0.01456884,8738,0.014563,0.0069,0.0,0.0,0.0
discard3,"Deal 6, discard 3",6,10000000,23260935,Point total (Tam),"8 points, Q-6-2, control Q♦","(1, 8, 0, 12, 6, 2, 2)",15,2479,0.01217672,7189,0.011982,0.0111,0.0,0.0,0.0
discard3,"Deal 6, discard 3",6,10000000,23260935,Point total (Tam),"8 points, Q-6-2, control Q♣","(1, 8, 0, 12, 6, 2, 1)",15,1992,0.0097846,5979,0.009965,0.005,0.0,0.0,0.0
discard3,"Deal 6, discard 3",6,10000000,23260935,Point total (Tam),"8 points, Q-5-3, control Q♠","(1, 8, 0, 12, 5, 3, 4)",15,3321,0.01631258,9853,0.016422,0.0041,0.0,0.0,0.0
discard3,"Deal 6, discard 3",6,10000000,23260935,Point total (Tam),"8 points, Q-5-3, control Q♥","(1, 8, 0, 12, 5, 3, 3)",15,2834,0.01392046,8463,0.014105,0.0083,0.0,0.0,0.0
discard3,"Deal 6, discard 3",6,10000000,23260935,Point total (Tam),"8 points, Q-5-3, control Q♦","(1, 8, 0, 12, 5, 3, 2)",15,2347,0.01152834,7007,0.011678,0.0057,0.0,0.0,0.0
discard3,"Deal 6, discard 3",6,10000000,23260935,Point total (Tam),"8 points, Q-5-3, control Q♣","(1, 8, 0, 12, 5, 3, 1)",15,1860,0.00913622,5581,0.009302,0.0036,0.0,0.0,0.0
discard3,"Deal 6, discard 3",6,10000000,23260935,Point total (Tam),"8 points, J-10-8, control J♠","(1, 8, 0, 11, 10, 8, 4)",15,2742,0.01346856,8044,0.013407,0.0062,0.0,0.0,0.0
discard3,"Deal 6, discard 3",6,10000000,23260935,Point total (Tam),"8 points, J-10-8, control J♥","(1, 8, 0, 11, 10, 8, 3)",15,2742,0.01346856,8212,0.013687,0.0061,0.0,0.0,0.0
discard3,"Deal 6, discard 3",6,10000000,23260935,Point total (Tam),"8 points, J-10-8, control J♦","(1, 8, 0, 11, 10, 8, 2)",15,2742,0.01346856,8138,0.013563,0.0061,0.0,0.0,0.0
discard3,"Deal 6, discard 3",6,10000000,23260935,Point total (Tam),"8 points, J-10-8, control J♣","(1, 8, 0, 11, 10, 8, 1)",15,2742,0.01346856,8040,0.0134,0.0075,0.0,0.0,0.0
discard3,"Deal 6, discard 3",6,10000000,23260935,Point total (Tam),"8 points, J-6-2, control J♠","(1, 8, 0, 11, 6, 2, 4)",15,2928,0.01438218,8619,0.014365,0.0023,0.0,0.0,0.0
discard3,"Deal 6, discard 3",6,10000000,23260935,Point total (Tam),"8 points, J-6-2, control J♥","(1, 8, 0, 11, 6, 2, 3)",15,2441,0.01199007,7290,0.01215,0.0041,0.0,0.0,0.0
discard3,"Deal 6, discard 3",6,10000000,23260935,Point total (Tam),"8 points, J-6-2, control J♦","(1, 8, 0, 11, 6, 2, 2)",15,1954,0.00959795,5800,0.009667,0.0034,0.0,0.0,0.0
discard3,"Deal 6, discard 3",6,10000000,23260935,Point total (Tam),"8 points, J-6-2, control J♣","(1, 8, 0, 11, 6, 2, 1)",15,1467,0.00720583,4229,0.007048,0.0024,0.0,0.0,0.0
discard3,"Deal 6, discard 3",6,10000000,23260935,Point total (Tam),"8 points, J-5-3, control J♠","(1, 8, 0, 11, 5, 3, 4)",15,2796,0.01373381,8195,0.013658,0.0061,0.0,0.0,0.0
discard3,"Deal 6, discard 3",6,10000000,23260935,Point total (Tam),"8 points, J-5-3, control J♥","(1, 8, 0, 11, 5, 3, 3)",15,2309,0.01134169,6760,0.011267,0.0059,0.0,0.0,0.0
discard3,"Deal 6, discard 3",6,10000000,23260935,Point total (Tam),"8 points, J-5-3, control J♦","(1, 8, 0, 11, 5, 3, 2)",15,1822,0.00894957,5538,0.00923,0.0054,0.0,0.0,0.0
discard3,"Deal 6, discard 3",6,10000000,23260935,Point total (Tam),"8 points, J-5-3, control J♣","(1, 8, 0, 11, 5, 3, 1)",15,1335,0.00655745,3968,0.006613,0.0101,0.0,0.0,0.0
discard3,"Deal 6, discard 3",6,10000000,23260935,Point total (Tam),"8 points, 10-6-2, control 10♠","(1, 8, 0, 10, 6, 2, 4)",15,957,0.00470073,2797,0.004662,0.0,0.0,0.0,0.0
discard3,"Deal 6, discard 3",6,10000000,23260935,Point total (Tam),"8 points, 10-6-2, control 10♥","(1, 8, 0, 10, 6, 2, 3)",15,806,0.00395903,2339,0.003898,0.0043,0.0,0.0,0.0
discard3,"Deal 6, discard 3",6,10000000,23260935,Point total (Tam),"8 points, 10-6-2, control 10♦","(1, 8, 0, 10, 6, 2, 2)",15,655,0.00321733,1945,0.003242,0.0,0.0,0.0,0.0
discard3,"Deal 6, discard 3",6,10000000,23260935,Point total (Tam),"8 points, 10-6-2, control 10♣","(1, 8, 0, 10, 6, 2, 1)",15,504,0.00247562,1537,0.002562,0.0065,0.0,0.0,0.0
discard3,"Deal 6, discard 3",6,10000000,23260935,Point total (Tam),"8 points, 10-5-3, control 10♠","(1, 8, 0, 10, 5, 3, 4)",15,672,0.00330083,1972,0.003287,0.0051,0.0,0.0,0.0
discard3,"Deal 6, discard 3",6,10000000,23260935,Point total (Tam),"8 points, 10-5-3, control 10♥","(1, 8, 0, 10, 5, 3, 3)",15,521,0.00255913,1579,0.002632,0.0,0.0,0.0,0.0
discard3,"Deal 6, discard 3",6,10000000,23260935,Point total (Tam),"8 points, 10-5-3, control 10♦","(1, 8, 0, 10, 5, 3, 2)",15,370,0.00181742,1153,0.001922,0.0,0.0,0.0,0.0
discard3,"Deal 6, discard 3",6,10000000,23260935,Point total (Tam),"8 points, 10-5-3, control 10♣","(1, 8, 0, 10, 5, 3, 1)",15,219,0.00107572,665,0.001108,0.015,0.0,0.0,0.0
discard3,"Deal 6, discard 3",6,10000000,23260935,Point total (Tam),"8 points, 9-7-2, control 9♠","(1, 8, 0, 9, 7, 2, 4)",15,1044,0.00512807,3109,0.005182,0.0064,0.0,0.0,0.0
discard3,"Deal 6, discard 3",6,10000000,23260935,Point total (Tam),"8 points, 9-7-2, control 9♥","(1, 8, 0, 9, 7, 2, 3)",15,791,0.00388535,2328,0.00388,0.0043,0.0,0.0,0.0
discard3,"Deal 6, discard 3",6,10000000,23260935,Point total (Tam),"8 points, 9-7-2, control 9♦","(1, 8, 0, 9, 7, 2, 2)",15,538,0.00264263,1576,0.002627,0.0127,0.0,0.0,0.0
discard3,"Deal 6, discard 3",6,10000000,23260935,Point total (Tam),"8 points, 9-7-2, control 9♣","(1, 8, 0, 9, 7, 2, 1)",15,285,0.00139991,796,0.001327,0.0251,0.0,0.0,0.0
discard3,"Deal 6, discard 3",6,10000000,23260935,Point total (Tam),"8 points, 9-6-3, control 9♠","(1, 8, 0, 9, 6, 3, 4)",15,1572,0.00772158,4642,0.007737,0.0108,0.0,0.0,0.0
discard3,"Deal 6, discard 3",6,10000000,23260935,Point total (Tam),"8 points, 9-6-3, control 9♥","(1, 8, 0, 9, 6, 3, 3)",15,1187,0.00583048,3453,0.005755,0.0116,0.0,0.0,0.0
discard3,"Deal 6, discard 3",6,10000000,23260935,Point total (Tam),"8 points, 9-6-3, control 9♦","(1, 8, 0, 9, 6, 3, 2)",15,802,0.00393938,2323,0.003872,0.0,0.0,0.0,0.0
discard3,"Deal 6, discard 3",6,10000000,23260935,Point total (Tam),"8 points, 9-6-3, control 9♣","(1, 8, 0, 9, 6, 3, 1)",15,417,0.00204828,1197,0.001995,0.0,0.0,0.0,0.0
discard3,"Deal 6, discard 3",6,10000000,23260935,Point total (Tam),"8 points, 9-5-4, control 9♠","(1, 8, 0, 9, 5, 4, 4)",15,594,0.0029177,1865,0.003108,0.0107,0.0,0.0,0.0
discard3,"Deal 6, discard 3",6,10000000,23260935,Point total (Tam),"8 points, 9-5-4, control 9♥","(1, 8, 0, 9, 5, 4, 3)",15,418,0.00205319,1170,0.00195,0.0171,0.0,0.0,0.0
discard3,"Deal 6, discard 3",6,10000000,23260935,Point total (Tam),"8 points, 9-5-4, control 9♦","(1, 8, 0, 9, 5, 4, 2)",15,242,0.00118869,696,0.00116,0.0144,0.0,0.0,0.0
discard3,"Deal 6, discard 3",6,10000000,23260935,Point total (Tam),"8 points, 9-5-4, control 9♣","(1, 8, 0, 9, 5, 4, 1)",15,66,0.00032419,159,0.000265,0.0,0.0,0.0,0.0
discard3,"Deal 6, discard 3",6,10000000,23260935,Point total (Tam),"8 points, 8-7-3, control 8♠","(1, 8, 0, 8, 7, 3, 4)",15,396,0.00194513,1154,0.001923,0.0087,0.0,0.0,0.0
discard3,"Deal 6, discard 3",6,10000000,23260935,Point total (Tam),"8 points, 8-7-3, control 8♥","(1, 8, 0, 8, 7, 3, 3)",15,396,0.00194513,1193,0.001988,0.0084,0.0,0.0,0.0
discard3,"Deal 6, discard 3",6,10000000,23260935,Point total (Tam),"8 points, 8-7-3, control 8♦","(1, 8, 0, 8, 7, 3, 2)",15,396,0.00194513,1090,0.001817,0.0,0.0,0.0,0.0
discard3,"Deal 6, discard 3",6,10000000,23260935,Point total (Tam),"8 points, 8-7-3, control 8♣","(1, 8, 0, 8, 7, 3, 1)",15,396,0.00194513,1132,0.001887,0.0,0.0,0.0,0.0
discard3,"Deal 6, discard 3",6,10000000,23260935,Point total (Tam),"8 points, 8-6-4, control 8♠","(1, 8, 0, 8, 6, 4, 4)",15,981,0.00481862,2839,0.004732,0.0141,0.0,0.0,0.0
discard3,"Deal 6, discard 3",6,10000000,23260935,Point total (Tam),"8 points, 8-6-4, control 8♥","(1, 8, 0, 8, 6, 4, 3)",15,742,0.00364467,2127,0.003545,0.0047,0.0,0.0,0.0
discard3,"Deal 6, discard 3",6,10000000,23260935,Point total (Tam),"8 points, 8-6-4, control 8♦","(1, 8, 0, 8, 6, 4, 2)",15,503,0.00247071,1512,0.00252,0.0,0.0,0.0,0.0
discard3,"Deal 6, discard 3",6,10000000,23260935,Point total (Tam),"8 points, 8-6-4, control 8♣","(1, 8, 0, 8, 6, 4, 1)",15,264,0.00129675,773,0.001288,0.0129,0.0,0.0,0.0
discard3,"Deal 6, discard 3",6,10000000,23260935,Point total (Tam),"7 points, pair A, kicker 5♠","(1, 7, 1, 14, 5, 4)",6,1503,0.00738266,4522,0.007537,0.0022,0.0,0.0,0.0
discard3,"Deal 6, discard 3",6,10000000,23260935,Point total (Tam),"7 points, pair A, kicker 5♥","(1, 7, 1, 14, 5, 3)",6,1207,0.00592872,3536,0.005893,0.0028,0.0,0.0,0.0
discard3,"Deal 6, discard 3",6,10000000,23260935,Point total (Tam),"7 points, pair A, kicker 5♦","(1, 7, 1, 14, 5, 2)",6,911,0.00447479,2596,0.004327,0.0,0.0,0.0,0.0
discard3,"Deal 6, discard 3",6,10000000,23260935,Point total (Tam),"7 points, pair A, kicker 5♣","(1, 7, 1, 14, 5, 1)",6,615,0.00302085,1838,0.003063,0.0,0.0,0.0,0.0
discard3,"Deal 6, discard 3",6,10000000,23260935,Point total (Tam),"7 points, pair K, kicker 7♠","(1, 7, 1, 13, 7, 4)",6,1146,0.00562909,3423,0.005705,0.0029,0.0,0.0,0.0
discard3,"Deal 6, discard 3",6,10000000,23260935,Point total (Tam),"7 points, pair K, kicker 7♥","(1, 7, 1, 13, 7, 3)",6,1020,0.00501019,2976,0.00496,0.0067,0.0,0.0,0.0
discard3,"Deal 6, discard 3",6,10000000,23260935,Point total (Tam),"7 points, pair K, kicker 7♦","(1, 7, 1, 13, 7, 2)",6,894,0.00439128,2639,0.004398,0.0038,0.0,0.0,0.0
discard3,"Deal 6, discard 3",6,10000000,23260935,Point total (Tam),"7 points, pair K, kicker 7♣","(1, 7, 1, 13, 7, 1)",6,768,0.00377238,2264,0.003773,0.0044,0.0,0.0,0.0
discard3,"Deal 6, discard 3",6,10000000,23260935,Point total (Tam),"7 points, pair Q, kicker 7♠","(1, 7, 1, 12, 7, 4)",6,1146,0.00562909,3393,0.005655,0.0029,0.0,0.0,0.0
discard3,"Deal 6, discard 3",6,10000000,23260935,Point total (Tam),"7 points, pair Q, kicker 7♥","(1, 7, 1, 12, 7, 3)",6,1020,0.00501019,3099,0.005165,0.0032,0.0,0.0,0.0
discard3,"Deal 6, discard 3",6,10000000,23260935,Point total (Tam),"7 points, pair Q, kicker 7♦","(1, 7, 1, 12, 7, 2)",6,894,0.00439128,2557,0.004262,0.0,0.0,0.0,0.0
discard3,"Deal 6, discard 3",6,10000000,23260935,Point total (Tam),"7 points, pair Q, kicker 7♣","(1, 7, 1, 12, 7, 1)",6,768,0.00377238,2218,0.003697,0.0,0.0,0.0,0.0
discard3,"Deal 6, discard 3",6,10000000,23260935,Point total (Tam),"7 points, pair J, kicker 7♠","(1, 7, 1, 11, 7, 4)",6,1146,0.00562909,3433,0.005722,0.0,0.0,0.0,0.0
discard3,"Deal 6, discard 3",6,10000000,23260935,Point total (Tam),"7 points, pair J, kicker 7♥","(1, 7, 1, 11, 7, 3)",6,1020,0.00501019,3009,0.005015,0.0033,0.0,0.0,0.0
discard3,"Deal 6, discard 3",6,10000000,23260935,Point total (Tam),"7 points, pair J, kicker 7♦","(1, 7, 1, 11, 7, 2)",6,894,0.00439128,2536,0.004227,0.0,0.0,0.0,0.0
discard3,"Deal 6, discard 3",6,10000000,23260935,Point total (Tam),"7 points, pair J, kicker 7♣","(1, 7, 1, 11, 7, 1)",6,768,0.00377238,2222,0.003703,0.0,0.0,0.0,0.0
discard3,"Deal 6, discard 3",6,10000000,23260935,Point total (Tam),"7 points, pair 10, kicker 7♠","(1, 7, 1, 10, 7, 4)",6,3717,0.01825771,11044,0.018407,0.0018,0.0,0.0,0.0
discard3,"Deal 6, discard 3",6,10000000,23260935,Point total (Tam),"7 points, pair 10, kicker 7♥","(1, 7, 1, 10, 7, 3)",6,3346,0.01643538,9827,0.016378,0.001,0.0,0.0,0.0
discard3,"Deal 6, discard 3",6,10000000,23260935,Point total (Tam),"7 points, pair 10, kicker 7♦","(1, 7, 1, 10, 7, 2)",6,2975,0.01461305,8815,0.014692,0.0023,0.0,0.0,0.0
discard3,"Deal 6, discard 3",6,10000000,23260935,Point total (Tam),"7 points, pair 10, kicker 7♣","(1, 7, 1, 10, 7, 1)",6,2604,0.01279071,7766,0.012943,0.0039,0.0,0.0,0.0
discard3,"Deal 6, discard 3",6,10000000,23260935,Point total (Tam),"7 points, pair 7, kicker 3♠","(1, 7, 1, 7, 3, 4)",6,1296,0.00636589,3726,0.00621,0.0027,0.0,0.0,0.0
discard3,"Deal 6, discard 3",6,10000000,23260935,Point total (Tam),"7 points, pair 7, kicker 3♥","(1, 7, 1, 7, 3, 3)",6,988,0.00485301,2875,0.004792,0.0,0.0,0.0,0.0
discard3,"Deal 6, discard 3",6,10000000,23260935,Point total (Tam),"7 points, pair 7, kicker 3♦","(1, 7, 1, 7, 3, 2)",6,680,0.00334012,2021,0.003368,0.0,0.0,0.0,0.0
discard3,"Deal 6, discard 3",6,10000000,23260935,Point total (Tam),"7 points, pair 7, kicker 3♣","(1, 7, 1, 7, 3, 1)",6,372,0.00182724,1134,0.00189,0.0,0.0,0.0,0.0
discard3,"Deal 6, discard 3",6,10000000,23260935,Point total (Tam),"7 points, pair 6, kicker 5♠","(1, 7, 1, 6, 5, 4)",6,4146,0.02036494,12078,0.02013,0.0,0.0,0.0,0.0
discard3,"Deal 6, discard 3",6,10000000,23260935,Point total (Tam),"7 points, pair 6, kicker 5♥","(1, 7, 1, 6, 5, 3)",6,3567,0.01752092,10473,0.017455,0.0048,0.0,0.0,0.0
discard3,"Deal 6, discard 3",6,10000000,23260935,Point total (Tam),"7 points, pair 6, kicker 5♦","(1, 7, 1, 6, 5, 2)",6,2988,0.0146769,8743,0.014572,0.0023,0.0,0.0,0.0
discard3,"Deal 6, discard 3",6,10000000,23260935,Point total (Tam),"7 points, pair 6, kicker 5♣","(1, 7, 1, 6, 5, 1)",6,2409,0.01183288,7211,0.012018,0.0,0.0,0.0,0.0
discard3,"Deal 6, discard 3",6,10000000,23260935,Point total (Tam),"7 points, pair 5, kicker 7♠","(1, 7, 1, 5, 7, 4)",6,372,0.00182724,1163,0.001938,0.0,0.0,0.0,0.0
discard3,"Deal 6, discard 3",6,10000000,23260935,Point total (Tam),"7 points, pair 5, kicker 7♥","(1, 7, 1, 5, 7, 3)",6,372,0.00182724,1090,0.001817,0.0092,0.0,0.0,0.0
discard3,"Deal 6, discard 3",6,10000000,23260935,Point total (Tam),"7 points, pair 5, kicker 7♦","(1, 7, 1, 5, 7, 2)",6,372,0.00182724,1076,0.001793,0.0,0.0,0.0,0.0
discard3,"Deal 6, discard 3",6,10000000,23260935,Point total (Tam),"7 points, pair 5, kicker 7♣","(1, 7, 1, 5, 7, 1)",6,372,0.00182724,1149,0.001915,0.0,0.0,0.0,0.0
discard3,"Deal 6, discard 3",6,10000000,23260935,Point total (Tam),"7 points, pair 4, kicker 9♠","(1, 7, 1, 4, 9, 4)",6,312,0.00153253,896,0.001493,0.0,0.0,0.0,0.0
discard3,"Deal 6, discard 3",6,10000000,23260935,Point total (Tam),"7 points, pair 4, kicker 9♥","(1, 7, 1, 4, 9, 3)",6,230,0.00112975,688,0.001147,0.0,0.0,0.0,0.0
discard3,"Deal 6, discard 3",6,10000000,23260935,Point total (Tam),"7 points, pair 4, kicker 9♦","(1, 7, 1, 4, 9, 2)",6,148,0.00072697,406,0.000677,0.0,0.0,0.0,0.0
discard3,"Deal 6, discard 3",6,10000000,23260935,Point total (Tam),"7 points, pair 4, kicker 9♣","(1, 7, 1, 4, 9, 1)",6,66,0.00032419,196,0.000327,0.0,0.0,0.0,0.0
discard3,"Deal 6, discard 3",6,10000000,23260935,Point total (Tam),"7 points, pair 3, kicker A♠","(1, 7, 1, 3, 14, 4)",6,2031,0.00997617,5859,0.009765,0.0,0.0,0.0,0.0
discard3,"Deal 6, discard 3",6,10000000,23260935,Point total (Tam),"7 points, pair 3, kicker A♥","(1, 7, 1, 3, 14, 3)",6,1559,0.00765773,4641,0.007735,0.0,0.0,0.0,0.0
discard3,"Deal 6, discard 3",6,10000000,23260935,Point total (Tam),"7 points, pair 3, kicker A♦","(1, 7, 1, 3, 14, 2)",6,1087,0.00533929,3248,0.005413,0.0031,0.0,0.0,0.0
discard3,"Deal 6, discard 3",6,10000000,23260935,Point total (Tam),"7 points, pair 3, kicker A♣","(1, 7, 1, 3, 14, 1)",6,615,0.00302085,1783,0.002972,0.0,0.0,0.0,0.0
discard3,"Deal 6, discard 3",6,10000000,23260935,Point total (Tam),"7 points, pair 2, kicker 3♠","(1, 7, 1, 2, 3, 4)",6,768,0.00377238,2247,0.003745,0.0,0.0,0.0,0.0
discard3,"Deal 6, discard 3",6,10000000,23260935,Point total (Tam),"7 points, pair 2, kicker 3♥","(1, 7, 1, 2, 3, 3)",6,768,0.00377238,2241,0.003735,0.0,0.0,0.0,0.0
discard3,"Deal 6, discard 3",6,10000000,23260935,Point total (Tam),"7 points, pair 2, kicker 3♦","(1, 7, 1, 2, 3, 2)",6,768,0.00377238,2230,0.003717,0.0045,0.0,0.0,0.0
discard3,"Deal 6, discard 3",6,10000000,23260935,Point total (Tam),"7 points, pair 2, kicker 3♣","(1, 7, 1, 2, 3, 1)",6,768,0.00377238,2190,0.00365,0.0,0.0,0.0,0.0
discard3,"Deal 6, discard 3",6,10000000,23260935,Point total (Tam),"7 points, A-K-6, control A♠","(1, 7, 0, 14, 13, 6, 4)",15,2580,0.01267283,7569,0.012615,0.0013,0.0,0.0,0.0
discard3,"Deal 6, discard 3",6,10000000,23260935,Point total (Tam),"7 points, A-K-6, control A♥","(1, 7, 0, 14, 13, 6, 3)",15,2580,0.01267283,7523,0.012538,0.0,0.0,0.0,0.0
discard3,"Deal 6, discard 3",6,10000000,23260935,Point total (Tam),"7 points, A-K-6, control A♦","(1, 7, 0, 14, 13, 6, 2)",15,2580,0.01267283,7666,0.012777,0.0,0.0,0.0,0.0
discard3,"Deal 6, discard 3",6,10000000,23260935,Point total (Tam),"7 points, A-K-6, control A♣","(1, 7, 0, 14, 13, 6, 1)",15,2580,0.01267283,7641,0.012735,0.0,0.0,0.0,0.0
discard3,"Deal 6, discard 3",6,10000000,23260935,Point total (Tam),"7 points, A-Q-6, control A♠","(1, 7, 0, 14, 12, 6, 4)",15,1554,0.00763317,4546,0.007577,0.0022,0.0,0.0,0.0
discard3,"Deal 6, discard 3",6,10000000,23260935,Point total (Tam),"7 points, A-Q-6, control A♥","(1, 7, 0, 14, 12, 6, 3)",15,1554,0.00763317,4610,0.007683,0.0,0.0,0.0,0.0
discard3,"Deal 6, discard 3",6,10000000,23260935,Point total (Tam),"7 points, A-Q-6, control A♦","(1, 7, 0, 14, 12, 6, 2)",15,1554,0.00763317,4398,0.00733,0.0,0.0,0.0,0.0
discard3,"Deal 6, discard 3",6,10000000,23260935,Point total (Tam),"7 points, A-Q-6, control A♣","(1, 7, 0, 14, 12, 6, 1)",15,1554,0.00763317,4568,0.007613,0.0,0.0,0.0,0.0
discard3,"Deal 6, discard 3",6,10000000,23260935,Point total (Tam),"7 points, A-J-6, control A♠","(1, 7, 0, 14, 11, 6, 4)",15,1248,0.00613011,3632,0.006053,0.0,0.0,0.0,0.0
discard3,"Deal 6, discard 3",6,10000000,23260935,Point total (Tam),"7 points, A-J-6, control A♥","(1, 7, 0, 14, 11, 6, 3)",15,1248,0.00613011,3757,0.006262,0.0,0.0,0.0,0.0
discard3,"Deal 6, discard 3",6,10000000,23260935,Point total (Tam),"7 points, A-J-6, control A♦","(1, 7, 0, 14, 11, 6, 2)",15,1248,0.00613011,3596,0.005993,0.0028,0.0,0.0,0.0
discard3,"Deal 6, discard 3",6,10000000,23260935,Point total (Tam),"7 points, A-J-6, control A♣","(1, 7, 0, 14, 11, 6, 1)",15,1248,0.00613011,3613,0.006022,0.0028,0.0,0.0,0.0
discard3,"Deal 6, discard 3",6,10000000,23260935,Point total (Tam),"7 points, A-10-6, control A♠","(1, 7, 0, 14, 10, 6, 4)",15,132,0.00064838,393,0.000655,0.0,0.0,0.0,0.0
discard3,"Deal 6, discard 3",6,10000000,23260935,Point total (Tam),"7 points, A-10-6, control A♥","(1, 7, 0, 14, 10, 6, 3)",15,132,0.00064838,387,0.000645,0.0,0.0,0.0,0.0
discard3,"Deal 6, discard 3",6,10000000,23260935,Point total (Tam),"7 points, A-10-6, control A♦","(1, 7, 0, 14, 10, 6, 2)",15,132,0.00064838,370,0.000617,0.0,0.0,0.0,0.0
discard3,"Deal 6, discard 3",6,10000000,23260935,Point total (Tam),"7 points, A-10-6, control A♣","(1, 7, 0, 14, 10, 6, 1)",15,132,0.00064838,387,0.000645,0.0,0.0,0.0,0.0
discard3,"Deal 6, discard 3",6,10000000,23260935,Point total (Tam),"7 points, A-4-2, control A♠","(1, 7, 0, 14, 4, 2, 4)",15,4560,0.02239848,13482,0.02247,0.0007,0.0,0.0,0.0
discard3,"Deal 6, discard 3",6,10000000,23260935,Point total (Tam),"7 points, A-4-2, control A♥","(1, 7, 0, 14, 4, 2, 3)",15,3466,0.01702481,10385,0.017308,0.0,0.0,0.0,0.0
discard3,"Deal 6, discard 3",6,10000000,23260935,Point total (Tam),"7 points, A-4-2, control A♦","(1, 7, 0, 14, 4, 2, 2)",15,2372,0.01165114,6975,0.011625,0.0,0.0,0.0,0.0
discard3,"Deal 6, discard 3",6,10000000,23260935,Point total (Tam),"7 points, A-4-2, control A♣","(1, 7, 0, 14, 4, 2, 1)",15,1278,0.00627747,3853,0.006422,0.0026,0.0,0.0,0.0
discard3,"Deal 6, discard 3",6,10000000,23260935,Point total (Tam),"7 points, K-Q-7, control K♠","(1, 7, 0, 13, 12, 7, 4)",15,1179,0.00579119,3490,0.005817,0.0029,0.0,0.0,0.0
discard3,"Deal 6, discard 3",6,10000000,23260935,Point total (Tam),"7 points, K-Q-7, control K♥","(1, 7, 0, 13, 12, 7, 3)",15,1179,0.00579119,3446,0.005743,0.0,0.0,0.0,0.0
discard3,"Deal 6, discard 3",6,10000000,23260935,Point total (Tam),"7 points, K-Q-7, control K♦","(1, 7, 0, 13, 12, 7, 2)",15,1179,0.00579119,3484,0.005807,0.0,0.0,0.0,0.0
discard3,"Deal 6, discard 3",6,10000000,23260935,Point total (Tam),"7 points, K-Q-7, control K♣","(1, 7, 0, 13, 12, 7, 1)",15,1179,0.00579119,3468,0.00578,0.0,0.0,0.0,0.0
discard3,"Deal 6, discard 3",6,10000000,23260935,Point total (Tam),"7 points, K-J-7, control K♠","(1, 7, 0, 13, 11, 7, 4)",15,1179,0.00579119,3570,0.00595,0.0,0.0,0.0,0.0
discard3,"Deal 6, discard 3",6,10000000,23260935,Point total (Tam),"7 points, K-J-7, control K♥","(1, 7, 0, 13, 11, 7, 3)",15,1179,0.00579119,3480,0.0058,0.0,0.0,0.0,0.0
discard3,"Deal 6, discard 3",6,10000000,23260935,Point total (Tam),"7 points, K-J-7, control K♦","(1, 7, 0, 13, 11, 7, 2)",15,1179,0.00579119,3527,0.005878,0.0,0.0,0.0,0.0
discard3,"Deal 6, discard 3",6,10000000,23260935,Point total (Tam),"7 points, K-J-7, control K♣","(1, 7, 0, 13, 11, 7, 1)",15,1179,0.00579119,3454,0.005757,0.0,0.0,0.0,0.0
discard3,"Deal 6, discard 3",6,10000000,23260935,Point total (Tam),"7 points, K-10-7, control K♠","(1, 7, 0, 13, 10, 7, 4)",15,153,0.00075153,450,0.00075,0.0,0.0,0.0,0.0
discard3,"Deal 6, discard 3",6,10000000,23260935,Point total (Tam),"7 points, K-10-7, control K♥","(1, 7, 0, 13, 10, 7, 3)",15,153,0.00075153,449,0.000748,0.0,0.0,0.0,0.0
discard3,"Deal 6, discard 3",6,10000000,23260935,Point total (Tam),"7 points, K-10-7, control K♦","(1, 7, 0, 13, 10, 7, 2)",15,153,0.00075153,458,0.000763,0.0,0.0,0.0,0.0
discard3,"Deal 6, discard 3",6,10000000,23260935,Point total (Tam),"7 points, K-10-7, control K♣","(1, 7, 0, 13, 10, 7, 1)",15,153,0.00075153,481,0.000802,0.0,0.0,0.0,0.0
discard3,"Deal 6, discard 3",6,10000000,23260935,Point total (Tam),"7 points, K-9-8, control K♠","(1, 7, 0, 13, 9, 8, 4)",15,219,0.00107572,655,0.001092,0.0,0.0,0.0,0.0
discard3,"Deal 6, discard 3",6,10000000,23260935,Point total (Tam),"7 points, K-9-8, control K♥","(1, 7, 0, 13, 9, 8, 3)",15,219,0.00107572,643,0.001072,0.0,0.0,0.0,0.0
discard3,"Deal 6, discard 3",6,10000000,23260935,Point total (Tam),"7 points, K-9-8, control K♦","(1, 7, 0, 13, 9, 8, 2)",15,219,0.00107572,672,0.00112,0.0,0.0,0.0,0.0
discard3,"Deal 6, discard 3",6,10000000,23260935,Point total (Tam),"7 points, K-9-8, control K♣","(1, 7, 0, 13, 9, 8, 1)",15,219,0.00107572,647,0.001078,0.0,0.0,0.0,0.0
discard3,"Deal 6, discard 3",6,10000000,23260935,Point total (Tam),"7 points, K-5-2, control K♠","(1, 7, 0, 13, 5, 2, 4)",15,942,0.00462706,2835,0.004725,0.0,0.0,0.0,0.0
discard3,"Deal 6, discard 3",6,10000000,23260935,Point total (Tam),"7 points, K-5-2, control K♥","(1, 7, 0, 13, 5, 2, 3)",15,854,0.0041948,2492,0.004153,0.0,0.0,0.0,0.0
discard3,"Deal 6, discard 3",6,10000000,23260935,Point total (Tam),"7 points, K-5-2, control K♦","(1, 7, 0, 13, 5, 2, 2)",15,766,0.00376255,2272,0.003787,0.0,0.0,0.0,0.0
discard3,"Deal 6, discard 3",6,10000000,23260935,Point total (Tam),"7 points, K-5-2, control K♣","(1, 7, 0, 13, 5, 2, 1)",15,678,0.0033303,2003,0.003338,0.0,0.0,0.0,0.0
discard3,"Deal 6, discard 3",6,10000000,23260935,Point total (Tam),"7 points, K-4-3, control K♠","(1, 7, 0, 13, 4, 3, 4)",15,942,0.00462706,2819,0.004698,0.0,0.0,0.0,0.0
discard3,"Deal 6, discard 3",6,10000000,23260935,Point total (Tam),"7 points, K-4-3, control K♥","(1, 7, 0, 13, 4, 3, 3)",15,854,0.0041948,2566,0.004277,0.0,0.0,0.0,0.0
discard3,"Deal 6, discard 3",6,10000000,23260935,Point total (Tam),"7 points, K-4-3, control K♦","(1, 7, 0, 13, 4, 3, 2)",15,766,0.00376255,2233,0.003722,0.0,0.0,0.0,0.0
discard3,"Deal 6, discard 3",6,10000000,23260935,Point total (Tam),"7 points, K-4-3, control K♣","(1, 7, 0, 13, 4, 3, 1)",15,678,0.0033303,2020,0.003367,0.0,0.0,0.0,0.0
discard3,"Deal 6, discard 3",6,10000000,23260935,Point total (Tam),"7 points, Q-J-7, control Q♠","(1, 7, 0, 12, 11, 7, 4)",15,153,0.00075153,466,0.000777,0.0,0.0,0.0,0.0
discard3,"Deal 6, discard 3",6,10000000,23260935,Point total (Tam),"7 points, Q-J-7, control Q♥","(1, 7, 0, 12, 11, 7, 3)",15,153,0.00075153,443,0.000738,0.0,0.0,0.0,0.0
discard3,"Deal 6, discard 3",6,10000000,23260935,Point total (Tam),"7 points, Q-J-7, control Q♦","(1, 7, 0, 12, 11, 7, 2)",15,153,0.00075153,434,0.000723,0.0,0.0,0.0,0.0
discard3,"Deal 6, discard 3",6,10000000,23260935,Point total (Tam),"7 points, Q-J-7, control Q♣","(1, 7, 0, 12, 11, 7, 1)",15,153,0.00075153,486,0.00081,0.0,0.0,0.0,0.0
discard3,"Deal 6, discard 3",6,10000000,23260935,Point total (Tam),"7 points, Q-10-7, control Q♠","(1, 7, 0, 12, 10, 7, 4)",15,153,0.00075153,456,0.00076,0.0,0.0,0.0,0.0
discard3,"Deal 6, discard 3",6,10000000,23260935,Point total (Tam),"7 points, Q-10-7, control Q♥","(1, 7, 0, 12, 10, 7, 3)",15,153,0.00075153,458,0.000763,0.0,0.0,0.0,0.0
discard3,"Deal 6, discard 3",6,10000000,23260935,Point total (Tam),"7 points, Q-10-7, control Q♦","(1, 7, 0, 12, 10, 7, 2)",15,153,0.00075153,434,0.000723,0.0,0.0,0.0,0.0
discard3,"Deal 6, discard 3",6,10000000,23260935,Point total (Tam),"7 points, Q-10-7, control Q♣","(1, 7, 0, 12, 10, 7, 1)",15,153,0.00075153,429,0.000715,0.0,0.0,0.0,0.0
discard3,"Deal 6, discard 3",6,10000000,23260935,Point total (Tam),"7 points, Q-9-8, control Q♠","(1, 7, 0, 12, 9, 8, 4)",15,219,0.00107572,628,0.001047,0.0,0.0,0.0,0.0
discard3,"Deal 6, discard 3",6,10000000,23260935,Point total (Tam),"7 points, Q-9-8, control Q♥","(1, 7, 0, 12, 9, 8, 3)",15,219,0.00107572,664,0.001107,0.0,0.0,0.0,0.0
discard3,"Deal 6, discard 3",6,10000000,23260935,Point total (Tam),"7 points, Q-9-8, control Q♦","(1, 7, 0, 12, 9, 8, 2)",15,219,0.00107572,638,0.001063,0.0,0.0,0.0,0.0
discard3,"Deal 6, discard 3",6,10000000,23260935,Point total (Tam),"7 points, Q-9-8, control Q♣","(1, 7, 0, 12, 9, 8, 1)",15,219,0.00107572,630,0.00105,0.0,0.0,0.0,0.0
discard3,"Deal 6, discard 3",6,10000000,23260935,Point total (Tam),"7 points, Q-5-2, control Q♠","(1, 7, 0, 12, 5, 2, 4)",15,330,0.00162094,932,0.001553,0.0,0.0,0.0,0.0
discard3,"Deal 6, discard 3",6,10000000,23260935,Point total (Tam),"7 points, Q-5-2, control Q♥","(1, 7, 0, 12, 5, 2, 3)",15,242,0.00118869,697,0.001162,0.0,0.0,0.0,0.0
discard3,"Deal 6, discard 3",6,10000000,23260935,Point total (Tam),"7 points, Q-5-2, control Q♦","(1, 7, 0, 12, 5, 2, 2)",15,154,0.00075644,427,0.000712,0.0,0.0,0.0,0.0
discard3,"Deal 6, discard 3",6,10000000,23260935,Point total (Tam),"7 points, Q-5-2, control Q♣","(1, 7, 0, 12, 5, 2, 1)",15,66,0.00032419,164,0.000273,0.0,0.0,0.0,0.0
discard3,"Deal 6, discard 3",6,10000000,23260935,Point total (Tam),"7 points, Q-4-3, control Q♠","(1, 7, 0, 12, 4, 3, 4)",15,330,0.00162094,966,0.00161,0.0,0.0,0.0,0.0
discard3,"Deal 6, discard 3",6,10000000,23260935,Point total (Tam),"7 points, Q-4-3, control Q♥","(1, 7, 0, 12, 4, 3, 3)",15,242,0.00118869,717,0.001195,0.0,0.0,0.0,0.0
discard3,"Deal 6, discard 3",6,10000000,23260935,Point total (Tam),"7 points, Q-4-3, control Q♦","(1, 7, 0, 12, 4, 3, 2)",15,154,0.00075644,452,0.000753,0.0,0.0,0.0,0.0
discard3,"Deal 6, discard 3",6,10000000,23260935,Point total (Tam),"7 points, Q-4-3, control Q♣","(1, 7, 0, 12, 4, 3, 1)",15,66,0.00032419,199,0.000332,0.0,0.0,0.0,0.0
discard3,"Deal 6, discard 3",6,10000000,23260935,Point total (Tam),"7 points, J-10-7, control J♠","(1, 7, 0, 11, 10, 7, 4)",15,153,0.00075153,466,0.000777,0.0,0.0,0.0,0.0
discard3,"Deal 6, discard 3",6,10000000,23260935,Point total (Tam),"7 points, J-10-7, control J♥","(1, 7, 0, 11, 10, 7, 3)",15,153,0.00075153,458,0.000763,0.0,0.0,0.0,0.0
discard3,"Deal 6, discard 3",6,10000000,23260935,Point total (Tam),"7 points, J-10-7, control J♦","(1, 7, 0, 11, 10, 7, 2)",15,153,0.00075153,464,0.000773,0.0,0.0,0.0,0.0
discard3,"Deal 6, discard 3",6,10000000,23260935,Point total (Tam),"7 points, J-10-7, control J♣","(1, 7, 0, 11, 10, 7, 1)",15,153,0.00075153,446,0.000743,0.0,0.0,0.0,0.0
discard3,"Deal 6, discard 3",6,10000000,23260935,Point total (Tam),"7 points, J-9-8, control J♠","(1, 7, 0, 11, 9, 8, 4)",15,219,0.00107572,652,0.001087,0.0,0.0,0.0,0.0
discard3,"Deal 6, discard 3",6,10000000,23260935,Point total (Tam),"7 points, J-9-8, control J♥","(1, 7, 0, 11, 9, 8, 3)",15,219,0.00107572,619,0.001032,0.0,0.0,0.0,0.0
discard3,"Deal 6, discard 3",6,10000000,23260935,Point total (Tam),"7 points, J-9-8, control J♦","(1, 7, 0, 11, 9, 8, 2)",15,219,0.00107572,638,0.001063,0.0,0.0,0.0,0.0
discard3,"Deal 6, discard 3",6,10000000,23260935,Point total (Tam),"7 points, J-9-8, control J♣","(1, 7, 0, 11, 9, 8, 1)",15,219,0.00107572,674,0.001123,0.0,0.0,0.0,0.0
discard3,"Deal 6, discard 3",6,10000000,23260935,Point total (Tam),"7 points, J-5-2, control J♠","(1, 7, 0, 11, 5, 2, 4)",15,330,0.00162094,977,0.001628,0.0,0.0,0.0,0.0
discard3,"Deal 6, discard 3",6,10000000,23260935,Point total (Tam),"7 points, J-5-2, control J♥","(1, 7, 0, 11, 5, 2, 3)",15,242,0.00118869,718,0.001197,0.0,0.0,0.0,0.0
discard3,"Deal 6, discard 3",6,10000000,23260935,Point total (Tam),"7 points, J-5-2, control J♦","(1, 7, 0, 11, 5, 2, 2)",15,154,0.00075644,448,0.000747,0.0,0.0,0.0,0.0
discard3,"Deal 6, discard 3",6,10000000,23260935,Point total (Tam),"7 points, J-5-2, control J♣","(1, 7, 0, 11, 5, 2, 1)",15,66,0.00032419,175,0.000292,0.0,0.0,0.0,0.0
discard3,"Deal 6, discard 3",6,10000000,23260935,Point total (Tam),"7 points, J-4-3, control J♠","(1, 7, 0, 11, 4, 3, 4)",15,330,0.00162094,1029,0.001715,0.0,0.0,0.0,0.0
discard3,"Deal 6, discard 3",6,10000000,23260935,Point total (Tam),"7 points, J-4-3, control J♥","(1, 7, 0, 11, 4, 3, 3)",15,242,0.00118869,707,0.001178,0.0,0.0,0.0,0.0
discard3,"Deal 6, discard 3",6,10000000,23260935,Point total (Tam),"7 points, J-4-3, control J♦","(1, 7, 0, 11, 4, 3, 2)",15,154,0.00075644,455,0.000758,0.0,0.0,0.0,0.0
discard3,"Deal 6, discard 3",6,10000000,23260935,Point total (Tam),"7 points, J-4-3, control J♣","(1, 7, 0, 11, 4, 3, 1)",15,66,0.00032419,214,0.000357,0.0,0.0,0.0,0.0
discard3,"Deal 6, discard 3",6,10000000,23260935,Point total (Tam),"7 points, 9-6-2, control 9♠","(1, 7, 0, 9, 6, 2, 4)",15,57,0.00027998,152,0.000253,0.0,0.0,0.0,0.0
discard3,"Deal 6, discard 3",6,10000000,23260935,Point total (Tam),"7 points, 9-6-2, control 9♥","(1, 7, 0, 9, 6, 2, 3)",15,38,0.00018665,125,0.000208,0.0,0.0,0.0,0.0
discard3,"Deal 6, discard 3",6,10000000,23260935,Point total (Tam),"7 points, 9-6-2, control 9♦","(1, 7, 0, 9, 6, 2, 2)",15,19,9.333e-05,59,9.8e-05,0.0,0.0,0.0,0.0
discard3,"Deal 6, discard 3",6,10000000,23260935,Point total (Tam),"7 points, 9-5-3, control 9♠","(1, 7, 0, 9, 5, 3, 4)",15,132,0.00064838,411,0.000685,0.0,0.0,0.0,0.0
discard3,"Deal 6, discard 3",6,10000000,23260935,Point total (Tam),"7 points, 9-5-3, control 9♥","(1, 7, 0, 9, 5, 3, 3)",15,88,0.00043225,265,0.000442,0.0,0.0,0.0,0.0
discard3,"Deal 6, discard 3",6,10000000,23260935,Point total (Tam),"7 points, 9-5-3, control 9♦","(1, 7, 0, 9, 5, 3, 2)",15,44,0.00021613,151,0.000252,0.0,0.0,0.0,0.0
discard3,"Deal 6, discard 3",6,10000000,23260935,Point total (Tam),"7 points, 8-7-2, control 8♠","(1, 7, 0, 8, 7, 2, 4)",15,66,0.00032419,208,0.000347,0.0,0.0,0.0,0.0
discard3,"Deal 6, discard 3",6,10000000,23260935,Point total (Tam),"7 points, 8-7-2, control 8♥","(1, 7, 0, 8, 7, 2, 3)",15,66,0.00032419,185,0.000308,0.0,0.0,0.0,0.0
discard3,"Deal 6, discard 3",6,10000000,23260935,Point total (Tam),"7 points, 8-7-2, control 8♦","(1, 7, 0, 8, 7, 2, 2)",15,66,0.00032419,155,0.000258,0.0,0.0,0.0,0.0
discard3,"Deal 6, discard 3",6,10000000,23260935,Point total (Tam),"7 points, 8-7-2, control 8♣","(1, 7, 0, 8, 7, 2, 1)",15,66,0.00032419,206,0.000343,0.0,0.0,0.0,0.0
discard3,"Deal 6, discard 3",6,10000000,23260935,Point total (Tam),"7 points, 7-6-4, control 7♠","(1, 7, 0, 7, 6, 4, 4)",15,66,0.00032419,184,0.000307,0.0,0.0,0.0,0.0
discard3,"Deal 6, discard 3",6,10000000,23260935,Point total (Tam),"7 points, 7-6-4, control 7♥","(1, 7, 0, 7, 6, 4, 3)",15,66,0.00032419,194,0.000323,0.0,0.0,0.0,0.0
discard3,"Deal 6, discard 3",6,10000000,23260935,Point total (Tam),"7 points, 7-6-4, control 7♦","(1, 7, 0, 7, 6, 4, 2)",15,66,0.00032419,200,0.000333,0.0,0.0,0.0,0.0
discard3,"Deal 6, discard 3",6,10000000,23260935,Point total (Tam),"7 points, 7-6-4, control 7♣","(1, 7, 0, 7, 6, 4, 1)",15,66,0.00032419,214,0.000357,0.0467,0.0,0.0,0.0
discard3,"Deal 6, discard 3",6,10000000,23260935,Point total (Tam),"6 points, pair A, kicker 4♠","(1, 6, 1, 14, 4, 4)",6,549,0.00269666,1699,0.002832,0.0,0.0,0.0,0.0
discard3,"Deal 6, discard 3",6,10000000,23260935,Point total (Tam),"6 points, pair A, kicker 4♥","(1, 6, 1, 14, 4, 3)",6,549,0.00269666,1604,0.002673,0.0,0.0,0.0,0.0
discard3,"Deal 6, discard 3",6,10000000,23260935,Point total (Tam),"6 points, pair A, kicker 4♦","(1, 6, 1, 14, 4, 2)",6,549,0.00269666,1655,0.002758,0.0,0.0,0.0,0.0
discard3,"Deal 6, discard 3",6,10000000,23260935,Point total (Tam),"6 points, pair A, kicker 4♣","(1, 6, 1, 14, 4, 1)",6,549,0.00269666,1636,0.002727,0.0,0.0,0.0,0.0
discard3,"Deal 6, discard 3",6,10000000,23260935,Point total (Tam),"6 points, pair K, kicker 6♠","(1, 6, 1, 13, 6, 4)",6,387,0.00190092,1110,0.00185,0.0,0.0,0.0,0.0
discard3,"Deal 6, discard 3",6,10000000,23260935,Point total (Tam),"6 points, pair K, kicker 6♥","(1, 6, 1, 13, 6, 3)",6,324,0.00159147,977,0.001628,0.0,0.0,0.0,0.0
discard3,"Deal 6, discard 3",6,10000000,23260935,Point total (Tam),"6 points, pair K, kicker 6♦","(1, 6, 1, 13, 6, 2)",6,261,0.00128202,791,0.001318,0.0,0.0,0.0,0.0
discard3,"Deal 6, discard 3",6,10000000,23260935,Point total (Tam),"6 points, pair K, kicker 6♣","(1, 6, 1, 13, 6, 1)",6,198,0.00097257,584,0.000973,0.0,0.0,0.0,0.0
discard3,"Deal 6, discard 3",6,10000000,23260935,Point total (Tam),"6 points, pair Q, kicker 6♠","(1, 6, 1, 12, 6, 4)",6,387,0.00190092,1160,0.001933,0.0,0.0,0.0,0.0
discard3,"Deal 6, discard 3",6,10000000,23260935,Point total (Tam),"6 points, pair Q, kicker 6♥","(1, 6, 1, 12, 6, 3)",6,324,0.00159147,999,0.001665,0.01,0.0,0.0,0.0
discard3,"Deal 6, discard 3",6,10000000,23260935,Point total (Tam),"6 points, pair Q, kicker 6♦","(1, 6, 1, 12, 6, 2)",6,261,0.00128202,763,0.001272,0.0,0.0,0.0,0.0
discard3,"Deal 6, discard 3",6,10000000,23260935,Point total (Tam),"6 points, pair Q, kicker 6♣","(1, 6, 1, 12, 6, 1)",6,198,0.00097257,600,0.001,0.0,0.0,0.0,0.0
discard3,"Deal 6, discard 3",6,10000000,23260935,Point total (Tam),"6 points, pair J, kicker 6♠","(1, 6, 1, 11, 6, 4)",6,387,0.00190092,1155,0.001925,0.0,0.0,0.0,0.0
discard3,"Deal 6, discard 3",6,10000000,23260935,Point total (Tam),"6 points, pair J, kicker 6♥","(1, 6, 1, 11, 6, 3)",6,324,0.00159147,971,0.001618,0.0,0.0,0.0,0.0
discard3,"Deal 6, discard 3",6,10000000,23260935,Point total (Tam),"6 points, pair J, kicker 6♦","(1, 6, 1, 11, 6, 2)",6,261,0.00128202,779,0.001298,0.0,0.0,0.0,0.0
discard3,"Deal 6, discard 3",6,10000000,23260935,Point total (Tam),"6 points, pair J, kicker 6♣","(1, 6, 1, 11, 6, 1)",6,198,0.00097257,569,0.000948,0.0,0.0,0.0,0.0
discard3,"Deal 6, discard 3",6,10000000,23260935,Point total (Tam),"6 points, pair 10, kicker 6♠","(1, 6, 1, 10, 6, 4)",6,1470,0.00722056,4168,0.006947,0.0,0.0,0.0,0.0
discard3,"Deal 6, discard 3",6,10000000,23260935,Point total (Tam),"6 points, pair 10, kicker 6♥","(1, 6, 1, 10, 6, 3)",6,1250,0.00613994,3696,0.00616,0.0,0.0,0.0,0.0
discard3,"Deal 6, discard 3",6,10000000,23260935,Point total (Tam),"6 points, pair 10, kicker 6♦","(1, 6, 1, 10, 6, 2)",6,1030,0.00505931,2972,0.004953,0.0,0.0,0.0,0.0
discard3,"Deal 6, discard 3",6,10000000,23260935,Point total (Tam),"6 points, pair 10, kicker 6♣","(1, 6, 1, 10, 6, 1)",6,810,0.00397868,2297,0.003828,0.0,0.0,0.0,0.0
discard3,"Deal 6, discard 3",6,10000000,23260935,Point total (Tam),"6 points, pair 9, kicker 8♠","(1, 6, 1, 9, 8, 4)",6,123,0.00060417,368,0.000613,0.0,0.0,0.0,0.0
discard3,"Deal 6, discard 3",6,10000000,23260935,Point total (Tam),"6 points, pair 9, kicker 8♥","(1, 6, 1, 9, 8, 3)",6,104,0.00051084,316,0.000527,0.0,0.0,0.0,0.0
discard3,"Deal 6, discard 3",6,10000000,23260935,Point total (Tam),"6 points, pair 9, kicker 8♦","(1, 6, 1, 9, 8, 2)",6,85,0.00041752,255,0.000425,0.0,0.0,0.0,0.0
discard3,"Deal 6, discard 3",6,10000000,23260935,Point total (Tam),"6 points, pair 9, kicker 8♣","(1, 6, 1, 9, 8, 1)",6,66,0.00032419,212,0.000353,0.0,0.0,0.0,0.0
discard3,"Deal 6, discard 3",6,10000000,23260935,Point total (Tam),"6 points, pair 6, kicker 4♠","(1, 6, 1, 6, 4, 4)",6,363,0.00178304,1021,0.001702,0.0,0.0,0.0,0.0
discard3,"Deal 6, discard 3",6,10000000,23260935,Point total (Tam),"6 points, pair 6, kicker 4♥","(1, 6, 1, 6, 4, 3)",6,344,0.00168971,1058,0.001763,0.0,0.0,0.0,0.0
discard3,"Deal 6, discard 3",6,10000000,23260935,Point total (Tam),"6 points, pair 6, kicker 4♦","(1, 6, 1, 6, 4, 2)",6,325,0.00159638,974,0.001623,0.0,0.0,0.0,0.0
discard3,"Deal 6, discard 3",6,10000000,23260935,Point total (Tam),"6 points, pair 6, kicker 4♣","(1, 6, 1, 6, 4, 1)",6,306,0.00150306,930,0.00155,0.0,0.0,0.0,0.0
discard3,"Deal 6, discard 3",6,10000000,23260935,Point total (Tam),"6 points, pair 5, kicker 6♠","(1, 6, 1, 5, 6, 4)",6,306,0.00150306,910,0.001517,0.0,0.0,0.0,0.0
discard3,"Deal 6, discard 3",6,10000000,23260935,Point total (Tam),"6 points, pair 5, kicker 6♥","(1, 6, 1, 5, 6, 3)",6,306,0.00150306,895,0.001492,0.0,0.0,0.0,0.0
discard3,"Deal 6, discard 3",6,10000000,23260935,Point total (Tam),"6 points, pair 5, kicker 6♦","(1, 6, 1, 5, 6, 2)",6,306,0.00150306,890,0.001483,0.0,0.0,0.0,0.0
discard3,"Deal 6, discard 3",6,10000000,23260935,Point total (Tam),"6 points, pair 5, kicker 6♣","(1, 6, 1, 5, 6, 1)",6,306,0.00150306,894,0.00149,0.0,0.0,0.0,0.0
discard3,"Deal 6, discard 3",6,10000000,23260935,Point total (Tam),"6 points, pair 3, kicker K♠","(1, 6, 1, 3, 13, 4)",6,189,0.00092836,554,0.000923,0.0,0.0,0.0,0.0
discard3,"Deal 6, discard 3",6,10000000,23260935,Point total (Tam),"6 points, pair 3, kicker K♥","(1, 6, 1, 3, 13, 3)",6,170,0.00083503,502,0.000837,0.0,0.0,0.0,0.0
discard3,"Deal 6, discard 3",6,10000000,23260935,Point total (Tam),"6 points, pair 3, kicker K♦","(1, 6, 1, 3, 13, 2)",6,151,0.0007417,445,0.000742,0.0,0.0,0.0,0.0
discard3,"Deal 6, discard 3",6,10000000,23260935,Point total (Tam),"6 points, pair 3, kicker K♣","(1, 6, 1, 3, 13, 1)",6,132,0.00064838,421,0.000702,0.0,0.0,0.0,0.0
discard3,"Deal 6, discard 3",6,10000000,23260935,Point total (Tam),"6 points, pair 3, kicker Q♠","(1, 6, 1, 3, 12, 4)",6,57,0.00027998,188,0.000313,0.0,0.0,0.0,0.0
discard3,"Deal 6, discard 3",6,10000000,23260935,Point total (Tam),"6 points, pair 3, kicker Q♥","(1, 6, 1, 3, 12, 3)",6,38,0.00018665,127,0.000212,0.0,0.0,0.0,0.0
discard3,"Deal 6, discard 3",6,10000000,23260935,Point total (Tam),"6 points, pair 3, kicker Q♦","(1, 6, 1, 3, 12, 2)",6,19,9.333e-05,64,0.000107,0.0,0.0,0.0,0.0
discard3,"Deal 6, discard 3",6,10000000,23260935,Point total (Tam),"6 points, pair 3, kicker J♠","(1, 6, 1, 3, 11, 4)",6,57,0.00027998,205,0.000342,0.0,0.0,0.0,0.0
discard3,"Deal 6, discard 3",6,10000000,23260935,Point total (Tam),"6 points, pair 3, kicker J♥","(1, 6, 1, 3, 11, 3)",6,38,0.00018665,119,0.000198,0.0,0.0,0.0,0.0
discard3,"Deal 6, discard 3",6,10000000,23260935,Point total (Tam),"6 points, pair 3, kicker J♦","(1, 6, 1, 3, 11, 2)",6,19,9.333e-05,60,0.0001,0.0,0.0,0.0,0.0
discard3,"Deal 6, discard 3",6,10000000,23260935,Point total (Tam),"6 points, A-K-5, control A♠","(1, 6, 0, 14, 13, 5, 4)",15,504,0.00247562,1522,0.002537,0.0,0.0,0.0,0.0
discard3,"Deal 6, discard 3",6,10000000,23260935,Point total (Tam),"6 points, A-K-5, control A♥","(1, 6, 0, 14, 13, 5, 3)",15,504,0.00247562,1468,0.002447,0.0,0.0,0.0,0.0
discard3,"Deal 6, discard 3",6,10000000,23260935,Point total (Tam),"6 points, A-K-5, control A♦","(1, 6, 0, 14, 13, 5, 2)",15,504,0.00247562,1463,0.002438,0.0,0.0,0.0,0.0
discard3,"Deal 6, discard 3",6,10000000,23260935,Point total (Tam),"6 points, A-K-5, control A♣","(1, 6, 0, 14, 13, 5, 1)",15,504,0.00247562,1413,0.002355,0.0,0.0,0.0,0.0
discard3,"Deal 6, discard 3",6,10000000,23260935,Point total (Tam),"6 points, A-Q-5, control A♠","(1, 6, 0, 14, 12, 5, 4)",15,198,0.00097257,591,0.000985,0.0,0.0,0.0,0.0
discard3,"Deal 6, discard 3",6,10000000,23260935,Point total (Tam),"6 points, A-Q-5, control A♥","(1, 6, 0, 14, 12, 5, 3)",15,198,0.00097257,574,0.000957,0.0,0.0,0.0,0.0
discard3,"Deal 6, discard 3",6,10000000,23260935,Point total (Tam),"6 points, A-Q-5, control A♦","(1, 6, 0, 14, 12, 5, 2)",15,198,0.00097257,602,0.001003,0.0,0.0,0.0,0.0
discard3,"Deal 6, discard 3",6,10000000,23260935,Point total (Tam),"6 points, A-Q-5, control A♣","(1, 6, 0, 14, 12, 5, 1)",15,198,0.00097257,547,0.000912,0.0,0.0,0.0,0.0
discard3,"Deal 6, discard 3",6,10000000,23260935,Point total (Tam),"6 points, A-J-5, control A♠","(1, 6, 0, 14, 11, 5, 4)",15,198,0.00097257,565,0.000942,0.0,0.0,0.0,0.0
discard3,"Deal 6, discard 3",6,10000000,23260935,Point total (Tam),"6 points, A-J-5, control A♥","(1, 6, 0, 14, 11, 5, 3)",15,198,0.00097257,610,0.001017,0.0,0.0,0.0,0.0
discard3,"Deal 6, discard 3",6,10000000,23260935,Point total (Tam),"6 points, A-J-5, control A♦","(1, 6, 0, 14, 11, 5, 2)",15,198,0.00097257,597,0.000995,0.0,0.0,0.0,0.0
discard3,"Deal 6, discard 3",6,10000000,23260935,Point total (Tam),"6 points, A-J-5, control A♣","(1, 6, 0, 14, 11, 5, 1)",15,198,0.00097257,539,0.000898,0.0,0.0,0.0,0.0
discard3,"Deal 6, discard 3",6,10000000,23260935,Point total (Tam),"6 points, K-4-2, control K♠","(1, 6, 0, 13, 4, 2, 4)",15,438,0.00215143,1290,0.00215,0.0,0.0,0.0,0.0
discard3,"Deal 6, discard 3",6,10000000,23260935,Point total (Tam),"6 points, K-4-2, control K♥","(1, 6, 0, 13, 4, 2, 3)",15,394,0.00193531,1112,0.001853,0.0,0.0,0.0,0.0
discard3,"Deal 6, discard 3",6,10000000,23260935,Point total (Tam),"6 points, K-4-2, control K♦","(1, 6, 0, 13, 4, 2, 2)",15,350,0.00171918,1036,0.001727,0.0,0.0,0.0,0.0
discard3,"Deal 6, discard 3",6,10000000,23260935,Point total (Tam),"6 points, K-4-2, control K♣","(1, 6, 0, 13, 4, 2, 1)",15,306,0.00150306,924,0.00154,0.0,0.0,0.0,0.0
discard3,"Deal 6, discard 3",6,10000000,23260935,Point total (Tam),"6 points, Q-4-2, control Q♠","(1, 6, 0, 12, 4, 2, 4)",15,132,0.00064838,391,0.000652,0.0,0.0,0.0,0.0
discard3,"Deal 6, discard 3",6,10000000,23260935,Point total (Tam),"6 points, Q-4-2, control Q♥","(1, 6, 0, 12, 4, 2, 3)",15,88,0.00043225,245,0.000408,0.0,0.0,0.0,0.0
discard3,"Deal 6, discard 3",6,10000000,23260935,Point total (Tam),"6 points, Q-4-2, control Q♦","(1, 6, 0, 12, 4, 2, 2)",15,44,0.00021613,128,0.000213,0.0,0.0,0.0,0.0
discard3,"Deal 6, discard 3",6,10000000,23260935,Point total (Tam),"6 points, J-4-2, control J♠","(1, 6, 0, 11, 4, 2, 4)",15,132,0.00064838,373,0.000622,0.0,0.0,0.0,0.0
discard3,"Deal 6, discard 3",6,10000000,23260935,Point total (Tam),"6 points, J-4-2, control J♥","(1, 6, 0, 11, 4, 2, 3)",15,88,0.00043225,280,0.000467,0.0,0.0,0.0,0.0
discard3,"Deal 6, discard 3",6,10000000,23260935,Point total (Tam),"6 points, J-4-2, control J♦","(1, 6, 0, 11, 4, 2, 2)",15,44,0.00021613,120,0.0002,0.0,0.0,0.0,0.0
discard3,"Deal 6, discard 3",6,10000000,23260935,Point total (Tam),"5 points, pair A, kicker 3♠","(1, 5, 1, 14, 3, 4)",6,549,0.00269666,1556,0.002593,0.0,0.0,0.0,0.0
discard3,"Deal 6, discard 3",6,10000000,23260935,Point total (Tam),"5 points, pair A, kicker 3♥","(1, 5, 1, 14, 3, 3)",6,549,0.00269666,1675,0.002792,0.0,0.0,0.0,0.0
discard3,"Deal 6, discard 3",6,10000000,23260935,Point total (Tam),"5 points, pair A, kicker 3♦","(1, 5, 1, 14, 3, 2)",6,549,0.00269666,1619,0.002698,0.0,0.0,0.0,0.0
discard3,"Deal 6, discard 3",6,10000000,23260935,Point total (Tam),"5 points, pair A, kicker 3♣","(1, 5, 1, 14, 3, 1)",6,549,0.00269666,1603,0.002672,0.0,0.0,0.0,0.0
discard3,"Deal 6, discard 3",6,10000000,23260935,Point total (Tam),"5 points, pair K, kicker 5♠","(1, 5, 1, 13, 5, 4)",6,57,0.00027998,195,0.000325,0.0,0.0,0.0,0.0
discard3,"Deal 6, discard 3",6,10000000,23260935,Point total (Tam),"5 points, pair K, kicker 5♥","(1, 5, 1, 13, 5, 3)",6,38,0.00018665,114,0.00019,0.0,0.0,0.0,0.0
discard3,"Deal 6, discard 3",6,10000000,23260935,Point total (Tam),"5 points, pair K, kicker 5♦","(1, 5, 1, 13, 5, 2)",6,19,9.333e-05,47,7.8e-05,0.0,0.0,0.0,0.0
discard3,"Deal 6, discard 3",6,10000000,23260935,Point total (Tam),"5 points, pair Q, kicker 5♠","(1, 5, 1, 12, 5, 4)",6,57,0.00027998,183,0.000305,0.0,0.0,0.0,0.0
discard3,"Deal 6, discard 3",6,10000000,23260935,Point total (Tam),"5 points, pair Q, kicker 5♥","(1, 5, 1, 12, 5, 3)",6,38,0.00018665,120,0.0002,0.0,0.0,0.0,0.0
discard3,"Deal 6, discard 3",6,10000000,23260935,Point total (Tam),"5 points, pair Q, kicker 5♦","(1, 5, 1, 12, 5, 2)",6,19,9.333e-05,60,0.0001,0.0,0.0,0.0,0.0
discard3,"Deal 6, discard 3",6,10000000,23260935,Point total (Tam),"5 points, pair J, kicker 5♠","(1, 5, 1, 11, 5, 4)",6,57,0.00027998,167,0.000278,0.0,0.0,0.0,0.0
discard3,"Deal 6, discard 3",6,10000000,23260935,Point total (Tam),"5 points, pair J, kicker 5♥","(1, 5, 1, 11, 5, 3)",6,38,0.00018665,89,0.000148,0.0,0.0,0.0,0.0
discard3,"Deal 6, discard 3",6,10000000,23260935,Point total (Tam),"5 points, pair J, kicker 5♦","(1, 5, 1, 11, 5, 2)",6,19,9.333e-05,58,9.7e-05,0.0,0.0,0.0,0.0
discard3,"Deal 6, discard 3",6,10000000,23260935,Point total (Tam),"5 points, pair 10, kicker 5♠","(1, 5, 1, 10, 5, 4)",6,264,0.00129675,761,0.001268,0.0,0.0,0.0,0.0
discard3,"Deal 6, discard 3",6,10000000,23260935,Point total (Tam),"5 points, pair 10, kicker 5♥","(1, 5, 1, 10, 5, 3)",6,176,0.0008645,501,0.000835,0.0,0.0,0.0,0.0
discard3,"Deal 6, discard 3",6,10000000,23260935,Point total (Tam),"5 points, pair 10, kicker 5♦","(1, 5, 1, 10, 5, 2)",6,88,0.00043225,267,0.000445,0.0,0.0,0.0,0.0
discard3,"Deal 6, discard 3",6,10000000,23260935,Point total (Tam),"5 points, pair 2, kicker A♠","(1, 5, 1, 2, 14, 4)",6,1965,0.00965198,5836,0.009727,0.0,0.0,0.0,0.0
discard3,"Deal 6, discard 3",6,10000000,23260935,Point total (Tam),"5 points, pair 2, kicker A♥","(1, 5, 1, 2, 14, 3)",6,1493,0.00733354,4445,0.007408,0.0,0.0,0.0,0.0
discard3,"Deal 6, discard 3",6,10000000,23260935,Point total (Tam),"5 points, pair 2, kicker A♦","(1, 5, 1, 2, 14, 2)",6,1021,0.0050151,3123,0.005205,0.0,0.0,0.0,0.0
discard3,"Deal 6, discard 3",6,10000000,23260935,Point total (Tam),"5 points, pair 2, kicker A♣","(1, 5, 1, 2, 14, 1)",6,549,0.00269666,1667,0.002778,0.0,0.0,0.0,0.0
discard3,"Deal 6, discard 3",6,10000000,23260935,Point total (Tam),"5 points, A-K-4, control A♠","(1, 5, 0, 14, 13, 4, 4)",15,219,0.00107572,665,0.001108,0.0,0.0,0.0,0.0
discard3,"Deal 6, discard 3",6,10000000,23260935,Point total (Tam),"5 points, A-K-4, control A♥","(1, 5, 0, 14, 13, 4, 3)",15,219,0.00107572,698,0.001163,0.0,0.0,0.0,0.0
discard3,"Deal 6, discard 3",6,10000000,23260935,Point total (Tam),"5 points, A-K-4, control A♦","(1, 5, 0, 14, 13, 4, 2)",15,219,0.00107572,637,0.001062,0.0,0.0,0.0,0.0
discard3,"Deal 6, discard 3",6,10000000,23260935,Point total (Tam),"5 points, A-K-4, control A♣","(1, 5, 0, 14, 13, 4, 1)",15,219,0.00107572,626,0.001043,0.0,0.0,0.0,0.0
discard3,"Deal 6, discard 3",6,10000000,23260935,Point total (Tam),"5 points, A-Q-4, control A♠","(1, 5, 0, 14, 12, 4, 4)",15,66,0.00032419,172,0.000287,0.0,0.0,0.0,0.0
discard3,"Deal 6, discard 3",6,10000000,23260935,Point total (Tam),"5 points, A-Q-4, control A♥","(1, 5, 0, 14, 12, 4, 3)",15,66,0.00032419,199,0.000332,0.0,0.0,0.0,0.0
discard3,"Deal 6, discard 3",6,10000000,23260935,Point total (Tam),"5 points, A-Q-4, control A♦","(1, 5, 0, 14, 12, 4, 2)",15,66,0.00032419,186,0.00031,0.0,0.0,0.0,0.0
discard3,"Deal 6, discard 3",6,10000000,23260935,Point total (Tam),"5 points, A-Q-4, control A♣","(1, 5, 0, 14, 12, 4, 1)",15,66,0.00032419,168,0.00028,0.0,0.0,0.0,0.0
discard3,"Deal 6, discard 3",6,10000000,23260935,Point total (Tam),"5 points, A-J-4, control A♠","(1, 5, 0, 14, 11, 4, 4)",15,66,0.00032419,199,0.000332,0.0,0.0,0.0,0.0
discard3,"Deal 6, discard 3",6,10000000,23260935,Point total (Tam),"5 points, A-J-4, control A♥","(1, 5, 0, 14, 11, 4, 3)",15,66,0.00032419,155,0.000258,0.0,0.0,0.0,0.0
discard3,"Deal 6, discard 3",6,10000000,23260935,Point total (Tam),"5 points, A-J-4, control A♦","(1, 5, 0, 14, 11, 4, 2)",15,66,0.00032419,174,0.00029,0.0,0.0,0.0,0.0
discard3,"Deal 6, discard 3",6,10000000,23260935,Point total (Tam),"5 points, A-J-4, control A♣","(1, 5, 0, 14, 11, 4, 1)",15,66,0.00032419,201,0.000335,0.0,0.0,0.0,0.0
discard3,"Deal 6, discard 3",6,10000000,23260935,Point total (Tam),"5 points, K-3-2, control K♠","(1, 5, 0, 13, 3, 2, 4)",15,438,0.00215143,1248,0.00208,0.0,0.0,0.0,0.0
discard3,"Deal 6, discard 3",6,10000000,23260935,Point total (Tam),"5 points, K-3-2, control K♥","(1, 5, 0, 13, 3, 2, 3)",15,394,0.00193531,1202,0.002003,0.0,0.0,0.0,0.0
discard3,"Deal 6, discard 3",6,10000000,23260935,Point total (Tam),"5 points, K-3-2, control K♦","(1, 5, 0, 13, 3, 2, 2)",15,350,0.00171918,973,0.001622,0.0,0.0,0.0,0.0
discard3,"Deal 6, discard 3",6,10000000,23260935,Point total (Tam),"5 points, K-3-2, control K♣","(1, 5, 0, 13, 3, 2, 1)",15,306,0.00150306,864,0.00144,0.0,0.0,0.0,0.0
discard3,"Deal 6, discard 3",6,10000000,23260935,Point total (Tam),"5 points, Q-3-2, control Q♠","(1, 5, 0, 12, 3, 2, 4)",15,132,0.00064838,402,0.00067,0.0,0.0,0.0,0.0
discard3,"Deal 6, discard 3",6,10000000,23260935,Point total (Tam),"5 points, Q-3-2, control Q♥","(1, 5, 0, 12, 3, 2, 3)",15,88,0.00043225,253,0.000422,0.0,0.0,0.0,0.0
discard3,"Deal 6, discard 3",6,10000000,23260935,Point total (Tam),"5 points, Q-3-2, control Q♦","(1, 5, 0, 12, 3, 2, 2)",15,44,0.00021613,141,0.000235,0.0,0.0,0.0,0.0
discard3,"Deal 6, discard 3",6,10000000,23260935,Point total (Tam),"5 points, J-3-2, control J♠","(1, 5, 0, 11, 3, 2, 4)",15,132,0.00064838,389,0.000648,0.0,0.0,0.0,0.0
discard3,"Deal 6, discard 3",6,10000000,23260935,Point total (Tam),"5 points, J-3-2, control J♥","(1, 5, 0, 11, 3, 2, 3)",15,88,0.00043225,256,0.000427,0.0,0.0,0.0,0.0
discard3,"Deal 6, discard 3",6,10000000,23260935,Point total (Tam),"5 points, J-3-2, control J♦","(1, 5, 0, 11, 3, 2, 2)",15,44,0.00021613,143,0.000238,0.0,0.0,0.0,0.0
discard3,"Deal 6, discard 3",6,10000000,23260935,Point total (Tam),"4 points, pair A, kicker 2♠","(1, 4, 1, 14, 2, 4)",6,549,0.00269666,1626,0.00271,0.0,0.0,0.0,0.0
discard3,"Deal 6, discard 3",6,10000000,23260935,Point total (Tam),"4 points, pair A, kicker 2♥","(1, 4, 1, 14, 2, 3)",6,549,0.00269666,1629,0.002715,0.0,0.0,0.0,0.0
discard3,"Deal 6, discard 3",6,10000000,23260935,Point total (Tam),"4 points, pair A, kicker 2♦","(1, 4, 1, 14, 2, 2)",6,549,0.00269666,1562,0.002603,0.0,0.0,0.0,0.0
discard3,"Deal 6, discard 3",6,10000000,23260935,Point total (Tam),"4 points, pair A, kicker 2♣","(1, 4, 1, 14, 2, 1)",6,549,0.00269666,1621,0.002702,0.0,0.0,0.0,0.0
discard3,"Deal 6, discard 3",6,10000000,23260935,Point total (Tam),"4 points, pair 2, kicker K♠","(1, 4, 1, 2, 13, 4)",6,189,0.00092836,565,0.000942,0.0,0.0,0.0,0.0
discard3,"Deal 6, discard 3",6,10000000,23260935,Point total (Tam),"4 points, pair 2, kicker K♥","(1, 4, 1, 2, 13, 3)",6,170,0.00083503,516,0.00086,0.0,0.0,0.0,0.0
discard3,"Deal 6, discard 3",6,10000000,23260935,Point total (Tam),"4 points, pair 2, kicker K♦","(1, 4, 1, 2, 13, 2)",6,151,0.0007417,460,0.000767,0.0,0.0,0.0,0.0
discard3,"Deal 6, discard 3",6,10000000,23260935,Point total (Tam),"4 points, pair 2, kicker K♣","(1, 4, 1, 2, 13, 1)",6,132,0.00064838,364,0.000607,0.0,0.0,0.0,0.0
discard3,"Deal 6, discard 3",6,10000000,23260935,Point total (Tam),"4 points, pair 2, kicker Q♠","(1, 4, 1, 2, 12, 4)",6,57,0.00027998,168,0.00028,0.0,0.0,0.0,0.0
discard3,"Deal 6, discard 3",6,10000000,23260935,Point total (Tam),"4 points, pair 2, kicker Q♥","(1, 4, 1, 2, 12, 3)",6,38,0.00018665,114,0.00019,0.0,0.0,0.0,0.0
discard3,"Deal 6, discard 3",6,10000000,23260935,Point total (Tam),"4 points, pair 2, kicker Q♦","(1, 4, 1, 2, 12, 2)",6,19,9.333e-05,57,9.5e-05,0.0,0.0,0.0,0.0
discard3,"Deal 6, discard 3",6,10000000,23260935,Point total (Tam),"4 points, pair 2, kicker J♠","(1, 4, 1, 2, 11, 4)",6,57,0.00027998,170,0.000283,0.0,0.0,0.0,0.0
discard3,"Deal 6, discard 3",6,10000000,23260935,Point total (Tam),"4 points, pair 2, kicker J♥","(1, 4, 1, 2, 11, 3)",6,38,0.00018665,114,0.00019,0.0,0.0,0.0,0.0
discard3,"Deal 6, discard 3",6,10000000,23260935,Point total (Tam),"4 points, pair 2, kicker J♦","(1, 4, 1, 2, 11, 2)",6,19,9.333e-05,55,9.2e-05,0.0,0.0,0.0,0.0
discard3,"Deal 6, discard 3",6,10000000,23260935,Point total (Tam),"4 points, A-K-3, control A♠","(1, 4, 0, 14, 13, 3, 4)",15,219,0.00107572,672,0.00112,0.0,0.0,0.0,0.0
discard3,"Deal 6, discard 3",6,10000000,23260935,Point total (Tam),"4 points, A-K-3, control A♥","(1, 4, 0, 14, 13, 3, 3)",15,219,0.00107572,667,0.001112,0.0,0.0,0.0,0.0
discard3,"Deal 6, discard 3",6,10000000,23260935,Point total (Tam),"4 points, A-K-3, control A♦","(1, 4, 0, 14, 13, 3, 2)",15,219,0.00107572,721,0.001202,0.0,0.0,0.0,0.0
discard3,"Deal 6, discard 3",6,10000000,23260935,Point total (Tam),"4 points, A-K-3, control A♣","(1, 4, 0, 14, 13, 3, 1)",15,219,0.00107572,647,0.001078,0.0,0.0,0.0,0.0
discard3,"Deal 6, discard 3",6,10000000,23260935,Point total (Tam),"4 points, A-Q-3, control A♠","(1, 4, 0, 14, 12, 3, 4)",15,66,0.00032419,220,0.000367,0.0,0.0,0.0,0.0
discard3,"Deal 6, discard 3",6,10000000,23260935,Point total (Tam),"4 points, A-Q-3, control A♥","(1, 4, 0, 14, 12, 3, 3)",15,66,0.00032419,204,0.00034,0.0,0.0,0.0,0.0
discard3,"Deal 6, discard 3",6,10000000,23260935,Point total (Tam),"4 points, A-Q-3, control A♦","(1, 4, 0, 14, 12, 3, 2)",15,66,0.00032419,190,0.000317,0.0,0.0,0.0,0.0
discard3,"Deal 6, discard 3",6,10000000,23260935,Point total (Tam),"4 points, A-Q-3, control A♣","(1, 4, 0, 14, 12, 3, 1)",15,66,0.00032419,169,0.000282,0.0,0.0,0.0,0.0
discard3,"Deal 6, discard 3",6,10000000,23260935,Point total (Tam),"4 points, A-J-3, control A♠","(1, 4, 0, 14, 11, 3, 4)",15,66,0.00032419,209,0.000348,0.0,0.0,0.0,0.0
discard3,"Deal 6, discard 3",6,10000000,23260935,Point total (Tam),"4 points, A-J-3, control A♥","(1, 4, 0, 14, 11, 3, 3)",15,66,0.00032419,196,0.000327,0.0,0.0,0.0,0.0
discard3,"Deal 6, discard 3",6,10000000,23260935,Point total (Tam),"4 points, A-J-3, control A♦","(1, 4, 0, 14, 11, 3, 2)",15,66,0.00032419,193,0.000322,0.0,0.0,0.0,0.0
discard3,"Deal 6, discard 3",6,10000000,23260935,Point total (Tam),"4 points, A-J-3, control A♣","(1, 4, 0, 14, 11, 3, 1)",15,66,0.00032419,189,0.000315,0.0,0.0,0.0,0.0
discard3,"Deal 6, discard 3",6,10000000,23260935,Point total (Tam),"3 points, A-K-2, control A♠","(1, 3, 0, 14, 13, 2, 4)",15,219,0.00107572,631,0.001052,0.0,0.0,0.0,0.0
discard3,"Deal 6, discard 3",6,10000000,23260935,Point total (Tam),"3 points, A-K-2, control A♥","(1, 3, 0, 14, 13, 2, 3)",15,219,0.00107572,635,0.001058,0.0,0.0,0.0,0.0
discard3,"Deal 6, discard 3",6,10000000,23260935,Point total (Tam),"3 points, A-K-2, control A♦","(1, 3, 0, 14, 13, 2, 2)",15,219,0.00107572,620,0.001033,0.0,0.0,0.0,0.0
discard3,"Deal 6, discard 3",6,10000000,23260935,Point total (Tam),"3 points, A-K-2, control A♣","(1, 3, 0, 14, 13, 2, 1)",15,219,0.00107572,661,0.001102,0.0,0.0,0.0,0.0
discard3,"Deal 6, discard 3",6,10000000,23260935,Point total (Tam),"3 points, A-Q-2, control A♠","(1, 3, 0, 14, 12, 2, 4)",15,66,0.00032419,204,0.00034,0.0,0.0,0.0,0.0
discard3,"Deal 6, discard 3",6,10000000,23260935,Point total (Tam),"3 points, A-Q-2, control A♥","(1, 3, 0, 14, 12, 2, 3)",15,66,0.00032419,193,0.000322,0.0,0.0,0.0,0.0
discard3,"Deal 6, discard 3",6,10000000,23260935,Point total (Tam),"3 points, A-Q-2, control A♦","(1, 3, 0, 14, 12, 2, 2)",15,66,0.00032419,203,0.000338,0.0,0.0,0.0,0.0
discard3,"Deal 6, discard 3",6,10000000,23260935,Point total (Tam),"3 points, A-Q-2, control A♣","(1, 3, 0, 14, 12, 2, 1)",15,66,0.00032419,194,0.000323,0.0,0.0,0.0,0.0
discard3,"Deal 6, discard 3",6,10000000,23260935,Point total (Tam),"3 points, A-J-2, control A♠","(1, 3, 0, 14, 11, 2, 4)",15,66,0.00032419,185,0.000308,0.0,0.0,0.0,0.0
discard3,"Deal 6, discard 3",6,10000000,23260935,Point total (Tam),"3 points, A-J-2, control A♥","(1, 3, 0, 14, 11, 2, 3)",15,66,0.00032419,195,0.000325,0.0,0.0,0.0,0.0
discard3,"Deal 6, discard 3",6,10000000,23260935,Point total (Tam),"3 points, A-J-2, control A♦","(1, 3, 0, 14, 11, 2, 2)",15,66,0.00032419,198,0.00033,0.0,0.0,0.0,0.0
discard3,"Deal 6, discard 3",6,10000000,23260935,Point total (Tam),"3 points, A-J-2, control A♣","(1, 3, 0, 14, 11, 2, 1)",15,66,0.00032419,182,0.000303,0.0,0.0,0.0,0.0
discard3,"Deal 6, discard 3",6,10000000,23260935,Point total (Tam),"2 points, pair A, kicker K♠","(1, 2, 1, 14, 13, 4)",6,123,0.00060417,382,0.000637,0.0,0.0,0.0,0.0
discard3,"Deal 6, discard 3",6,10000000,23260935,Point total (Tam),"2 points, pair A, kicker K♥","(1, 2, 1, 14, 13, 3)",6,104,0.00051084,310,0.000517,0.0,0.0,0.0,0.0
discard3,"Deal 6, discard 3",6,10000000,23260935,Point total (Tam),"2 points, pair A, kicker K♦","(1, 2, 1, 14, 13, 2)",6,85,0.00041752,247,0.000412,0.0,0.0,0.0,0.0
discard3,"Deal 6, discard 3",6,10000000,23260935,Point total (Tam),"2 points, pair A, kicker K♣","(1, 2, 1, 14, 13, 1)",6,66,0.00032419,213,0.000355,0.0,0.0,0.0,0.0
discard3,"Deal 6, discard 3",6,10000000,23260935,Point total (Tam),"2 points, pair A, kicker Q♠","(1, 2, 1, 14, 12, 4)",6,57,0.00027998,167,0.000278,0.0,0.0,0.0,0.0
discard3,"Deal 6, discard 3",6,10000000,23260935,Point total (Tam),"2 points, pair A, kicker Q♥","(1, 2, 1, 14, 12, 3)",6,38,0.00018665,121,0.000202,0.0,0.0,0.0,0.0
discard3,"Deal 6, discard 3",6,10000000,23260935,Point total (Tam),"2 points, pair A, kicker Q♦","(1, 2, 1, 14, 12, 2)",6,19,9.333e-05,62,0.000103,0.0,0.0,0.0,0.0
discard3,"Deal 6, discard 3",6,10000000,23260935,Point total (Tam),"2 points, pair A, kicker J♠","(1, 2, 1, 14, 11, 4)",6,57,0.00027998,165,0.000275,0.0,0.0,0.0,0.0
discard3,"Deal 6, discard 3",6,10000000,23260935,Point total (Tam),"2 points, pair A, kicker J♥","(1, 2, 1, 14, 11, 3)",6,38,0.00018665,110,0.000183,0.0,0.0,0.0,0.0
discard3,"Deal 6, discard 3",6,10000000,23260935,Point total (Tam),"2 points, pair A, kicker J♦","(1, 2, 1, 14, 11, 2)",6,19,9.333e-05,64,0.000107,0.0,0.0,0.0,0.0
