variant,variant_name,cards_dealt_per_player,rounds,seed,category,hand,strength_key,physical_3card_hands,dealt_hands_ending_at_strength,exact_final_hand_frequency_pct,observed_final_hands,simulated_final_hand_frequency_pct,win_3_players_pct,win_4_players_pct,win_5_players_pct,win_6_players_pct
discard2,"Deal 5, discard 2",5,10000000,22260932,Tong (three of a kind),Tong A-A-A,"(6, 14)",4,4560,0.1754548,105692,0.176153,100.0,100.0,100.0,100.0
discard2,"Deal 5, discard 2",5,10000000,22260932,Tong (three of a kind),Tong K-K-K,"(6, 13)",4,4560,0.1754548,105434,0.175723,99.5633,99.345,99.1267,98.9083
discard2,"Deal 5, discard 2",5,10000000,22260932,Tong (three of a kind),Tong Q-Q-Q,"(6, 12)",4,4560,0.1754548,105333,0.175555,99.162,98.746,98.332,97.9199
discard2,"Deal 5, discard 2",5,10000000,22260932,Tong (three of a kind),Tong J-J-J,"(6, 11)",4,4560,0.1754548,106045,0.176742,98.7352,98.107,97.4816,96.8589
discard2,"Deal 5, discard 2",5,10000000,22260932,Tong (three of a kind),Tong 10-10-10,"(6, 10)",4,4560,0.1754548,105546,0.17591,98.2924,97.4473,96.6079,95.7744
discard2,"Deal 5, discard 2",5,10000000,22260932,Tong (three of a kind),Tong 9-9-9,"(6, 9)",4,4560,0.1754548,105274,0.175457,97.938,96.9241,95.9213,94.9294
discard2,"Deal 5, discard 2",5,10000000,22260932,Tong (three of a kind),Tong 8-8-8,"(6, 8)",4,4560,0.1754548,105204,0.17534,97.496,96.2656,95.0494,93.8472
discard2,"Deal 5, discard 2",5,10000000,22260932,Tong (three of a kind),Tong 7-7-7,"(6, 7)",4,4560,0.1754548,105205,0.175342,97.1446,95.7509,94.3794,93.0298
discard2,"Deal 5, discard 2",5,10000000,22260932,Tong (three of a kind),Tong 6-6-6,"(6, 6)",4,4560,0.1754548,104817,0.174695,96.6973,95.0932,93.5198,91.9765
discard2,"Deal 5, discard 2",5,10000000,22260932,Tong (three of a kind),Tong 5-5-5,"(6, 5)",4,4560,0.1754548,105353,0.175588,96.2516,94.4326,92.6497,90.902
discard2,"Deal 5, discard 2",5,10000000,22260932,Tong (three of a kind),Tong 4-4-4,"(6, 4)",4,4560,0.1754548,105256,0.175427,95.8376,93.8314,91.8735,89.9626
discard2,"Deal 5, discard 2",5,10000000,22260932,Tong (three of a kind),Tong 3-3-3,"(6, 3)",4,4560,0.1754548,105370,0.175617,95.4449,93.2541,91.1191,89.0386
discard2,"Deal 5, discard 2",5,10000000,22260932,Tong (three of a kind),Tong 2-2-2,"(6, 2)",4,4560,0.1754548,105293,0.175488,94.9209,92.4896,90.1253,87.8245
discard2,"Deal 5, discard 2",5,10000000,22260932,Straight flush,Straight flush Q-K-A ♠,"(5, 11, 4)",1,1167,0.04490258,26730,0.04455,95.3505,93.1156,90.9375,88.8141
discard2,"Deal 5, discard 2",5,10000000,22260932,Straight flush,Straight flush Q-K-A ♥,"(5, 11, 3)",1,1167,0.04490258,26945,0.044908,95.3743,93.1397,90.9549,88.818
discard2,"Deal 5, discard 2",5,10000000,22260932,Straight flush,Straight flush Q-K-A ♦,"(5, 11, 2)",1,1167,0.04490258,26987,0.044978,95.3529,93.1211,90.949,88.8354
discard2,"Deal 5, discard 2",5,10000000,22260932,Straight flush,Straight flush Q-K-A ♣,"(5, 11, 1)",1,1167,0.04490258,26938,0.044897,95.1693,92.8629,90.6266,88.4587
discard2,"Deal 5, discard 2",5,10000000,22260932,Straight flush,Straight flush J-Q-K ♠,"(5, 10, 4)",1,1119,0.04305568,25778,0.042963,95.2192,92.93,90.7045,88.5406
discard2,"Deal 5, discard 2",5,10000000,22260932,Straight flush,Straight flush J-Q-K ♥,"(5, 10, 3)",1,1119,0.04305568,25869,0.043115,95.1061,92.7523,90.4581,88.2214
discard2,"Deal 5, discard 2",5,10000000,22260932,Straight flush,Straight flush J-Q-K ♦,"(5, 10, 2)",1,1119,0.04305568,26098,0.043497,95.1931,92.8883,90.6445,88.4589
discard2,"Deal 5, discard 2",5,10000000,22260932,Straight flush,Straight flush J-Q-K ♣,"(5, 10, 1)",1,1119,0.04305568,25733,0.042888,94.8292,92.3452,89.9258,87.5685
discard2,"Deal 5, discard 2",5,10000000,22260932,Straight flush,Straight flush 10-J-Q ♠,"(5, 9, 4)",1,1119,0.04305568,25690,0.042817,94.8381,92.3776,89.9938,87.6839
discard2,"Deal 5, discard 2",5,10000000,22260932,Straight flush,Straight flush 10-J-Q ♥,"(5, 9, 3)",1,1119,0.04305568,25692,0.04282,94.7906,92.3038,89.891,87.5487
discard2,"Deal 5, discard 2",5,10000000,22260932,Straight flush,Straight flush 10-J-Q ♦,"(5, 9, 2)",1,1119,0.04305568,25933,0.043222,94.7638,92.2531,89.8114,87.4369
discard2,"Deal 5, discard 2",5,10000000,22260932,Straight flush,Straight flush 10-J-Q ♣,"(5, 9, 1)",1,1119,0.04305568,25748,0.042913,94.6206,92.0475,89.5487,87.1213
discard2,"Deal 5, discard 2",5,10000000,22260932,Straight flush,Straight flush 9-10-J ♠,"(5, 8, 4)",1,1119,0.04305568,26287,0.043812,94.3299,91.6324,89.022,86.4952
discard2,"Deal 5, discard 2",5,10000000,22260932,Straight flush,Straight flush 9-10-J ♥,"(5, 8, 3)",1,1119,0.04305568,26006,0.043343,94.3725,91.6958,89.1079,86.6069
discard2,"Deal 5, discard 2",5,10000000,22260932,Straight flush,Straight flush 9-10-J ♦,"(5, 8, 2)",1,1119,0.04305568,25858,0.043097,94.3944,91.7086,89.0982,86.5612
discard2,"Deal 5, discard 2",5,10000000,22260932,Straight flush,Straight flush 9-10-J ♣,"(5, 8, 1)",1,1119,0.04305568,25869,0.043115,94.3527,91.656,89.0409,86.5051
discard2,"Deal 5, discard 2",5,10000000,22260932,Straight flush,Straight flush 8-9-10 ♠,"(5, 7, 4)",1,1119,0.04305568,25696,0.042827,93.9734,91.1006,88.3172,85.6203
discard2,"Deal 5, discard 2",5,10000000,22260932,Straight flush,Straight flush 8-9-10 ♥,"(5, 7, 3)",1,1119,0.04305568,25928,0.043213,93.9957,91.1374,88.3693,85.6873
discard2,"Deal 5, discard 2",5,10000000,22260932,Straight flush,Straight flush 8-9-10 ♦,"(5, 7, 2)",1,1119,0.04305568,25908,0.04318,93.9096,91.0128,88.209,85.4948
discard2,"Deal 5, discard 2",5,10000000,22260932,Straight flush,Straight flush 8-9-10 ♣,"(5, 7, 1)",1,1119,0.04305568,25778,0.042963,93.6403,90.6242,87.7136,84.9057
discard2,"Deal 5, discard 2",5,10000000,22260932,Straight flush,Straight flush 7-8-9 ♠,"(5, 6, 4)",1,1119,0.04305568,25723,0.042872,93.7589,90.8024,87.9516,85.2039
discard2,"Deal 5, discard 2",5,10000000,22260932,Straight flush,Straight flush 7-8-9 ♥,"(5, 6, 3)",1,1119,0.04305568,25634,0.042723,93.4942,90.4057,87.4222,84.5401
discard2,"Deal 5, discard 2",5,10000000,22260932,Straight flush,Straight flush 7-8-9 ♦,"(5, 6, 2)",1,1119,0.04305568,25673,0.042788,93.5239,90.4659,87.5231,84.6921
discard2,"Deal 5, discard 2",5,10000000,22260932,Straight flush,Straight flush 7-8-9 ♣,"(5, 6, 1)",1,1119,0.04305568,25932,0.04322,93.5315,90.4643,87.5042,84.6483
discard2,"Deal 5, discard 2",5,10000000,22260932,Straight flush,Straight flush 6-7-8 ♠,"(5, 5, 4)",1,1119,0.04305568,25938,0.04323,93.3033,90.1388,87.0908,84.1545
discard2,"Deal 5, discard 2",5,10000000,22260932,Straight flush,Straight flush 6-7-8 ♥,"(5, 5, 3)",1,1119,0.04305568,25521,0.042535,93.3165,90.1336,87.053,84.0719
discard2,"Deal 5, discard 2",5,10000000,22260932,Straight flush,Straight flush 6-7-8 ♦,"(5, 5, 2)",1,1119,0.04305568,26203,0.043672,93.2737,90.092,87.0267,84.0743
discard2,"Deal 5, discard 2",5,10000000,22260932,Straight flush,Straight flush 6-7-8 ♣,"(5, 5, 1)",1,1119,0.04305568,25900,0.043167,93.0788,89.7992,86.6363,83.5869
discard2,"Deal 5, discard 2",5,10000000,22260932,Straight flush,Straight flush 5-6-7 ♠,"(5, 4, 4)",1,1119,0.04305568,25964,0.043273,92.9094,89.5575,86.3265,83.2114
discard2,"Deal 5, discard 2",5,10000000,22260932,Straight flush,Straight flush 5-6-7 ♥,"(5, 4, 3)",1,1119,0.04305568,25945,0.043242,92.9389,89.5938,86.3665,83.253
discard2,"Deal 5, discard 2",5,10000000,22260932,Straight flush,Straight flush 5-6-7 ♦,"(5, 4, 2)",1,1119,0.04305568,25799,0.042998,92.7094,89.2876,86.0041,82.852
discard2,"Deal 5, discard 2",5,10000000,22260932,Straight flush,Straight flush 5-6-7 ♣,"(5, 4, 1)",1,1119,0.04305568,25550,0.042583,92.3609,88.7757,85.3386,82.0431
discard2,"Deal 5, discard 2",5,10000000,22260932,Straight flush,Straight flush 4-5-6 ♠,"(5, 3, 4)",1,1119,0.04305568,26002,0.043337,92.4302,88.8766,85.468,82.1975
discard2,"Deal 5, discard 2",5,10000000,22260932,Straight flush,Straight flush 4-5-6 ♥,"(5, 3, 3)",1,1119,0.04305568,25761,0.042935,92.406,88.8521,85.4517,82.1979
discard2,"Deal 5, discard 2",5,10000000,22260932,Straight flush,Straight flush 4-5-6 ♦,"(5, 3, 2)",1,1119,0.04305568,25879,0.043132,92.2176,88.5633,85.0582,81.6956
discard2,"Deal 5, discard 2",5,10000000,22260932,Straight flush,Straight flush 4-5-6 ♣,"(5, 3, 1)",1,1119,0.04305568,25693,0.042822,92.2839,88.6755,85.2224,81.9173
discard2,"Deal 5, discard 2",5,10000000,22260932,Straight flush,Straight flush 3-4-5 ♠,"(5, 2, 4)",1,1119,0.04305568,25689,0.042815,92.1702,88.4994,84.9796,81.603
discard2,"Deal 5, discard 2",5,10000000,22260932,Straight flush,Straight flush 3-4-5 ♥,"(5, 2, 3)",1,1119,0.04305568,25594,0.042657,92.0505,88.3059,84.705,81.2417
discard2,"Deal 5, discard 2",5,10000000,22260932,Straight flush,Straight flush 3-4-5 ♦,"(5, 2, 2)",1,1119,0.04305568,25797,0.042995,91.8351,88.0106,84.3478,80.8389
discard2,"Deal 5, discard 2",5,10000000,22260932,Straight flush,Straight flush 3-4-5 ♣,"(5, 2, 1)",1,1119,0.04305568,25777,0.042962,91.5696,87.6495,83.912,80.3468
discard2,"Deal 5, discard 2",5,10000000,22260932,Straight flush,Straight flush 2-3-4 ♠,"(5, 1, 4)",1,1119,0.04305568,25946,0.043243,91.6191,87.6914,83.9289,80.3245
discard2,"Deal 5, discard 2",5,10000000,22260932,Straight flush,Straight flush 2-3-4 ♥,"(5, 1, 3)",1,1119,0.04305568,25722,0.04287,91.5014,87.5243,83.7213,80.0871
discard2,"Deal 5, discard 2",5,10000000,22260932,Straight flush,Straight flush 2-3-4 ♦,"(5, 1, 2)",1,1119,0.04305568,25824,0.04304,91.5946,87.6836,83.9545,80.3981
discard2,"Deal 5, discard 2",5,10000000,22260932,Straight flush,Straight flush 2-3-4 ♣,"(5, 1, 1)",1,1119,0.04305568,25993,0.043322,91.4035,87.3981,83.5763,79.9292
discard2,"Deal 5, discard 2",5,10000000,22260932,Straight flush,Straight flush A-2-3 ♠,"(5, 0, 4)",1,1118,0.04301721,25781,0.042968,91.4425,87.4528,83.643,80.0047
discard2,"Deal 5, discard 2",5,10000000,22260932,Straight flush,Straight flush A-2-3 ♥,"(5, 0, 3)",1,1118,0.04301721,25587,0.042645,91.337,87.2971,83.4392,79.7553
discard2,"Deal 5, discard 2",5,10000000,22260932,Straight flush,Straight flush A-2-3 ♦,"(5, 0, 2)",1,1118,0.04301721,25783,0.042972,91.4118,87.4223,83.6194,79.9907
discard2,"Deal 5, discard 2",5,10000000,22260932,Straight flush,Straight flush A-2-3 ♣,"(5, 0, 1)",1,1118,0.04301721,25870,0.043117,91.3525,87.3247,83.4813,79.8145
discard2,"Deal 5, discard 2",5,10000000,22260932,Sian (three court cards J/Q/K),"Sian J-Q-K, control K♠","(4, 1, 0, 0, 4)",15,14895,0.57311386,345033,0.575055,91.4517,87.4642,83.6562,80.0199
discard2,"Deal 5, discard 2",5,10000000,22260932,Sian (three court cards J/Q/K),"Sian J-Q-K, control K♥","(4, 1, 0, 0, 3)",15,14307,0.55048943,331014,0.55169,90.6552,86.3247,82.2073,78.2928
discard2,"Deal 5, discard 2",5,10000000,22260932,Sian (three court cards J/Q/K),"Sian J-Q-K, control K♦","(4, 1, 0, 0, 2)",15,13719,0.52786499,316845,0.528075,89.8133,85.1273,80.693,76.4967
discard2,"Deal 5, discard 2",5,10000000,22260932,Sian (three court cards J/Q/K),"Sian J-Q-K, control K♣","(4, 1, 0, 0, 1)",15,13131,0.50524056,303333,0.505555,89.1446,84.1859,79.5133,75.1085
discard2,"Deal 5, discard 2",5,10000000,22260932,Sian (three court cards J/Q/K),"Sian pair K, kicker Q♠","(4, 0, 13, 12, 4)",6,5265,0.20258103,120974,0.201623,89.0223,84.0172,79.3066,74.8715
discard2,"Deal 5, discard 2",5,10000000,22260932,Sian (three court cards J/Q/K),"Sian pair K, kicker Q♥","(4, 0, 13, 12, 3)",6,5031,0.19357743,115606,0.192677,88.9537,83.8981,79.1322,74.6406
discard2,"Deal 5, discard 2",5,10000000,22260932,Sian (three court cards J/Q/K),"Sian pair K, kicker Q♦","(4, 0, 13, 12, 2)",6,4797,0.18457383,110927,0.184878,88.7589,83.6476,78.8459,74.3336
discard2,"Deal 5, discard 2",5,10000000,22260932,Sian (three court cards J/Q/K),"Sian pair K, kicker Q♣","(4, 0, 13, 12, 1)",6,4563,0.17557023,104905,0.174842,88.8035,83.7036,78.9097,74.4045
discard2,"Deal 5, discard 2",5,10000000,22260932,Sian (three court cards J/Q/K),"Sian pair K, kicker J♠","(4, 0, 13, 11, 4)",6,5394,0.20754456,124548,0.20758,88.7348,83.5793,78.7174,74.1321
discard2,"Deal 5, discard 2",5,10000000,22260932,Sian (three court cards J/Q/K),"Sian pair K, kicker J♥","(4, 0, 13, 11, 3)",6,5154,0.19831009,119155,0.198592,88.5411,83.3153,78.3989,73.7737
discard2,"Deal 5, discard 2",5,10000000,22260932,Sian (three court cards J/Q/K),"Sian pair K, kicker J♦","(4, 0, 13, 11, 2)",6,4914,0.18907563,113453,0.189088,88.4974,83.2562,78.3279,73.694
discard2,"Deal 5, discard 2",5,10000000,22260932,Sian (three court cards J/Q/K),"Sian pair K, kicker J♣","(4, 0, 13, 11, 1)",6,4674,0.17984117,108140,0.180233,88.4364,83.1699,78.2203,73.5694
discard2,"Deal 5, discard 2",5,10000000,22260932,Sian (three court cards J/Q/K),"Sian pair Q, kicker K♠","(4, 0, 12, 13, 4)",6,4563,0.17557023,105830,0.176383,87.3911,81.685,76.3436,71.3437
discard2,"Deal 5, discard 2",5,10000000,22260932,Sian (three court cards J/Q/K),"Sian pair Q, kicker K♥","(4, 0, 12, 13, 3)",6,4563,0.17557023,105245,0.175408,87.3458,81.6201,76.2621,71.249
discard2,"Deal 5, discard 2",5,10000000,22260932,Sian (three court cards J/Q/K),"Sian pair Q, kicker K♦","(4, 0, 12, 13, 2)",6,4563,0.17557023,105170,0.175283,87.3531,81.621,76.2506,71.2199
discard2,"Deal 5, discard 2",5,10000000,22260932,Sian (three court cards J/Q/K),"Sian pair Q, kicker K♣","(4, 0, 12, 13, 1)",6,4563,0.17557023,104893,0.174822,87.291,81.5527,76.1921,71.1859
discard2,"Deal 5, discard 2",5,10000000,22260932,Sian (three court cards J/Q/K),"Sian pair Q, kicker J♠","(4, 0, 12, 11, 4)",6,5262,0.2024656,121389,0.202315,86.3329,80.1779,74.4364,69.082
discard2,"Deal 5, discard 2",5,10000000,22260932,Sian (three court cards J/Q/K),"Sian pair Q, kicker J♥","(4, 0, 12, 11, 3)",6,5028,0.193462,115713,0.192855,86.1118,79.8706,74.06,68.6526
discard2,"Deal 5, discard 2",5,10000000,22260932,Sian (three court cards J/Q/K),"Sian pair Q, kicker J♦","(4, 0, 12, 11, 2)",6,4794,0.1844584,110484,0.18414,86.0623,79.8072,73.9839,68.5629
discard2,"Deal 5, discard 2",5,10000000,22260932,Sian (three court cards J/Q/K),"Sian pair Q, kicker J♣","(4, 0, 12, 11, 1)",6,4560,0.1754548,105418,0.175697,85.9773,79.6756,73.8069,68.3441
discard2,"Deal 5, discard 2",5,10000000,22260932,Sian (three court cards J/Q/K),"Sian pair J, kicker K♠","(4, 0, 11, 13, 4)",6,4668,0.17961031,107621,0.179368,85.0073,78.3089,72.0921,66.3244
discard2,"Deal 5, discard 2",5,10000000,22260932,Sian (three court cards J/Q/K),"Sian pair J, kicker K♥","(4, 0, 11, 13, 3)",6,4668,0.17961031,108367,0.180612,84.897,78.1536,71.8973,66.0921
discard2,"Deal 5, discard 2",5,10000000,22260932,Sian (three court cards J/Q/K),"Sian pair J, kicker K♦","(4, 0, 11, 13, 2)",6,4668,0.17961031,107552,0.179253,84.753,77.9487,71.6413,65.7961
discard2,"Deal 5, discard 2",5,10000000,22260932,Sian (three court cards J/Q/K),"Sian pair J, kicker K♣","(4, 0, 11, 13, 1)",6,4668,0.17961031,107442,0.17907,84.6638,77.8204,71.4791,65.6075
discard2,"Deal 5, discard 2",5,10000000,22260932,Sian (three court cards J/Q/K),"Sian pair J, kicker Q♠","(4, 0, 11, 12, 4)",6,4554,0.17522394,105099,0.175165,84.6021,77.7474,71.3997,65.5192
discard2,"Deal 5, discard 2",5,10000000,22260932,Sian (three court cards J/Q/K),"Sian pair J, kicker Q♥","(4, 0, 11, 12, 3)",6,4554,0.17522394,105051,0.175085,84.6319,77.7964,71.4714,65.6196
discard2,"Deal 5, discard 2",5,10000000,22260932,Sian (three court cards J/Q/K),"Sian pair J, kicker Q♦","(4, 0, 11, 12, 2)",6,4554,0.17522394,105203,0.175338,84.3457,77.3727,70.9141,64.9316
discard2,"Deal 5, discard 2",5,10000000,22260932,Sian (three court cards J/Q/K),"Sian pair J, kicker Q♣","(4, 0, 11, 12, 1)",6,4554,0.17522394,104732,0.174553,84.4848,77.5628,71.1437,65.1921
discard2,"Deal 5, discard 2",5,10000000,22260932,Straight (Riang),"Straight Q-K-A, control A♠","(3, 11, 4)",15,10947,0.42120694,252335,0.420558,81.7642,73.7664,66.4372,59.7246
discard2,"Deal 5, discard 2",5,10000000,22260932,Straight (Riang),"Straight Q-K-A, control A♥","(3, 11, 3)",15,10443,0.40181457,241371,0.402285,81.1181,72.8807,65.359,58.4938
discard2,"Deal 5, discard 2",5,10000000,22260932,Straight (Riang),"Straight Q-K-A, control A♦","(3, 11, 2)",15,9939,0.3824222,229277,0.382128,80.4607,71.9906,64.2908,57.2958
discard2,"Deal 5, discard 2",5,10000000,22260932,Straight (Riang),"Straight Q-K-A, control A♣","(3, 11, 1)",15,9435,0.36302983,217726,0.362877,80.0174,71.3661,63.5075,56.3736
discard2,"Deal 5, discard 2",5,10000000,22260932,Straight (Riang),"Straight 10-J-Q, control Q♠","(3, 9, 4)",15,10080,0.38784745,232791,0.387985,78.9939,69.9488,61.766,54.3719
discard2,"Deal 5, discard 2",5,10000000,22260932,Straight (Riang),"Straight 10-J-Q, control Q♥","(3, 9, 3)",15,10080,0.38784745,232042,0.386737,78.393,69.1467,60.8151,53.3136
discard2,"Deal 5, discard 2",5,10000000,22260932,Straight (Riang),"Straight 10-J-Q, control Q♦","(3, 9, 2)",15,10080,0.38784745,231979,0.386632,77.7569,68.2722,59.7463,52.0901
discard2,"Deal 5, discard 2",5,10000000,22260932,Straight (Riang),"Straight 10-J-Q, control Q♣","(3, 9, 1)",15,10080,0.38784745,232628,0.387713,77.252,67.6082,58.974,51.2565
discard2,"Deal 5, discard 2",5,10000000,22260932,Straight (Riang),"Straight 9-10-J, control J♠","(3, 8, 4)",15,12210,0.46980331,281874,0.46979,74.1199,63.4221,54.0141,45.7623
discard2,"Deal 5, discard 2",5,10000000,22260932,Straight (Riang),"Straight 9-10-J, control J♥","(3, 8, 3)",15,11728,0.45125743,271323,0.452205,73.4623,62.561,53.0087,44.6549
discard2,"Deal 5, discard 2",5,10000000,22260932,Straight (Riang),"Straight 9-10-J, control J♦","(3, 8, 2)",15,11246,0.43271155,260619,0.434365,72.8409,61.7648,52.1125,43.7228
discard2,"Deal 5, discard 2",5,10000000,22260932,Straight (Riang),"Straight 9-10-J, control J♣","(3, 8, 1)",15,10764,0.41416567,248475,0.414125,72.1938,60.9518,51.2102,42.7898
discard2,"Deal 5, discard 2",5,10000000,22260932,Straight (Riang),"Straight 8-9-10, control 10♠","(3, 7, 4)",15,12468,0.47973035,287951,0.479918,68.952,56.7263,46.3239,37.5053
discard2,"Deal 5, discard 2",5,10000000,22260932,Straight (Riang),"Straight 8-9-10, control 10♥","(3, 7, 3)",15,11930,0.45902977,274945,0.458242,68.3565,56.0147,45.5784,36.787
discard2,"Deal 5, discard 2",5,10000000,22260932,Straight (Riang),"Straight 8-9-10, control 10♦","(3, 7, 2)",15,11392,0.43832918,262573,0.437622,67.883,55.4455,44.9833,36.2196
discard2,"Deal 5, discard 2",5,10000000,22260932,Straight (Riang),"Straight 8-9-10, control 10♣","(3, 7, 1)",15,10854,0.41762859,250317,0.417195,67.2005,54.6139,44.0889,35.3256
discard2,"Deal 5, discard 2",5,10000000,22260932,Straight (Riang),"Straight 7-8-9, control 9♠","(3, 6, 4)",15,12468,0.47973035,287267,0.478778,66.1693,53.3507,42.7207,33.9454
discard2,"Deal 5, discard 2",5,10000000,22260932,Straight (Riang),"Straight 7-8-9, control 9♥","(3, 6, 3)",15,11930,0.45902977,276170,0.460283,65.724,52.8363,42.2005,33.4587
discard2,"Deal 5, discard 2",5,10000000,22260932,Straight (Riang),"Straight 7-8-9, control 9♦","(3, 6, 2)",15,11392,0.43832918,262703,0.437838,65.0933,52.0886,41.4146,32.6875
discard2,"Deal 5, discard 2",5,10000000,22260932,Straight (Riang),"Straight 7-8-9, control 9♣","(3, 6, 1)",15,10854,0.41762859,250766,0.417943,64.5625,51.438,40.7163,31.9968
discard2,"Deal 5, discard 2",5,10000000,22260932,Straight (Riang),"Straight 6-7-8, control 8♠","(3, 5, 4)",15,12468,0.47973035,288173,0.480288,62.8837,49.4144,38.5709,29.8897
discard2,"Deal 5, discard 2",5,10000000,22260932,Straight (Riang),"Straight 6-7-8, control 8♥","(3, 5, 3)",15,11930,0.45902977,275520,0.4592,62.3306,48.7715,37.9021,29.2305
discard2,"Deal 5, discard 2",5,10000000,22260932,Straight (Riang),"Straight 6-7-8, control 8♦","(3, 5, 2)",15,11392,0.43832918,263299,0.438832,61.8205,48.2005,37.3467,28.7399
discard2,"Deal 5, discard 2",5,10000000,22260932,Straight (Riang),"Straight 6-7-8, control 8♣","(3, 5, 1)",15,10854,0.41762859,251324,0.418873,61.3733,47.6858,36.8191,28.2277
discard2,"Deal 5, discard 2",5,10000000,22260932,Straight (Riang),"Straight 5-6-7, control 7♠","(3, 4, 4)",15,12468,0.47973035,287839,0.479732,59.6662,45.7042,34.7913,26.2991
discard2,"Deal 5, discard 2",5,10000000,22260932,Straight (Riang),"Straight 5-6-7, control 7♥","(3, 4, 3)",15,11930,0.45902977,274433,0.457388,59.2157,45.1797,34.2478,25.7739
discard2,"Deal 5, discard 2",5,10000000,22260932,Straight (Riang),"Straight 5-6-7, control 7♦","(3, 4, 2)",15,11392,0.43832918,262859,0.438098,58.7776,44.7084,33.8167,25.4334
discard2,"Deal 5, discard 2",5,10000000,22260932,Straight (Riang),"Straight 5-6-7, control 7♣","(3, 4, 1)",15,10854,0.41762859,250484,0.417473,58.2287,44.0917,33.1876,24.8112
discard2,"Deal 5, discard 2",5,10000000,22260932,Straight (Riang),"Straight 4-5-6, control 6♠","(3, 3, 4)",15,12468,0.47973035,288392,0.480653,56.5703,42.2288,31.3597,23.1744
discard2,"Deal 5, discard 2",5,10000000,22260932,Straight (Riang),"Straight 4-5-6, control 6♥","(3, 3, 3)",15,11930,0.45902977,276087,0.460145,56.205,41.797,30.8945,22.6874
discard2,"Deal 5, discard 2",5,10000000,22260932,Straight (Riang),"Straight 4-5-6, control 6♦","(3, 3, 2)",15,11392,0.43832918,263897,0.439828,55.6286,41.1942,30.344,22.2174
discard2,"Deal 5, discard 2",5,10000000,22260932,Straight (Riang),"Straight 4-5-6, control 6♣","(3, 3, 1)",15,10854,0.41762859,250095,0.416825,55.2247,40.7392,29.8895,21.7973
discard2,"Deal 5, discard 2",5,10000000,22260932,Straight (Riang),"Straight 3-4-5, control 5♠","(3, 2, 4)",15,12468,0.47973035,287304,0.47884,53.5673,38.9354,28.1619,20.2684
discard2,"Deal 5, discard 2",5,10000000,22260932,Straight (Riang),"Straight 3-4-5, control 5♥","(3, 2, 3)",15,11930,0.45902977,275452,0.459087,53.1871,38.5258,27.7648,19.8917
discard2,"Deal 5, discard 2",5,10000000,22260932,Straight (Riang),"Straight 3-4-5, control 5♦","(3, 2, 2)",15,11392,0.43832918,263149,0.438582,52.7123,38.0491,27.3442,19.5532
discard2,"Deal 5, discard 2",5,10000000,22260932,Straight (Riang),"Straight 3-4-5, control 5♣","(3, 2, 1)",15,10854,0.41762859,250617,0.417695,52.312,37.6404,26.9821,19.274
discard2,"Deal 5, discard 2",5,10000000,22260932,Straight (Riang),"Straight 2-3-4, control 4♠","(3, 1, 4)",15,12480,0.48019208,287835,0.479725,50.6627,35.8772,25.3122,17.7817
discard2,"Deal 5, discard 2",5,10000000,22260932,Straight (Riang),"Straight 2-3-4, control 4♥","(3, 1, 3)",15,11942,0.45949149,276341,0.460568,50.1721,35.3711,24.8591,17.4248
discard2,"Deal 5, discard 2",5,10000000,22260932,Straight (Riang),"Straight 2-3-4, control 4♦","(3, 1, 2)",15,11404,0.4387909,263486,0.439143,49.8454,35.0523,24.5796,17.1857
discard2,"Deal 5, discard 2",5,10000000,22260932,Straight (Riang),"Straight 2-3-4, control 4♣","(3, 1, 1)",15,10866,0.41809031,250608,0.41768,49.3884,34.5845,24.1511,16.8091
discard2,"Deal 5, discard 2",5,10000000,22260932,Straight (Riang),"Straight A-2-3, control 3♠","(3, 0, 4)",15,12369,0.47592114,285364,0.475607,48.243,33.4279,23.1305,15.988
discard2,"Deal 5, discard 2",5,10000000,22260932,Straight (Riang),"Straight A-2-3, control 3♥","(3, 0, 3)",15,11829,0.4551436,272285,0.453808,47.7541,32.9184,22.6477,15.5473
discard2,"Deal 5, discard 2",5,10000000,22260932,Straight (Riang),"Straight A-2-3, control 3♦","(3, 0, 2)",15,11289,0.43436605,260820,0.4347,47.4571,32.6216,22.3742,15.2948
discard2,"Deal 5, discard 2",5,10000000,22260932,Straight (Riang),"Straight A-2-3, control 3♣","(3, 0, 1)",15,10749,0.41358851,247886,0.413143,47.0122,32.1795,21.9943,15.0073
discard2,"Deal 5, discard 2",5,10000000,22260932,Flush (See),Flush A-K-J ♠,"(2, 14, 13, 11, 4)",1,706,0.02716471,16170,0.02695,49.2127,34.5745,24.3191,17.1058
discard2,"Deal 5, discard 2",5,10000000,22260932,Flush (See),Flush A-K-J ♥,"(2, 14, 13, 11, 3)",1,706,0.02716471,16301,0.027168,49.1013,34.4378,24.2083,17.091
discard2,"Deal 5, discard 2",5,10000000,22260932,Flush (See),Flush A-K-J ♦,"(2, 14, 13, 11, 2)",1,706,0.02716471,16133,0.026888,48.9735,34.3464,24.0798,16.8413
discard2,"Deal 5, discard 2",5,10000000,22260932,Flush (See),Flush A-K-J ♣,"(2, 14, 13, 11, 1)",1,706,0.02716471,16290,0.02715,49.116,34.55,24.3438,17.1455
discard2,"Deal 5, discard 2",5,10000000,22260932,Flush (See),Flush A-K-10 ♠,"(2, 14, 13, 10, 4)",1,881,0.03389817,20233,0.033722,48.408,33.7276,23.5753,16.6115
discard2,"Deal 5, discard 2",5,10000000,22260932,Flush (See),Flush A-K-10 ♥,"(2, 14, 13, 10, 3)",1,881,0.03389817,20221,0.033702,48.1885,33.5458,23.4014,16.3741
discard2,"Deal 5, discard 2",5,10000000,22260932,Flush (See),Flush A-K-10 ♦,"(2, 14, 13, 10, 2)",1,881,0.03389817,20164,0.033607,47.9389,33.2166,23.0599,16.0633
discard2,"Deal 5, discard 2",5,10000000,22260932,Flush (See),Flush A-K-10 ♣,"(2, 14, 13, 10, 1)",1,881,0.03389817,20175,0.033625,47.8543,33.1113,22.8867,15.8067
discard2,"Deal 5, discard 2",5,10000000,22260932,Flush (See),Flush A-K-9 ♠,"(2, 14, 13, 9, 4)",1,829,0.03189737,18976,0.031627,47.8378,33.1087,22.9458,15.9465
discard2,"Deal 5, discard 2",5,10000000,22260932,Flush (See),Flush A-K-9 ♥,"(2, 14, 13, 9, 3)",1,829,0.03189737,19054,0.031757,47.6037,32.8424,22.6609,15.666
discard2,"Deal 5, discard 2",5,10000000,22260932,Flush (See),Flush A-K-9 ♦,"(2, 14, 13, 9, 2)",1,829,0.03189737,19332,0.03222,47.8393,33.0535,22.8109,15.7459
discard2,"Deal 5, discard 2",5,10000000,22260932,Flush (See),Flush A-K-9 ♣,"(2, 14, 13, 9, 1)",1,829,0.03189737,19293,0.032155,47.6292,32.8979,22.7865,15.871
discard2,"Deal 5, discard 2",5,10000000,22260932,Flush (See),Flush A-K-8 ♠,"(2, 14, 13, 8, 4)",1,787,0.03028134,18223,0.030372,47.7594,32.9743,22.712,15.5792
discard2,"Deal 5, discard 2",5,10000000,22260932,Flush (See),Flush A-K-8 ♥,"(2, 14, 13, 8, 3)",1,787,0.03028134,18036,0.03006,47.5693,32.7124,22.4773,15.4802
discard2,"Deal 5, discard 2",5,10000000,22260932,Flush (See),Flush A-K-8 ♦,"(2, 14, 13, 8, 2)",1,787,0.03028134,18292,0.030487,47.348,32.6509,22.5738,15.679
discard2,"Deal 5, discard 2",5,10000000,22260932,Flush (See),Flush A-K-8 ♣,"(2, 14, 13, 8, 1)",1,787,0.03028134,18382,0.030637,47.6096,32.8098,22.5645,15.4445
discard2,"Deal 5, discard 2",5,10000000,22260932,Flush (See),Flush A-K-7 ♠,"(2, 14, 13, 7, 4)",1,746,0.02870379,17376,0.02896,47.5127,32.7463,22.5656,15.5099
discard2,"Deal 5, discard 2",5,10000000,22260932,Flush (See),Flush A-K-7 ♥,"(2, 14, 13, 7, 3)",1,746,0.02870379,17251,0.028752,47.537,32.6798,22.4567,15.4426
discard2,"Deal 5, discard 2",5,10000000,22260932,Flush (See),Flush A-K-7 ♦,"(2, 14, 13, 7, 2)",1,746,0.02870379,17187,0.028645,47.4731,32.7172,22.5333,15.4943
discard2,"Deal 5, discard 2",5,10000000,22260932,Flush (See),Flush A-K-7 ♣,"(2, 14, 13, 7, 1)",1,746,0.02870379,17362,0.028937,47.3125,32.5274,22.3119,15.2632
discard2,"Deal 5, discard 2",5,10000000,22260932,Flush (See),Flush A-K-6 ♠,"(2, 14, 13, 6, 4)",1,706,0.02716471,16310,0.027183,47.4997,32.7235,22.5212,15.4445
discard2,"Deal 5, discard 2",5,10000000,22260932,Flush (See),Flush A-K-6 ♥,"(2, 14, 13, 6, 3)",1,706,0.02716471,16317,0.027195,47.9108,33.1421,22.9209,15.8791
discard2,"Deal 5, discard 2",5,10000000,22260932,Flush (See),Flush A-K-6 ♦,"(2, 14, 13, 6, 2)",1,706,0.02716471,16165,0.026942,47.4204,32.7306,22.6922,15.8305
discard2,"Deal 5, discard 2",5,10000000,22260932,Flush (See),Flush A-K-6 ♣,"(2, 14, 13, 6, 1)",1,706,0.02716471,16223,0.027038,47.5997,33.0038,22.9575,16.039
discard2,"Deal 5, discard 2",5,10000000,22260932,Flush (See),Flush A-K-5 ♠,"(2, 14, 13, 5, 4)",1,667,0.02566411,15556,0.025927,47.4563,32.6986,22.5444,15.5438
discard2,"Deal 5, discard 2",5,10000000,22260932,Flush (See),Flush A-K-5 ♥,"(2, 14, 13, 5, 3)",1,667,0.02566411,15478,0.025797,47.4241,32.6683,22.5417,15.5769
discard2,"Deal 5, discard 2",5,10000000,22260932,Flush (See),Flush A-K-5 ♦,"(2, 14, 13, 5, 2)",1,667,0.02566411,15387,0.025645,47.2158,32.3767,22.1421,15.1037
discard2,"Deal 5, discard 2",5,10000000,22260932,Flush (See),Flush A-K-5 ♣,"(2, 14, 13, 5, 1)",1,667,0.02566411,15144,0.02524,47.3679,32.5786,22.4089,15.3856
discard2,"Deal 5, discard 2",5,10000000,22260932,Flush (See),Flush A-K-4 ♠,"(2, 14, 13, 4, 4)",1,645,0.02481762,14799,0.024665,47.4093,32.5738,22.3583,15.3389
discard2,"Deal 5, discard 2",5,10000000,22260932,Flush (See),Flush A-K-4 ♥,"(2, 14, 13, 4, 3)",1,645,0.02481762,14929,0.024882,46.9194,32.2225,22.1381,15.2053
discard2,"Deal 5, discard 2",5,10000000,22260932,Flush (See),Flush A-K-4 ♦,"(2, 14, 13, 4, 2)",1,645,0.02481762,14734,0.024557,47.2377,32.4752,22.3972,15.5626
discard2,"Deal 5, discard 2",5,10000000,22260932,Flush (See),Flush A-K-4 ♣,"(2, 14, 13, 4, 1)",1,645,0.02481762,14778,0.02463,46.8751,32.1505,22.0652,15.1644
discard2,"Deal 5, discard 2",5,10000000,22260932,Flush (See),Flush A-K-3 ♠,"(2, 14, 13, 3, 4)",1,498,0.01916151,11328,0.01888,47.312,32.4797,22.274,15.2631
discard2,"Deal 5, discard 2",5,10000000,22260932,Flush (See),Flush A-K-3 ♥,"(2, 14, 13, 3, 3)",1,498,0.01916151,11579,0.019298,47.0792,32.2109,21.9777,14.9408
discard2,"Deal 5, discard 2",5,10000000,22260932,Flush (See),Flush A-K-3 ♦,"(2, 14, 13, 3, 2)",1,498,0.01916151,11477,0.019128,47.1151,32.3246,22.1382,15.0823
discard2,"Deal 5, discard 2",5,10000000,22260932,Flush (See),Flush A-K-3 ♣,"(2, 14, 13, 3, 1)",1,498,0.01916151,11524,0.019207,47.4922,32.7378,22.572,15.5675
discard2,"Deal 5, discard 2",5,10000000,22260932,Flush (See),Flush A-K-2 ♠,"(2, 14, 13, 2, 4)",1,507,0.0195078,11706,0.01951,46.1695,31.2959,21.1054,14.1124
discard2,"Deal 5, discard 2",5,10000000,22260932,Flush (See),Flush A-K-2 ♥,"(2, 14, 13, 2, 3)",1,507,0.0195078,11669,0.019448,46.4633,31.6865,21.5665,14.6542
discard2,"Deal 5, discard 2",5,10000000,22260932,Flush (See),Flush A-K-2 ♦,"(2, 14, 13, 2, 2)",1,507,0.0195078,11748,0.01958,46.1125,31.213,21.0759,14.1811
discard2,"Deal 5, discard 2",5,10000000,22260932,Flush (See),Flush A-K-2 ♣,"(2, 14, 13, 2, 1)",1,507,0.0195078,11779,0.019632,46.3919,31.5069,21.3465,14.424
discard2,"Deal 5, discard 2",5,10000000,22260932,Flush (See),Flush A-Q-J ♠,"(2, 14, 12, 11, 4)",1,576,0.02216271,13467,0.022445,48.3203,33.6415,23.4054,16.2768
discard2,"Deal 5, discard 2",5,10000000,22260932,Flush (See),Flush A-Q-J ♥,"(2, 14, 12, 11, 3)",1,576,0.02216271,13436,0.022393,48.6224,33.961,23.7734,16.6567
discard2,"Deal 5, discard 2",5,10000000,22260932,Flush (See),Flush A-Q-J ♦,"(2, 14, 12, 11, 2)",1,576,0.02216271,13393,0.022322,48.332,33.7624,23.696,16.7177
discard2,"Deal 5, discard 2",5,10000000,22260932,Flush (See),Flush A-Q-J ♣,"(2, 14, 12, 11, 1)",1,576,0.02216271,13124,0.021873,48.2559,33.6445,23.5081,16.4889
discard2,"Deal 5, discard 2",5,10000000,22260932,Flush (See),Flush A-Q-10 ♠,"(2, 14, 12, 10, 4)",1,779,0.02997353,17975,0.029958,47.1844,32.3076,22.0729,15.0654
discard2,"Deal 5, discard 2",5,10000000,22260932,Flush (See),Flush A-Q-10 ♥,"(2, 14, 12, 10, 3)",1,779,0.02997353,18203,0.030338,47.1104,32.3837,22.2798,15.3381
discard2,"Deal 5, discard 2",5,10000000,22260932,Flush (See),Flush A-Q-10 ♦,"(2, 14, 12, 10, 2)",1,779,0.02997353,17747,0.029578,47.1714,32.4094,22.2347,15.2138
discard2,"Deal 5, discard 2",5,10000000,22260932,Flush (See),Flush A-Q-10 ♣,"(2, 14, 12, 10, 1)",1,779,0.02997353,17912,0.029853,47.1209,32.3861,22.27,15.2858
discard2,"Deal 5, discard 2",5,10000000,22260932,Flush (See),Flush A-Q-9 ♠,"(2, 14, 12, 9, 4)",1,829,0.03189737,18998,0.031663,47.5729,32.8903,22.7866,15.8543
discard2,"Deal 5, discard 2",5,10000000,22260932,Flush (See),Flush A-Q-9 ♥,"(2, 14, 12, 9, 3)",1,829,0.03189737,19284,0.03214,47.4258,32.8236,22.8376,16.0236
discard2,"Deal 5, discard 2",5,10000000,22260932,Flush (See),Flush A-Q-9 ♦,"(2, 14, 12, 9, 2)",1,829,0.03189737,19116,0.03186,47.2327,32.4754,22.3478,15.3955
discard2,"Deal 5, discard 2",5,10000000,22260932,Flush (See),Flush A-Q-9 ♣,"(2, 14, 12, 9, 1)",1,829,0.03189737,19273,0.032122,46.8625,32.078,21.9364,14.9899
discard2,"Deal 5, discard 2",5,10000000,22260932,Flush (See),Flush A-Q-8 ♠,"(2, 14, 12, 8, 4)",1,778,0.02993505,18018,0.03003,46.9897,32.2289,22.1379,15.2514
discard2,"Deal 5, discard 2",5,10000000,22260932,Flush (See),Flush A-Q-8 ♥,"(2, 14, 12, 8, 3)",1,778,0.02993505,18028,0.030047,47.2326,32.5738,22.5405,15.6812
discard2,"Deal 5, discard 2",5,10000000,22260932,Flush (See),Flush A-Q-8 ♦,"(2, 14, 12, 8, 2)",1,778,0.02993505,17921,0.029868,47.369,32.583,22.3804,15.3284
discard2,"Deal 5, discard 2",5,10000000,22260932,Flush (See),Flush A-Q-8 ♣,"(2, 14, 12, 8, 1)",1,778,0.02993505,17896,0.029827,46.9502,32.1871,22.12,15.2604
discard2,"Deal 5, discard 2",5,10000000,22260932,Flush (See),Flush A-Q-7 ♠,"(2, 14, 12, 7, 4)",1,737,0.0283575,17001,0.028335,47.0043,32.2358,22.0775,15.0756
discard2,"Deal 5, discard 2",5,10000000,22260932,Flush (See),Flush A-Q-7 ♥,"(2, 14, 12, 7, 3)",1,737,0.0283575,16988,0.028313,46.8407,32.055,21.9649,15.1224
discard2,"Deal 5, discard 2",5,10000000,22260932,Flush (See),Flush A-Q-7 ♦,"(2, 14, 12, 7, 2)",1,737,0.0283575,17117,0.028528,46.24,31.2818,21.0528,14.1029
discard2,"Deal 5, discard 2",5,10000000,22260932,Flush (See),Flush A-Q-7 ♣,"(2, 14, 12, 7, 1)",1,737,0.0283575,17026,0.028377,46.4466,31.6628,21.5846,14.6893
discard2,"Deal 5, discard 2",5,10000000,22260932,Flush (See),Flush A-Q-6 ♠,"(2, 14, 12, 6, 4)",1,697,0.02681842,16153,0.026922,46.8798,32.1333,22.0417,15.1241
discard2,"Deal 5, discard 2",5,10000000,22260932,Flush (See),Flush A-Q-6 ♥,"(2, 14, 12, 6, 3)",1,697,0.02681842,15943,0.026572,46.5546,31.7744,21.7199,14.9094
discard2,"Deal 5, discard 2",5,10000000,22260932,Flush (See),Flush A-Q-6 ♦,"(2, 14, 12, 6, 2)",1,697,0.02681842,16305,0.027175,46.9347,32.2257,22.1674,15.2898
discard2,"Deal 5, discard 2",5,10000000,22260932,Flush (See),Flush A-Q-6 ♣,"(2, 14, 12, 6, 1)",1,697,0.02681842,16247,0.027078,46.6658,31.9757,21.9696,15.0982
discard2,"Deal 5, discard 2",5,10000000,22260932,Flush (See),Flush A-Q-5 ♠,"(2, 14, 12, 5, 4)",1,658,0.02531782,15311,0.025518,46.4588,31.7118,21.6994,14.8913
discard2,"Deal 5, discard 2",5,10000000,22260932,Flush (See),Flush A-Q-5 ♥,"(2, 14, 12, 5, 3)",1,658,0.02531782,15207,0.025345,46.5121,31.7295,21.6861,14.8682
discard2,"Deal 5, discard 2",5,10000000,22260932,Flush (See),Flush A-Q-5 ♦,"(2, 14, 12, 5, 2)",1,658,0.02531782,15349,0.025582,46.7262,31.7988,21.5193,14.4439
discard2,"Deal 5, discard 2",5,10000000,22260932,Flush (See),Flush A-Q-5 ♣,"(2, 14, 12, 5, 1)",1,658,0.02531782,15030,0.02505,46.342,31.5662,21.5742,14.8636
discard2,"Deal 5, discard 2",5,10000000,22260932,Flush (See),Flush A-Q-4 ♠,"(2, 14, 12, 4, 4)",1,636,0.02447133,14729,0.024548,46.6508,31.7978,21.6118,14.6582
discard2,"Deal 5, discard 2",5,10000000,22260932,Flush (See),Flush A-Q-4 ♥,"(2, 14, 12, 4, 3)",1,636,0.02447133,14610,0.02435,46.5202,31.6851,21.5099,14.4832
discard2,"Deal 5, discard 2",5,10000000,22260932,Flush (See),Flush A-Q-4 ♦,"(2, 14, 12, 4, 2)",1,636,0.02447133,14526,0.02421,46.7658,31.9833,21.8436,14.8974
discard2,"Deal 5, discard 2",5,10000000,22260932,Flush (See),Flush A-Q-4 ♣,"(2, 14, 12, 4, 1)",1,636,0.02447133,14545,0.024242,46.9618,32.2771,22.2413,15.3799
discard2,"Deal 5, discard 2",5,10000000,22260932,Flush (See),Flush A-Q-3 ♠,"(2, 14, 12, 3, 4)",1,489,0.01881522,11087,0.018478,46.6736,31.8616,21.7624,14.8733
discard2,"Deal 5, discard 2",5,10000000,22260932,Flush (See),Flush A-Q-3 ♥,"(2, 14, 12, 3, 3)",1,489,0.01881522,11331,0.018885,46.9738,32.2205,22.1004,15.1266
discard2,"Deal 5, discard 2",5,10000000,22260932,Flush (See),Flush A-Q-3 ♦,"(2, 14, 12, 3, 2)",1,489,0.01881522,11264,0.018773,46.8395,32.0978,22.017,15.1101
discard2,"Deal 5, discard 2",5,10000000,22260932,Flush (See),Flush A-Q-3 ♣,"(2, 14, 12, 3, 1)",1,489,0.01881522,11395,0.018992,46.8425,31.964,21.7236,14.6468
discard2,"Deal 5, discard 2",5,10000000,22260932,Flush (See),Flush A-Q-2 ♠,"(2, 14, 12, 2, 4)",1,498,0.01916151,11406,0.01901,45.5515,30.8539,20.9942,14.4047
discard2,"Deal 5, discard 2",5,10000000,22260932,Flush (See),Flush A-Q-2 ♥,"(2, 14, 12, 2, 3)",1,498,0.01916151,11534,0.019223,45.7968,31.0049,21.0127,14.2795
discard2,"Deal 5, discard 2",5,10000000,22260932,Flush (See),Flush A-Q-2 ♦,"(2, 14, 12, 2, 2)",1,498,0.01916151,11387,0.018978,45.4202,30.6305,20.6569,13.9545
discard2,"Deal 5, discard 2",5,10000000,22260932,Flush (See),Flush A-Q-2 ♣,"(2, 14, 12, 2, 1)",1,498,0.01916151,11616,0.01936,46.0227,31.3662,21.4342,14.6264
discard2,"Deal 5, discard 2",5,10000000,22260932,Flush (See),Flush A-J-10 ♠,"(2, 14, 11, 10, 4)",1,743,0.02858836,17165,0.028608,46.4579,31.6254,21.5194,14.6228
discard2,"Deal 5, discard 2",5,10000000,22260932,Flush (See),Flush A-J-10 ♥,"(2, 14, 11, 10, 3)",1,743,0.02858836,16953,0.028255,45.9116,31.1166,21.0877,14.2807
discard2,"Deal 5, discard 2",5,10000000,22260932,Flush (See),Flush A-J-10 ♦,"(2, 14, 11, 10, 2)",1,743,0.02858836,17251,0.028752,46.2298,31.3988,21.2602,14.3122
discard2,"Deal 5, discard 2",5,10000000,22260932,Flush (See),Flush A-J-10 ♣,"(2, 14, 11, 10, 1)",1,743,0.02858836,17063,0.028438,45.8278,31.0889,21.1627,14.4816
discard2,"Deal 5, discard 2",5,10000000,22260932,Flush (See),Flush A-J-9 ♠,"(2, 14, 11, 9, 4)",1,829,0.03189737,19315,0.032192,46.2102,31.3539,21.2395,14.3619
discard2,"Deal 5, discard 2",5,10000000,22260932,Flush (See),Flush A-J-9 ♥,"(2, 14, 11, 9, 3)",1,829,0.03189737,19018,0.031697,46.0017,31.2136,21.16,14.3128
discard2,"Deal 5, discard 2",5,10000000,22260932,Flush (See),Flush A-J-9 ♦,"(2, 14, 11, 9, 2)",1,829,0.03189737,19253,0.032088,46.3964,31.4896,21.2985,14.3458
discard2,"Deal 5, discard 2",5,10000000,22260932,Flush (See),Flush A-J-9 ♣,"(2, 14, 11, 9, 1)",1,829,0.03189737,19450,0.032417,46.345,31.544,21.4355,14.509
discard2,"Deal 5, discard 2",5,10000000,22260932,Flush (See),Flush A-J-8 ♠,"(2, 14, 11, 8, 4)",1,886,0.03409056,20462,0.034103,46.0976,31.3283,21.3303,14.5734
discard2,"Deal 5, discard 2",5,10000000,22260932,Flush (See),Flush A-J-8 ♥,"(2, 14, 11, 8, 3)",1,886,0.03409056,20580,0.0343,46.2692,31.4315,21.312,14.4461
discard2,"Deal 5, discard 2",5,10000000,22260932,Flush (See),Flush A-J-8 ♦,"(2, 14, 11, 8, 2)",1,886,0.03409056,20374,0.033957,46.5142,31.6904,21.5991,14.7688
discard2,"Deal 5, discard 2",5,10000000,22260932,Flush (See),Flush A-J-8 ♣,"(2, 14, 11, 8, 1)",1,886,0.03409056,20388,0.03398,46.317,31.5843,21.5862,14.7734
discard2,"Deal 5, discard 2",5,10000000,22260932,Flush (See),Flush A-J-7 ♠,"(2, 14, 11, 7, 4)",1,833,0.03205128,19002,0.03167,46.6267,31.914,21.9135,15.1458
discard2,"Deal 5, discard 2",5,10000000,22260932,Flush (See),Flush A-J-7 ♥,"(2, 14, 11, 7, 3)",1,833,0.03205128,19308,0.03218,45.866,31.0441,20.9768,14.1133
discard2,"Deal 5, discard 2",5,10000000,22260932,Flush (See),Flush A-J-7 ♦,"(2, 14, 11, 7, 2)",1,833,0.03205128,19339,0.032232,46.007,31.1112,21.0001,14.1734
discard2,"Deal 5, discard 2",5,10000000,22260932,Flush (See),Flush A-J-7 ♣,"(2, 14, 11, 7, 1)",1,833,0.03205128,19618,0.032697,46.1958,31.4252,21.413,14.6498
discard2,"Deal 5, discard 2",5,10000000,22260932,Flush (See),Flush A-J-6 ♠,"(2, 14, 11, 6, 4)",1,790,0.03039677,18345,0.030575,45.8359,31.0237,20.955,14.0583
discard2,"Deal 5, discard 2",5,10000000,22260932,Flush (See),Flush A-J-6 ♥,"(2, 14, 11, 6, 3)",1,790,0.03039677,18220,0.030367,46.3095,31.5104,21.4127,14.5005
discard2,"Deal 5, discard 2",5,10000000,22260932,Flush (See),Flush A-J-6 ♦,"(2, 14, 11, 6, 2)",1,790,0.03039677,18473,0.030788,45.4366,30.6242,20.6399,13.8797
discard2,"Deal 5, discard 2",5,10000000,22260932,Flush (See),Flush A-J-6 ♣,"(2, 14, 11, 6, 1)",1,790,0.03039677,18199,0.030332,45.8371,31.0259,20.9946,14.2151
discard2,"Deal 5, discard 2",5,10000000,22260932,Flush (See),Flush A-J-5 ♠,"(2, 14, 11, 5, 4)",1,748,0.02878074,17048,0.028413,46.0359,31.1485,20.9808,14.0427
discard2,"Deal 5, discard 2",5,10000000,22260932,Flush (See),Flush A-J-5 ♥,"(2, 14, 11, 5, 3)",1,748,0.02878074,17282,0.028803,45.9252,31.2499,21.3147,14.5527
discard2,"Deal 5, discard 2",5,10000000,22260932,Flush (See),Flush A-J-5 ♦,"(2, 14, 11, 5, 2)",1,748,0.02878074,17006,0.028343,45.4816,30.678,20.6774,13.9186
discard2,"Deal 5, discard 2",5,10000000,22260932,Flush (See),Flush A-J-5 ♣,"(2, 14, 11, 5, 1)",1,748,0.02878074,17401,0.029002,45.6876,30.8298,20.816,14.0854
discard2,"Deal 5, discard 2",5,10000000,22260932,Flush (See),Flush A-J-4 ♠,"(2, 14, 11, 4, 4)",1,723,0.02781882,16775,0.027958,45.7741,31.0641,21.1267,14.3785
discard2,"Deal 5, discard 2",5,10000000,22260932,Flush (See),Flush A-J-4 ♥,"(2, 14, 11, 4, 3)",1,723,0.02781882,16681,0.027802,45.3474,30.5473,20.5575,13.7582
discard2,"Deal 5, discard 2",5,10000000,22260932,Flush (See),Flush A-J-4 ♦,"(2, 14, 11, 4, 2)",1,723,0.02781882,16513,0.027522,45.3873,30.5347,20.5281,13.7831
discard2,"Deal 5, discard 2",5,10000000,22260932,Flush (See),Flush A-J-4 ♣,"(2, 14, 11, 4, 1)",1,723,0.02781882,16906,0.028177,45.4212,30.6264,20.7039,14.0601
discard2,"Deal 5, discard 2",5,10000000,22260932,Flush (See),Flush A-J-3 ♠,"(2, 14, 11, 3, 4)",1,561,0.02158556,12710,0.021183,46.022,31.2392,21.1566,14.2408
discard2,"Deal 5, discard 2",5,10000000,22260932,Flush (See),Flush A-J-3 ♥,"(2, 14, 11, 3, 3)",1,561,0.02158556,13027,0.021712,45.5208,30.6034,20.5527,13.7791
discard2,"Deal 5, discard 2",5,10000000,22260932,Flush (See),Flush A-J-3 ♦,"(2, 14, 11, 3, 2)",1,561,0.02158556,12971,0.021618,46.0851,31.3245,21.3307,14.571
discard2,"Deal 5, discard 2",5,10000000,22260932,Flush (See),Flush A-J-3 ♣,"(2, 14, 11, 3, 1)",1,561,0.02158556,12928,0.021547,45.4541,30.5299,20.4177,13.6216
discard2,"Deal 5, discard 2",5,10000000,22260932,Flush (See),Flush A-J-2 ♠,"(2, 14, 11, 2, 4)",1,570,0.02193185,13175,0.021958,44.8417,30.0964,20.2884,13.7381
discard2,"Deal 5, discard 2",5,10000000,22260932,Flush (See),Flush A-J-2 ♥,"(2, 14, 11, 2, 3)",1,570,0.02193185,12990,0.02165,45.2063,30.4904,20.6174,13.9877
discard2,"Deal 5, discard 2",5,10000000,22260932,Flush (See),Flush A-J-2 ♦,"(2, 14, 11, 2, 2)",1,570,0.02193185,13196,0.021993,44.9621,30.2963,20.5047,13.9588
discard2,"Deal 5, discard 2",5,10000000,22260932,Flush (See),Flush A-J-2 ♣,"(2, 14, 11, 2, 1)",1,570,0.02193185,13161,0.021935,44.7534,29.8837,19.9392,13.3121
discard2,"Deal 5, discard 2",5,10000000,22260932,Flush (See),Flush A-10-9 ♠,"(2, 14, 10, 9, 4)",1,707,0.02720319,16204,0.027007,43.6707,28.8552,19.0879,12.6142
discard2,"Deal 5, discard 2",5,10000000,22260932,Flush (See),Flush A-10-9 ♥,"(2, 14, 10, 9, 3)",1,707,0.02720319,16281,0.027135,43.3229,28.4632,18.6536,12.229
discard2,"Deal 5, discard 2",5,10000000,22260932,Flush (See),Flush A-10-9 ♦,"(2, 14, 10, 9, 2)",1,707,0.02720319,16374,0.02729,43.5098,28.7798,19.1157,12.758
discard2,"Deal 5, discard 2",5,10000000,22260932,Flush (See),Flush A-10-9 ♣,"(2, 14, 10, 9, 1)",1,707,0.02720319,16352,0.027253,43.5635,28.7427,18.9616,12.5183
discard2,"Deal 5, discard 2",5,10000000,22260932,Flush (See),Flush A-10-8 ♠,"(2, 14, 10, 8, 4)",1,802,0.0308585,18595,0.030992,43.9027,29.0368,19.1837,12.6486
discard2,"Deal 5, discard 2",5,10000000,22260932,Flush (See),Flush A-10-8 ♥,"(2, 14, 10, 8, 3)",1,802,0.0308585,18442,0.030737,43.5078,28.6514,18.8071,12.2546
discard2,"Deal 5, discard 2",5,10000000,22260932,Flush (See),Flush A-10-8 ♦,"(2, 14, 10, 8, 2)",1,802,0.0308585,18549,0.030915,43.7134,28.8733,19.0533,12.5937
discard2,"Deal 5, discard 2",5,10000000,22260932,Flush (See),Flush A-10-8 ♣,"(2, 14, 10, 8, 1)",1,802,0.0308585,18792,0.03132,43.8192,29.0624,19.3072,12.8565
discard2,"Deal 5, discard 2",5,10000000,22260932,Flush (See),Flush A-10-7 ♠,"(2, 14, 10, 7, 4)",1,857,0.03297473,19915,0.033192,43.5953,28.7763,18.9646,12.4379
discard2,"Deal 5, discard 2",5,10000000,22260932,Flush (See),Flush A-10-7 ♥,"(2, 14, 10, 7, 3)",1,857,0.03297473,19776,0.03296,43.9538,29.1338,19.2749,12.7023
discard2,"Deal 5, discard 2",5,10000000,22260932,Flush (See),Flush A-10-7 ♦,"(2, 14, 10, 7, 2)",1,857,0.03297473,19807,0.033012,43.2494,28.4627,18.7308,12.329
discard2,"Deal 5, discard 2",5,10000000,22260932,Flush (See),Flush A-10-7 ♣,"(2, 14, 10, 7, 1)",1,857,0.03297473,19810,0.033017,43.788,29.0106,19.2509,12.842
discard2,"Deal 5, discard 2",5,10000000,22260932,Flush (See),Flush A-10-6 ♠,"(2, 14, 10, 6, 4)",1,805,0.03097393,18418,0.030697,43.647,28.7876,18.9717,12.5095
discard2,"Deal 5, discard 2",5,10000000,22260932,Flush (See),Flush A-10-6 ♥,"(2, 14, 10, 6, 3)",1,805,0.03097393,18560,0.030933,43.5269,28.6832,18.9062,12.4946
discard2,"Deal 5, discard 2",5,10000000,22260932,Flush (See),Flush A-10-6 ♦,"(2, 14, 10, 6, 2)",1,805,0.03097393,18547,0.030912,43.4146,28.644,18.9583,12.6489
discard2,"Deal 5, discard 2",5,10000000,22260932,Flush (See),Flush A-10-6 ♣,"(2, 14, 10, 6, 1)",1,805,0.03097393,18628,0.031047,43.3482,28.5565,18.7739,12.2504
discard2,"Deal 5, discard 2",5,10000000,22260932,Flush (See),Flush A-10-5 ♠,"(2, 14, 10, 5, 4)",1,763,0.0293579,17465,0.029108,43.7887,28.9453,19.0942,12.5394
discard2,"Deal 5, discard 2",5,10000000,22260932,Flush (See),Flush A-10-5 ♥,"(2, 14, 10, 5, 3)",1,763,0.0293579,17666,0.029443,43.3092,28.5118,18.7558,12.3118
discard2,"Deal 5, discard 2",5,10000000,22260932,Flush (See),Flush A-10-5 ♦,"(2, 14, 10, 5, 2)",1,763,0.0293579,17437,0.029062,43.2683,28.4212,18.6489,12.2383
discard2,"Deal 5, discard 2",5,10000000,22260932,Flush (See),Flush A-10-5 ♣,"(2, 14, 10, 5, 1)",1,763,0.0293579,17655,0.029425,43.369,28.5381,18.7732,12.3364
discard2,"Deal 5, discard 2",5,10000000,22260932,Flush (See),Flush A-10-4 ♠,"(2, 14, 10, 4, 4)",1,738,0.02839597,16917,0.028195,42.9633,28.1474,18.4394,12.0943
discard2,"Deal 5, discard 2",5,10000000,22260932,Flush (See),Flush A-10-4 ♥,"(2, 14, 10, 4, 3)",1,738,0.02839597,17363,0.028938,43.0329,28.1726,18.4288,12.0313
discard2,"Deal 5, discard 2",5,10000000,22260932,Flush (See),Flush A-10-4 ♦,"(2, 14, 10, 4, 2)",1,738,0.02839597,16917,0.028195,43.078,28.2119,18.4749,12.1594
discard2,"Deal 5, discard 2",5,10000000,22260932,Flush (See),Flush A-10-4 ♣,"(2, 14, 10, 4, 1)",1,738,0.02839597,16957,0.028262,42.9722,28.1217,18.3948,12.0363
discard2,"Deal 5, discard 2",5,10000000,22260932,Flush (See),Flush A-10-3 ♠,"(2, 14, 10, 3, 4)",1,576,0.02216271,13380,0.0223,43.58,28.7123,18.8789,12.3692
discard2,"Deal 5, discard 2",5,10000000,22260932,Flush (See),Flush A-10-3 ♥,"(2, 14, 10, 3, 3)",1,576,0.02216271,13287,0.022145,43.4116,28.5362,18.7175,12.2526
discard2,"Deal 5, discard 2",5,10000000,22260932,Flush (See),Flush A-10-3 ♦,"(2, 14, 10, 3, 2)",1,576,0.02216271,13372,0.022287,43.6719,28.8872,19.1161,12.6234
discard2,"Deal 5, discard 2",5,10000000,22260932,Flush (See),Flush A-10-3 ♣,"(2, 14, 10, 3, 1)",1,576,0.02216271,13267,0.022112,42.8884,28.0161,18.283,11.9168
discard2,"Deal 5, discard 2",5,10000000,22260932,Flush (See),Flush A-10-2 ♠,"(2, 14, 10, 2, 4)",1,585,0.022509,13502,0.022503,42.5544,27.7285,18.0847,11.8575
discard2,"Deal 5, discard 2",5,10000000,22260932,Flush (See),Flush A-10-2 ♥,"(2, 14, 10, 2, 3)",1,585,0.022509,13590,0.02265,42.131,27.2597,17.5806,11.3024
discard2,"Deal 5, discard 2",5,10000000,22260932,Flush (See),Flush A-10-2 ♦,"(2, 14, 10, 2, 2)",1,585,0.022509,13432,0.022387,42.3303,27.494,17.8454,11.5768
discard2,"Deal 5, discard 2",5,10000000,22260932,Flush (See),Flush A-10-2 ♣,"(2, 14, 10, 2, 1)",1,585,0.022509,13618,0.022697,42.5026,27.8279,18.2626,12.0062
discard2,"Deal 5, discard 2",5,10000000,22260932,Flush (See),Flush A-9-8 ♠,"(2, 14, 9, 8, 4)",1,669,0.02574107,15488,0.025813,42.7679,27.8654,18.0449,11.5767
discard2,"Deal 5, discard 2",5,10000000,22260932,Flush (See),Flush A-9-8 ♥,"(2, 14, 9, 8, 3)",1,669,0.02574107,15585,0.025975,42.9131,28.0635,18.3664,12.0372
discard2,"Deal 5, discard 2",5,10000000,22260932,Flush (See),Flush A-9-8 ♦,"(2, 14, 9, 8, 2)",1,669,0.02574107,15398,0.025663,42.7127,27.9575,18.331,12.06
discard2,"Deal 5, discard 2",5,10000000,22260932,Flush (See),Flush A-9-8 ♣,"(2, 14, 9, 8, 1)",1,669,0.02574107,15405,0.025675,42.2681,27.3359,17.5618,11.2042
discard2,"Deal 5, discard 2",5,10000000,22260932,Flush (See),Flush A-9-7 ♠,"(2, 14, 9, 7, 4)",1,761,0.02928094,17454,0.02909,43.0159,28.1741,18.4095,11.9801
discard2,"Deal 5, discard 2",5,10000000,22260932,Flush (See),Flush A-9-7 ♥,"(2, 14, 9, 7, 3)",1,761,0.02928094,17725,0.029542,42.3532,27.5007,17.8234,11.543
discard2,"Deal 5, discard 2",5,10000000,22260932,Flush (See),Flush A-9-7 ♦,"(2, 14, 9, 7, 2)",1,761,0.02928094,17330,0.028883,42.7715,27.9521,18.2724,11.9619
discard2,"Deal 5, discard 2",5,10000000,22260932,Flush (See),Flush A-9-7 ♣,"(2, 14, 9, 7, 1)",1,761,0.02928094,17606,0.029343,42.6957,27.8019,18.0984,11.7574
discard2,"Deal 5, discard 2",5,10000000,22260932,Flush (See),Flush A-9-6 ♠,"(2, 14, 9, 6, 4)",1,814,0.03132022,18884,0.031473,42.9459,28.1323,18.4082,12.0419
discard2,"Deal 5, discard 2",5,10000000,22260932,Flush (See),Flush A-9-6 ♥,"(2, 14, 9, 6, 3)",1,814,0.03132022,18979,0.031632,43.3147,28.5247,18.7565,12.2715
discard2,"Deal 5, discard 2",5,10000000,22260932,Flush (See),Flush A-9-6 ♦,"(2, 14, 9, 6, 2)",1,814,0.03132022,18489,0.030815,42.3522,27.4953,17.8679,11.6394
discard2,"Deal 5, discard 2",5,10000000,22260932,Flush (See),Flush A-9-6 ♣,"(2, 14, 9, 6, 1)",1,814,0.03132022,18701,0.031168,42.7469,28.006,18.4364,12.2507
discard2,"Deal 5, discard 2",5,10000000,22260932,Flush (See),Flush A-9-5 ♠,"(2, 14, 9, 5, 4)",1,763,0.0293579,17661,0.029435,42.6709,27.8546,18.1315,11.7377
discard2,"Deal 5, discard 2",5,10000000,22260932,Flush (See),Flush A-9-5 ♥,"(2, 14, 9, 5, 3)",1,763,0.0293579,17510,0.029183,42.7527,27.8881,18.1393,11.759
discard2,"Deal 5, discard 2",5,10000000,22260932,Flush (See),Flush A-9-5 ♦,"(2, 14, 9, 5, 2)",1,763,0.0293579,17341,0.028902,42.6873,27.9805,18.3623,12.0466
discard2,"Deal 5, discard 2",5,10000000,22260932,Flush (See),Flush A-9-5 ♣,"(2, 14, 9, 5, 1)",1,763,0.0293579,17542,0.029237,42.5071,27.6075,17.8965,11.5836
discard2,"Deal 5, discard 2",5,10000000,22260932,Flush (See),Flush A-9-4 ♠,"(2, 14, 9, 4, 4)",1,738,0.02839597,16904,0.028173,42.4846,27.6905,18.0644,11.8019
discard2,"Deal 5, discard 2",5,10000000,22260932,Flush (See),Flush A-9-4 ♥,"(2, 14, 9, 4, 3)",1,738,0.02839597,16895,0.028158,42.5919,27.823,18.1817,11.8615
discard2,"Deal 5, discard 2",5,10000000,22260932,Flush (See),Flush A-9-4 ♦,"(2, 14, 9, 4, 2)",1,738,0.02839597,16856,0.028093,42.5528,27.7343,18.0434,11.6576
discard2,"Deal 5, discard 2",5,10000000,22260932,Flush (See),Flush A-9-4 ♣,"(2, 14, 9, 4, 1)",1,738,0.02839597,17200,0.028667,42.4785,27.5337,17.7244,11.2674
discard2,"Deal 5, discard 2",5,10000000,22260932,Flush (See),Flush A-9-3 ♠,"(2, 14, 9, 3, 4)",1,576,0.02216271,13146,0.02191,42.8784,28.0496,18.2717,11.8135
discard2,"Deal 5, discard 2",5,10000000,22260932,Flush (See),Flush A-9-3 ♥,"(2, 14, 9, 3, 3)",1,576,0.02216271,13379,0.022298,42.6071,27.7741,18.103,11.8021
discard2,"Deal 5, discard 2",5,10000000,22260932,Flush (See),Flush A-9-3 ♦,"(2, 14, 9, 3, 2)",1,576,0.02216271,13420,0.022367,42.655,27.7519,17.9776,11.5648
discard2,"Deal 5, discard 2",5,10000000,22260932,Flush (See),Flush A-9-3 ♣,"(2, 14, 9, 3, 1)",1,576,0.02216271,13374,0.02229,42.4398,27.5766,17.9094,11.6569
discard2,"Deal 5, discard 2",5,10000000,22260932,Flush (See),Flush A-9-2 ♠,"(2, 14, 9, 2, 4)",1,585,0.022509,13448,0.022413,41.5534,26.7095,17.1327,10.9682
discard2,"Deal 5, discard 2",5,10000000,22260932,Flush (See),Flush A-9-2 ♥,"(2, 14, 9, 2, 3)",1,585,0.022509,13532,0.022553,41.6649,26.8297,17.2598,11.1292
discard2,"Deal 5, discard 2",5,10000000,22260932,Flush (See),Flush A-9-2 ♦,"(2, 14, 9, 2, 2)",1,585,0.022509,13284,0.02214,41.5101,26.7111,17.1515,11.0132
discard2,"Deal 5, discard 2",5,10000000,22260932,Flush (See),Flush A-9-2 ♣,"(2, 14, 9, 2, 1)",1,585,0.022509,13282,0.022137,41.7023,26.9116,17.3664,11.1881
discard2,"Deal 5, discard 2",5,10000000,22260932,Flush (See),Flush A-8-7 ♠,"(2, 14, 8, 7, 4)",1,632,0.02431742,14738,0.024563,41.889,27.0919,17.4488,11.1481
discard2,"Deal 5, discard 2",5,10000000,22260932,Flush (See),Flush A-8-7 ♥,"(2, 14, 8, 7, 3)",1,632,0.02431742,14569,0.024282,42.3982,27.5777,17.8818,11.5519
discard2,"Deal 5, discard 2",5,10000000,22260932,Flush (See),Flush A-8-7 ♦,"(2, 14, 8, 7, 2)",1,632,0.02431742,14667,0.024445,41.6206,26.726,17.0942,10.8952
discard2,"Deal 5, discard 2",5,10000000,22260932,Flush (See),Flush A-8-7 ♣,"(2, 14, 8, 7, 1)",1,632,0.02431742,14646,0.02441,41.8756,27.0989,17.5092,11.2864
discard2,"Deal 5, discard 2",5,10000000,22260932,Flush (See),Flush A-8-6 ♠,"(2, 14, 8, 6, 4)",1,721,0.02774187,16772,0.027953,42.0767,27.2019,17.534,11.2926
discard2,"Deal 5, discard 2",5,10000000,22260932,Flush (See),Flush A-8-6 ♥,"(2, 14, 8, 6, 3)",1,721,0.02774187,16730,0.027883,42.3831,27.6324,18.0132,11.7394
discard2,"Deal 5, discard 2",5,10000000,22260932,Flush (See),Flush A-8-6 ♦,"(2, 14, 8, 6, 2)",1,721,0.02774187,16546,0.027577,41.8216,27.0899,17.5728,11.4227
discard2,"Deal 5, discard 2",5,10000000,22260932,Flush (See),Flush A-8-6 ♣,"(2, 14, 8, 6, 1)",1,721,0.02774187,16578,0.02763,42.2264,27.4183,17.8164,11.6057
discard2,"Deal 5, discard 2",5,10000000,22260932,Flush (See),Flush A-8-5 ♠,"(2, 14, 8, 5, 4)",1,772,0.02970419,17893,0.029822,42.1718,27.3235,17.722,11.5017
discard2,"Deal 5, discard 2",5,10000000,22260932,Flush (See),Flush A-8-5 ♥,"(2, 14, 8, 5, 3)",1,772,0.02970419,17758,0.029597,42.1624,27.342,17.7002,11.4315
discard2,"Deal 5, discard 2",5,10000000,22260932,Flush (See),Flush A-8-5 ♦,"(2, 14, 8, 5, 2)",1,772,0.02970419,17836,0.029727,42.0302,27.1843,17.5028,11.1852
discard2,"Deal 5, discard 2",5,10000000,22260932,Flush (See),Flush A-8-5 ♣,"(2, 14, 8, 5, 1)",1,772,0.02970419,17706,0.02951,41.9649,27.0434,17.3354,11.0471
discard2,"Deal 5, discard 2",5,10000000,22260932,Flush (See),Flush A-8-4 ♠,"(2, 14, 8, 4, 4)",1,738,0.02839597,16916,0.028193,41.7835,26.8645,17.1613,10.8359
discard2,"Deal 5, discard 2",5,10000000,22260932,Flush (See),Flush A-8-4 ♥,"(2, 14, 8, 4, 3)",1,738,0.02839597,17013,0.028355,41.9144,27.0863,17.4596,11.2032
discard2,"Deal 5, discard 2",5,10000000,22260932,Flush (See),Flush A-8-4 ♦,"(2, 14, 8, 4, 2)",1,738,0.02839597,16866,0.02811,41.8849,27.026,17.3734,11.1111
discard2,"Deal 5, discard 2",5,10000000,22260932,Flush (See),Flush A-8-4 ♣,"(2, 14, 8, 4, 1)",1,738,0.02839597,16984,0.028307,41.4514,26.5662,16.9536,10.7513
discard2,"Deal 5, discard 2",5,10000000,22260932,Flush (See),Flush A-8-3 ♠,"(2, 14, 8, 3, 4)",1,576,0.02216271,13210,0.022017,42.2559,27.3732,17.6245,11.2415
discard2,"Deal 5, discard 2",5,10000000,22260932,Flush (See),Flush A-8-3 ♥,"(2, 14, 8, 3, 3)",1,576,0.02216271,13303,0.022172,42.5513,27.6464,17.8261,11.2907
discard2,"Deal 5, discard 2",5,10000000,22260932,Flush (See),Flush A-8-3 ♦,"(2, 14, 8, 3, 2)",1,576,0.02216271,13393,0.022322,42.0847,27.1321,17.4375,11.2148
discard2,"Deal 5, discard 2",5,10000000,22260932,Flush (See),Flush A-8-3 ♣,"(2, 14, 8, 3, 1)",1,576,0.02216271,13235,0.022058,41.6743,26.8032,17.1258,10.8122
discard2,"Deal 5, discard 2",5,10000000,22260932,Flush (See),Flush A-8-2 ♠,"(2, 14, 8, 2, 4)",1,585,0.022509,13616,0.022693,41.3998,26.5878,17.0476,10.943
discard2,"Deal 5, discard 2",5,10000000,22260932,Flush (See),Flush A-8-2 ♥,"(2, 14, 8, 2, 3)",1,585,0.022509,13642,0.022737,41.2821,26.4946,16.9154,10.6729
discard2,"Deal 5, discard 2",5,10000000,22260932,Flush (See),Flush A-8-2 ♦,"(2, 14, 8, 2, 2)",1,585,0.022509,13514,0.022523,41.05,26.272,16.7959,10.6926
discard2,"Deal 5, discard 2",5,10000000,22260932,Flush (See),Flush A-8-2 ♣,"(2, 14, 8, 2, 1)",1,585,0.022509,13435,0.022392,40.6878,25.7983,16.262,10.1228
discard2,"Deal 5, discard 2",5,10000000,22260932,Flush (See),Flush A-7-6 ♠,"(2, 14, 7, 6, 4)",1,596,0.02293225,13777,0.022962,41.3944,26.5544,16.9718,10.7788
discard2,"Deal 5, discard 2",5,10000000,22260932,Flush (See),Flush A-7-6 ♥,"(2, 14, 7, 6, 3)",1,596,0.02293225,13648,0.022747,41.3072,26.4779,16.9417,10.8074
discard2,"Deal 5, discard 2",5,10000000,22260932,Flush (See),Flush A-7-6 ♦,"(2, 14, 7, 6, 2)",1,596,0.02293225,13604,0.022673,41.5789,26.612,16.9141,10.6954
discard2,"Deal 5, discard 2",5,10000000,22260932,Flush (See),Flush A-7-6 ♣,"(2, 14, 7, 6, 1)",1,596,0.02293225,13722,0.02287,41.5508,26.6645,17.0165,10.7564
discard2,"Deal 5, discard 2",5,10000000,22260932,Flush (See),Flush A-7-5 ♠,"(2, 14, 7, 5, 4)",1,682,0.02624127,15804,0.02634,41.8337,27.1267,17.6158,11.4401
discard2,"Deal 5, discard 2",5,10000000,22260932,Flush (See),Flush A-7-5 ♥,"(2, 14, 7, 5, 3)",1,682,0.02624127,15748,0.026247,41.3037,26.4618,16.8606,10.6807
discard2,"Deal 5, discard 2",5,10000000,22260932,Flush (See),Flush A-7-5 ♦,"(2, 14, 7, 5, 2)",1,682,0.02624127,15640,0.026067,40.9891,26.1746,16.665,10.5754
discard2,"Deal 5, discard 2",5,10000000,22260932,Flush (See),Flush A-7-5 ♣,"(2, 14, 7, 5, 1)",1,682,0.02624127,15848,0.026413,41.0538,26.0752,16.4046,10.1779
discard2,"Deal 5, discard 2",5,10000000,22260932,Flush (See),Flush A-7-4 ♠,"(2, 14, 7, 4, 4)",1,747,0.02874227,17175,0.028625,41.6582,26.8949,17.3566,11.1732
discard2,"Deal 5, discard 2",5,10000000,22260932,Flush (See),Flush A-7-4 ♥,"(2, 14, 7, 4, 3)",1,747,0.02874227,17063,0.028438,41.0942,26.2381,16.7157,10.6371
discard2,"Deal 5, discard 2",5,10000000,22260932,Flush (See),Flush A-7-4 ♦,"(2, 14, 7, 4, 2)",1,747,0.02874227,17132,0.028553,41.6904,26.8264,17.1574,10.8569
discard2,"Deal 5, discard 2",5,10000000,22260932,Flush (See),Flush A-7-4 ♣,"(2, 14, 7, 4, 1)",1,747,0.02874227,17217,0.028695,41.1239,26.299,16.7869,10.7452
discard2,"Deal 5, discard 2",5,10000000,22260932,Flush (See),Flush A-7-3 ♠,"(2, 14, 7, 3, 4)",1,576,0.02216271,13333,0.022222,41.5578,26.7224,17.1484,11.0253
discard2,"Deal 5, discard 2",5,10000000,22260932,Flush (See),Flush A-7-3 ♥,"(2, 14, 7, 3, 3)",1,576,0.02216271,13165,0.021942,41.6156,26.736,17.0938,10.8545
discard2,"Deal 5, discard 2",5,10000000,22260932,Flush (See),Flush A-7-3 ♦,"(2, 14, 7, 3, 2)",1,576,0.02216271,13414,0.022357,41.5029,26.7094,17.1999,11.0929
discard2,"Deal 5, discard 2",5,10000000,22260932,Flush (See),Flush A-7-3 ♣,"(2, 14, 7, 3, 1)",1,576,0.02216271,13470,0.02245,41.098,26.2368,16.6548,10.4603
discard2,"Deal 5, discard 2",5,10000000,22260932,Flush (See),Flush A-7-2 ♠,"(2, 14, 7, 2, 4)",1,585,0.022509,13421,0.022368,40.3293,25.621,16.3028,10.3867
discard2,"Deal 5, discard 2",5,10000000,22260932,Flush (See),Flush A-7-2 ♥,"(2, 14, 7, 2, 3)",1,585,0.022509,13485,0.022475,40.9151,26.135,16.6511,10.597
discard2,"Deal 5, discard 2",5,10000000,22260932,Flush (See),Flush A-7-2 ♦,"(2, 14, 7, 2, 2)",1,585,0.022509,13427,0.022378,40.4484,25.6133,16.1764,10.2108
discard2,"Deal 5, discard 2",5,10000000,22260932,Flush (See),Flush A-7-2 ♣,"(2, 14, 7, 2, 1)",1,585,0.022509,13648,0.022747,40.6528,25.9752,16.6222,10.6316
discard2,"Deal 5, discard 2",5,10000000,22260932,Flush (See),Flush A-6-5 ♠,"(2, 14, 6, 5, 4)",1,561,0.02158556,12765,0.021275,41.1281,26.4677,17.1328,11.2338
discard2,"Deal 5, discard 2",5,10000000,22260932,Flush (See),Flush A-6-5 ♥,"(2, 14, 6, 5, 3)",1,561,0.02158556,12932,0.021553,41.0006,26.2628,16.8033,10.7408
discard2,"Deal 5, discard 2",5,10000000,22260932,Flush (See),Flush A-6-5 ♦,"(2, 14, 6, 5, 2)",1,561,0.02158556,12827,0.021378,40.7344,25.8556,16.367,10.3688
discard2,"Deal 5, discard 2",5,10000000,22260932,Flush (See),Flush A-6-5 ♣,"(2, 14, 6, 5, 1)",1,561,0.02158556,12937,0.021562,40.7993,25.9326,16.4103,10.2961
discard2,"Deal 5, discard 2",5,10000000,22260932,Flush (See),Flush A-6-4 ♠,"(2, 14, 6, 4, 4)",1,660,0.02539477,15314,0.025523,41.0069,26.2427,16.7925,10.781
discard2,"Deal 5, discard 2",5,10000000,22260932,Flush (See),Flush A-6-4 ♥,"(2, 14, 6, 4, 3)",1,660,0.02539477,15365,0.025608,40.9977,26.2213,16.8044,10.7973
discard2,"Deal 5, discard 2",5,10000000,22260932,Flush (See),Flush A-6-4 ♦,"(2, 14, 6, 4, 2)",1,660,0.02539477,15078,0.02513,40.581,25.7435,16.2541,10.1539
discard2,"Deal 5, discard 2",5,10000000,22260932,Flush (See),Flush A-6-4 ♣,"(2, 14, 6, 4, 1)",1,660,0.02539477,15299,0.025498,40.67,25.8161,16.354,10.3536
discard2,"Deal 5, discard 2",5,10000000,22260932,Flush (See),Flush A-6-3 ♠,"(2, 14, 6, 3, 4)",1,585,0.022509,13437,0.022395,40.6512,25.8905,16.4918,10.5455
discard2,"Deal 5, discard 2",5,10000000,22260932,Flush (See),Flush A-6-3 ♥,"(2, 14, 6, 3, 3)",1,585,0.022509,13417,0.022362,41.0099,26.251,16.7817,10.6954
discard2,"Deal 5, discard 2",5,10000000,22260932,Flush (See),Flush A-6-3 ♦,"(2, 14, 6, 3, 2)",1,585,0.022509,13490,0.022483,40.7746,25.9993,16.5411,10.4744
discard2,"Deal 5, discard 2",5,10000000,22260932,Flush (See),Flush A-6-3 ♣,"(2, 14, 6, 3, 1)",1,585,0.022509,13629,0.022715,41.2231,26.324,16.7378,10.5951
discard2,"Deal 5, discard 2",5,10000000,22260932,Flush (See),Flush A-6-2 ♠,"(2, 14, 6, 2, 4)",1,585,0.022509,13718,0.022863,40.5351,25.815,16.4455,10.4972
discard2,"Deal 5, discard 2",5,10000000,22260932,Flush (See),Flush A-6-2 ♥,"(2, 14, 6, 2, 3)",1,585,0.022509,13417,0.022362,40.1416,25.4766,16.2003,10.278
discard2,"Deal 5, discard 2",5,10000000,22260932,Flush (See),Flush A-6-2 ♦,"(2, 14, 6, 2, 2)",1,585,0.022509,13645,0.022742,40.044,25.2613,15.8432,9.8204
discard2,"Deal 5, discard 2",5,10000000,22260932,Flush (See),Flush A-6-2 ♣,"(2, 14, 6, 2, 1)",1,585,0.022509,13414,0.022357,40.1744,25.5122,16.2547,10.4369
discard2,"Deal 5, discard 2",5,10000000,22260932,Flush (See),Flush A-5-4 ♠,"(2, 14, 5, 4, 4)",1,543,0.02089297,12526,0.020877,40.6475,25.8015,16.3612,10.4024
discard2,"Deal 5, discard 2",5,10000000,22260932,Flush (See),Flush A-5-4 ♥,"(2, 14, 5, 4, 3)",1,543,0.02089297,12503,0.020838,40.0888,25.3011,15.9098,9.9576
discard2,"Deal 5, discard 2",5,10000000,22260932,Flush (See),Flush A-5-4 ♦,"(2, 14, 5, 4, 2)",1,543,0.02089297,12615,0.021025,40.6603,25.8177,16.3551,10.3924
discard2,"Deal 5, discard 2",5,10000000,22260932,Flush (See),Flush A-5-4 ♣,"(2, 14, 5, 4, 1)",1,543,0.02089297,12466,0.020777,40.3538,25.527,16.172,10.3241
discard2,"Deal 5, discard 2",5,10000000,22260932,Flush (See),Flush A-5-3 ♠,"(2, 14, 5, 3, 4)",1,501,0.01927694,11481,0.019135,40.7787,26.0291,16.5996,10.5653
discard2,"Deal 5, discard 2",5,10000000,22260932,Flush (See),Flush A-5-3 ♥,"(2, 14, 5, 3, 3)",1,501,0.01927694,11703,0.019505,40.7725,26.0036,16.5291,10.4418
discard2,"Deal 5, discard 2",5,10000000,22260932,Flush (See),Flush A-5-3 ♦,"(2, 14, 5, 3, 2)",1,501,0.01927694,11426,0.019043,40.9225,26.0896,16.6235,10.6074
discard2,"Deal 5, discard 2",5,10000000,22260932,Flush (See),Flush A-5-3 ♣,"(2, 14, 5, 3, 1)",1,501,0.01927694,11540,0.019233,40.2938,25.552,16.2374,10.3553
discard2,"Deal 5, discard 2",5,10000000,22260932,Flush (See),Flush A-5-2 ♠,"(2, 14, 5, 2, 4)",1,594,0.0228553,13652,0.022753,39.7063,24.9604,15.6548,9.8008
discard2,"Deal 5, discard 2",5,10000000,22260932,Flush (See),Flush A-5-2 ♥,"(2, 14, 5, 2, 3)",1,594,0.0228553,13555,0.022592,39.9019,25.1546,15.7993,9.834
discard2,"Deal 5, discard 2",5,10000000,22260932,Flush (See),Flush A-5-2 ♦,"(2, 14, 5, 2, 2)",1,594,0.0228553,13817,0.023028,39.2972,24.6544,15.5128,9.7489
discard2,"Deal 5, discard 2",5,10000000,22260932,Flush (See),Flush A-5-2 ♣,"(2, 14, 5, 2, 1)",1,594,0.0228553,13630,0.022717,39.9985,25.1651,15.6992,9.6478
discard2,"Deal 5, discard 2",5,10000000,22260932,Flush (See),Flush A-4-3 ♠,"(2, 14, 4, 3, 4)",1,510,0.01962323,11775,0.019625,40.5028,25.7461,16.3244,10.2675
discard2,"Deal 5, discard 2",5,10000000,22260932,Flush (See),Flush A-4-3 ♥,"(2, 14, 4, 3, 3)",1,510,0.01962323,11547,0.019245,40.5681,25.7755,16.3107,10.2278
discard2,"Deal 5, discard 2",5,10000000,22260932,Flush (See),Flush A-4-3 ♦,"(2, 14, 4, 3, 2)",1,510,0.01962323,11791,0.019652,40.4062,25.6535,16.2039,10.1179
discard2,"Deal 5, discard 2",5,10000000,22260932,Flush (See),Flush A-4-3 ♣,"(2, 14, 4, 3, 1)",1,510,0.01962323,11796,0.01966,40.4502,25.6222,16.1224,10.0288
discard2,"Deal 5, discard 2",5,10000000,22260932,Flush (See),Flush A-4-2 ♠,"(2, 14, 4, 2, 4)",1,603,0.02320159,14065,0.023442,39.7881,25.0572,15.7526,9.8685
discard2,"Deal 5, discard 2",5,10000000,22260932,Flush (See),Flush A-4-2 ♥,"(2, 14, 4, 2, 3)",1,603,0.02320159,13766,0.022943,39.5249,24.8838,15.6792,9.8721
discard2,"Deal 5, discard 2",5,10000000,22260932,Flush (See),Flush A-4-2 ♦,"(2, 14, 4, 2, 2)",1,603,0.02320159,13699,0.022832,39.3489,24.6595,15.442,9.6941
discard2,"Deal 5, discard 2",5,10000000,22260932,Flush (See),Flush A-4-2 ♣,"(2, 14, 4, 2, 1)",1,603,0.02320159,13999,0.023332,39.5743,24.7961,15.4868,9.6221
discard2,"Deal 5, discard 2",5,10000000,22260932,Flush (See),Flush K-Q-10 ♠,"(2, 13, 12, 10, 4)",1,576,0.02216271,13335,0.022225,39.6595,24.9231,15.673,9.8763
discard2,"Deal 5, discard 2",5,10000000,22260932,Flush (See),Flush K-Q-10 ♥,"(2, 13, 12, 10, 3)",1,576,0.02216271,13508,0.022513,39.695,25.0244,15.8069,10.0237
discard2,"Deal 5, discard 2",5,10000000,22260932,Flush (See),Flush K-Q-10 ♦,"(2, 13, 12, 10, 2)",1,576,0.02216271,13345,0.022242,40.2578,25.5736,16.2488,10.2735
discard2,"Deal 5, discard 2",5,10000000,22260932,Flush (See),Flush K-Q-10 ♣,"(2, 13, 12, 10, 1)",1,576,0.02216271,13214,0.022023,40.0454,25.2626,15.8937,9.9591
discard2,"Deal 5, discard 2",5,10000000,22260932,Flush (See),Flush K-Q-9 ♠,"(2, 13, 12, 9, 4)",1,530,0.02039277,12312,0.02052,40.1007,25.3306,15.9097,9.9172
discard2,"Deal 5, discard 2",5,10000000,22260932,Flush (See),Flush K-Q-9 ♥,"(2, 13, 12, 9, 3)",1,530,0.02039277,12247,0.020412,39.9445,25.1833,15.8782,10.0188
discard2,"Deal 5, discard 2",5,10000000,22260932,Flush (See),Flush K-Q-9 ♦,"(2, 13, 12, 9, 2)",1,530,0.02039277,12111,0.020185,39.9579,25.2341,16.0069,10.2882
discard2,"Deal 5, discard 2",5,10000000,22260932,Flush (See),Flush K-Q-9 ♣,"(2, 13, 12, 9, 1)",1,530,0.02039277,12022,0.020037,39.8677,25.2179,15.9208,9.9567
discard2,"Deal 5, discard 2",5,10000000,22260932,Flush (See),Flush K-Q-8 ♠,"(2, 13, 12, 8, 4)",1,488,0.01877674,11180,0.018633,40.1047,25.3524,15.9857,10.0447
discard2,"Deal 5, discard 2",5,10000000,22260932,Flush (See),Flush K-Q-8 ♥,"(2, 13, 12, 8, 3)",1,488,0.01877674,11136,0.01856,39.5088,24.7504,15.4382,9.5815
discard2,"Deal 5, discard 2",5,10000000,22260932,Flush (See),Flush K-Q-8 ♦,"(2, 13, 12, 8, 2)",1,488,0.01877674,11202,0.01867,39.9929,25.2223,15.8436,9.9179
discard2,"Deal 5, discard 2",5,10000000,22260932,Flush (See),Flush K-Q-8 ♣,"(2, 13, 12, 8, 1)",1,488,0.01877674,11273,0.018788,39.6381,25.0244,15.8485,10.0594
discard2,"Deal 5, discard 2",5,10000000,22260932,Flush (See),Flush K-Q-7 ♠,"(2, 13, 12, 7, 4)",1,456,0.01754548,10800,0.018,39.4537,24.8222,15.6519,9.9259
discard2,"Deal 5, discard 2",5,10000000,22260932,Flush (See),Flush K-Q-7 ♥,"(2, 13, 12, 7, 3)",1,456,0.01754548,10511,0.017518,39.7859,25.1384,15.8995,10.0752
discard2,"Deal 5, discard 2",5,10000000,22260932,Flush (See),Flush K-Q-7 ♦,"(2, 13, 12, 7, 2)",1,456,0.01754548,10710,0.01785,39.8917,25.1606,15.8357,9.9253
discard2,"Deal 5, discard 2",5,10000000,22260932,Flush (See),Flush K-Q-7 ♣,"(2, 13, 12, 7, 1)",1,456,0.01754548,10466,0.017443,39.25,24.5987,15.4558,9.7554
discard2,"Deal 5, discard 2",5,10000000,22260932,Flush (See),Flush K-Q-6 ♠,"(2, 13, 12, 6, 4)",1,425,0.01635269,9910,0.016517,39.4823,24.885,15.7578,10.0706
discard2,"Deal 5, discard 2",5,10000000,22260932,Flush (See),Flush K-Q-6 ♥,"(2, 13, 12, 6, 3)",1,425,0.01635269,9783,0.016305,39.907,25.3562,16.1689,10.3649
discard2,"Deal 5, discard 2",5,10000000,22260932,Flush (See),Flush K-Q-6 ♦,"(2, 13, 12, 6, 2)",1,425,0.01635269,9824,0.016373,39.6732,25.0081,15.796,9.9959
discard2,"Deal 5, discard 2",5,10000000,22260932,Flush (See),Flush K-Q-6 ♣,"(2, 13, 12, 6, 1)",1,425,0.01635269,9858,0.01643,39.5628,25.0832,16.0621,10.4788
discard2,"Deal 5, discard 2",5,10000000,22260932,Flush (See),Flush K-Q-5 ♠,"(2, 13, 12, 5, 4)",1,395,0.01519839,9079,0.015132,39.4603,24.853,15.6956,9.9791
discard2,"Deal 5, discard 2",5,10000000,22260932,Flush (See),Flush K-Q-5 ♥,"(2, 13, 12, 5, 3)",1,395,0.01519839,9168,0.01528,39.5397,24.8735,15.7264,10.0458
discard2,"Deal 5, discard 2",5,10000000,22260932,Flush (See),Flush K-Q-5 ♦,"(2, 13, 12, 5, 2)",1,395,0.01519839,9158,0.015263,39.8417,25.2217,16.0035,10.2097
discard2,"Deal 5, discard 2",5,10000000,22260932,Flush (See),Flush K-Q-5 ♣,"(2, 13, 12, 5, 1)",1,395,0.01519839,9278,0.015463,40.1283,25.5508,16.3462,10.5195
discard2,"Deal 5, discard 2",5,10000000,22260932,Flush (See),Flush K-Q-4 ♠,"(2, 13, 12, 4, 4)",1,366,0.01408256,8685,0.014475,39.3495,24.6195,15.3092,9.3955
discard2,"Deal 5, discard 2",5,10000000,22260932,Flush (See),Flush K-Q-4 ♥,"(2, 13, 12, 4, 3)",1,366,0.01408256,8475,0.014125,39.5481,24.9522,15.8183,10.0767
discard2,"Deal 5, discard 2",5,10000000,22260932,Flush (See),Flush K-Q-4 ♦,"(2, 13, 12, 4, 2)",1,366,0.01408256,8459,0.014098,39.5614,24.7783,15.4794,9.682
discard2,"Deal 5, discard 2",5,10000000,22260932,Flush (See),Flush K-Q-4 ♣,"(2, 13, 12, 4, 1)",1,366,0.01408256,8356,0.013927,39.6099,24.8887,15.584,9.6817
discard2,"Deal 5, discard 2",5,10000000,22260932,Flush (See),Flush K-Q-3 ♠,"(2, 13, 12, 3, 4)",1,354,0.01362083,8104,0.013507,39.3731,24.6545,15.4269,9.6249
discard2,"Deal 5, discard 2",5,10000000,22260932,Flush (See),Flush K-Q-3 ♥,"(2, 13, 12, 3, 3)",1,354,0.01362083,8187,0.013645,40.0537,25.5661,16.4456,10.651
discard2,"Deal 5, discard 2",5,10000000,22260932,Flush (See),Flush K-Q-3 ♦,"(2, 13, 12, 3, 2)",1,354,0.01362083,8142,0.01357,39.693,25.0135,15.7308,9.8379
discard2,"Deal 5, discard 2",5,10000000,22260932,Flush (See),Flush K-Q-3 ♣,"(2, 13, 12, 3, 1)",1,354,0.01362083,8287,0.013812,39.4932,24.7677,15.4435,9.5209
discard2,"Deal 5, discard 2",5,10000000,22260932,Flush (See),Flush K-Q-2 ♠,"(2, 13, 12, 2, 4)",1,339,0.01304368,7907,0.013178,38.5292,23.8675,14.7667,9.0932
discard2,"Deal 5, discard 2",5,10000000,22260932,Flush (See),Flush K-Q-2 ♥,"(2, 13, 12, 2, 3)",1,339,0.01304368,7892,0.013153,38.6569,24.0877,15.0127,9.2752
discard2,"Deal 5, discard 2",5,10000000,22260932,Flush (See),Flush K-Q-2 ♦,"(2, 13, 12, 2, 2)",1,339,0.01304368,7891,0.013152,38.6567,24.054,14.9892,9.3017
discard2,"Deal 5, discard 2",5,10000000,22260932,Flush (See),Flush K-Q-2 ♣,"(2, 13, 12, 2, 1)",1,339,0.01304368,7912,0.013187,38.8372,24.1709,14.9949,9.2391
discard2,"Deal 5, discard 2",5,10000000,22260932,Flush (See),Flush K-J-10 ♠,"(2, 13, 11, 10, 4)",1,558,0.02147013,12577,0.020962,40.0087,25.2771,15.8846,9.8752
discard2,"Deal 5, discard 2",5,10000000,22260932,Flush (See),Flush K-J-10 ♥,"(2, 13, 11, 10, 3)",1,558,0.02147013,12861,0.021435,39.6066,24.883,15.6162,9.766
discard2,"Deal 5, discard 2",5,10000000,22260932,Flush (See),Flush K-J-10 ♦,"(2, 13, 11, 10, 2)",1,558,0.02147013,12830,0.021383,40.1676,25.4388,16.0592,10.1013
discard2,"Deal 5, discard 2",5,10000000,22260932,Flush (See),Flush K-J-10 ♣,"(2, 13, 11, 10, 1)",1,558,0.02147013,12974,0.021623,39.8366,25.3029,16.1353,10.2513
discard2,"Deal 5, discard 2",5,10000000,22260932,Flush (See),Flush K-J-9 ♠,"(2, 13, 11, 9, 4)",1,542,0.0208545,12427,0.020712,39.8326,25.0913,15.7753,9.8737
discard2,"Deal 5, discard 2",5,10000000,22260932,Flush (See),Flush K-J-9 ♥,"(2, 13, 11, 9, 3)",1,542,0.0208545,12726,0.02121,39.1388,24.3612,15.0652,9.1623
discard2,"Deal 5, discard 2",5,10000000,22260932,Flush (See),Flush K-J-9 ♦,"(2, 13, 11, 9, 2)",1,542,0.0208545,12657,0.021095,39.5457,24.7768,15.5108,9.7732
discard2,"Deal 5, discard 2",5,10000000,22260932,Flush (See),Flush K-J-9 ♣,"(2, 13, 11, 9, 1)",1,542,0.0208545,12503,0.020838,39.0986,24.4085,15.1852,9.3658
discard2,"Deal 5, discard 2",5,10000000,22260932,Flush (See),Flush K-J-8 ♠,"(2, 13, 11, 8, 4)",1,590,0.02270139,13574,0.022623,39.639,24.9705,15.7153,9.8644
discard2,"Deal 5, discard 2",5,10000000,22260932,Flush (See),Flush K-J-8 ♥,"(2, 13, 11, 8, 3)",1,590,0.02270139,13714,0.022857,39.5297,24.8644,15.6264,9.8804
discard2,"Deal 5, discard 2",5,10000000,22260932,Flush (See),Flush K-J-8 ♦,"(2, 13, 11, 8, 2)",1,590,0.02270139,13702,0.022837,39.7599,25.0051,15.7306,9.9475
discard2,"Deal 5, discard 2",5,10000000,22260932,Flush (See),Flush K-J-8 ♣,"(2, 13, 11, 8, 1)",1,590,0.02270139,13822,0.023037,39.3387,24.7207,15.5072,9.6875
discard2,"Deal 5, discard 2",5,10000000,22260932,Flush (See),Flush K-J-7 ♠,"(2, 13, 11, 7, 4)",1,546,0.0210084,12438,0.02073,39.6109,24.9116,15.6456,9.7765
discard2,"Deal 5, discard 2",5,10000000,22260932,Flush (See),Flush K-J-7 ♥,"(2, 13, 11, 7, 3)",1,546,0.0210084,12624,0.02104,39.5604,24.9477,15.7288,9.8701
discard2,"Deal 5, discard 2",5,10000000,22260932,Flush (See),Flush K-J-7 ♦,"(2, 13, 11, 7, 2)",1,546,0.0210084,12775,0.021292,39.7566,25.0607,15.7996,9.9961
discard2,"Deal 5, discard 2",5,10000000,22260932,Flush (See),Flush K-J-7 ♣,"(2, 13, 11, 7, 1)",1,546,0.0210084,12646,0.021077,39.0511,24.3737,15.1748,9.3389
discard2,"Deal 5, discard 2",5,10000000,22260932,Flush (See),Flush K-J-6 ♠,"(2, 13, 11, 6, 4)",1,512,0.01970019,11913,0.019855,39.6164,24.9903,15.8113,10.0898
discard2,"Deal 5, discard 2",5,10000000,22260932,Flush (See),Flush K-J-6 ♥,"(2, 13, 11, 6, 3)",1,512,0.01970019,11862,0.01977,39.3483,24.7058,15.5572,9.8634
discard2,"Deal 5, discard 2",5,10000000,22260932,Flush (See),Flush K-J-6 ♦,"(2, 13, 11, 6, 2)",1,512,0.01970019,11825,0.019708,39.5789,24.8812,15.6245,9.8013
discard2,"Deal 5, discard 2",5,10000000,22260932,Flush (See),Flush K-J-6 ♣,"(2, 13, 11, 6, 1)",1,512,0.01970019,11612,0.019353,39.5703,24.8484,15.6355,9.9122
discard2,"Deal 5, discard 2",5,10000000,22260932,Flush (See),Flush K-J-5 ♠,"(2, 13, 11, 5, 4)",1,479,0.01843045,11108,0.018513,38.8927,24.2861,15.1945,9.4887
discard2,"Deal 5, discard 2",5,10000000,22260932,Flush (See),Flush K-J-5 ♥,"(2, 13, 11, 5, 3)",1,479,0.01843045,11119,0.018532,39.115,24.424,15.2334,9.5512
discard2,"Deal 5, discard 2",5,10000000,22260932,Flush (See),Flush K-J-5 ♦,"(2, 13, 11, 5, 2)",1,479,0.01843045,11110,0.018517,39.4203,24.865,15.7318,10.0
discard2,"Deal 5, discard 2",5,10000000,22260932,Flush (See),Flush K-J-5 ♣,"(2, 13, 11, 5, 1)",1,479,0.01843045,11194,0.018657,39.4863,24.8392,15.6334,9.8267
discard2,"Deal 5, discard 2",5,10000000,22260932,Flush (See),Flush K-J-4 ♠,"(2, 13, 11, 4, 4)",1,447,0.01719919,10430,0.017383,38.908,24.2608,15.1045,9.3193
discard2,"Deal 5, discard 2",5,10000000,22260932,Flush (See),Flush K-J-4 ♥,"(2, 13, 11, 4, 3)",1,447,0.01719919,10333,0.017222,38.9993,24.2582,15.0566,9.339
discard2,"Deal 5, discard 2",5,10000000,22260932,Flush (See),Flush K-J-4 ♦,"(2, 13, 11, 4, 2)",1,447,0.01719919,10250,0.017083,39.881,25.1873,15.8927,9.9707
discard2,"Deal 5, discard 2",5,10000000,22260932,Flush (See),Flush K-J-4 ♣,"(2, 13, 11, 4, 1)",1,447,0.01719919,10527,0.017545,39.1451,24.5255,15.4023,9.7559
discard2,"Deal 5, discard 2",5,10000000,22260932,Flush (See),Flush K-J-3 ♠,"(2, 13, 11, 3, 4)",1,420,0.01616031,9735,0.016225,39.095,24.4612,15.3549,9.6662
discard2,"Deal 5, discard 2",5,10000000,22260932,Flush (See),Flush K-J-3 ♥,"(2, 13, 11, 3, 3)",1,420,0.01616031,9829,0.016382,38.9409,24.3321,15.2711,9.6449
discard2,"Deal 5, discard 2",5,10000000,22260932,Flush (See),Flush K-J-3 ♦,"(2, 13, 11, 3, 2)",1,420,0.01616031,9635,0.016058,39.616,24.9559,15.7198,9.9222
discard2,"Deal 5, discard 2",5,10000000,22260932,Flush (See),Flush K-J-3 ♣,"(2, 13, 11, 3, 1)",1,420,0.01616031,9805,0.016342,38.8455,24.1856,15.0005,9.128
discard2,"Deal 5, discard 2",5,10000000,22260932,Flush (See),Flush K-J-2 ♠,"(2, 13, 11, 2, 4)",1,405,0.01558316,9310,0.015517,38.5489,23.8217,14.6337,8.9259
discard2,"Deal 5, discard 2",5,10000000,22260932,Flush (See),Flush K-J-2 ♥,"(2, 13, 11, 2, 3)",1,405,0.01558316,9309,0.015515,38.1244,23.5815,14.6138,9.1309
discard2,"Deal 5, discard 2",5,10000000,22260932,Flush (See),Flush K-J-2 ♦,"(2, 13, 11, 2, 2)",1,405,0.01558316,9323,0.015538,38.7011,24.2358,15.1754,9.4497
discard2,"Deal 5, discard 2",5,10000000,22260932,Flush (See),Flush K-J-2 ♣,"(2, 13, 11, 2, 1)",1,405,0.01558316,9383,0.015638,38.7573,24.1767,15.1039,9.4959
discard2,"Deal 5, discard 2",5,10000000,22260932,Flush (See),Flush K-10-9 ♠,"(2, 13, 10, 9, 4)",1,711,0.0273571,16273,0.027122,38.2683,23.7787,14.8037,9.2362
discard2,"Deal 5, discard 2",5,10000000,22260932,Flush (See),Flush K-10-9 ♥,"(2, 13, 10, 9, 3)",1,711,0.0273571,16353,0.027255,37.565,23.0368,14.1124,8.6223
discard2,"Deal 5, discard 2",5,10000000,22260932,Flush (See),Flush K-10-9 ♦,"(2, 13, 10, 9, 2)",1,711,0.0273571,16349,0.027248,37.8996,23.3225,14.3544,8.8323
discard2,"Deal 5, discard 2",5,10000000,22260932,Flush (See),Flush K-10-9 ♣,"(2, 13, 10, 9, 1)",1,711,0.0273571,16295,0.027158,38.0675,23.4722,14.4928,8.9966
discard2,"Deal 5, discard 2",5,10000000,22260932,Flush (See),Flush K-10-8 ♠,"(2, 13, 10, 8, 4)",1,794,0.03055068,18278,0.030463,37.9407,23.4014,14.4699,9.0054
discard2,"Deal 5, discard 2",5,10000000,22260932,Flush (See),Flush K-10-8 ♥,"(2, 13, 10, 8, 3)",1,794,0.03055068,18276,0.03046,37.9941,23.4701,14.5251,9.0556
discard2,"Deal 5, discard 2",5,10000000,22260932,Flush (See),Flush K-10-8 ♦,"(2, 13, 10, 8, 2)",1,794,0.03055068,18248,0.030413,38.311,23.8032,14.84,9.2996
discard2,"Deal 5, discard 2",5,10000000,22260932,Flush (See),Flush K-10-8 ♣,"(2, 13, 10, 8, 1)",1,794,0.03055068,18238,0.030397,37.9724,23.4488,14.5071,8.9758
discard2,"Deal 5, discard 2",5,10000000,22260932,Flush (See),Flush K-10-7 ♠,"(2, 13, 10, 7, 4)",1,849,0.03266691,19729,0.032882,38.2229,23.6829,14.6738,9.0577
discard2,"Deal 5, discard 2",5,10000000,22260932,Flush (See),Flush K-10-7 ♥,"(2, 13, 10, 7, 3)",1,849,0.03266691,19728,0.03288,37.8092,23.2375,14.2964,8.7895
discard2,"Deal 5, discard 2",5,10000000,22260932,Flush (See),Flush K-10-7 ♦,"(2, 13, 10, 7, 2)",1,849,0.03266691,19755,0.032925,37.8821,23.3627,14.445,8.9243
discard2,"Deal 5, discard 2",5,10000000,22260932,Flush (See),Flush K-10-7 ♣,"(2, 13, 10, 7, 1)",1,849,0.03266691,19592,0.032653,37.8348,23.307,14.4008,8.9782
discard2,"Deal 5, discard 2",5,10000000,22260932,Flush (See),Flush K-10-6 ♠,"(2, 13, 10, 6, 4)",1,797,0.03066611,18330,0.03055,37.8227,23.3099,14.4441,9.0289
discard2,"Deal 5, discard 2",5,10000000,22260932,Flush (See),Flush K-10-6 ♥,"(2, 13, 10, 6, 3)",1,797,0.03066611,18681,0.031135,38.0745,23.5287,14.5656,9.052
discard2,"Deal 5, discard 2",5,10000000,22260932,Flush (See),Flush K-10-6 ♦,"(2, 13, 10, 6, 2)",1,797,0.03066611,18324,0.03054,37.9486,23.3988,14.4444,8.9064
discard2,"Deal 5, discard 2",5,10000000,22260932,Flush (See),Flush K-10-6 ♣,"(2, 13, 10, 6, 1)",1,797,0.03066611,18393,0.030655,37.7459,23.1724,14.2489,8.8077
discard2,"Deal 5, discard 2",5,10000000,22260932,Flush (See),Flush K-10-5 ♠,"(2, 13, 10, 5, 4)",1,755,0.02905008,17368,0.028947,38.127,23.5514,14.5497,8.9936
discard2,"Deal 5, discard 2",5,10000000,22260932,Flush (See),Flush K-10-5 ♥,"(2, 13, 10, 5, 3)",1,755,0.02905008,17378,0.028963,37.7713,23.3134,14.4861,9.0862
discard2,"Deal 5, discard 2",5,10000000,22260932,Flush (See),Flush K-10-5 ♦,"(2, 13, 10, 5, 2)",1,755,0.02905008,17660,0.029433,37.6183,23.1897,14.3579,8.9524
discard2,"Deal 5, discard 2",5,10000000,22260932,Flush (See),Flush K-10-5 ♣,"(2, 13, 10, 5, 1)",1,755,0.02905008,17363,0.028938,37.448,22.8901,13.9423,8.4375
discard2,"Deal 5, discard 2",5,10000000,22260932,Flush (See),Flush K-10-4 ♠,"(2, 13, 10, 4, 4)",1,714,0.02747253,16470,0.02745,37.8676,23.2429,14.2574,8.7796
discard2,"Deal 5, discard 2",5,10000000,22260932,Flush (See),Flush K-10-4 ♥,"(2, 13, 10, 4, 3)",1,714,0.02747253,16401,0.027335,37.9032,23.3528,14.365,8.8043
discard2,"Deal 5, discard 2",5,10000000,22260932,Flush (See),Flush K-10-4 ♦,"(2, 13, 10, 4, 2)",1,714,0.02747253,16399,0.027332,37.4346,22.9069,14.0143,8.531
discard2,"Deal 5, discard 2",5,10000000,22260932,Flush (See),Flush K-10-4 ♣,"(2, 13, 10, 4, 1)",1,714,0.02747253,16701,0.027835,37.2672,22.7675,13.9153,8.5264
discard2,"Deal 5, discard 2",5,10000000,22260932,Flush (See),Flush K-10-3 ♠,"(2, 13, 10, 3, 4)",1,678,0.02608736,15635,0.026058,37.6246,23.0803,14.1068,8.5705
discard2,"Deal 5, discard 2",5,10000000,22260932,Flush (See),Flush K-10-3 ♥,"(2, 13, 10, 3, 3)",1,678,0.02608736,15610,0.026017,37.5561,23.057,14.1717,8.706
discard2,"Deal 5, discard 2",5,10000000,22260932,Flush (See),Flush K-10-3 ♦,"(2, 13, 10, 3, 2)",1,678,0.02608736,15755,0.026258,37.3247,22.7617,13.8534,8.3719
discard2,"Deal 5, discard 2",5,10000000,22260932,Flush (See),Flush K-10-3 ♣,"(2, 13, 10, 3, 1)",1,678,0.02608736,15598,0.025997,37.7939,23.2671,14.3454,8.8409
discard2,"Deal 5, discard 2",5,10000000,22260932,Flush (See),Flush K-10-2 ♠,"(2, 13, 10, 2, 4)",1,654,0.02516391,15109,0.025182,36.5094,22.0855,13.3722,8.068
discard2,"Deal 5, discard 2",5,10000000,22260932,Flush (See),Flush K-10-2 ♥,"(2, 13, 10, 2, 3)",1,654,0.02516391,15239,0.025398,36.9152,22.4903,13.7712,8.5242
discard2,"Deal 5, discard 2",5,10000000,22260932,Flush (See),Flush K-10-2 ♦,"(2, 13, 10, 2, 2)",1,654,0.02516391,14987,0.024978,36.7719,22.3274,13.5891,8.3272
discard2,"Deal 5, discard 2",5,10000000,22260932,Flush (See),Flush K-10-2 ♣,"(2, 13, 10, 2, 1)",1,654,0.02516391,15299,0.025498,36.1906,21.7269,13.0283,7.8306
discard2,"Deal 5, discard 2",5,10000000,22260932,Flush (See),Flush K-9-8 ♠,"(2, 13, 9, 8, 4)",1,652,0.02508696,15128,0.025213,37.3837,22.9098,14.0825,8.6991
discard2,"Deal 5, discard 2",5,10000000,22260932,Flush (See),Flush K-9-8 ♥,"(2, 13, 9, 8, 3)",1,652,0.02508696,15086,0.025143,37.2856,22.8139,13.9507,8.5046
discard2,"Deal 5, discard 2",5,10000000,22260932,Flush (See),Flush K-9-8 ♦,"(2, 13, 9, 8, 2)",1,652,0.02508696,14938,0.024897,36.8878,22.3303,13.5038,8.2073
discard2,"Deal 5, discard 2",5,10000000,22260932,Flush (See),Flush K-9-8 ♣,"(2, 13, 9, 8, 1)",1,652,0.02508696,15053,0.025088,36.6917,22.2374,13.5309,8.2907
discard2,"Deal 5, discard 2",5,10000000,22260932,Flush (See),Flush K-9-7 ♠,"(2, 13, 9, 7, 4)",1,744,0.02862684,17136,0.02856,36.8231,22.4014,13.6718,8.3508
discard2,"Deal 5, discard 2",5,10000000,22260932,Flush (See),Flush K-9-7 ♥,"(2, 13, 9, 7, 3)",1,744,0.02862684,17294,0.028823,37.4147,22.9259,14.08,8.6851
discard2,"Deal 5, discard 2",5,10000000,22260932,Flush (See),Flush K-9-7 ♦,"(2, 13, 9, 7, 2)",1,744,0.02862684,17465,0.029108,36.915,22.3395,13.4898,8.1076
discard2,"Deal 5, discard 2",5,10000000,22260932,Flush (See),Flush K-9-7 ♣,"(2, 13, 9, 7, 1)",1,744,0.02862684,17126,0.028543,36.9975,22.5131,13.6868,8.309
discard2,"Deal 5, discard 2",5,10000000,22260932,Flush (See),Flush K-9-6 ♠,"(2, 13, 9, 6, 4)",1,797,0.03066611,18568,0.030947,36.9571,22.4521,13.6234,8.2723
discard2,"Deal 5, discard 2",5,10000000,22260932,Flush (See),Flush K-9-6 ♥,"(2, 13, 9, 6, 3)",1,797,0.03066611,18114,0.03019,37.1017,22.5814,13.733,8.3251
discard2,"Deal 5, discard 2",5,10000000,22260932,Flush (See),Flush K-9-6 ♦,"(2, 13, 9, 6, 2)",1,797,0.03066611,18217,0.030362,37.2608,22.877,14.1582,8.9038
discard2,"Deal 5, discard 2",5,10000000,22260932,Flush (See),Flush K-9-6 ♣,"(2, 13, 9, 6, 1)",1,797,0.03066611,18531,0.030885,37.3266,22.7851,13.9064,8.5209
discard2,"Deal 5, discard 2",5,10000000,22260932,Flush (See),Flush K-9-5 ♠,"(2, 13, 9, 5, 4)",1,746,0.02870379,17181,0.028635,37.0124,22.5179,13.7023,8.3639
discard2,"Deal 5, discard 2",5,10000000,22260932,Flush (See),Flush K-9-5 ♥,"(2, 13, 9, 5, 3)",1,746,0.02870379,17283,0.028805,37.0954,22.6373,13.8668,8.5344
discard2,"Deal 5, discard 2",5,10000000,22260932,Flush (See),Flush K-9-5 ♦,"(2, 13, 9, 5, 2)",1,746,0.02870379,17302,0.028837,36.568,22.2356,13.6377,8.4557
discard2,"Deal 5, discard 2",5,10000000,22260932,Flush (See),Flush K-9-5 ♣,"(2, 13, 9, 5, 1)",1,746,0.02870379,17118,0.02853,37.0768,22.5441,13.6558,8.2077
discard2,"Deal 5, discard 2",5,10000000,22260932,Flush (See),Flush K-9-4 ♠,"(2, 13, 9, 4, 4)",1,705,0.02712624,16240,0.027067,37.0967,22.5985,13.7488,8.3128
discard2,"Deal 5, discard 2",5,10000000,22260932,Flush (See),Flush K-9-4 ♥,"(2, 13, 9, 4, 3)",1,705,0.02712624,16357,0.027262,37.005,22.5671,13.7715,8.3878
discard2,"Deal 5, discard 2",5,10000000,22260932,Flush (See),Flush K-9-4 ♦,"(2, 13, 9, 4, 2)",1,705,0.02712624,16210,0.027017,36.5336,22.0241,13.2165,7.8532
discard2,"Deal 5, discard 2",5,10000000,22260932,Flush (See),Flush K-9-4 ♣,"(2, 13, 9, 4, 1)",1,705,0.02712624,16095,0.026825,36.8009,22.3218,13.5669,8.2696
discard2,"Deal 5, discard 2",5,10000000,22260932,Flush (See),Flush K-9-3 ♠,"(2, 13, 9, 3, 4)",1,669,0.02574107,15558,0.02593,36.8351,22.3236,13.5146,8.163
discard2,"Deal 5, discard 2",5,10000000,22260932,Flush (See),Flush K-9-3 ♥,"(2, 13, 9, 3, 3)",1,669,0.02574107,15440,0.025733,36.9728,22.4903,13.6904,8.3549
discard2,"Deal 5, discard 2",5,10000000,22260932,Flush (See),Flush K-9-3 ♦,"(2, 13, 9, 3, 2)",1,669,0.02574107,15495,0.025825,36.6434,22.1239,13.3372,8.0155
discard2,"Deal 5, discard 2",5,10000000,22260932,Flush (See),Flush K-9-3 ♣,"(2, 13, 9, 3, 1)",1,669,0.02574107,15488,0.025813,36.731,22.2353,13.4388,8.0901
discard2,"Deal 5, discard 2",5,10000000,22260932,Flush (See),Flush K-9-2 ♠,"(2, 13, 9, 2, 4)",1,645,0.02481762,15032,0.025053,36.075,21.6718,13.0003,7.79
discard2,"Deal 5, discard 2",5,10000000,22260932,Flush (See),Flush K-9-2 ♥,"(2, 13, 9, 2, 3)",1,645,0.02481762,14989,0.024982,36.0878,21.5912,12.8067,7.4455
discard2,"Deal 5, discard 2",5,10000000,22260932,Flush (See),Flush K-9-2 ♦,"(2, 13, 9, 2, 2)",1,645,0.02481762,14953,0.024922,36.2121,21.7535,13.0582,7.8045
discard2,"Deal 5, discard 2",5,10000000,22260932,Flush (See),Flush K-9-2 ♣,"(2, 13, 9, 2, 1)",1,645,0.02481762,14870,0.024783,36.0975,21.7216,13.1096,7.9556
discard2,"Deal 5, discard 2",5,10000000,22260932,Flush (See),Flush K-8-7 ♠,"(2, 13, 8, 7, 4)",1,615,0.02366331,14135,0.023558,36.5624,22.0934,13.3031,7.9731
discard2,"Deal 5, discard 2",5,10000000,22260932,Flush (See),Flush K-8-7 ♥,"(2, 13, 8, 7, 3)",1,615,0.02366331,14116,0.023527,36.6598,22.1741,13.3636,7.9697
discard2,"Deal 5, discard 2",5,10000000,22260932,Flush (See),Flush K-8-7 ♦,"(2, 13, 8, 7, 2)",1,615,0.02366331,14185,0.023642,36.4166,21.8907,13.0885,7.797
discard2,"Deal 5, discard 2",5,10000000,22260932,Flush (See),Flush K-8-7 ♣,"(2, 13, 8, 7, 1)",1,615,0.02366331,14076,0.02346,36.2006,21.754,13.106,7.9923
discard2,"Deal 5, discard 2",5,10000000,22260932,Flush (See),Flush K-8-6 ♠,"(2, 13, 8, 6, 4)",1,704,0.02708776,16388,0.027313,36.0215,21.5591,12.8911,7.6825
discard2,"Deal 5, discard 2",5,10000000,22260932,Flush (See),Flush K-8-6 ♥,"(2, 13, 8, 6, 3)",1,704,0.02708776,16396,0.027327,36.4461,22.0255,13.3106,8.0081
discard2,"Deal 5, discard 2",5,10000000,22260932,Flush (See),Flush K-8-6 ♦,"(2, 13, 8, 6, 2)",1,704,0.02708776,16219,0.027032,36.2279,21.7492,12.9848,7.6392
discard2,"Deal 5, discard 2",5,10000000,22260932,Flush (See),Flush K-8-6 ♣,"(2, 13, 8, 6, 1)",1,704,0.02708776,16204,0.027007,36.1719,21.8335,13.2473,8.1338
discard2,"Deal 5, discard 2",5,10000000,22260932,Flush (See),Flush K-8-5 ♠,"(2, 13, 8, 5, 4)",1,755,0.02905008,17512,0.029187,36.3876,21.8513,13.0276,7.669
discard2,"Deal 5, discard 2",5,10000000,22260932,Flush (See),Flush K-8-5 ♥,"(2, 13, 8, 5, 3)",1,755,0.02905008,17294,0.028823,36.2212,21.8446,13.1699,7.8929
discard2,"Deal 5, discard 2",5,10000000,22260932,Flush (See),Flush K-8-5 ♦,"(2, 13, 8, 5, 2)",1,755,0.02905008,17441,0.029068,36.221,21.8135,13.1965,8.0672
discard2,"Deal 5, discard 2",5,10000000,22260932,Flush (See),Flush K-8-5 ♣,"(2, 13, 8, 5, 1)",1,755,0.02905008,17537,0.029228,36.1424,21.5693,12.7696,7.4927
discard2,"Deal 5, discard 2",5,10000000,22260932,Flush (See),Flush K-8-4 ♠,"(2, 13, 8, 4, 4)",1,705,0.02712624,16229,0.027048,36.1735,21.7777,13.1074,7.8748
discard2,"Deal 5, discard 2",5,10000000,22260932,Flush (See),Flush K-8-4 ♥,"(2, 13, 8, 4, 3)",1,705,0.02712624,16242,0.02707,36.0627,21.6186,12.9455,7.7884
discard2,"Deal 5, discard 2",5,10000000,22260932,Flush (See),Flush K-8-4 ♦,"(2, 13, 8, 4, 2)",1,705,0.02712624,16288,0.027147,36.0996,21.7553,13.1336,7.9752
discard2,"Deal 5, discard 2",5,10000000,22260932,Flush (See),Flush K-8-4 ♣,"(2, 13, 8, 4, 1)",1,705,0.02712624,16321,0.027202,36.2368,21.7419,13.02,7.7691
discard2,"Deal 5, discard 2",5,10000000,22260932,Flush (See),Flush K-8-3 ♠,"(2, 13, 8, 3, 4)",1,669,0.02574107,15223,0.025372,36.1361,21.6528,12.8845,7.5806
discard2,"Deal 5, discard 2",5,10000000,22260932,Flush (See),Flush K-8-3 ♥,"(2, 13, 8, 3, 3)",1,669,0.02574107,15471,0.025785,35.955,21.4576,12.7477,7.5173
discard2,"Deal 5, discard 2",5,10000000,22260932,Flush (See),Flush K-8-3 ♦,"(2, 13, 8, 3, 2)",1,669,0.02574107,15328,0.025547,35.959,21.6584,13.1159,8.0245
discard2,"Deal 5, discard 2",5,10000000,22260932,Flush (See),Flush K-8-3 ♣,"(2, 13, 8, 3, 1)",1,669,0.02574107,15533,0.025888,35.5978,21.2284,12.6273,7.4615
discard2,"Deal 5, discard 2",5,10000000,22260932,Flush (See),Flush K-8-2 ♠,"(2, 13, 8, 2, 4)",1,645,0.02481762,15062,0.025103,35.4462,20.9335,12.2746,7.1704
discard2,"Deal 5, discard 2",5,10000000,22260932,Flush (See),Flush K-8-2 ♥,"(2, 13, 8, 2, 3)",1,645,0.02481762,14957,0.024928,35.5024,21.1486,12.5988,7.5349
discard2,"Deal 5, discard 2",5,10000000,22260932,Flush (See),Flush K-8-2 ♦,"(2, 13, 8, 2, 2)",1,645,0.02481762,14798,0.024663,35.3838,21.1143,12.5909,7.4943
discard2,"Deal 5, discard 2",5,10000000,22260932,Flush (See),Flush K-8-2 ♣,"(2, 13, 8, 2, 1)",1,645,0.02481762,14862,0.02477,35.4118,21.0019,12.4734,7.4754
discard2,"Deal 5, discard 2",5,10000000,22260932,Flush (See),Flush K-7-6 ♠,"(2, 13, 7, 6, 4)",1,579,0.02227814,13359,0.022265,34.9847,20.5749,12.0443,7.0365
discard2,"Deal 5, discard 2",5,10000000,22260932,Flush (See),Flush K-7-6 ♥,"(2, 13, 7, 6, 3)",1,579,0.02227814,13281,0.022135,35.9499,21.4991,12.8078,7.6048
discard2,"Deal 5, discard 2",5,10000000,22260932,Flush (See),Flush K-7-6 ♦,"(2, 13, 7, 6, 2)",1,579,0.02227814,13073,0.021788,35.5794,21.1069,12.4899,7.3969
discard2,"Deal 5, discard 2",5,10000000,22260932,Flush (See),Flush K-7-6 ♣,"(2, 13, 7, 6, 1)",1,579,0.02227814,13192,0.021987,35.3487,21.0908,12.6061,7.4742
discard2,"Deal 5, discard 2",5,10000000,22260932,Flush (See),Flush K-7-5 ♠,"(2, 13, 7, 5, 4)",1,665,0.02558716,15336,0.02556,35.5451,21.1633,12.6017,7.4922
discard2,"Deal 5, discard 2",5,10000000,22260932,Flush (See),Flush K-7-5 ♥,"(2, 13, 7, 5, 3)",1,665,0.02558716,15309,0.025515,35.5732,21.2313,12.6592,7.5315
discard2,"Deal 5, discard 2",5,10000000,22260932,Flush (See),Flush K-7-5 ♦,"(2, 13, 7, 5, 2)",1,665,0.02558716,15290,0.025483,35.4277,21.0222,12.4617,7.325
discard2,"Deal 5, discard 2",5,10000000,22260932,Flush (See),Flush K-7-5 ♣,"(2, 13, 7, 5, 1)",1,665,0.02558716,15290,0.025483,35.8986,21.5683,12.9732,7.809
discard2,"Deal 5, discard 2",5,10000000,22260932,Flush (See),Flush K-7-4 ♠,"(2, 13, 7, 4, 4)",1,714,0.02747253,16450,0.027417,35.6681,21.2687,12.6492,7.4772
discard2,"Deal 5, discard 2",5,10000000,22260932,Flush (See),Flush K-7-4 ♥,"(2, 13, 7, 4, 3)",1,714,0.02747253,16570,0.027617,35.9801,21.5329,12.8727,7.6946
discard2,"Deal 5, discard 2",5,10000000,22260932,Flush (See),Flush K-7-4 ♦,"(2, 13, 7, 4, 2)",1,714,0.02747253,16399,0.027332,36.0485,21.6007,12.9569,7.7993
discard2,"Deal 5, discard 2",5,10000000,22260932,Flush (See),Flush K-7-4 ♣,"(2, 13, 7, 4, 1)",1,714,0.02747253,16420,0.027367,35.8593,21.5414,12.9817,7.8319
discard2,"Deal 5, discard 2",5,10000000,22260932,Flush (See),Flush K-7-3 ♠,"(2, 13, 7, 3, 4)",1,669,0.02574107,15379,0.025632,35.7865,21.3629,12.6991,7.5102
discard2,"Deal 5, discard 2",5,10000000,22260932,Flush (See),Flush K-7-3 ♥,"(2, 13, 7, 3, 3)",1,669,0.02574107,15404,0.025673,35.0734,20.5998,11.9891,6.8489
discard2,"Deal 5, discard 2",5,10000000,22260932,Flush (See),Flush K-7-3 ♦,"(2, 13, 7, 3, 2)",1,669,0.02574107,15255,0.025425,35.7299,21.3058,12.6568,7.4795
discard2,"Deal 5, discard 2",5,10000000,22260932,Flush (See),Flush K-7-3 ♣,"(2, 13, 7, 3, 1)",1,669,0.02574107,15230,0.025383,35.128,20.8746,12.4714,7.4984
discard2,"Deal 5, discard 2",5,10000000,22260932,Flush (See),Flush K-7-2 ♠,"(2, 13, 7, 2, 4)",1,645,0.02481762,14979,0.024965,35.2927,21.0588,12.6003,7.5773
discard2,"Deal 5, discard 2",5,10000000,22260932,Flush (See),Flush K-7-2 ♥,"(2, 13, 7, 2, 3)",1,645,0.02481762,14933,0.024888,34.8664,20.5511,12.0713,7.085
discard2,"Deal 5, discard 2",5,10000000,22260932,Flush (See),Flush K-7-2 ♦,"(2, 13, 7, 2, 2)",1,645,0.02481762,14964,0.02494,35.0027,20.6522,12.1599,7.204
discard2,"Deal 5, discard 2",5,10000000,22260932,Flush (See),Flush K-7-2 ♣,"(2, 13, 7, 2, 1)",1,645,0.02481762,14625,0.024375,34.6667,20.4287,12.0889,7.1863
discard2,"Deal 5, discard 2",5,10000000,22260932,Flush (See),Flush K-6-5 ♠,"(2, 13, 6, 5, 4)",1,544,0.02093145,12724,0.021207,34.9961,20.694,12.2461,7.2776
discard2,"Deal 5, discard 2",5,10000000,22260932,Flush (See),Flush K-6-5 ♥,"(2, 13, 6, 5, 3)",1,544,0.02093145,12371,0.020618,35.1419,20.7477,12.1688,7.1296
discard2,"Deal 5, discard 2",5,10000000,22260932,Flush (See),Flush K-6-5 ♦,"(2, 13, 6, 5, 2)",1,544,0.02093145,12575,0.020958,35.5078,21.0783,12.4692,7.3002
discard2,"Deal 5, discard 2",5,10000000,22260932,Flush (See),Flush K-6-5 ♣,"(2, 13, 6, 5, 1)",1,544,0.02093145,12380,0.020633,35.2076,20.8174,12.2843,7.2213
discard2,"Deal 5, discard 2",5,10000000,22260932,Flush (See),Flush K-6-4 ♠,"(2, 13, 6, 4, 4)",1,627,0.02412503,14263,0.023772,35.496,21.1772,12.6734,7.6912
discard2,"Deal 5, discard 2",5,10000000,22260932,Flush (See),Flush K-6-4 ♥,"(2, 13, 6, 4, 3)",1,627,0.02412503,14243,0.023738,35.0362,20.6459,12.0916,6.9999
discard2,"Deal 5, discard 2",5,10000000,22260932,Flush (See),Flush K-6-4 ♦,"(2, 13, 6, 4, 2)",1,627,0.02412503,14609,0.024348,35.3645,20.9802,12.3937,7.2832
discard2,"Deal 5, discard 2",5,10000000,22260932,Flush (See),Flush K-6-4 ♣,"(2, 13, 6, 4, 1)",1,627,0.02412503,14281,0.023802,35.0697,20.5784,11.9333,6.8132
discard2,"Deal 5, discard 2",5,10000000,22260932,Flush (See),Flush K-6-3 ♠,"(2, 13, 6, 3, 4)",1,678,0.02608736,15718,0.026197,35.3875,20.974,12.4163,7.3355
discard2,"Deal 5, discard 2",5,10000000,22260932,Flush (See),Flush K-6-3 ♥,"(2, 13, 6, 3, 3)",1,678,0.02608736,15760,0.026267,35.4289,20.9778,12.3579,7.2525
discard2,"Deal 5, discard 2",5,10000000,22260932,Flush (See),Flush K-6-3 ♦,"(2, 13, 6, 3, 2)",1,678,0.02608736,15622,0.026037,35.0531,20.6798,12.1252,7.0542
discard2,"Deal 5, discard 2",5,10000000,22260932,Flush (See),Flush K-6-3 ♣,"(2, 13, 6, 3, 1)",1,678,0.02608736,15650,0.026083,35.3137,20.9521,12.3757,7.2204
discard2,"Deal 5, discard 2",5,10000000,22260932,Flush (See),Flush K-6-2 ♠,"(2, 13, 6, 2, 4)",1,645,0.02481762,14818,0.024697,34.5114,20.1383,11.6291,6.6406
discard2,"Deal 5, discard 2",5,10000000,22260932,Flush (See),Flush K-6-2 ♥,"(2, 13, 6, 2, 3)",1,645,0.02481762,14922,0.02487,34.5939,20.2795,11.863,6.983
discard2,"Deal 5, discard 2",5,10000000,22260932,Flush (See),Flush K-6-2 ♦,"(2, 13, 6, 2, 2)",1,645,0.02481762,14874,0.02479,34.4178,20.2044,11.8516,6.9316
discard2,"Deal 5, discard 2",5,10000000,22260932,Flush (See),Flush K-6-2 ♣,"(2, 13, 6, 2, 1)",1,645,0.02481762,14952,0.02492,34.4663,20.1645,11.8044,6.969
discard2,"Deal 5, discard 2",5,10000000,22260932,Flush (See),Flush K-5-4 ♠,"(2, 13, 5, 4, 4)",1,510,0.01962323,11649,0.019415,34.6751,20.4078,12.013,7.0564
discard2,"Deal 5, discard 2",5,10000000,22260932,Flush (See),Flush K-5-4 ♥,"(2, 13, 5, 4, 3)",1,510,0.01962323,11834,0.019723,34.744,20.4005,11.9588,7.0052
discard2,"Deal 5, discard 2",5,10000000,22260932,Flush (See),Flush K-5-4 ♦,"(2, 13, 5, 4, 2)",1,510,0.01962323,11852,0.019753,34.5731,20.1451,11.6284,6.6571
discard2,"Deal 5, discard 2",5,10000000,22260932,Flush (See),Flush K-5-4 ♣,"(2, 13, 5, 4, 1)",1,510,0.01962323,11705,0.019508,34.692,20.3041,11.7625,6.6638
discard2,"Deal 5, discard 2",5,10000000,22260932,Flush (See),Flush K-5-3 ♠,"(2, 13, 5, 3, 4)",1,594,0.0228553,13715,0.022858,35.1987,20.8305,12.2406,7.0798
discard2,"Deal 5, discard 2",5,10000000,22260932,Flush (See),Flush K-5-3 ♥,"(2, 13, 5, 3, 3)",1,594,0.0228553,13886,0.023143,34.6169,20.2737,11.8421,6.9494
discard2,"Deal 5, discard 2",5,10000000,22260932,Flush (See),Flush K-5-3 ♦,"(2, 13, 5, 3, 2)",1,594,0.0228553,13636,0.022727,35.1599,20.7766,12.2323,7.1795
discard2,"Deal 5, discard 2",5,10000000,22260932,Flush (See),Flush K-5-3 ♣,"(2, 13, 5, 3, 1)",1,594,0.0228553,13642,0.022737,35.052,20.8195,12.3648,7.3376
discard2,"Deal 5, discard 2",5,10000000,22260932,Flush (See),Flush K-5-2 ♠,"(2, 13, 5, 2, 4)",1,654,0.02516391,15132,0.02522,34.4251,20.1996,11.8345,6.8795
discard2,"Deal 5, discard 2",5,10000000,22260932,Flush (See),Flush K-5-2 ♥,"(2, 13, 5, 2, 3)",1,654,0.02516391,15001,0.025002,34.389,20.1333,11.7472,6.8262
discard2,"Deal 5, discard 2",5,10000000,22260932,Flush (See),Flush K-5-2 ♦,"(2, 13, 5, 2, 2)",1,654,0.02516391,15055,0.025092,34.5971,20.3275,11.9362,7.0076
discard2,"Deal 5, discard 2",5,10000000,22260932,Flush (See),Flush K-5-2 ♣,"(2, 13, 5, 2, 1)",1,654,0.02516391,15185,0.025308,34.4425,20.1508,11.7682,6.8225
discard2,"Deal 5, discard 2",5,10000000,22260932,Flush (See),Flush K-4-3 ♠,"(2, 13, 4, 3, 4)",1,477,0.0183535,11065,0.018442,34.7375,20.4211,12.0578,7.2481
discard2,"Deal 5, discard 2",5,10000000,22260932,Flush (See),Flush K-4-3 ♥,"(2, 13, 4, 3, 3)",1,477,0.0183535,11134,0.018557,34.6955,20.4688,12.0711,7.1044
discard2,"Deal 5, discard 2",5,10000000,22260932,Flush (See),Flush K-4-3 ♦,"(2, 13, 4, 3, 2)",1,477,0.0183535,10939,0.018232,34.2179,20.0457,11.8274,7.103
discard2,"Deal 5, discard 2",5,10000000,22260932,Flush (See),Flush K-4-3 ♣,"(2, 13, 4, 3, 1)",1,477,0.0183535,10910,0.018183,34.6819,20.3217,11.8533,6.8836
discard2,"Deal 5, discard 2",5,10000000,22260932,Flush (See),Flush K-4-2 ♠,"(2, 13, 4, 2, 4)",1,570,0.02193185,13040,0.021733,34.3098,20.0943,11.842,7.0859
discard2,"Deal 5, discard 2",5,10000000,22260932,Flush (See),Flush K-4-2 ♥,"(2, 13, 4, 2, 3)",1,570,0.02193185,12924,0.02154,34.0939,19.9675,11.7502,6.9793
discard2,"Deal 5, discard 2",5,10000000,22260932,Flush (See),Flush K-4-2 ♦,"(2, 13, 4, 2, 2)",1,570,0.02193185,12926,0.021543,33.9007,19.6441,11.3276,6.4598
discard2,"Deal 5, discard 2",5,10000000,22260932,Flush (See),Flush K-4-2 ♣,"(2, 13, 4, 2, 1)",1,570,0.02193185,13063,0.021772,34.2104,19.9663,11.6298,6.7902
discard2,"Deal 5, discard 2",5,10000000,22260932,Flush (See),Flush K-3-2 ♠,"(2, 13, 3, 2, 4)",1,486,0.01869979,11247,0.018745,33.4987,19.4434,11.3346,6.6329
discard2,"Deal 5, discard 2",5,10000000,22260932,Flush (See),Flush K-3-2 ♥,"(2, 13, 3, 2, 3)",1,486,0.01869979,11334,0.01889,33.9412,19.7759,11.507,6.6525
discard2,"Deal 5, discard 2",5,10000000,22260932,Flush (See),Flush K-3-2 ♦,"(2, 13, 3, 2, 2)",1,486,0.01869979,11201,0.018668,33.7425,19.7473,11.6061,6.8922
discard2,"Deal 5, discard 2",5,10000000,22260932,Flush (See),Flush K-3-2 ♣,"(2, 13, 3, 2, 1)",1,486,0.01869979,11239,0.018732,33.1684,18.9652,10.807,6.1838
discard2,"Deal 5, discard 2",5,10000000,22260932,Flush (See),Flush Q-J-9 ♠,"(2, 12, 11, 9, 4)",1,542,0.0208545,12540,0.0209,34.0175,19.933,11.7464,6.9777
discard2,"Deal 5, discard 2",5,10000000,22260932,Flush (See),Flush Q-J-9 ♥,"(2, 12, 11, 9, 3)",1,542,0.0208545,12709,0.021182,33.7194,19.6066,11.4265,6.6331
discard2,"Deal 5, discard 2",5,10000000,22260932,Flush (See),Flush Q-J-9 ♦,"(2, 12, 11, 9, 2)",1,542,0.0208545,12615,0.021025,34.1482,19.8637,11.5339,6.7301
discard2,"Deal 5, discard 2",5,10000000,22260932,Flush (See),Flush Q-J-9 ♣,"(2, 12, 11, 9, 1)",1,542,0.0208545,12479,0.020798,34.4635,20.2172,11.8792,7.0198
discard2,"Deal 5, discard 2",5,10000000,22260932,Flush (See),Flush Q-J-8 ♠,"(2, 12, 11, 8, 4)",1,497,0.01912303,11450,0.019083,34.0725,19.9118,11.6996,6.952
discard2,"Deal 5, discard 2",5,10000000,22260932,Flush (See),Flush Q-J-8 ♥,"(2, 12, 11, 8, 3)",1,497,0.01912303,11410,0.019017,33.7686,19.6345,11.4601,6.7309
discard2,"Deal 5, discard 2",5,10000000,22260932,Flush (See),Flush Q-J-8 ♦,"(2, 12, 11, 8, 2)",1,497,0.01912303,11402,0.019003,33.766,19.6132,11.4103,6.7181
discard2,"Deal 5, discard 2",5,10000000,22260932,Flush (See),Flush Q-J-8 ♣,"(2, 12, 11, 8, 1)",1,497,0.01912303,11543,0.019238,33.6178,19.3407,11.0335,6.2116
discard2,"Deal 5, discard 2",5,10000000,22260932,Flush (See),Flush Q-J-7 ♠,"(2, 12, 11, 7, 4)",1,456,0.01754548,10727,0.017878,34.1354,20.0233,11.8039,6.9544
discard2,"Deal 5, discard 2",5,10000000,22260932,Flush (See),Flush Q-J-7 ♥,"(2, 12, 11, 7, 3)",1,456,0.01754548,10433,0.017388,34.2049,19.9272,11.6419,6.8724
discard2,"Deal 5, discard 2",5,10000000,22260932,Flush (See),Flush Q-J-7 ♦,"(2, 12, 11, 7, 2)",1,456,0.01754548,10410,0.01735,33.5706,19.3862,11.172,6.4553
discard2,"Deal 5, discard 2",5,10000000,22260932,Flush (See),Flush Q-J-7 ♣,"(2, 12, 11, 7, 1)",1,456,0.01754548,10600,0.017667,34.5915,20.3962,12.1019,7.3019
discard2,"Deal 5, discard 2",5,10000000,22260932,Flush (See),Flush Q-J-6 ♠,"(2, 12, 11, 6, 4)",1,425,0.01635269,9871,0.016452,34.2194,20.078,11.7779,6.8686
discard2,"Deal 5, discard 2",5,10000000,22260932,Flush (See),Flush Q-J-6 ♥,"(2, 12, 11, 6, 3)",1,425,0.01635269,9705,0.016175,33.8176,19.7156,11.5343,6.8006
discard2,"Deal 5, discard 2",5,10000000,22260932,Flush (See),Flush Q-J-6 ♦,"(2, 12, 11, 6, 2)",1,425,0.01635269,9887,0.016478,33.8596,19.7431,11.5748,6.8979
discard2,"Deal 5, discard 2",5,10000000,22260932,Flush (See),Flush Q-J-6 ♣,"(2, 12, 11, 6, 1)",1,425,0.01635269,9972,0.01662,34.3101,20.1324,11.8311,6.9294
discard2,"Deal 5, discard 2",5,10000000,22260932,Flush (See),Flush Q-J-5 ♠,"(2, 12, 11, 5, 4)",1,395,0.01519839,9214,0.015357,33.9429,19.8046,11.6063,6.87
discard2,"Deal 5, discard 2",5,10000000,22260932,Flush (See),Flush Q-J-5 ♥,"(2, 12, 11, 5, 3)",1,395,0.01519839,9050,0.015083,33.3912,19.2972,11.1713,6.5083
discard2,"Deal 5, discard 2",5,10000000,22260932,Flush (See),Flush Q-J-5 ♦,"(2, 12, 11, 5, 2)",1,395,0.01519839,9198,0.01533,34.14,19.8848,11.5569,6.7297
discard2,"Deal 5, discard 2",5,10000000,22260932,Flush (See),Flush Q-J-5 ♣,"(2, 12, 11, 5, 1)",1,395,0.01519839,8940,0.0149,33.2975,19.1197,10.9217,6.1745
discard2,"Deal 5, discard 2",5,10000000,22260932,Flush (See),Flush Q-J-4 ♠,"(2, 12, 11, 4, 4)",1,366,0.01408256,8426,0.014043,34.0767,19.9288,11.6948,6.9428
discard2,"Deal 5, discard 2",5,10000000,22260932,Flush (See),Flush Q-J-4 ♥,"(2, 12, 11, 4, 3)",1,366,0.01408256,8467,0.014112,33.8621,19.6953,11.5011,6.8029
discard2,"Deal 5, discard 2",5,10000000,22260932,Flush (See),Flush Q-J-4 ♦,"(2, 12, 11, 4, 2)",1,366,0.01408256,8426,0.014043,33.5533,19.4007,11.2082,6.4681
discard2,"Deal 5, discard 2",5,10000000,22260932,Flush (See),Flush Q-J-4 ♣,"(2, 12, 11, 4, 1)",1,366,0.01408256,8419,0.014032,34.1608,19.9501,11.5548,6.5447
discard2,"Deal 5, discard 2",5,10000000,22260932,Flush (See),Flush Q-J-3 ♠,"(2, 12, 11, 3, 4)",1,342,0.01315911,7806,0.01301,33.5678,19.4684,11.3144,6.5975
discard2,"Deal 5, discard 2",5,10000000,22260932,Flush (See),Flush Q-J-3 ♥,"(2, 12, 11, 3, 3)",1,342,0.01315911,7891,0.013152,34.1389,19.9582,11.5904,6.6405
discard2,"Deal 5, discard 2",5,10000000,22260932,Flush (See),Flush Q-J-3 ♦,"(2, 12, 11, 3, 2)",1,342,0.01315911,8016,0.01336,33.7151,19.6557,11.4546,6.6243
discard2,"Deal 5, discard 2",5,10000000,22260932,Flush (See),Flush Q-J-3 ♣,"(2, 12, 11, 3, 1)",1,342,0.01315911,7920,0.0132,33.9078,19.8737,11.7551,7.1086
discard2,"Deal 5, discard 2",5,10000000,22260932,Flush (See),Flush Q-J-2 ♠,"(2, 12, 11, 2, 4)",1,330,0.01269739,7617,0.012695,33.2611,19.2582,11.2118,6.5774
discard2,"Deal 5, discard 2",5,10000000,22260932,Flush (See),Flush Q-J-2 ♥,"(2, 12, 11, 2, 3)",1,330,0.01269739,7531,0.012552,33.3794,19.3839,11.2761,6.5596
discard2,"Deal 5, discard 2",5,10000000,22260932,Flush (See),Flush Q-J-2 ♦,"(2, 12, 11, 2, 2)",1,330,0.01269739,7652,0.012753,33.3704,19.2303,11.0037,6.103
discard2,"Deal 5, discard 2",5,10000000,22260932,Flush (See),Flush Q-J-2 ♣,"(2, 12, 11, 2, 1)",1,330,0.01269739,7728,0.01288,32.9697,19.036,11.0119,6.3535
discard2,"Deal 5, discard 2",5,10000000,22260932,Flush (See),Flush Q-10-9 ♠,"(2, 12, 10, 9, 4)",1,711,0.0273571,16241,0.027068,33.0829,18.9834,10.9254,6.3297
discard2,"Deal 5, discard 2",5,10000000,22260932,Flush (See),Flush Q-10-9 ♥,"(2, 12, 10, 9, 3)",1,711,0.0273571,16177,0.026962,32.5691,18.5535,10.5656,6.0394
discard2,"Deal 5, discard 2",5,10000000,22260932,Flush (See),Flush Q-10-9 ♦,"(2, 12, 10, 9, 2)",1,711,0.0273571,16353,0.027255,32.6564,18.5642,10.5131,5.9133
discard2,"Deal 5, discard 2",5,10000000,22260932,Flush (See),Flush Q-10-9 ♣,"(2, 12, 10, 9, 1)",1,711,0.0273571,16508,0.027513,32.7465,18.7533,10.7366,6.1061
discard2,"Deal 5, discard 2",5,10000000,22260932,Flush (See),Flush Q-10-8 ♠,"(2, 12, 10, 8, 4)",1,695,0.02674147,16104,0.02684,32.9359,18.9531,10.9762,6.458
discard2,"Deal 5, discard 2",5,10000000,22260932,Flush (See),Flush Q-10-8 ♥,"(2, 12, 10, 8, 3)",1,695,0.02674147,16102,0.026837,32.6618,18.6374,10.6446,6.111
discard2,"Deal 5, discard 2",5,10000000,22260932,Flush (See),Flush Q-10-8 ♦,"(2, 12, 10, 8, 2)",1,695,0.02674147,16135,0.026892,32.8032,18.6768,10.6105,5.987
discard2,"Deal 5, discard 2",5,10000000,22260932,Flush (See),Flush Q-10-8 ♣,"(2, 12, 10, 8, 1)",1,695,0.02674147,16151,0.026918,32.5695,18.5351,10.5306,5.9934
discard2,"Deal 5, discard 2",5,10000000,22260932,Flush (See),Flush Q-10-7 ♠,"(2, 12, 10, 7, 4)",1,753,0.02897313,17306,0.028843,32.7256,18.6646,10.6217,6.0095
discard2,"Deal 5, discard 2",5,10000000,22260932,Flush (See),Flush Q-10-7 ♥,"(2, 12, 10, 7, 3)",1,753,0.02897313,17278,0.028797,32.6843,18.6636,10.6934,6.1755
discard2,"Deal 5, discard 2",5,10000000,22260932,Flush (See),Flush Q-10-7 ♦,"(2, 12, 10, 7, 2)",1,753,0.02897313,17504,0.029173,32.7502,18.7391,10.697,6.0786
discard2,"Deal 5, discard 2",5,10000000,22260932,Flush (See),Flush Q-10-7 ♣,"(2, 12, 10, 7, 1)",1,753,0.02897313,17276,0.028793,32.6476,18.6652,10.6981,6.1588
discard2,"Deal 5, discard 2",5,10000000,22260932,Flush (See),Flush Q-10-6 ♠,"(2, 12, 10, 6, 4)",1,704,0.02708776,16231,0.027052,32.7102,18.5109,10.337,5.6189
discard2,"Deal 5, discard 2",5,10000000,22260932,Flush (See),Flush Q-10-6 ♥,"(2, 12, 10, 6, 3)",1,704,0.02708776,16285,0.027142,32.8431,18.9193,10.9328,6.3433
discard2,"Deal 5, discard 2",5,10000000,22260932,Flush (See),Flush Q-10-6 ♦,"(2, 12, 10, 6, 2)",1,704,0.02708776,16274,0.027123,32.5949,18.5406,10.5432,6.028
discard2,"Deal 5, discard 2",5,10000000,22260932,Flush (See),Flush Q-10-6 ♣,"(2, 12, 10, 6, 1)",1,704,0.02708776,16242,0.02707,32.9374,18.8831,10.825,6.2184
discard2,"Deal 5, discard 2",5,10000000,22260932,Flush (See),Flush Q-10-5 ♠,"(2, 12, 10, 5, 4)",1,665,0.02558716,15397,0.025662,32.4024,18.5328,10.6787,6.2155
discard2,"Deal 5, discard 2",5,10000000,22260932,Flush (See),Flush Q-10-5 ♥,"(2, 12, 10, 5, 3)",1,665,0.02558716,15417,0.025695,32.4752,18.5088,10.4949,5.8766
discard2,"Deal 5, discard 2",5,10000000,22260932,Flush (See),Flush Q-10-5 ♦,"(2, 12, 10, 5, 2)",1,665,0.02558716,15358,0.025597,32.5147,18.4855,10.5157,5.9969
discard2,"Deal 5, discard 2",5,10000000,22260932,Flush (See),Flush Q-10-5 ♣,"(2, 12, 10, 5, 1)",1,665,0.02558716,15287,0.025478,32.2856,18.2482,10.2361,5.6715
discard2,"Deal 5, discard 2",5,10000000,22260932,Flush (See),Flush Q-10-4 ♠,"(2, 12, 10, 4, 4)",1,627,0.02412503,14513,0.024188,32.5136,18.5806,10.6511,6.1255
discard2,"Deal 5, discard 2",5,10000000,22260932,Flush (See),Flush Q-10-4 ♥,"(2, 12, 10, 4, 3)",1,627,0.02412503,14620,0.024367,32.4261,18.4166,10.4843,6.0328
discard2,"Deal 5, discard 2",5,10000000,22260932,Flush (See),Flush Q-10-4 ♦,"(2, 12, 10, 4, 2)",1,627,0.02412503,14448,0.02408,32.2225,18.1672,10.1633,5.6617
discard2,"Deal 5, discard 2",5,10000000,22260932,Flush (See),Flush Q-10-4 ♣,"(2, 12, 10, 4, 1)",1,627,0.02412503,14329,0.023882,32.541,18.5275,10.5283,5.9599
discard2,"Deal 5, discard 2",5,10000000,22260932,Flush (See),Flush Q-10-3 ♠,"(2, 12, 10, 3, 4)",1,594,0.0228553,13602,0.02267,32.2188,18.276,10.347,5.8227
discard2,"Deal 5, discard 2",5,10000000,22260932,Flush (See),Flush Q-10-3 ♥,"(2, 12, 10, 3, 3)",1,594,0.0228553,13514,0.022523,32.1992,18.1367,10.0947,5.4536
discard2,"Deal 5, discard 2",5,10000000,22260932,Flush (See),Flush Q-10-3 ♦,"(2, 12, 10, 3, 2)",1,594,0.0228553,13696,0.022827,32.4029,18.393,10.3884,5.8338
discard2,"Deal 5, discard 2",5,10000000,22260932,Flush (See),Flush Q-10-3 ♣,"(2, 12, 10, 3, 1)",1,594,0.0228553,13851,0.023085,32.2988,18.3943,10.5465,6.1151
discard2,"Deal 5, discard 2",5,10000000,22260932,Flush (See),Flush Q-10-2 ♠,"(2, 12, 10, 2, 4)",1,573,0.02204728,13384,0.022307,32.0607,18.1754,10.2974,5.7905
discard2,"Deal 5, discard 2",5,10000000,22260932,Flush (See),Flush Q-10-2 ♥,"(2, 12, 10, 2, 3)",1,573,0.02204728,13209,0.022015,32.1781,18.2625,10.3611,5.8672
discard2,"Deal 5, discard 2",5,10000000,22260932,Flush (See),Flush Q-10-2 ♦,"(2, 12, 10, 2, 2)",1,573,0.02204728,13186,0.021977,31.8633,17.8985,9.9636,5.4755
discard2,"Deal 5, discard 2",5,10000000,22260932,Flush (See),Flush Q-10-2 ♣,"(2, 12, 10, 2, 1)",1,573,0.02204728,13134,0.02189,31.6179,17.7707,9.9817,5.6114
discard2,"Deal 5, discard 2",5,10000000,22260932,Flush (See),Flush Q-9-8 ♠,"(2, 12, 9, 8, 4)",1,652,0.02508696,15278,0.025463,32.5226,18.634,10.7226,6.1985
discard2,"Deal 5, discard 2",5,10000000,22260932,Flush (See),Flush Q-9-8 ♥,"(2, 12, 9, 8, 3)",1,652,0.02508696,15165,0.025275,32.4062,18.4187,10.4754,5.9875
discard2,"Deal 5, discard 2",5,10000000,22260932,Flush (See),Flush Q-9-8 ♦,"(2, 12, 9, 8, 2)",1,652,0.02508696,15048,0.02508,32.4714,18.429,10.3721,5.7682
discard2,"Deal 5, discard 2",5,10000000,22260932,Flush (See),Flush Q-9-8 ♣,"(2, 12, 9, 8, 1)",1,652,0.02508696,14958,0.02493,31.9668,18.1381,10.3396,5.9366
discard2,"Deal 5, discard 2",5,10000000,22260932,Flush (See),Flush Q-9-7 ♠,"(2, 12, 9, 7, 4)",1,744,0.02862684,17231,0.028718,32.1554,18.1551,10.1491,5.5597
discard2,"Deal 5, discard 2",5,10000000,22260932,Flush (See),Flush Q-9-7 ♥,"(2, 12, 9, 7, 3)",1,744,0.02862684,17424,0.02904,32.0667,18.1721,10.3501,5.9745
discard2,"Deal 5, discard 2",5,10000000,22260932,Flush (See),Flush Q-9-7 ♦,"(2, 12, 9, 7, 2)",1,744,0.02862684,17410,0.029017,32.5514,18.5106,10.5055,5.8989
discard2,"Deal 5, discard 2",5,10000000,22260932,Flush (See),Flush Q-9-7 ♣,"(2, 12, 9, 7, 1)",1,744,0.02862684,17252,0.028753,31.8299,17.8791,9.9513,5.4139
discard2,"Deal 5, discard 2",5,10000000,22260932,Flush (See),Flush Q-9-6 ♠,"(2, 12, 9, 6, 4)",1,797,0.03066611,18388,0.030647,31.8458,17.8714,9.9804,5.509
discard2,"Deal 5, discard 2",5,10000000,22260932,Flush (See),Flush Q-9-6 ♥,"(2, 12, 9, 6, 3)",1,797,0.03066611,18452,0.030753,32.2751,18.2685,10.3393,5.8639
discard2,"Deal 5, discard 2",5,10000000,22260932,Flush (See),Flush Q-9-6 ♦,"(2, 12, 9, 6, 2)",1,797,0.03066611,18289,0.030482,31.8525,17.9895,10.1788,5.7412
discard2,"Deal 5, discard 2",5,10000000,22260932,Flush (See),Flush Q-9-6 ♣,"(2, 12, 9, 6, 1)",1,797,0.03066611,18470,0.030783,32.2453,18.3341,10.4689,6.0531
discard2,"Deal 5, discard 2",5,10000000,22260932,Flush (See),Flush Q-9-5 ♠,"(2, 12, 9, 5, 4)",1,746,0.02870379,17324,0.028873,32.1086,18.0859,10.1224,5.6107
discard2,"Deal 5, discard 2",5,10000000,22260932,Flush (See),Flush Q-9-5 ♥,"(2, 12, 9, 5, 3)",1,746,0.02870379,17244,0.02874,32.1938,18.3142,10.4048,5.8687
discard2,"Deal 5, discard 2",5,10000000,22260932,Flush (See),Flush Q-9-5 ♦,"(2, 12, 9, 5, 2)",1,746,0.02870379,17093,0.028488,31.8668,17.9547,10.0673,5.5929
discard2,"Deal 5, discard 2",5,10000000,22260932,Flush (See),Flush Q-9-5 ♣,"(2, 12, 9, 5, 1)",1,746,0.02870379,17233,0.028722,32.2677,18.2841,10.307,5.7622
discard2,"Deal 5, discard 2",5,10000000,22260932,Flush (See),Flush Q-9-4 ♠,"(2, 12, 9, 4, 4)",1,705,0.02712624,16391,0.027318,32.3043,18.3338,10.4069,5.9057
discard2,"Deal 5, discard 2",5,10000000,22260932,Flush (See),Flush Q-9-4 ♥,"(2, 12, 9, 4, 3)",1,705,0.02712624,16083,0.026805,32.0817,18.0806,10.1722,5.739
discard2,"Deal 5, discard 2",5,10000000,22260932,Flush (See),Flush Q-9-4 ♦,"(2, 12, 9, 4, 2)",1,705,0.02712624,16255,0.027092,32.0215,18.0517,10.1175,5.6044
discard2,"Deal 5, discard 2",5,10000000,22260932,Flush (See),Flush Q-9-4 ♣,"(2, 12, 9, 4, 1)",1,705,0.02712624,16526,0.027543,32.0598,18.0975,10.1731,5.7062
discard2,"Deal 5, discard 2",5,10000000,22260932,Flush (See),Flush Q-9-3 ♠,"(2, 12, 9, 3, 4)",1,669,0.02574107,15357,0.025595,31.7744,17.9586,10.14,5.7498
discard2,"Deal 5, discard 2",5,10000000,22260932,Flush (See),Flush Q-9-3 ♥,"(2, 12, 9, 3, 3)",1,669,0.02574107,15547,0.025912,32.1355,18.2485,10.3981,5.9561
discard2,"Deal 5, discard 2",5,10000000,22260932,Flush (See),Flush Q-9-3 ♦,"(2, 12, 9, 3, 2)",1,669,0.02574107,15554,0.025923,31.95,18.0185,10.1093,5.5998
discard2,"Deal 5, discard 2",5,10000000,22260932,Flush (See),Flush Q-9-3 ♣,"(2, 12, 9, 3, 1)",1,669,0.02574107,15447,0.025745,31.643,17.7568,9.9851,5.684
discard2,"Deal 5, discard 2",5,10000000,22260932,Flush (See),Flush Q-9-2 ♠,"(2, 12, 9, 2, 4)",1,645,0.02481762,14853,0.024755,31.3209,17.5096,9.7866,5.4669
discard2,"Deal 5, discard 2",5,10000000,22260932,Flush (See),Flush Q-9-2 ♥,"(2, 12, 9, 2, 3)",1,645,0.02481762,14944,0.024907,31.2319,17.3253,9.5142,5.1325
discard2,"Deal 5, discard 2",5,10000000,22260932,Flush (See),Flush Q-9-2 ♦,"(2, 12, 9, 2, 2)",1,645,0.02481762,14857,0.024762,31.361,17.5143,9.7705,5.4789
discard2,"Deal 5, discard 2",5,10000000,22260932,Flush (See),Flush Q-9-2 ♣,"(2, 12, 9, 2, 1)",1,645,0.02481762,15057,0.025095,31.0274,17.2252,9.5358,5.2733
discard2,"Deal 5, discard 2",5,10000000,22260932,Flush (See),Flush Q-8-7 ♠,"(2, 12, 8, 7, 4)",1,606,0.02331702,14003,0.023338,31.4918,17.6505,9.8565,5.4488
discard2,"Deal 5, discard 2",5,10000000,22260932,Flush (See),Flush Q-8-7 ♥,"(2, 12, 8, 7, 3)",1,606,0.02331702,14050,0.023417,30.8278,17.0114,9.3822,5.1886
discard2,"Deal 5, discard 2",5,10000000,22260932,Flush (See),Flush Q-8-7 ♦,"(2, 12, 8, 7, 2)",1,606,0.02331702,13977,0.023295,31.471,17.7399,10.0794,5.7809
discard2,"Deal 5, discard 2",5,10000000,22260932,Flush (See),Flush Q-8-7 ♣,"(2, 12, 8, 7, 1)",1,606,0.02331702,13782,0.02297,31.3764,17.5599,9.8476,5.5725
discard2,"Deal 5, discard 2",5,10000000,22260932,Flush (See),Flush Q-8-6 ♠,"(2, 12, 8, 6, 4)",1,695,0.02674147,15896,0.026493,31.5381,17.763,10.0528,5.7121
discard2,"Deal 5, discard 2",5,10000000,22260932,Flush (See),Flush Q-8-6 ♥,"(2, 12, 8, 6, 3)",1,695,0.02674147,16157,0.026928,31.7522,17.8598,10.0031,5.5332
discard2,"Deal 5, discard 2",5,10000000,22260932,Flush (See),Flush Q-8-6 ♦,"(2, 12, 8, 6, 2)",1,695,0.02674147,16118,0.026863,31.3184,17.5115,9.8015,5.4846
discard2,"Deal 5, discard 2",5,10000000,22260932,Flush (See),Flush Q-8-6 ♣,"(2, 12, 8, 6, 1)",1,695,0.02674147,15980,0.026633,31.306,17.47,9.7697,5.5194
discard2,"Deal 5, discard 2",5,10000000,22260932,Flush (See),Flush Q-8-5 ♠,"(2, 12, 8, 5, 4)",1,746,0.02870379,17115,0.028525,31.6506,17.7493,9.9176,5.5039
discard2,"Deal 5, discard 2",5,10000000,22260932,Flush (See),Flush Q-8-5 ♥,"(2, 12, 8, 5, 3)",1,746,0.02870379,17283,0.028805,31.5582,17.7035,9.8976,5.4562
discard2,"Deal 5, discard 2",5,10000000,22260932,Flush (See),Flush Q-8-5 ♦,"(2, 12, 8, 5, 2)",1,746,0.02870379,17129,0.028548,31.4648,17.6712,9.9083,5.4761
discard2,"Deal 5, discard 2",5,10000000,22260932,Flush (See),Flush Q-8-5 ♣,"(2, 12, 8, 5, 1)",1,746,0.02870379,17224,0.028707,31.4817,17.6591,9.9396,5.6433
discard2,"Deal 5, discard 2",5,10000000,22260932,Flush (See),Flush Q-8-4 ♠,"(2, 12, 8, 4, 4)",1,696,0.02677994,16168,0.026947,31.4751,17.7288,10.0322,5.6593
discard2,"Deal 5, discard 2",5,10000000,22260932,Flush (See),Flush Q-8-4 ♥,"(2, 12, 8, 4, 3)",1,696,0.02677994,16016,0.026693,31.4036,17.5805,9.8314,5.4883
discard2,"Deal 5, discard 2",5,10000000,22260932,Flush (See),Flush Q-8-4 ♦,"(2, 12, 8, 4, 2)",1,696,0.02677994,16037,0.026728,31.7347,17.8737,10.0954,5.7679
discard2,"Deal 5, discard 2",5,10000000,22260932,Flush (See),Flush Q-8-4 ♣,"(2, 12, 8, 4, 1)",1,696,0.02677994,16147,0.026912,31.4535,17.6609,9.9597,5.6915
discard2,"Deal 5, discard 2",5,10000000,22260932,Flush (See),Flush Q-8-3 ♠,"(2, 12, 8, 3, 4)",1,660,0.02539477,15409,0.025682,31.2739,17.482,9.8099,5.5098
discard2,"Deal 5, discard 2",5,10000000,22260932,Flush (See),Flush Q-8-3 ♥,"(2, 12, 8, 3, 3)",1,660,0.02539477,15107,0.025178,31.2246,17.3866,9.6644,5.3618
discard2,"Deal 5, discard 2",5,10000000,22260932,Flush (See),Flush Q-8-3 ♦,"(2, 12, 8, 3, 2)",1,660,0.02539477,15142,0.025237,31.0785,17.2646,9.5958,5.3956
discard2,"Deal 5, discard 2",5,10000000,22260932,Flush (See),Flush Q-8-3 ♣,"(2, 12, 8, 3, 1)",1,660,0.02539477,15219,0.025365,31.5533,17.7029,9.9152,5.5457
discard2,"Deal 5, discard 2",5,10000000,22260932,Flush (See),Flush Q-8-2 ♠,"(2, 12, 8, 2, 4)",1,636,0.02447133,14570,0.024283,30.6239,16.9005,9.2697,5.0583
discard2,"Deal 5, discard 2",5,10000000,22260932,Flush (See),Flush Q-8-2 ♥,"(2, 12, 8, 2, 3)",1,636,0.02447133,14591,0.024318,30.3913,16.7912,9.2989,5.1333
discard2,"Deal 5, discard 2",5,10000000,22260932,Flush (See),Flush Q-8-2 ♦,"(2, 12, 8, 2, 2)",1,636,0.02447133,14719,0.024532,30.5795,16.957,9.4735,5.408
discard2,"Deal 5, discard 2",5,10000000,22260932,Flush (See),Flush Q-8-2 ♣,"(2, 12, 8, 2, 1)",1,636,0.02447133,14727,0.024545,30.8203,17.161,9.5973,5.4118
discard2,"Deal 5, discard 2",5,10000000,22260932,Flush (See),Flush Q-7-6 ♠,"(2, 12, 7, 6, 4)",1,570,0.02193185,13099,0.021832,31.0085,17.2754,9.6465,5.3974
discard2,"Deal 5, discard 2",5,10000000,22260932,Flush (See),Flush Q-7-6 ♥,"(2, 12, 7, 6, 3)",1,570,0.02193185,13199,0.021998,31.1433,17.3831,9.7674,5.5459
discard2,"Deal 5, discard 2",5,10000000,22260932,Flush (See),Flush Q-7-6 ♦,"(2, 12, 7, 6, 2)",1,570,0.02193185,13239,0.022065,31.0174,17.1969,9.4645,5.159
discard2,"Deal 5, discard 2",5,10000000,22260932,Flush (See),Flush Q-7-6 ♣,"(2, 12, 7, 6, 1)",1,570,0.02193185,13317,0.022195,31.1024,17.4191,9.7605,5.4292
discard2,"Deal 5, discard 2",5,10000000,22260932,Flush (See),Flush Q-7-5 ♠,"(2, 12, 7, 5, 4)",1,656,0.02524087,15290,0.025483,30.9438,17.2014,9.55,5.291
discard2,"Deal 5, discard 2",5,10000000,22260932,Flush (See),Flush Q-7-5 ♥,"(2, 12, 7, 5, 3)",1,656,0.02524087,15079,0.025132,31.2335,17.3785,9.6014,5.2457
discard2,"Deal 5, discard 2",5,10000000,22260932,Flush (See),Flush Q-7-5 ♦,"(2, 12, 7, 5, 2)",1,656,0.02524087,15273,0.025455,30.7287,16.9836,9.38,5.2315
discard2,"Deal 5, discard 2",5,10000000,22260932,Flush (See),Flush Q-7-5 ♣,"(2, 12, 7, 5, 1)",1,656,0.02524087,15123,0.025205,30.7247,16.9973,9.3804,5.0982
discard2,"Deal 5, discard 2",5,10000000,22260932,Flush (See),Flush Q-7-4 ♠,"(2, 12, 7, 4, 4)",1,705,0.02712624,16260,0.0271,30.8419,17.1937,9.5793,5.2829
discard2,"Deal 5, discard 2",5,10000000,22260932,Flush (See),Flush Q-7-4 ♥,"(2, 12, 7, 4, 3)",1,705,0.02712624,16261,0.027102,31.1481,17.395,9.7226,5.4671
discard2,"Deal 5, discard 2",5,10000000,22260932,Flush (See),Flush Q-7-4 ♦,"(2, 12, 7, 4, 2)",1,705,0.02712624,16288,0.027147,30.8301,17.1058,9.4695,5.2431
discard2,"Deal 5, discard 2",5,10000000,22260932,Flush (See),Flush Q-7-4 ♣,"(2, 12, 7, 4, 1)",1,705,0.02712624,16350,0.02725,31.0373,17.2275,9.5242,5.2355
discard2,"Deal 5, discard 2",5,10000000,22260932,Flush (See),Flush Q-7-3 ♠,"(2, 12, 7, 3, 4)",1,660,0.02539477,15369,0.025615,30.5726,16.856,9.2485,5.0166
discard2,"Deal 5, discard 2",5,10000000,22260932,Flush (See),Flush Q-7-3 ♥,"(2, 12, 7, 3, 3)",1,660,0.02539477,15162,0.02527,30.6081,16.9549,9.3655,5.1181
discard2,"Deal 5, discard 2",5,10000000,22260932,Flush (See),Flush Q-7-3 ♦,"(2, 12, 7, 3, 2)",1,660,0.02539477,15235,0.025392,30.4949,16.7903,9.1631,4.9032
discard2,"Deal 5, discard 2",5,10000000,22260932,Flush (See),Flush Q-7-3 ♣,"(2, 12, 7, 3, 1)",1,660,0.02539477,15195,0.025325,30.8483,17.1537,9.5189,5.2451
discard2,"Deal 5, discard 2",5,10000000,22260932,Flush (See),Flush Q-7-2 ♠,"(2, 12, 7, 2, 4)",1,636,0.02447133,14693,0.024488,30.0674,16.4092,8.9131,4.8118
discard2,"Deal 5, discard 2",5,10000000,22260932,Flush (See),Flush Q-7-2 ♥,"(2, 12, 7, 2, 3)",1,636,0.02447133,14712,0.02452,30.1625,16.6728,9.2401,5.0911
discard2,"Deal 5, discard 2",5,10000000,22260932,Flush (See),Flush Q-7-2 ♦,"(2, 12, 7, 2, 2)",1,636,0.02447133,14653,0.024422,30.4463,16.772,9.2145,5.0297
discard2,"Deal 5, discard 2",5,10000000,22260932,Flush (See),Flush Q-7-2 ♣,"(2, 12, 7, 2, 1)",1,636,0.02447133,14783,0.024638,30.2097,16.5474,9.0374,4.9449
discard2,"Deal 5, discard 2",5,10000000,22260932,Flush (See),Flush Q-6-5 ♠,"(2, 12, 6, 5, 4)",1,535,0.02058516,12335,0.020558,30.5878,16.908,9.362,5.2452
discard2,"Deal 5, discard 2",5,10000000,22260932,Flush (See),Flush Q-6-5 ♥,"(2, 12, 6, 5, 3)",1,535,0.02058516,12483,0.020805,30.4294,16.6955,9.1565,5.0389
discard2,"Deal 5, discard 2",5,10000000,22260932,Flush (See),Flush Q-6-5 ♦,"(2, 12, 6, 5, 2)",1,535,0.02058516,12437,0.020728,30.3683,16.676,9.216,5.1861
discard2,"Deal 5, discard 2",5,10000000,22260932,Flush (See),Flush Q-6-5 ♣,"(2, 12, 6, 5, 1)",1,535,0.02058516,12469,0.020782,30.8309,17.2596,9.765,5.6219
discard2,"Deal 5, discard 2",5,10000000,22260932,Flush (See),Flush Q-6-4 ♠,"(2, 12, 6, 4, 4)",1,618,0.02377874,14185,0.023642,30.313,16.6669,9.1533,5.0053
discard2,"Deal 5, discard 2",5,10000000,22260932,Flush (See),Flush Q-6-4 ♥,"(2, 12, 6, 4, 3)",1,618,0.02377874,14152,0.023587,30.7349,17.0541,9.4488,5.1724
discard2,"Deal 5, discard 2",5,10000000,22260932,Flush (See),Flush Q-6-4 ♦,"(2, 12, 6, 4, 2)",1,618,0.02377874,14394,0.02399,30.5989,16.8681,9.29,5.1341
discard2,"Deal 5, discard 2",5,10000000,22260932,Flush (See),Flush Q-6-4 ♣,"(2, 12, 6, 4, 1)",1,618,0.02377874,14171,0.023618,30.5716,16.8915,9.3148,5.1655
discard2,"Deal 5, discard 2",5,10000000,22260932,Flush (See),Flush Q-6-3 ♠,"(2, 12, 6, 3, 4)",1,669,0.02574107,15594,0.02599,30.5521,16.9174,9.3972,5.2328
discard2,"Deal 5, discard 2",5,10000000,22260932,Flush (See),Flush Q-6-3 ♥,"(2, 12, 6, 3, 3)",1,669,0.02574107,15356,0.025593,30.5255,16.8345,9.268,5.0664
discard2,"Deal 5, discard 2",5,10000000,22260932,Flush (See),Flush Q-6-3 ♦,"(2, 12, 6, 3, 2)",1,669,0.02574107,15537,0.025895,30.1461,16.5077,9.0674,5.0203
discard2,"Deal 5, discard 2",5,10000000,22260932,Flush (See),Flush Q-6-3 ♣,"(2, 12, 6, 3, 1)",1,669,0.02574107,15186,0.02531,29.9348,16.3183,8.9043,4.8795
discard2,"Deal 5, discard 2",5,10000000,22260932,Flush (See),Flush Q-6-2 ♠,"(2, 12, 6, 2, 4)",1,636,0.02447133,14600,0.024333,30.0123,16.4692,9.0452,4.9589
discard2,"Deal 5, discard 2",5,10000000,22260932,Flush (See),Flush Q-6-2 ♥,"(2, 12, 6, 2, 3)",1,636,0.02447133,14522,0.024203,29.9552,16.4082,8.9643,4.8754
discard2,"Deal 5, discard 2",5,10000000,22260932,Flush (See),Flush Q-6-2 ♦,"(2, 12, 6, 2, 2)",1,636,0.02447133,14480,0.024133,30.0981,16.4544,8.9365,4.779
discard2,"Deal 5, discard 2",5,10000000,22260932,Flush (See),Flush Q-6-2 ♣,"(2, 12, 6, 2, 1)",1,636,0.02447133,14492,0.024153,29.9296,16.338,8.8918,4.8303
discard2,"Deal 5, discard 2",5,10000000,22260932,Flush (See),Flush Q-5-4 ♠,"(2, 12, 5, 4, 4)",1,501,0.01927694,11616,0.01936,30.1713,16.4015,8.843,4.7693
discard2,"Deal 5, discard 2",5,10000000,22260932,Flush (See),Flush Q-5-4 ♥,"(2, 12, 5, 4, 3)",1,501,0.01927694,11507,0.019178,30.5084,16.835,9.3109,5.1708
discard2,"Deal 5, discard 2",5,10000000,22260932,Flush (See),Flush Q-5-4 ♦,"(2, 12, 5, 4, 2)",1,501,0.01927694,11653,0.019422,29.988,16.3288,8.8681,4.7799
discard2,"Deal 5, discard 2",5,10000000,22260932,Flush (See),Flush Q-5-4 ♣,"(2, 12, 5, 4, 1)",1,501,0.01927694,11709,0.019515,30.2682,16.641,9.169,5.073
discard2,"Deal 5, discard 2",5,10000000,22260932,Flush (See),Flush Q-5-3 ♠,"(2, 12, 5, 3, 4)",1,585,0.022509,13501,0.022502,30.2629,16.5669,8.9979,4.8367
discard2,"Deal 5, discard 2",5,10000000,22260932,Flush (See),Flush Q-5-3 ♥,"(2, 12, 5, 3, 3)",1,585,0.022509,13567,0.022612,30.2735,16.6765,9.2062,5.0711
discard2,"Deal 5, discard 2",5,10000000,22260932,Flush (See),Flush Q-5-3 ♦,"(2, 12, 5, 3, 2)",1,585,0.022509,13692,0.02282,30.4703,16.8485,9.3485,5.2439
discard2,"Deal 5, discard 2",5,10000000,22260932,Flush (See),Flush Q-5-3 ♣,"(2, 12, 5, 3, 1)",1,585,0.022509,13573,0.022622,30.1481,16.4046,8.8101,4.6637
discard2,"Deal 5, discard 2",5,10000000,22260932,Flush (See),Flush Q-5-2 ♠,"(2, 12, 5, 2, 4)",1,645,0.02481762,14955,0.024925,29.5433,16.0421,8.7008,4.7342
discard2,"Deal 5, discard 2",5,10000000,22260932,Flush (See),Flush Q-5-2 ♥,"(2, 12, 5, 2, 3)",1,645,0.02481762,15042,0.02507,29.9634,16.2591,8.7728,4.7334
discard2,"Deal 5, discard 2",5,10000000,22260932,Flush (See),Flush Q-5-2 ♦,"(2, 12, 5, 2, 2)",1,645,0.02481762,14910,0.02485,29.4722,15.886,8.5459,4.6345
discard2,"Deal 5, discard 2",5,10000000,22260932,Flush (See),Flush Q-5-2 ♣,"(2, 12, 5, 2, 1)",1,645,0.02481762,14897,0.024828,29.955,16.3932,8.9682,4.907
discard2,"Deal 5, discard 2",5,10000000,22260932,Flush (See),Flush Q-4-3 ♠,"(2, 12, 4, 3, 4)",1,468,0.0180072,10777,0.017962,29.9063,16.3506,8.9413,4.9364
discard2,"Deal 5, discard 2",5,10000000,22260932,Flush (See),Flush Q-4-3 ♥,"(2, 12, 4, 3, 3)",1,468,0.0180072,10865,0.018108,30.1601,16.4869,8.8891,4.6572
discard2,"Deal 5, discard 2",5,10000000,22260932,Flush (See),Flush Q-4-3 ♦,"(2, 12, 4, 3, 2)",1,468,0.0180072,10988,0.018313,30.2867,16.67,9.1937,5.0874
discard2,"Deal 5, discard 2",5,10000000,22260932,Flush (See),Flush Q-4-3 ♣,"(2, 12, 4, 3, 1)",1,468,0.0180072,10839,0.018065,30.2426,16.7792,9.3754,5.2957
discard2,"Deal 5, discard 2",5,10000000,22260932,Flush (See),Flush Q-4-2 ♠,"(2, 12, 4, 2, 4)",1,561,0.02158556,12894,0.02149,29.4098,15.9477,8.635,4.6145
discard2,"Deal 5, discard 2",5,10000000,22260932,Flush (See),Flush Q-4-2 ♥,"(2, 12, 4, 2, 3)",1,561,0.02158556,12904,0.021507,28.9135,15.3859,8.1231,4.2622
discard2,"Deal 5, discard 2",5,10000000,22260932,Flush (See),Flush Q-4-2 ♦,"(2, 12, 4, 2, 2)",1,561,0.02158556,12907,0.021512,29.3631,15.8542,8.5349,4.5944
discard2,"Deal 5, discard 2",5,10000000,22260932,Flush (See),Flush Q-4-2 ♣,"(2, 12, 4, 2, 1)",1,561,0.02158556,12789,0.021315,29.3557,15.8636,8.5386,4.5117
discard2,"Deal 5, discard 2",5,10000000,22260932,Flush (See),Flush Q-3-2 ♠,"(2, 12, 3, 2, 4)",1,477,0.0183535,10964,0.018273,28.7368,15.2727,8.0591,4.2229
discard2,"Deal 5, discard 2",5,10000000,22260932,Flush (See),Flush Q-3-2 ♥,"(2, 12, 3, 2, 3)",1,477,0.0183535,11147,0.018578,29.1648,15.6948,8.3879,4.4227
discard2,"Deal 5, discard 2",5,10000000,22260932,Flush (See),Flush Q-3-2 ♦,"(2, 12, 3, 2, 2)",1,477,0.0183535,10989,0.018315,29.5914,16.137,8.8543,4.8958
discard2,"Deal 5, discard 2",5,10000000,22260932,Flush (See),Flush Q-3-2 ♣,"(2, 12, 3, 2, 1)",1,477,0.0183535,10992,0.01832,29.0111,15.5386,8.2842,4.4214
discard2,"Deal 5, discard 2",5,10000000,22260932,Flush (See),Flush J-10-8 ♠,"(2, 11, 10, 8, 4)",1,704,0.02708776,16104,0.02684,28.5451,15.226,8.1321,4.3716
discard2,"Deal 5, discard 2",5,10000000,22260932,Flush (See),Flush J-10-8 ♥,"(2, 11, 10, 8, 3)",1,704,0.02708776,16540,0.027567,28.312,15.0036,7.9129,4.1354
discard2,"Deal 5, discard 2",5,10000000,22260932,Flush (See),Flush J-10-8 ♦,"(2, 11, 10, 8, 2)",1,704,0.02708776,16545,0.027575,28.4557,15.1514,8.0459,4.2128
discard2,"Deal 5, discard 2",5,10000000,22260932,Flush (See),Flush J-10-8 ♣,"(2, 11, 10, 8, 1)",1,704,0.02708776,16131,0.026885,28.3628,15.0759,7.9995,4.2093
discard2,"Deal 5, discard 2",5,10000000,22260932,Flush (See),Flush J-10-7 ♠,"(2, 11, 10, 7, 4)",1,654,0.02516391,15140,0.025233,28.4657,15.0555,7.8256,3.9564
discard2,"Deal 5, discard 2",5,10000000,22260932,Flush (See),Flush J-10-7 ♥,"(2, 11, 10, 7, 3)",1,654,0.02516391,14825,0.024708,28.7042,15.3497,8.1983,4.398
discard2,"Deal 5, discard 2",5,10000000,22260932,Flush (See),Flush J-10-7 ♦,"(2, 11, 10, 7, 2)",1,654,0.02516391,14961,0.024935,28.448,15.1808,8.0436,4.1508
discard2,"Deal 5, discard 2",5,10000000,22260932,Flush (See),Flush J-10-7 ♣,"(2, 11, 10, 7, 1)",1,654,0.02516391,15151,0.025252,28.3572,15.1191,8.0721,4.2967
discard2,"Deal 5, discard 2",5,10000000,22260932,Flush (See),Flush J-10-6 ♠,"(2, 11, 10, 6, 4)",1,608,0.02339397,14043,0.023405,28.2874,15.0189,7.9798,4.2441
discard2,"Deal 5, discard 2",5,10000000,22260932,Flush (See),Flush J-10-6 ♥,"(2, 11, 10, 6, 3)",1,608,0.02339397,14181,0.023635,28.5629,15.219,8.101,4.3368
discard2,"Deal 5, discard 2",5,10000000,22260932,Flush (See),Flush J-10-6 ♦,"(2, 11, 10, 6, 2)",1,608,0.02339397,13931,0.023218,28.3562,15.0176,7.9104,4.1418
discard2,"Deal 5, discard 2",5,10000000,22260932,Flush (See),Flush J-10-6 ♣,"(2, 11, 10, 6, 1)",1,608,0.02339397,14137,0.023562,28.4551,15.2196,8.1913,4.4564
discard2,"Deal 5, discard 2",5,10000000,22260932,Flush (See),Flush J-10-5 ♠,"(2, 11, 10, 5, 4)",1,572,0.0220088,13270,0.022117,28.1922,14.9284,7.8659,4.1145
discard2,"Deal 5, discard 2",5,10000000,22260932,Flush (See),Flush J-10-5 ♥,"(2, 11, 10, 5, 3)",1,572,0.0220088,13101,0.021835,28.278,14.992,7.9337,4.1982
discard2,"Deal 5, discard 2",5,10000000,22260932,Flush (See),Flush J-10-5 ♦,"(2, 11, 10, 5, 2)",1,572,0.0220088,13102,0.021837,28.0354,14.8145,7.8416,4.1673
discard2,"Deal 5, discard 2",5,10000000,22260932,Flush (See),Flush J-10-5 ♣,"(2, 11, 10, 5, 1)",1,572,0.0220088,13092,0.02182,27.9468,14.8045,7.8674,4.1705
discard2,"Deal 5, discard 2",5,10000000,22260932,Flush (See),Flush J-10-4 ♠,"(2, 11, 10, 4, 4)",1,537,0.02066211,12414,0.02069,28.4558,15.1821,8.1102,4.3741
discard2,"Deal 5, discard 2",5,10000000,22260932,Flush (See),Flush J-10-4 ♥,"(2, 11, 10, 4, 3)",1,537,0.02066211,12575,0.020958,28.3523,14.998,7.9221,4.2306
discard2,"Deal 5, discard 2",5,10000000,22260932,Flush (See),Flush J-10-4 ♦,"(2, 11, 10, 4, 2)",1,537,0.02066211,12445,0.020742,28.3728,15.1587,8.1173,4.3632
discard2,"Deal 5, discard 2",5,10000000,22260932,Flush (See),Flush J-10-4 ♣,"(2, 11, 10, 4, 1)",1,537,0.02066211,12327,0.020545,28.1244,14.7254,7.6174,3.8777
discard2,"Deal 5, discard 2",5,10000000,22260932,Flush (See),Flush J-10-3 ♠,"(2, 11, 10, 3, 4)",1,507,0.0195078,11684,0.019473,28.2934,15.0633,8.0298,4.2622
discard2,"Deal 5, discard 2",5,10000000,22260932,Flush (See),Flush J-10-3 ♥,"(2, 11, 10, 3, 3)",1,507,0.0195078,11766,0.01961,28.2866,15.0204,7.9721,4.2155
discard2,"Deal 5, discard 2",5,10000000,22260932,Flush (See),Flush J-10-3 ♦,"(2, 11, 10, 3, 2)",1,507,0.0195078,11754,0.01959,27.9854,14.7175,7.7182,4.0837
discard2,"Deal 5, discard 2",5,10000000,22260932,Flush (See),Flush J-10-3 ♣,"(2, 11, 10, 3, 1)",1,507,0.0195078,11681,0.019468,28.1877,14.8977,7.8144,4.0579
discard2,"Deal 5, discard 2",5,10000000,22260932,Flush (See),Flush J-10-2 ♠,"(2, 11, 10, 2, 4)",1,489,0.01881522,11251,0.018752,27.6295,14.4192,7.5087,3.893
discard2,"Deal 5, discard 2",5,10000000,22260932,Flush (See),Flush J-10-2 ♥,"(2, 11, 10, 2, 3)",1,489,0.01881522,11343,0.018905,28.0772,14.8761,7.8639,4.1083
discard2,"Deal 5, discard 2",5,10000000,22260932,Flush (See),Flush J-10-2 ♦,"(2, 11, 10, 2, 2)",1,489,0.01881522,11443,0.019072,27.4377,14.3136,7.4736,3.9675
discard2,"Deal 5, discard 2",5,10000000,22260932,Flush (See),Flush J-10-2 ♣,"(2, 11, 10, 2, 1)",1,489,0.01881522,11401,0.019002,27.6248,14.3979,7.4081,3.7453
discard2,"Deal 5, discard 2",5,10000000,22260932,Flush (See),Flush J-9-8 ♠,"(2, 11, 9, 8, 4)",1,661,0.02543325,15345,0.025575,28.1629,14.913,7.8801,4.1447
discard2,"Deal 5, discard 2",5,10000000,22260932,Flush (See),Flush J-9-8 ♥,"(2, 11, 9, 8, 3)",1,661,0.02543325,15347,0.025578,28.6382,15.3144,8.1827,4.3461
discard2,"Deal 5, discard 2",5,10000000,22260932,Flush (See),Flush J-9-8 ♦,"(2, 11, 9, 8, 2)",1,661,0.02543325,15338,0.025563,28.0682,14.8729,7.8798,4.1661
discard2,"Deal 5, discard 2",5,10000000,22260932,Flush (See),Flush J-9-8 ♣,"(2, 11, 9, 8, 1)",1,661,0.02543325,15069,0.025115,28.041,14.7561,7.7258,4.0149
discard2,"Deal 5, discard 2",5,10000000,22260932,Flush (See),Flush J-9-7 ♠,"(2, 11, 9, 7, 4)",1,645,0.02481762,14996,0.024993,28.759,15.3974,8.1595,4.2011
discard2,"Deal 5, discard 2",5,10000000,22260932,Flush (See),Flush J-9-7 ♥,"(2, 11, 9, 7, 3)",1,645,0.02481762,14779,0.024632,28.1277,14.8156,7.7745,4.0733
discard2,"Deal 5, discard 2",5,10000000,22260932,Flush (See),Flush J-9-7 ♦,"(2, 11, 9, 7, 2)",1,645,0.02481762,15001,0.025002,27.9955,14.7097,7.6382,3.8797
discard2,"Deal 5, discard 2",5,10000000,22260932,Flush (See),Flush J-9-7 ♣,"(2, 11, 9, 7, 1)",1,645,0.02481762,14816,0.024693,28.2728,15.0378,7.9954,4.2454
discard2,"Deal 5, discard 2",5,10000000,22260932,Flush (See),Flush J-9-6 ♠,"(2, 11, 9, 6, 4)",1,701,0.02697233,16099,0.026832,28.4123,15.145,8.0713,4.3481
discard2,"Deal 5, discard 2",5,10000000,22260932,Flush (See),Flush J-9-6 ♥,"(2, 11, 9, 6, 3)",1,701,0.02697233,16180,0.026967,27.9833,14.7658,7.8059,4.1471
discard2,"Deal 5, discard 2",5,10000000,22260932,Flush (See),Flush J-9-6 ♦,"(2, 11, 9, 6, 2)",1,701,0.02697233,16156,0.026927,28.1635,14.9424,7.9438,4.2523
discard2,"Deal 5, discard 2",5,10000000,22260932,Flush (See),Flush J-9-6 ♣,"(2, 11, 9, 6, 1)",1,701,0.02697233,16196,0.026993,28.2292,14.9222,7.8649,4.143
discard2,"Deal 5, discard 2",5,10000000,22260932,Flush (See),Flush J-9-5 ♠,"(2, 11, 9, 5, 4)",1,653,0.02512543,14975,0.024958,27.9185,14.6878,7.7169,4.0401
discard2,"Deal 5, discard 2",5,10000000,22260932,Flush (See),Flush J-9-5 ♥,"(2, 11, 9, 5, 3)",1,653,0.02512543,15158,0.025263,28.2135,15.0495,8.137,4.5059
discard2,"Deal 5, discard 2",5,10000000,22260932,Flush (See),Flush J-9-5 ♦,"(2, 11, 9, 5, 2)",1,653,0.02512543,15139,0.025232,28.3447,14.9851,7.8486,3.9897
discard2,"Deal 5, discard 2",5,10000000,22260932,Flush (See),Flush J-9-5 ♣,"(2, 11, 9, 5, 1)",1,653,0.02512543,14934,0.02489,28.3949,15.0891,7.9791,4.1516
discard2,"Deal 5, discard 2",5,10000000,22260932,Flush (See),Flush J-9-4 ♠,"(2, 11, 9, 4, 4)",1,615,0.02366331,14161,0.023602,28.0877,14.7765,7.7537,4.1099
discard2,"Deal 5, discard 2",5,10000000,22260932,Flush (See),Flush J-9-4 ♥,"(2, 11, 9, 4, 3)",1,615,0.02366331,14122,0.023537,28.2849,14.9101,7.7836,4.015
discard2,"Deal 5, discard 2",5,10000000,22260932,Flush (See),Flush J-9-4 ♦,"(2, 11, 9, 4, 2)",1,615,0.02366331,14096,0.023493,28.5336,15.3427,8.2931,4.5119
discard2,"Deal 5, discard 2",5,10000000,22260932,Flush (See),Flush J-9-4 ♣,"(2, 11, 9, 4, 1)",1,615,0.02366331,14171,0.023618,28.2161,14.9375,7.8555,4.1211
discard2,"Deal 5, discard 2",5,10000000,22260932,Flush (See),Flush J-9-3 ♠,"(2, 11, 9, 3, 4)",1,582,0.02239357,13513,0.022522,27.8184,14.6681,7.6919,3.9443
discard2,"Deal 5, discard 2",5,10000000,22260932,Flush (See),Flush J-9-3 ♥,"(2, 11, 9, 3, 3)",1,582,0.02239357,13396,0.022327,27.9703,14.7738,7.8411,4.1878
discard2,"Deal 5, discard 2",5,10000000,22260932,Flush (See),Flush J-9-3 ♦,"(2, 11, 9, 3, 2)",1,582,0.02239357,13447,0.022412,28.1304,14.9044,7.8456,4.0753
discard2,"Deal 5, discard 2",5,10000000,22260932,Flush (See),Flush J-9-3 ♣,"(2, 11, 9, 3, 1)",1,582,0.02239357,13575,0.022625,28.5076,15.1212,8.028,4.2947
discard2,"Deal 5, discard 2",5,10000000,22260932,Flush (See),Flush J-9-2 ♠,"(2, 11, 9, 2, 4)",1,561,0.02158556,13160,0.021933,27.5479,14.4286,7.4878,3.7842
discard2,"Deal 5, discard 2",5,10000000,22260932,Flush (See),Flush J-9-2 ♥,"(2, 11, 9, 2, 3)",1,561,0.02158556,13005,0.021675,27.6217,14.6082,7.8216,4.2522
discard2,"Deal 5, discard 2",5,10000000,22260932,Flush (See),Flush J-9-2 ♦,"(2, 11, 9, 2, 2)",1,561,0.02158556,12789,0.021315,27.6065,14.5281,7.6409,4.0113
discard2,"Deal 5, discard 2",5,10000000,22260932,Flush (See),Flush J-9-2 ♣,"(2, 11, 9, 2, 1)",1,561,0.02158556,12792,0.02132,27.1795,14.1588,7.3515,3.7914
discard2,"Deal 5, discard 2",5,10000000,22260932,Flush (See),Flush J-8-7 ♠,"(2, 11, 8, 7, 4)",1,615,0.02366331,14216,0.023693,27.5696,14.4879,7.6576,4.101
discard2,"Deal 5, discard 2",5,10000000,22260932,Flush (See),Flush J-8-7 ♥,"(2, 11, 8, 7, 3)",1,615,0.02366331,14080,0.023467,27.6499,14.5121,7.5639,3.9062
discard2,"Deal 5, discard 2",5,10000000,22260932,Flush (See),Flush J-8-7 ♦,"(2, 11, 8, 7, 2)",1,615,0.02366331,14020,0.023367,27.525,14.3039,7.3352,3.7304
discard2,"Deal 5, discard 2",5,10000000,22260932,Flush (See),Flush J-8-7 ♣,"(2, 11, 8, 7, 1)",1,615,0.02366331,14132,0.023553,28.2012,14.9193,7.8729,4.1395
discard2,"Deal 5, discard 2",5,10000000,22260932,Flush (See),Flush J-8-6 ♠,"(2, 11, 8, 6, 4)",1,704,0.02708776,16332,0.02722,27.3824,14.185,7.2643,3.6493
discard2,"Deal 5, discard 2",5,10000000,22260932,Flush (See),Flush J-8-6 ♥,"(2, 11, 8, 6, 3)",1,704,0.02708776,16106,0.026843,27.5307,14.4077,7.5363,3.9116
discard2,"Deal 5, discard 2",5,10000000,22260932,Flush (See),Flush J-8-6 ♦,"(2, 11, 8, 6, 2)",1,704,0.02708776,16276,0.027127,27.3157,14.1626,7.2733,3.6864
discard2,"Deal 5, discard 2",5,10000000,22260932,Flush (See),Flush J-8-6 ♣,"(2, 11, 8, 6, 1)",1,704,0.02708776,16539,0.027565,27.4321,14.3032,7.4491,3.8938
discard2,"Deal 5, discard 2",5,10000000,22260932,Flush (See),Flush J-8-5 ♠,"(2, 11, 8, 5, 4)",1,755,0.02905008,17397,0.028995,27.7542,14.583,7.6841,4.0927
discard2,"Deal 5, discard 2",5,10000000,22260932,Flush (See),Flush J-8-5 ♥,"(2, 11, 8, 5, 3)",1,755,0.02905008,17395,0.028992,27.9868,14.7703,7.7861,4.1219
discard2,"Deal 5, discard 2",5,10000000,22260932,Flush (See),Flush J-8-5 ♦,"(2, 11, 8, 5, 2)",1,755,0.02905008,17454,0.02909,27.5874,14.4872,7.6395,4.0449
discard2,"Deal 5, discard 2",5,10000000,22260932,Flush (See),Flush J-8-5 ♣,"(2, 11, 8, 5, 1)",1,755,0.02905008,17390,0.028983,27.9408,14.7809,7.8482,4.2036
discard2,"Deal 5, discard 2",5,10000000,22260932,Flush (See),Flush J-8-4 ♠,"(2, 11, 8, 4, 4)",1,705,0.02712624,16299,0.027165,27.9888,14.7985,7.825,4.1659
discard2,"Deal 5, discard 2",5,10000000,22260932,Flush (See),Flush J-8-4 ♥,"(2, 11, 8, 4, 3)",1,705,0.02712624,16065,0.026775,27.7087,14.5721,7.6452,3.99
discard2,"Deal 5, discard 2",5,10000000,22260932,Flush (See),Flush J-8-4 ♦,"(2, 11, 8, 4, 2)",1,705,0.02712624,16297,0.027162,27.6818,14.5027,7.5609,3.9271
discard2,"Deal 5, discard 2",5,10000000,22260932,Flush (See),Flush J-8-4 ♣,"(2, 11, 8, 4, 1)",1,705,0.02712624,16416,0.02736,27.4683,14.347,7.4866,3.8865
discard2,"Deal 5, discard 2",5,10000000,22260932,Flush (See),Flush J-8-3 ♠,"(2, 11, 8, 3, 4)",1,669,0.02574107,15567,0.025945,27.9251,14.735,7.7664,4.1048
discard2,"Deal 5, discard 2",5,10000000,22260932,Flush (See),Flush J-8-3 ♥,"(2, 11, 8, 3, 3)",1,669,0.02574107,15327,0.025545,27.6121,14.539,7.5905,3.9016
discard2,"Deal 5, discard 2",5,10000000,22260932,Flush (See),Flush J-8-3 ♦,"(2, 11, 8, 3, 2)",1,669,0.02574107,15496,0.025827,27.2044,14.1023,7.2716,3.7042
discard2,"Deal 5, discard 2",5,10000000,22260932,Flush (See),Flush J-8-3 ♣,"(2, 11, 8, 3, 1)",1,669,0.02574107,15538,0.025897,27.3993,14.2682,7.4089,3.8358
discard2,"Deal 5, discard 2",5,10000000,22260932,Flush (See),Flush J-8-2 ♠,"(2, 11, 8, 2, 4)",1,645,0.02481762,14835,0.024725,26.9437,13.9784,7.2585,3.8153
discard2,"Deal 5, discard 2",5,10000000,22260932,Flush (See),Flush J-8-2 ♥,"(2, 11, 8, 2, 3)",1,645,0.02481762,15007,0.025012,27.0954,13.9282,7.07,3.5117
discard2,"Deal 5, discard 2",5,10000000,22260932,Flush (See),Flush J-8-2 ♦,"(2, 11, 8, 2, 2)",1,645,0.02481762,14877,0.024795,27.1022,14.025,7.2542,3.8045
discard2,"Deal 5, discard 2",5,10000000,22260932,Flush (See),Flush J-8-2 ♣,"(2, 11, 8, 2, 1)",1,645,0.02481762,15186,0.02531,27.0637,13.9589,7.1724,3.7008
discard2,"Deal 5, discard 2",5,10000000,22260932,Flush (See),Flush J-7-6 ♠,"(2, 11, 7, 6, 4)",1,570,0.02193185,12944,0.021573,27.4065,14.4538,7.6252,3.9941
discard2,"Deal 5, discard 2",5,10000000,22260932,Flush (See),Flush J-7-6 ♥,"(2, 11, 7, 6, 3)",1,570,0.02193185,13193,0.021988,27.1227,14.1249,7.3584,3.8354
discard2,"Deal 5, discard 2",5,10000000,22260932,Flush (See),Flush J-7-6 ♦,"(2, 11, 7, 6, 2)",1,570,0.02193185,13034,0.021723,27.3577,14.3187,7.4574,3.8515
discard2,"Deal 5, discard 2",5,10000000,22260932,Flush (See),Flush J-7-6 ♣,"(2, 11, 7, 6, 1)",1,570,0.02193185,13143,0.021905,27.0608,14.1109,7.388,3.8804
discard2,"Deal 5, discard 2",5,10000000,22260932,Flush (See),Flush J-7-5 ♠,"(2, 11, 7, 5, 4)",1,656,0.02524087,15111,0.025185,27.0154,13.9865,7.1961,3.7125
discard2,"Deal 5, discard 2",5,10000000,22260932,Flush (See),Flush J-7-5 ♥,"(2, 11, 7, 5, 3)",1,656,0.02524087,15213,0.025355,27.0229,14.1918,7.5567,4.0755
discard2,"Deal 5, discard 2",5,10000000,22260932,Flush (See),Flush J-7-5 ♦,"(2, 11, 7, 5, 2)",1,656,0.02524087,15123,0.025205,27.4992,14.3774,7.4919,3.8947
discard2,"Deal 5, discard 2",5,10000000,22260932,Flush (See),Flush J-7-5 ♣,"(2, 11, 7, 5, 1)",1,656,0.02524087,15067,0.025112,26.8554,13.8475,7.1162,3.5973
discard2,"Deal 5, discard 2",5,10000000,22260932,Flush (See),Flush J-7-4 ♠,"(2, 11, 7, 4, 4)",1,705,0.02712624,16202,0.027003,27.3405,14.2964,7.4559,3.839
discard2,"Deal 5, discard 2",5,10000000,22260932,Flush (See),Flush J-7-4 ♥,"(2, 11, 7, 4, 3)",1,705,0.02712624,16242,0.02707,27.3569,14.2575,7.408,3.8173
discard2,"Deal 5, discard 2",5,10000000,22260932,Flush (See),Flush J-7-4 ♦,"(2, 11, 7, 4, 2)",1,705,0.02712624,16327,0.027212,27.1593,14.1637,7.4319,3.9689
discard2,"Deal 5, discard 2",5,10000000,22260932,Flush (See),Flush J-7-4 ♣,"(2, 11, 7, 4, 1)",1,705,0.02712624,16206,0.02701,27.338,14.217,7.3084,3.6591
discard2,"Deal 5, discard 2",5,10000000,22260932,Flush (See),Flush J-7-3 ♠,"(2, 11, 7, 3, 4)",1,660,0.02539477,15149,0.025248,27.0955,14.0861,7.3035,3.756
discard2,"Deal 5, discard 2",5,10000000,22260932,Flush (See),Flush J-7-3 ♥,"(2, 11, 7, 3, 3)",1,660,0.02539477,15131,0.025218,26.9896,13.857,7.0544,3.5821
discard2,"Deal 5, discard 2",5,10000000,22260932,Flush (See),Flush J-7-3 ♦,"(2, 11, 7, 3, 2)",1,660,0.02539477,15277,0.025462,26.6302,13.7606,7.0878,3.6067
discard2,"Deal 5, discard 2",5,10000000,22260932,Flush (See),Flush J-7-3 ♣,"(2, 11, 7, 3, 1)",1,660,0.02539477,15047,0.025078,26.9602,13.9623,7.2028,3.6619
discard2,"Deal 5, discard 2",5,10000000,22260932,Flush (See),Flush J-7-2 ♠,"(2, 11, 7, 2, 4)",1,636,0.02447133,14647,0.024412,26.7775,13.8493,7.1168,3.5912
discard2,"Deal 5, discard 2",5,10000000,22260932,Flush (See),Flush J-7-2 ♥,"(2, 11, 7, 2, 3)",1,636,0.02447133,14744,0.024573,26.1991,13.3702,6.7919,3.4455
discard2,"Deal 5, discard 2",5,10000000,22260932,Flush (See),Flush J-7-2 ♦,"(2, 11, 7, 2, 2)",1,636,0.02447133,14569,0.024282,26.5228,13.679,7.0533,3.679
discard2,"Deal 5, discard 2",5,10000000,22260932,Flush (See),Flush J-7-2 ♣,"(2, 11, 7, 2, 1)",1,636,0.02447133,14784,0.02464,26.5517,13.6776,7.0522,3.612
discard2,"Deal 5, discard 2",5,10000000,22260932,Flush (See),Flush J-6-5 ♠,"(2, 11, 6, 5, 4)",1,535,0.02058516,12513,0.020855,26.5396,13.5851,6.8553,3.3565
discard2,"Deal 5, discard 2",5,10000000,22260932,Flush (See),Flush J-6-5 ♥,"(2, 11, 6, 5, 3)",1,535,0.02058516,12180,0.0203,26.9647,14.0246,7.3383,3.908
discard2,"Deal 5, discard 2",5,10000000,22260932,Flush (See),Flush J-6-5 ♦,"(2, 11, 6, 5, 2)",1,535,0.02058516,12433,0.020722,26.6517,13.695,6.9975,3.5631
discard2,"Deal 5, discard 2",5,10000000,22260932,Flush (See),Flush J-6-5 ♣,"(2, 11, 6, 5, 1)",1,535,0.02058516,12347,0.020578,26.8511,13.8333,7.0803,3.5717
discard2,"Deal 5, discard 2",5,10000000,22260932,Flush (See),Flush J-6-4 ♠,"(2, 11, 6, 4, 4)",1,618,0.02377874,14270,0.023783,27.3343,14.2929,7.4576,3.8753
discard2,"Deal 5, discard 2",5,10000000,22260932,Flush (See),Flush J-6-4 ♥,"(2, 11, 6, 4, 3)",1,618,0.02377874,14513,0.024188,26.7533,13.8903,7.1963,3.6932
discard2,"Deal 5, discard 2",5,10000000,22260932,Flush (See),Flush J-6-4 ♦,"(2, 11, 6, 4, 2)",1,618,0.02377874,14033,0.023388,26.7804,13.697,6.8809,3.3991
discard2,"Deal 5, discard 2",5,10000000,22260932,Flush (See),Flush J-6-4 ♣,"(2, 11, 6, 4, 1)",1,618,0.02377874,14430,0.02405,26.6881,13.7124,7.0035,3.5412
discard2,"Deal 5, discard 2",5,10000000,22260932,Flush (See),Flush J-6-3 ♠,"(2, 11, 6, 3, 4)",1,669,0.02574107,15356,0.025593,27.0481,14.0525,7.2701,3.7184
discard2,"Deal 5, discard 2",5,10000000,22260932,Flush (See),Flush J-6-3 ♥,"(2, 11, 6, 3, 3)",1,669,0.02574107,15341,0.025568,26.4963,13.5063,6.8301,3.3896
discard2,"Deal 5, discard 2",5,10000000,22260932,Flush (See),Flush J-6-3 ♦,"(2, 11, 6, 3, 2)",1,669,0.02574107,15306,0.02551,27.1273,14.0683,7.2573,3.6783
discard2,"Deal 5, discard 2",5,10000000,22260932,Flush (See),Flush J-6-3 ♣,"(2, 11, 6, 3, 1)",1,669,0.02574107,15517,0.025862,26.5895,13.6689,7.0594,3.6605
discard2,"Deal 5, discard 2",5,10000000,22260932,Flush (See),Flush J-6-2 ♠,"(2, 11, 6, 2, 4)",1,636,0.02447133,14574,0.02429,26.1795,13.2002,6.5857,3.3073
discard2,"Deal 5, discard 2",5,10000000,22260932,Flush (See),Flush J-6-2 ♥,"(2, 11, 6, 2, 3)",1,636,0.02447133,14858,0.024763,26.0237,13.2427,6.7129,3.3719
discard2,"Deal 5, discard 2",5,10000000,22260932,Flush (See),Flush J-6-2 ♦,"(2, 11, 6, 2, 2)",1,636,0.02447133,14601,0.024335,26.4537,13.6251,7.0338,3.6436
discard2,"Deal 5, discard 2",5,10000000,22260932,Flush (See),Flush J-6-2 ♣,"(2, 11, 6, 2, 1)",1,636,0.02447133,14583,0.024305,26.0625,13.2613,6.7311,3.4149
discard2,"Deal 5, discard 2",5,10000000,22260932,Flush (See),Flush J-5-4 ♠,"(2, 11, 5, 4, 4)",1,501,0.01927694,11513,0.019188,26.2955,13.331,6.6186,3.153
discard2,"Deal 5, discard 2",5,10000000,22260932,Flush (See),Flush J-5-4 ♥,"(2, 11, 5, 4, 3)",1,501,0.01927694,11528,0.019213,27.042,14.0597,7.2779,3.6867
discard2,"Deal 5, discard 2",5,10000000,22260932,Flush (See),Flush J-5-4 ♦,"(2, 11, 5, 4, 2)",1,501,0.01927694,11895,0.019825,26.6137,13.6604,6.9206,3.388
discard2,"Deal 5, discard 2",5,10000000,22260932,Flush (See),Flush J-5-4 ♣,"(2, 11, 5, 4, 1)",1,501,0.01927694,11660,0.019433,26.3096,13.4228,6.8285,3.5077
discard2,"Deal 5, discard 2",5,10000000,22260932,Flush (See),Flush J-5-3 ♠,"(2, 11, 5, 3, 4)",1,585,0.022509,13230,0.02205,26.6259,13.6886,6.9645,3.4845
discard2,"Deal 5, discard 2",5,10000000,22260932,Flush (See),Flush J-5-3 ♥,"(2, 11, 5, 3, 3)",1,585,0.022509,13164,0.02194,26.0514,13.2361,6.7381,3.426
discard2,"Deal 5, discard 2",5,10000000,22260932,Flush (See),Flush J-5-3 ♦,"(2, 11, 5, 3, 2)",1,585,0.022509,13617,0.022695,26.4074,13.6366,7.122,3.7894
discard2,"Deal 5, discard 2",5,10000000,22260932,Flush (See),Flush J-5-3 ♣,"(2, 11, 5, 3, 1)",1,585,0.022509,13435,0.022392,26.1965,13.3964,6.815,3.409
discard2,"Deal 5, discard 2",5,10000000,22260932,Flush (See),Flush J-5-2 ♠,"(2, 11, 5, 2, 4)",1,645,0.02481762,15019,0.025032,26.091,13.3125,6.7901,3.4889
discard2,"Deal 5, discard 2",5,10000000,22260932,Flush (See),Flush J-5-2 ♥,"(2, 11, 5, 2, 3)",1,645,0.02481762,15014,0.025023,25.7886,13.0904,6.6192,3.3169
discard2,"Deal 5, discard 2",5,10000000,22260932,Flush (See),Flush J-5-2 ♦,"(2, 11, 5, 2, 2)",1,645,0.02481762,14745,0.024575,26.2584,13.3659,6.7698,3.4181
discard2,"Deal 5, discard 2",5,10000000,22260932,Flush (See),Flush J-5-2 ♣,"(2, 11, 5, 2, 1)",1,645,0.02481762,14677,0.024462,25.7369,13.0449,6.6499,3.4476
discard2,"Deal 5, discard 2",5,10000000,22260932,Flush (See),Flush J-4-3 ♠,"(2, 11, 4, 3, 4)",1,468,0.0180072,10762,0.017937,25.9245,13.123,6.6679,3.4659
discard2,"Deal 5, discard 2",5,10000000,22260932,Flush (See),Flush J-4-3 ♥,"(2, 11, 4, 3, 3)",1,468,0.0180072,11018,0.018363,26.4295,13.6086,7.0049,3.5578
discard2,"Deal 5, discard 2",5,10000000,22260932,Flush (See),Flush J-4-3 ♦,"(2, 11, 4, 3, 2)",1,468,0.0180072,10822,0.018037,26.4286,13.6121,7.0449,3.6962
discard2,"Deal 5, discard 2",5,10000000,22260932,Flush (See),Flush J-4-3 ♣,"(2, 11, 4, 3, 1)",1,468,0.0180072,10830,0.01805,26.5199,13.5614,6.879,3.4903
discard2,"Deal 5, discard 2",5,10000000,22260932,Flush (See),Flush J-4-2 ♠,"(2, 11, 4, 2, 4)",1,561,0.02158556,13069,0.021782,25.65,13.04,6.6646,3.428
discard2,"Deal 5, discard 2",5,10000000,22260932,Flush (See),Flush J-4-2 ♥,"(2, 11, 4, 2, 3)",1,561,0.02158556,12998,0.021663,25.4031,12.8251,6.5133,3.4159
discard2,"Deal 5, discard 2",5,10000000,22260932,Flush (See),Flush J-4-2 ♦,"(2, 11, 4, 2, 2)",1,561,0.02158556,13037,0.021728,25.5611,12.8818,6.4371,3.1449
discard2,"Deal 5, discard 2",5,10000000,22260932,Flush (See),Flush J-4-2 ♣,"(2, 11, 4, 2, 1)",1,561,0.02158556,12933,0.021555,26.052,13.1795,6.6527,3.379
discard2,"Deal 5, discard 2",5,10000000,22260932,Flush (See),Flush J-3-2 ♠,"(2, 11, 3, 2, 4)",1,468,0.0180072,10786,0.017977,25.6685,12.952,6.5845,3.4211
discard2,"Deal 5, discard 2",5,10000000,22260932,Flush (See),Flush J-3-2 ♥,"(2, 11, 3, 2, 3)",1,468,0.0180072,10866,0.01811,25.5522,12.9505,6.5912,3.4511
discard2,"Deal 5, discard 2",5,10000000,22260932,Flush (See),Flush J-3-2 ♦,"(2, 11, 3, 2, 2)",1,468,0.0180072,10594,0.017657,25.2737,12.8025,6.5603,3.4642
discard2,"Deal 5, discard 2",5,10000000,22260932,Flush (See),Flush J-3-2 ♣,"(2, 11, 3, 2, 1)",1,468,0.0180072,10637,0.017728,25.6134,12.7639,6.2894,3.1306
discard2,"Deal 5, discard 2",5,10000000,22260932,Flush (See),Flush 10-9-7 ♠,"(2, 10, 9, 7, 4)",1,678,0.02608736,15579,0.025965,24.6113,12.2126,6.0659,3.004
discard2,"Deal 5, discard 2",5,10000000,22260932,Flush (See),Flush 10-9-7 ♥,"(2, 10, 9, 7, 3)",1,678,0.02608736,15694,0.026157,24.6999,12.3047,6.1463,3.0394
discard2,"Deal 5, discard 2",5,10000000,22260932,Flush (See),Flush 10-9-7 ♦,"(2, 10, 9, 7, 2)",1,678,0.02608736,15591,0.025985,24.5552,12.1884,6.0894,3.13
discard2,"Deal 5, discard 2",5,10000000,22260932,Flush (See),Flush 10-9-7 ♣,"(2, 10, 9, 7, 1)",1,678,0.02608736,15689,0.026148,24.6899,12.2755,6.1304,3.0658
discard2,"Deal 5, discard 2",5,10000000,22260932,Flush (See),Flush 10-9-6 ♠,"(2, 10, 9, 6, 4)",1,629,0.02420199,14371,0.023952,24.848,12.3457,6.1346,3.0548
discard2,"Deal 5, discard 2",5,10000000,22260932,Flush (See),Flush 10-9-6 ♥,"(2, 10, 9, 6, 3)",1,629,0.02420199,14474,0.024123,24.4044,12.1597,6.0992,3.0607
discard2,"Deal 5, discard 2",5,10000000,22260932,Flush (See),Flush 10-9-6 ♦,"(2, 10, 9, 6, 2)",1,629,0.02420199,14489,0.024148,24.8354,12.3507,6.1302,3.0368
discard2,"Deal 5, discard 2",5,10000000,22260932,Flush (See),Flush 10-9-6 ♣,"(2, 10, 9, 6, 1)",1,629,0.02420199,14466,0.02411,24.5887,12.1789,5.9768,2.8895
discard2,"Deal 5, discard 2",5,10000000,22260932,Flush (See),Flush 10-9-5 ♠,"(2, 10, 9, 5, 4)",1,584,0.02247053,13668,0.02278,24.2676,11.9879,5.9336,2.9119
discard2,"Deal 5, discard 2",5,10000000,22260932,Flush (See),Flush 10-9-5 ♥,"(2, 10, 9, 5, 3)",1,584,0.02247053,13560,0.0226,24.1851,11.8532,5.792,2.7655
discard2,"Deal 5, discard 2",5,10000000,22260932,Flush (See),Flush 10-9-5 ♦,"(2, 10, 9, 5, 2)",1,584,0.02247053,13310,0.022183,24.7273,12.2615,6.0796,3.0353
discard2,"Deal 5, discard 2",5,10000000,22260932,Flush (See),Flush 10-9-5 ♣,"(2, 10, 9, 5, 1)",1,584,0.02247053,13377,0.022295,24.5197,12.2815,6.3004,3.364
discard2,"Deal 5, discard 2",5,10000000,22260932,Flush (See),Flush 10-9-4 ♠,"(2, 10, 9, 4, 4)",1,549,0.02112383,12844,0.021407,24.6247,12.2111,6.023,2.9274
discard2,"Deal 5, discard 2",5,10000000,22260932,Flush (See),Flush 10-9-4 ♥,"(2, 10, 9, 4, 3)",1,549,0.02112383,12569,0.020948,24.1411,11.7822,5.7109,2.7528
discard2,"Deal 5, discard 2",5,10000000,22260932,Flush (See),Flush 10-9-4 ♦,"(2, 10, 9, 4, 2)",1,549,0.02112383,12534,0.02089,24.108,11.7736,5.73,2.7685
discard2,"Deal 5, discard 2",5,10000000,22260932,Flush (See),Flush 10-9-4 ♣,"(2, 10, 9, 4, 1)",1,549,0.02112383,12592,0.020987,24.2543,11.8456,5.7306,2.7398
discard2,"Deal 5, discard 2",5,10000000,22260932,Flush (See),Flush 10-9-3 ♠,"(2, 10, 9, 3, 4)",1,519,0.01996953,12016,0.020027,24.3109,12.0381,6.0103,3.0709
discard2,"Deal 5, discard 2",5,10000000,22260932,Flush (See),Flush 10-9-3 ♥,"(2, 10, 9, 3, 3)",1,519,0.01996953,12124,0.020207,24.4936,12.0323,5.8726,2.8786
discard2,"Deal 5, discard 2",5,10000000,22260932,Flush (See),Flush 10-9-3 ♦,"(2, 10, 9, 3, 2)",1,519,0.01996953,11940,0.0199,24.2965,11.938,5.8543,2.8057
discard2,"Deal 5, discard 2",5,10000000,22260932,Flush (See),Flush 10-9-3 ♣,"(2, 10, 9, 3, 1)",1,519,0.01996953,11906,0.019843,24.1357,11.8604,5.787,2.7885
discard2,"Deal 5, discard 2",5,10000000,22260932,Flush (See),Flush 10-9-2 ♠,"(2, 10, 9, 2, 4)",1,501,0.01927694,11586,0.01931,24.0117,11.7115,5.6741,2.6584
discard2,"Deal 5, discard 2",5,10000000,22260932,Flush (See),Flush 10-9-2 ♥,"(2, 10, 9, 2, 3)",1,501,0.01927694,11533,0.019222,23.7588,11.5235,5.551,2.6186
discard2,"Deal 5, discard 2",5,10000000,22260932,Flush (See),Flush 10-9-2 ♦,"(2, 10, 9, 2, 2)",1,501,0.01927694,11420,0.019033,23.9011,11.6961,5.7426,2.7933
discard2,"Deal 5, discard 2",5,10000000,22260932,Flush (See),Flush 10-9-2 ♣,"(2, 10, 9, 2, 1)",1,501,0.01927694,11601,0.019335,23.3687,11.2025,5.3633,2.6549
discard2,"Deal 5, discard 2",5,10000000,22260932,Flush (See),Flush 10-8-7 ♠,"(2, 10, 8, 7, 4)",1,648,0.02493305,14809,0.024682,24.2765,11.8752,5.7735,2.8023
discard2,"Deal 5, discard 2",5,10000000,22260932,Flush (See),Flush 10-8-7 ♥,"(2, 10, 8, 7, 3)",1,648,0.02493305,14947,0.024912,24.152,11.7723,5.7001,2.723
discard2,"Deal 5, discard 2",5,10000000,22260932,Flush (See),Flush 10-8-7 ♦,"(2, 10, 8, 7, 2)",1,648,0.02493305,15073,0.025122,24.4026,12.0248,5.8621,2.8196
discard2,"Deal 5, discard 2",5,10000000,22260932,Flush (See),Flush 10-8-7 ♣,"(2, 10, 8, 7, 1)",1,648,0.02493305,14918,0.024863,24.1105,11.7348,5.6549,2.6813
discard2,"Deal 5, discard 2",5,10000000,22260932,Flush (See),Flush 10-8-6 ♠,"(2, 10, 8, 6, 4)",1,632,0.02431742,14397,0.023995,24.1266,11.8532,5.7998,2.827
discard2,"Deal 5, discard 2",5,10000000,22260932,Flush (See),Flush 10-8-6 ♥,"(2, 10, 8, 6, 3)",1,632,0.02431742,14437,0.024062,24.3215,11.9097,5.7741,2.7776
discard2,"Deal 5, discard 2",5,10000000,22260932,Flush (See),Flush 10-8-6 ♦,"(2, 10, 8, 6, 2)",1,632,0.02431742,14570,0.024283,23.7859,11.5642,5.5951,2.6561
discard2,"Deal 5, discard 2",5,10000000,22260932,Flush (See),Flush 10-8-6 ♣,"(2, 10, 8, 6, 1)",1,632,0.02431742,14571,0.024285,24.1006,11.8921,5.8966,2.9305
discard2,"Deal 5, discard 2",5,10000000,22260932,Flush (See),Flush 10-8-5 ♠,"(2, 10, 8, 5, 4)",1,686,0.02639517,15804,0.02634,24.3635,11.9628,5.8175,2.8031
discard2,"Deal 5, discard 2",5,10000000,22260932,Flush (See),Flush 10-8-5 ♥,"(2, 10, 8, 5, 3)",1,686,0.02639517,15962,0.026603,24.3754,12.0361,5.9203,2.8756
discard2,"Deal 5, discard 2",5,10000000,22260932,Flush (See),Flush 10-8-5 ♦,"(2, 10, 8, 5, 2)",1,686,0.02639517,15901,0.026502,24.1702,11.8257,5.7783,2.8049
discard2,"Deal 5, discard 2",5,10000000,22260932,Flush (See),Flush 10-8-5 ♣,"(2, 10, 8, 5, 1)",1,686,0.02639517,15966,0.02661,24.0856,11.666,5.5531,2.6619
discard2,"Deal 5, discard 2",5,10000000,22260932,Flush (See),Flush 10-8-4 ♠,"(2, 10, 8, 4, 4)",1,639,0.02458676,14875,0.024792,24.3146,11.9375,5.8192,2.8101
discard2,"Deal 5, discard 2",5,10000000,22260932,Flush (See),Flush 10-8-4 ♥,"(2, 10, 8, 4, 3)",1,639,0.02458676,14748,0.02458,24.0419,11.7406,5.7147,2.7665
discard2,"Deal 5, discard 2",5,10000000,22260932,Flush (See),Flush 10-8-4 ♦,"(2, 10, 8, 4, 2)",1,639,0.02458676,14862,0.02477,24.2922,11.8995,5.7637,2.7251
discard2,"Deal 5, discard 2",5,10000000,22260932,Flush (See),Flush 10-8-4 ♣,"(2, 10, 8, 4, 1)",1,639,0.02458676,14608,0.024347,24.2689,11.8839,5.8037,2.8204
discard2,"Deal 5, discard 2",5,10000000,22260932,Flush (See),Flush 10-8-3 ♠,"(2, 10, 8, 3, 4)",1,606,0.02331702,13733,0.022888,24.1134,11.6042,5.4584,2.4904
discard2,"Deal 5, discard 2",5,10000000,22260932,Flush (See),Flush 10-8-3 ♥,"(2, 10, 8, 3, 3)",1,606,0.02331702,13852,0.023087,24.3856,12.0235,5.8807,2.7794
discard2,"Deal 5, discard 2",5,10000000,22260932,Flush (See),Flush 10-8-3 ♦,"(2, 10, 8, 3, 2)",1,606,0.02331702,13921,0.023202,23.9997,11.6816,5.6691,2.7728
discard2,"Deal 5, discard 2",5,10000000,22260932,Flush (See),Flush 10-8-3 ♣,"(2, 10, 8, 3, 1)",1,606,0.02331702,13689,0.022815,23.9367,11.6393,5.6337,2.6956
discard2,"Deal 5, discard 2",5,10000000,22260932,Flush (See),Flush 10-8-2 ♠,"(2, 10, 8, 2, 4)",1,585,0.022509,13583,0.022638,23.0582,10.9961,5.258,2.481
discard2,"Deal 5, discard 2",5,10000000,22260932,Flush (See),Flush 10-8-2 ♥,"(2, 10, 8, 2, 3)",1,585,0.022509,13517,0.022528,23.6243,11.3938,5.4465,2.5893
discard2,"Deal 5, discard 2",5,10000000,22260932,Flush (See),Flush 10-8-2 ♦,"(2, 10, 8, 2, 2)",1,585,0.022509,13462,0.022437,23.5002,11.3794,5.5059,2.6445
discard2,"Deal 5, discard 2",5,10000000,22260932,Flush (See),Flush 10-8-2 ♣,"(2, 10, 8, 2, 1)",1,585,0.022509,13542,0.02257,23.9891,11.7693,5.8027,2.8725
discard2,"Deal 5, discard 2",5,10000000,22260932,Flush (See),Flush 10-7-6 ♠,"(2, 10, 7, 6, 4)",1,603,0.02320159,14002,0.023337,24.133,11.8676,5.8577,2.8853
discard2,"Deal 5, discard 2",5,10000000,22260932,Flush (See),Flush 10-7-6 ♥,"(2, 10, 7, 6, 3)",1,603,0.02320159,13954,0.023257,24.0519,11.9507,6.0026,3.0601
discard2,"Deal 5, discard 2",5,10000000,22260932,Flush (See),Flush 10-7-6 ♦,"(2, 10, 7, 6, 2)",1,603,0.02320159,14125,0.023542,23.9122,11.7281,5.743,2.7752
discard2,"Deal 5, discard 2",5,10000000,22260932,Flush (See),Flush 10-7-6 ♣,"(2, 10, 7, 6, 1)",1,603,0.02320159,13866,0.02311,23.6333,11.3313,5.3454,2.4881
discard2,"Deal 5, discard 2",5,10000000,22260932,Flush (See),Flush 10-7-5 ♠,"(2, 10, 7, 5, 4)",1,689,0.0265106,16011,0.026685,24.0491,11.6945,5.6174,2.6919
discard2,"Deal 5, discard 2",5,10000000,22260932,Flush (See),Flush 10-7-5 ♥,"(2, 10, 7, 5, 3)",1,689,0.0265106,15966,0.02661,23.9866,11.7011,5.6658,2.6995
discard2,"Deal 5, discard 2",5,10000000,22260932,Flush (See),Flush 10-7-5 ♦,"(2, 10, 7, 5, 2)",1,689,0.0265106,15994,0.026657,24.1078,11.912,5.9697,3.0762
discard2,"Deal 5, discard 2",5,10000000,22260932,Flush (See),Flush 10-7-5 ♣,"(2, 10, 7, 5, 1)",1,689,0.0265106,16178,0.026963,23.7971,11.5966,5.6682,2.8125
discard2,"Deal 5, discard 2",5,10000000,22260932,Flush (See),Flush 10-7-4 ♠,"(2, 10, 7, 4, 4)",1,738,0.02839597,17020,0.028367,23.9835,11.6857,5.6769,2.7791
discard2,"Deal 5, discard 2",5,10000000,22260932,Flush (See),Flush 10-7-4 ♥,"(2, 10, 7, 4, 3)",1,738,0.02839597,16859,0.028098,23.9374,11.665,5.6801,2.7582
discard2,"Deal 5, discard 2",5,10000000,22260932,Flush (See),Flush 10-7-4 ♦,"(2, 10, 7, 4, 2)",1,738,0.02839597,16964,0.028273,23.6082,11.3747,5.4563,2.6232
discard2,"Deal 5, discard 2",5,10000000,22260932,Flush (See),Flush 10-7-4 ♣,"(2, 10, 7, 4, 1)",1,738,0.02839597,16965,0.028275,23.5797,11.4441,5.5314,2.6289
discard2,"Deal 5, discard 2",5,10000000,22260932,Flush (See),Flush 10-7-3 ♠,"(2, 10, 7, 3, 4)",1,693,0.02666451,16098,0.02683,23.4874,11.4126,5.5746,2.7146
discard2,"Deal 5, discard 2",5,10000000,22260932,Flush (See),Flush 10-7-3 ♥,"(2, 10, 7, 3, 3)",1,693,0.02666451,16181,0.026968,24.0955,11.8794,5.8624,2.8985
discard2,"Deal 5, discard 2",5,10000000,22260932,Flush (See),Flush 10-7-3 ♦,"(2, 10, 7, 3, 2)",1,693,0.02666451,15982,0.026637,23.7336,11.5474,5.5763,2.6655
discard2,"Deal 5, discard 2",5,10000000,22260932,Flush (See),Flush 10-7-3 ♣,"(2, 10, 7, 3, 1)",1,693,0.02666451,16020,0.0267,23.5356,11.4238,5.5805,2.7715
discard2,"Deal 5, discard 2",5,10000000,22260932,Flush (See),Flush 10-7-2 ♠,"(2, 10, 7, 2, 4)",1,669,0.02574107,15373,0.025622,23.2967,11.2659,5.5058,2.7581
discard2,"Deal 5, discard 2",5,10000000,22260932,Flush (See),Flush 10-7-2 ♥,"(2, 10, 7, 2, 3)",1,669,0.02574107,15458,0.025763,23.6072,11.5235,5.6165,2.6847
discard2,"Deal 5, discard 2",5,10000000,22260932,Flush (See),Flush 10-7-2 ♦,"(2, 10, 7, 2, 2)",1,669,0.02574107,15539,0.025898,23.3046,11.2697,5.398,2.5356
discard2,"Deal 5, discard 2",5,10000000,22260932,Flush (See),Flush 10-7-2 ♣,"(2, 10, 7, 2, 1)",1,669,0.02574107,15437,0.025728,23.2526,11.2956,5.5944,2.8827
discard2,"Deal 5, discard 2",5,10000000,22260932,Flush (See),Flush 10-6-5 ♠,"(2, 10, 6, 5, 4)",1,559,0.0215086,12856,0.021427,22.8718,10.8759,5.1945,2.5669
discard2,"Deal 5, discard 2",5,10000000,22260932,Flush (See),Flush 10-6-5 ♥,"(2, 10, 6, 5, 3)",1,559,0.0215086,12774,0.02129,23.6449,11.4976,5.5973,2.7165
discard2,"Deal 5, discard 2",5,10000000,22260932,Flush (See),Flush 10-6-5 ♦,"(2, 10, 6, 5, 2)",1,559,0.0215086,12762,0.02127,23.1484,11.2036,5.4741,2.6955
discard2,"Deal 5, discard 2",5,10000000,22260932,Flush (See),Flush 10-6-5 ♣,"(2, 10, 6, 5, 1)",1,559,0.0215086,13099,0.021832,23.6667,11.507,5.5928,2.7101
discard2,"Deal 5, discard 2",5,10000000,22260932,Flush (See),Flush 10-6-4 ♠,"(2, 10, 6, 4, 4)",1,642,0.02470219,14738,0.024563,23.32,11.1609,5.2382,2.402
discard2,"Deal 5, discard 2",5,10000000,22260932,Flush (See),Flush 10-6-4 ♥,"(2, 10, 6, 4, 3)",1,642,0.02470219,14804,0.024673,23.1586,11.2233,5.5471,2.8371
discard2,"Deal 5, discard 2",5,10000000,22260932,Flush (See),Flush 10-6-4 ♦,"(2, 10, 6, 4, 2)",1,642,0.02470219,14590,0.024317,23.2913,11.2618,5.4407,2.584
discard2,"Deal 5, discard 2",5,10000000,22260932,Flush (See),Flush 10-6-4 ♣,"(2, 10, 6, 4, 1)",1,642,0.02470219,14830,0.024717,23.3641,11.2138,5.3176,2.4747
discard2,"Deal 5, discard 2",5,10000000,22260932,Flush (See),Flush 10-6-3 ♠,"(2, 10, 6, 3, 4)",1,693,0.02666451,16081,0.026802,23.6447,11.4638,5.4773,2.4998
discard2,"Deal 5, discard 2",5,10000000,22260932,Flush (See),Flush 10-6-3 ♥,"(2, 10, 6, 3, 3)",1,693,0.02666451,16166,0.026943,23.7492,11.5774,5.6452,2.7094
discard2,"Deal 5, discard 2",5,10000000,22260932,Flush (See),Flush 10-6-3 ♦,"(2, 10, 6, 3, 2)",1,693,0.02666451,15903,0.026505,23.1013,11.0243,5.2745,2.553
discard2,"Deal 5, discard 2",5,10000000,22260932,Flush (See),Flush 10-6-3 ♣,"(2, 10, 6, 3, 1)",1,693,0.02666451,16016,0.026693,23.6126,11.4448,5.5557,2.716
discard2,"Deal 5, discard 2",5,10000000,22260932,Flush (See),Flush 10-6-2 ♠,"(2, 10, 6, 2, 4)",1,660,0.02539477,15425,0.025708,22.8797,10.9238,5.1968,2.4506
discard2,"Deal 5, discard 2",5,10000000,22260932,Flush (See),Flush 10-6-2 ♥,"(2, 10, 6, 2, 3)",1,660,0.02539477,15324,0.02554,22.9738,10.9789,5.2401,2.4863
discard2,"Deal 5, discard 2",5,10000000,22260932,Flush (See),Flush 10-6-2 ♦,"(2, 10, 6, 2, 2)",1,660,0.02539477,15165,0.025275,22.5045,10.5902,4.943,2.2618
discard2,"Deal 5, discard 2",5,10000000,22260932,Flush (See),Flush 10-6-2 ♣,"(2, 10, 6, 2, 1)",1,660,0.02539477,15222,0.02537,22.9195,11.0846,5.4448,2.7197
discard2,"Deal 5, discard 2",5,10000000,22260932,Flush (See),Flush 10-5-4 ♠,"(2, 10, 5, 4, 4)",1,525,0.02020039,11962,0.019937,23.0254,11.0166,5.1831,2.3658
discard2,"Deal 5, discard 2",5,10000000,22260932,Flush (See),Flush 10-5-4 ♥,"(2, 10, 5, 4, 3)",1,525,0.02020039,12160,0.020267,23.0789,11.2072,5.4836,2.6727
discard2,"Deal 5, discard 2",5,10000000,22260932,Flush (See),Flush 10-5-4 ♦,"(2, 10, 5, 4, 2)",1,525,0.02020039,11983,0.019972,23.3322,11.2418,5.386,2.5536
discard2,"Deal 5, discard 2",5,10000000,22260932,Flush (See),Flush 10-5-4 ♣,"(2, 10, 5, 4, 1)",1,525,0.02020039,12242,0.020403,22.761,10.8046,5.058,2.3117
discard2,"Deal 5, discard 2",5,10000000,22260932,Flush (See),Flush 10-5-3 ♠,"(2, 10, 5, 3, 4)",1,609,0.02343245,14020,0.023367,22.9665,10.9058,5.1213,2.3752
discard2,"Deal 5, discard 2",5,10000000,22260932,Flush (See),Flush 10-5-3 ♥,"(2, 10, 5, 3, 3)",1,609,0.02343245,14128,0.023547,23.4527,11.342,5.4304,2.5269
discard2,"Deal 5, discard 2",5,10000000,22260932,Flush (See),Flush 10-5-3 ♦,"(2, 10, 5, 3, 2)",1,609,0.02343245,14090,0.023483,23.1001,10.8978,5.0617,2.3492
discard2,"Deal 5, discard 2",5,10000000,22260932,Flush (See),Flush 10-5-3 ♣,"(2, 10, 5, 3, 1)",1,609,0.02343245,14276,0.023793,22.9693,11.0318,5.3642,2.6898
discard2,"Deal 5, discard 2",5,10000000,22260932,Flush (See),Flush 10-5-2 ♠,"(2, 10, 5, 2, 4)",1,669,0.02574107,15465,0.025775,22.7236,10.7992,5.1549,2.4766
discard2,"Deal 5, discard 2",5,10000000,22260932,Flush (See),Flush 10-5-2 ♥,"(2, 10, 5, 2, 3)",1,669,0.02574107,15602,0.026003,22.8701,10.9441,5.2391,2.4869
discard2,"Deal 5, discard 2",5,10000000,22260932,Flush (See),Flush 10-5-2 ♦,"(2, 10, 5, 2, 2)",1,669,0.02574107,15385,0.025642,22.9444,11.0829,5.4651,2.7884
discard2,"Deal 5, discard 2",5,10000000,22260932,Flush (See),Flush 10-5-2 ♣,"(2, 10, 5, 2, 1)",1,669,0.02574107,15209,0.025348,22.5353,10.5701,4.8537,2.15
discard2,"Deal 5, discard 2",5,10000000,22260932,Flush (See),Flush 10-4-3 ♠,"(2, 10, 4, 3, 4)",1,492,0.01893065,11391,0.018985,23.0691,11.021,5.3217,2.6073
discard2,"Deal 5, discard 2",5,10000000,22260932,Flush (See),Flush 10-4-3 ♥,"(2, 10, 4, 3, 3)",1,492,0.01893065,11226,0.01871,23.1409,11.1028,5.3073,2.512
discard2,"Deal 5, discard 2",5,10000000,22260932,Flush (See),Flush 10-4-3 ♦,"(2, 10, 4, 3, 2)",1,492,0.01893065,11498,0.019163,22.9144,10.9463,5.2861,2.6091
discard2,"Deal 5, discard 2",5,10000000,22260932,Flush (See),Flush 10-4-3 ♣,"(2, 10, 4, 3, 1)",1,492,0.01893065,11229,0.018715,23.4304,11.2325,5.338,2.5292
discard2,"Deal 5, discard 2",5,10000000,22260932,Flush (See),Flush 10-4-2 ♠,"(2, 10, 4, 2, 4)",1,585,0.022509,13501,0.022502,22.9709,11.0303,5.2915,2.4961
discard2,"Deal 5, discard 2",5,10000000,22260932,Flush (See),Flush 10-4-2 ♥,"(2, 10, 4, 2, 3)",1,585,0.022509,13459,0.022432,22.4155,10.4651,4.779,2.1027
discard2,"Deal 5, discard 2",5,10000000,22260932,Flush (See),Flush 10-4-2 ♦,"(2, 10, 4, 2, 2)",1,585,0.022509,13511,0.022518,22.5379,10.6891,5.1114,2.4795
discard2,"Deal 5, discard 2",5,10000000,22260932,Flush (See),Flush 10-4-2 ♣,"(2, 10, 4, 2, 1)",1,585,0.022509,13545,0.022575,22.8128,10.8416,5.1074,2.3625
discard2,"Deal 5, discard 2",5,10000000,22260932,Flush (See),Flush 10-3-2 ♠,"(2, 10, 3, 2, 4)",1,492,0.01893065,11158,0.018597,22.2558,10.5135,5.0206,2.4377
discard2,"Deal 5, discard 2",5,10000000,22260932,Flush (See),Flush 10-3-2 ♥,"(2, 10, 3, 2, 3)",1,492,0.01893065,11312,0.018853,22.2233,10.4013,4.8603,2.3161
discard2,"Deal 5, discard 2",5,10000000,22260932,Flush (See),Flush 10-3-2 ♦,"(2, 10, 3, 2, 2)",1,492,0.01893065,11345,0.018908,22.565,10.6761,5.1353,2.6179
discard2,"Deal 5, discard 2",5,10000000,22260932,Flush (See),Flush 10-3-2 ♣,"(2, 10, 3, 2, 1)",1,492,0.01893065,11314,0.018857,22.2759,10.5506,5.008,2.3422
discard2,"Deal 5, discard 2",5,10000000,22260932,Flush (See),Flush 9-8-6 ♠,"(2, 9, 8, 6, 4)",1,641,0.02466371,14766,0.02461,22.4076,10.6529,5.0643,2.4109
discard2,"Deal 5, discard 2",5,10000000,22260932,Flush (See),Flush 9-8-6 ♥,"(2, 9, 8, 6, 3)",1,641,0.02466371,14704,0.024507,22.0301,10.1673,4.5756,1.9723
discard2,"Deal 5, discard 2",5,10000000,22260932,Flush (See),Flush 9-8-6 ♦,"(2, 9, 8, 6, 2)",1,641,0.02466371,14860,0.024767,22.212,10.3567,4.782,2.1938
discard2,"Deal 5, discard 2",5,10000000,22260932,Flush (See),Flush 9-8-6 ♣,"(2, 9, 8, 6, 1)",1,641,0.02466371,14842,0.024737,22.0988,10.3531,4.8349,2.2032
discard2,"Deal 5, discard 2",5,10000000,22260932,Flush (See),Flush 9-8-5 ♠,"(2, 9, 8, 5, 4)",1,593,0.02281682,13672,0.022787,22.7194,10.8514,5.158,2.3771
discard2,"Deal 5, discard 2",5,10000000,22260932,Flush (See),Flush 9-8-5 ♥,"(2, 9, 8, 5, 3)",1,593,0.02281682,13607,0.022678,22.5009,10.7246,5.1767,2.5649
discard2,"Deal 5, discard 2",5,10000000,22260932,Flush (See),Flush 9-8-5 ♦,"(2, 9, 8, 5, 2)",1,593,0.02281682,13579,0.022632,22.2505,10.4787,4.9179,2.2903
discard2,"Deal 5, discard 2",5,10000000,22260932,Flush (See),Flush 9-8-5 ♣,"(2, 9, 8, 5, 1)",1,593,0.02281682,13878,0.02313,22.0183,10.3365,4.8667,2.3058
discard2,"Deal 5, discard 2",5,10000000,22260932,Flush (See),Flush 9-8-4 ♠,"(2, 9, 8, 4, 4)",1,549,0.02112383,12536,0.020893,22.4936,10.6725,5.0303,2.3133
discard2,"Deal 5, discard 2",5,10000000,22260932,Flush (See),Flush 9-8-4 ♥,"(2, 9, 8, 4, 3)",1,549,0.02112383,12539,0.020898,21.6301,10.0104,4.6144,2.1373
discard2,"Deal 5, discard 2",5,10000000,22260932,Flush (See),Flush 9-8-4 ♦,"(2, 9, 8, 4, 2)",1,549,0.02112383,12748,0.021247,22.2184,10.3553,4.7396,2.1337
discard2,"Deal 5, discard 2",5,10000000,22260932,Flush (See),Flush 9-8-4 ♣,"(2, 9, 8, 4, 1)",1,549,0.02112383,12812,0.021353,22.1675,10.402,4.9001,2.3728
discard2,"Deal 5, discard 2",5,10000000,22260932,Flush (See),Flush 9-8-3 ♠,"(2, 9, 8, 3, 4)",1,519,0.01996953,12110,0.020183,21.9835,10.3361,4.8918,2.3534
discard2,"Deal 5, discard 2",5,10000000,22260932,Flush (See),Flush 9-8-3 ♥,"(2, 9, 8, 3, 3)",1,519,0.01996953,11976,0.01996,22.5752,10.683,5.0351,2.3714
discard2,"Deal 5, discard 2",5,10000000,22260932,Flush (See),Flush 9-8-3 ♦,"(2, 9, 8, 3, 2)",1,519,0.01996953,12141,0.020235,22.2511,10.495,4.8991,2.2403
discard2,"Deal 5, discard 2",5,10000000,22260932,Flush (See),Flush 9-8-3 ♣,"(2, 9, 8, 3, 1)",1,519,0.01996953,11909,0.019848,22.1908,10.4862,4.9895,2.4015
discard2,"Deal 5, discard 2",5,10000000,22260932,Flush (See),Flush 9-8-2 ♠,"(2, 9, 8, 2, 4)",1,501,0.01927694,11423,0.019038,22.0205,10.3046,4.8148,2.2674
discard2,"Deal 5, discard 2",5,10000000,22260932,Flush (See),Flush 9-8-2 ♥,"(2, 9, 8, 2, 3)",1,501,0.01927694,11510,0.019183,22.1017,10.3771,4.8497,2.2068
discard2,"Deal 5, discard 2",5,10000000,22260932,Flush (See),Flush 9-8-2 ♦,"(2, 9, 8, 2, 2)",1,501,0.01927694,11443,0.019072,21.6849,10.0035,4.5949,2.1323
discard2,"Deal 5, discard 2",5,10000000,22260932,Flush (See),Flush 9-8-2 ♣,"(2, 9, 8, 2, 1)",1,501,0.01927694,11686,0.019477,21.3615,9.7116,4.3762,1.9511
discard2,"Deal 5, discard 2",5,10000000,22260932,Flush (See),Flush 9-7-6 ♠,"(2, 9, 7, 6, 4)",1,612,0.02354788,14028,0.02338,21.9511,10.2246,4.7377,2.1315
discard2,"Deal 5, discard 2",5,10000000,22260932,Flush (See),Flush 9-7-6 ♥,"(2, 9, 7, 6, 3)",1,612,0.02354788,14013,0.023355,21.9068,10.1841,4.7028,2.1623
discard2,"Deal 5, discard 2",5,10000000,22260932,Flush (See),Flush 9-7-6 ♦,"(2, 9, 7, 6, 2)",1,612,0.02354788,14153,0.023588,21.8194,10.1618,4.7071,2.1762
discard2,"Deal 5, discard 2",5,10000000,22260932,Flush (See),Flush 9-7-6 ♣,"(2, 9, 7, 6, 1)",1,612,0.02354788,14005,0.023342,22.1978,10.4456,4.9025,2.2849
discard2,"Deal 5, discard 2",5,10000000,22260932,Flush (See),Flush 9-7-5 ♠,"(2, 9, 7, 5, 4)",1,596,0.02293225,13690,0.022817,22.1439,10.4164,4.8824,2.3083
discard2,"Deal 5, discard 2",5,10000000,22260932,Flush (See),Flush 9-7-5 ♥,"(2, 9, 7, 5, 3)",1,596,0.02293225,13955,0.023258,21.9484,10.2809,4.7983,2.1713
discard2,"Deal 5, discard 2",5,10000000,22260932,Flush (See),Flush 9-7-5 ♦,"(2, 9, 7, 5, 2)",1,596,0.02293225,13834,0.023057,22.2647,10.5393,4.9646,2.3565
discard2,"Deal 5, discard 2",5,10000000,22260932,Flush (See),Flush 9-7-5 ♣,"(2, 9, 7, 5, 1)",1,596,0.02293225,13532,0.022553,21.9982,10.238,4.731,2.1726
discard2,"Deal 5, discard 2",5,10000000,22260932,Flush (See),Flush 9-7-4 ♠,"(2, 9, 7, 4, 4)",1,648,0.02493305,14942,0.024903,21.8813,10.2135,4.7303,2.1349
discard2,"Deal 5, discard 2",5,10000000,22260932,Flush (See),Flush 9-7-4 ♥,"(2, 9, 7, 4, 3)",1,648,0.02493305,14898,0.02483,22.3587,10.5202,4.8879,2.2285
discard2,"Deal 5, discard 2",5,10000000,22260932,Flush (See),Flush 9-7-4 ♦,"(2, 9, 7, 4, 2)",1,648,0.02493305,14899,0.024832,22.0793,10.3591,4.8674,2.2485
discard2,"Deal 5, discard 2",5,10000000,22260932,Flush (See),Flush 9-7-4 ♣,"(2, 9, 7, 4, 1)",1,648,0.02493305,14962,0.024937,22.3205,10.4946,4.9312,2.3058
discard2,"Deal 5, discard 2",5,10000000,22260932,Flush (See),Flush 9-7-3 ♠,"(2, 9, 7, 3, 4)",1,606,0.02331702,13847,0.023078,22.2626,10.5243,5.0365,2.4771
discard2,"Deal 5, discard 2",5,10000000,22260932,Flush (See),Flush 9-7-3 ♥,"(2, 9, 7, 3, 3)",1,606,0.02331702,13869,0.023115,22.2619,10.5199,5.0126,2.4155
discard2,"Deal 5, discard 2",5,10000000,22260932,Flush (See),Flush 9-7-3 ♦,"(2, 9, 7, 3, 2)",1,606,0.02331702,14064,0.02344,22.1189,10.3783,4.8663,2.2469
discard2,"Deal 5, discard 2",5,10000000,22260932,Flush (See),Flush 9-7-3 ♣,"(2, 9, 7, 3, 1)",1,606,0.02331702,14086,0.023477,22.051,10.3408,4.8971,2.3853
discard2,"Deal 5, discard 2",5,10000000,22260932,Flush (See),Flush 9-7-2 ♠,"(2, 9, 7, 2, 4)",1,585,0.022509,13680,0.0228,21.345,9.9013,4.6228,2.1637
discard2,"Deal 5, discard 2",5,10000000,22260932,Flush (See),Flush 9-7-2 ♥,"(2, 9, 7, 2, 3)",1,585,0.022509,13439,0.022398,21.326,9.8222,4.5286,2.0909
discard2,"Deal 5, discard 2",5,10000000,22260932,Flush (See),Flush 9-7-2 ♦,"(2, 9, 7, 2, 2)",1,585,0.022509,13388,0.022313,21.6253,10.1001,4.7625,2.2483
discard2,"Deal 5, discard 2",5,10000000,22260932,Flush (See),Flush 9-7-2 ♣,"(2, 9, 7, 2, 1)",1,585,0.022509,13645,0.022742,21.5779,9.9736,4.6097,2.1546
discard2,"Deal 5, discard 2",5,10000000,22260932,Flush (See),Flush 9-6-5 ♠,"(2, 9, 6, 5, 4)",1,568,0.0218549,13264,0.022107,21.7627,10.0158,4.4903,1.93
discard2,"Deal 5, discard 2",5,10000000,22260932,Flush (See),Flush 9-6-5 ♥,"(2, 9, 6, 5, 3)",1,568,0.0218549,13145,0.021908,21.7786,10.0921,4.6329,2.1605
discard2,"Deal 5, discard 2",5,10000000,22260932,Flush (See),Flush 9-6-5 ♦,"(2, 9, 6, 5, 2)",1,568,0.0218549,13066,0.021777,21.7266,10.1676,4.8094,2.342
discard2,"Deal 5, discard 2",5,10000000,22260932,Flush (See),Flush 9-6-5 ♣,"(2, 9, 6, 5, 1)",1,568,0.0218549,13120,0.021867,21.7477,10.1052,4.6707,2.096
discard2,"Deal 5, discard 2",5,10000000,22260932,Flush (See),Flush 9-6-4 ♠,"(2, 9, 6, 4, 4)",1,651,0.02504848,15139,0.025232,21.7471,10.1387,4.7388,2.2392
discard2,"Deal 5, discard 2",5,10000000,22260932,Flush (See),Flush 9-6-4 ♥,"(2, 9, 6, 4, 3)",1,651,0.02504848,15110,0.025183,21.7253,10.0999,4.7015,2.2105
discard2,"Deal 5, discard 2",5,10000000,22260932,Flush (See),Flush 9-6-4 ♦,"(2, 9, 6, 4, 2)",1,651,0.02504848,15015,0.025025,21.9281,10.2744,4.8498,2.2977
discard2,"Deal 5, discard 2",5,10000000,22260932,Flush (See),Flush 9-6-4 ♣,"(2, 9, 6, 4, 1)",1,651,0.02504848,15174,0.02529,21.6924,10.1107,4.7305,2.1814
discard2,"Deal 5, discard 2",5,10000000,22260932,Flush (See),Flush 9-6-3 ♠,"(2, 9, 6, 3, 4)",1,702,0.0270108,16299,0.027165,21.697,10.0687,4.6715,2.1596
discard2,"Deal 5, discard 2",5,10000000,22260932,Flush (See),Flush 9-6-3 ♥,"(2, 9, 6, 3, 3)",1,702,0.0270108,16080,0.0268,21.8918,10.2139,4.7289,2.1828
discard2,"Deal 5, discard 2",5,10000000,22260932,Flush (See),Flush 9-6-3 ♦,"(2, 9, 6, 3, 2)",1,702,0.0270108,16282,0.027137,22.0028,10.4299,5.0141,2.4567
discard2,"Deal 5, discard 2",5,10000000,22260932,Flush (See),Flush 9-6-3 ♣,"(2, 9, 6, 3, 1)",1,702,0.0270108,16242,0.02707,21.9603,10.258,4.7654,2.198
discard2,"Deal 5, discard 2",5,10000000,22260932,Flush (See),Flush 9-6-2 ♠,"(2, 9, 6, 2, 4)",1,669,0.02574107,15750,0.02625,21.353,9.8857,4.6032,2.1587
discard2,"Deal 5, discard 2",5,10000000,22260932,Flush (See),Flush 9-6-2 ♥,"(2, 9, 6, 2, 3)",1,669,0.02574107,15385,0.025642,21.1914,9.8304,4.6526,2.2749
discard2,"Deal 5, discard 2",5,10000000,22260932,Flush (See),Flush 9-6-2 ♦,"(2, 9, 6, 2, 2)",1,669,0.02574107,15502,0.025837,21.4676,9.9903,4.7026,2.2707
discard2,"Deal 5, discard 2",5,10000000,22260932,Flush (See),Flush 9-6-2 ♣,"(2, 9, 6, 2, 1)",1,669,0.02574107,15588,0.02598,21.1541,9.6786,4.4252,2.0529
discard2,"Deal 5, discard 2",5,10000000,22260932,Flush (See),Flush 9-5-4 ♠,"(2, 9, 5, 4, 4)",1,525,0.02020039,12168,0.02028,21.2829,9.7871,4.4609,1.9888
discard2,"Deal 5, discard 2",5,10000000,22260932,Flush (See),Flush 9-5-4 ♥,"(2, 9, 5, 4, 3)",1,525,0.02020039,12256,0.020427,21.2476,9.7414,4.4289,2.0153
discard2,"Deal 5, discard 2",5,10000000,22260932,Flush (See),Flush 9-5-4 ♦,"(2, 9, 5, 4, 2)",1,525,0.02020039,12317,0.020528,21.8073,10.2484,4.8778,2.4275
discard2,"Deal 5, discard 2",5,10000000,22260932,Flush (See),Flush 9-5-4 ♣,"(2, 9, 5, 4, 1)",1,525,0.02020039,12013,0.020022,21.3569,9.8984,4.6267,2.156
discard2,"Deal 5, discard 2",5,10000000,22260932,Flush (See),Flush 9-5-3 ♠,"(2, 9, 5, 3, 4)",1,609,0.02343245,14125,0.023542,21.4287,9.9037,4.5947,2.1381
discard2,"Deal 5, discard 2",5,10000000,22260932,Flush (See),Flush 9-5-3 ♥,"(2, 9, 5, 3, 3)",1,609,0.02343245,13989,0.023315,21.7078,10.2766,4.9324,2.3947
discard2,"Deal 5, discard 2",5,10000000,22260932,Flush (See),Flush 9-5-3 ♦,"(2, 9, 5, 3, 2)",1,609,0.02343245,14159,0.023598,21.3504,9.8489,4.5314,2.027
discard2,"Deal 5, discard 2",5,10000000,22260932,Flush (See),Flush 9-5-3 ♣,"(2, 9, 5, 3, 1)",1,609,0.02343245,13987,0.023312,21.6258,9.9843,4.5957,2.1377
discard2,"Deal 5, discard 2",5,10000000,22260932,Flush (See),Flush 9-5-2 ♠,"(2, 9, 5, 2, 4)",1,669,0.02574107,15408,0.02568,21.0034,9.5593,4.3393,1.9406
discard2,"Deal 5, discard 2",5,10000000,22260932,Flush (See),Flush 9-5-2 ♥,"(2, 9, 5, 2, 3)",1,669,0.02574107,15321,0.025535,21.0339,9.6038,4.3901,2.0103
discard2,"Deal 5, discard 2",5,10000000,22260932,Flush (See),Flush 9-5-2 ♦,"(2, 9, 5, 2, 2)",1,669,0.02574107,15511,0.025852,21.058,9.6564,4.4291,2.0308
discard2,"Deal 5, discard 2",5,10000000,22260932,Flush (See),Flush 9-5-2 ♣,"(2, 9, 5, 2, 1)",1,669,0.02574107,15306,0.02551,21.3289,9.8439,4.5694,2.1626
discard2,"Deal 5, discard 2",5,10000000,22260932,Flush (See),Flush 9-4-3 ♠,"(2, 9, 4, 3, 4)",1,492,0.01893065,11424,0.01904,21.2237,9.726,4.4678,2.1096
discard2,"Deal 5, discard 2",5,10000000,22260932,Flush (See),Flush 9-4-3 ♥,"(2, 9, 4, 3, 3)",1,492,0.01893065,11490,0.01915,21.6632,10.1053,4.6754,2.1062
discard2,"Deal 5, discard 2",5,10000000,22260932,Flush (See),Flush 9-4-3 ♦,"(2, 9, 4, 3, 2)",1,492,0.01893065,11258,0.018763,21.6753,10.0195,4.5816,2.0519
discard2,"Deal 5, discard 2",5,10000000,22260932,Flush (See),Flush 9-4-3 ♣,"(2, 9, 4, 3, 1)",1,492,0.01893065,11285,0.018808,21.3319,9.7634,4.436,2.0115
discard2,"Deal 5, discard 2",5,10000000,22260932,Flush (See),Flush 9-4-2 ♠,"(2, 9, 4, 2, 4)",1,585,0.022509,13569,0.022615,21.1983,9.7244,4.4513,2.0562
discard2,"Deal 5, discard 2",5,10000000,22260932,Flush (See),Flush 9-4-2 ♥,"(2, 9, 4, 2, 3)",1,585,0.022509,13331,0.022218,20.9939,9.5664,4.3523,1.9653
discard2,"Deal 5, discard 2",5,10000000,22260932,Flush (See),Flush 9-4-2 ♦,"(2, 9, 4, 2, 2)",1,585,0.022509,13397,0.022328,20.8002,9.47,4.2845,1.9258
discard2,"Deal 5, discard 2",5,10000000,22260932,Flush (See),Flush 9-4-2 ♣,"(2, 9, 4, 2, 1)",1,585,0.022509,13460,0.022433,20.682,9.3447,4.162,1.8202
discard2,"Deal 5, discard 2",5,10000000,22260932,Flush (See),Flush 9-3-2 ♠,"(2, 9, 3, 2, 4)",1,492,0.01893065,11400,0.019,20.3807,9.1035,4.0596,1.807
discard2,"Deal 5, discard 2",5,10000000,22260932,Flush (See),Flush 9-3-2 ♥,"(2, 9, 3, 2, 3)",1,492,0.01893065,11460,0.0191,20.9206,9.4389,4.2478,1.9721
discard2,"Deal 5, discard 2",5,10000000,22260932,Flush (See),Flush 9-3-2 ♦,"(2, 9, 3, 2, 2)",1,492,0.01893065,11260,0.018767,20.9964,9.7416,4.6075,2.2824
discard2,"Deal 5, discard 2",5,10000000,22260932,Flush (See),Flush 9-3-2 ♣,"(2, 9, 3, 2, 1)",1,492,0.01893065,11284,0.018807,20.7878,9.5214,4.385,2.0028
discard2,"Deal 5, discard 2",5,10000000,22260932,Flush (See),Flush 8-7-5 ♠,"(2, 8, 7, 5, 4)",1,605,0.02327854,13912,0.023187,20.6095,9.3617,4.2338,1.9192
discard2,"Deal 5, discard 2",5,10000000,22260932,Flush (See),Flush 8-7-5 ♥,"(2, 8, 7, 5, 3)",1,605,0.02327854,13960,0.023267,21.0981,9.7027,4.4871,2.0917
discard2,"Deal 5, discard 2",5,10000000,22260932,Flush (See),Flush 8-7-5 ♦,"(2, 8, 7, 5, 2)",1,605,0.02327854,13983,0.023305,20.9519,9.553,4.3253,1.9381
discard2,"Deal 5, discard 2",5,10000000,22260932,Flush (See),Flush 8-7-5 ♣,"(2, 8, 7, 5, 1)",1,605,0.02327854,14113,0.023522,20.6065,9.4034,4.2868,1.9131
discard2,"Deal 5, discard 2",5,10000000,22260932,Flush (See),Flush 8-7-4 ♠,"(2, 8, 7, 4, 4)",1,558,0.02147013,12712,0.021187,20.6718,9.2952,4.1457,1.8486
discard2,"Deal 5, discard 2",5,10000000,22260932,Flush (See),Flush 8-7-4 ♥,"(2, 8, 7, 4, 3)",1,558,0.02147013,12645,0.021075,20.9126,9.5627,4.348,1.9533
discard2,"Deal 5, discard 2",5,10000000,22260932,Flush (See),Flush 8-7-4 ♦,"(2, 8, 7, 4, 2)",1,558,0.02147013,13026,0.02171,20.9228,9.6476,4.4864,2.0881
discard2,"Deal 5, discard 2",5,10000000,22260932,Flush (See),Flush 8-7-4 ♣,"(2, 8, 7, 4, 1)",1,558,0.02147013,12997,0.021662,20.6671,9.4553,4.3995,2.0466
discard2,"Deal 5, discard 2",5,10000000,22260932,Flush (See),Flush 8-7-3 ♠,"(2, 8, 7, 3, 4)",1,519,0.01996953,12078,0.02013,20.7319,9.5074,4.355,1.9954
discard2,"Deal 5, discard 2",5,10000000,22260932,Flush (See),Flush 8-7-3 ♥,"(2, 8, 7, 3, 3)",1,519,0.01996953,11943,0.019905,20.8574,9.5587,4.3892,1.9844
discard2,"Deal 5, discard 2",5,10000000,22260932,Flush (See),Flush 8-7-3 ♦,"(2, 8, 7, 3, 2)",1,519,0.01996953,11997,0.019995,20.6527,9.3823,4.2577,1.9672
discard2,"Deal 5, discard 2",5,10000000,22260932,Flush (See),Flush 8-7-3 ♣,"(2, 8, 7, 3, 1)",1,519,0.01996953,11896,0.019827,20.3295,9.0148,3.9862,1.8241
discard2,"Deal 5, discard 2",5,10000000,22260932,Flush (See),Flush 8-7-2 ♠,"(2, 8, 7, 2, 4)",1,501,0.01927694,11488,0.019147,20.6302,9.2914,4.1765,1.915
discard2,"Deal 5, discard 2",5,10000000,22260932,Flush (See),Flush 8-7-2 ♥,"(2, 8, 7, 2, 3)",1,501,0.01927694,11558,0.019263,20.526,9.4255,4.4039,2.1111
discard2,"Deal 5, discard 2",5,10000000,22260932,Flush (See),Flush 8-7-2 ♦,"(2, 8, 7, 2, 2)",1,501,0.01927694,11493,0.019155,20.3872,9.1934,4.1434,1.8794
discard2,"Deal 5, discard 2",5,10000000,22260932,Flush (See),Flush 8-7-2 ♣,"(2, 8, 7, 2, 1)",1,501,0.01927694,11734,0.019557,20.4585,9.2023,4.0668,1.7556
discard2,"Deal 5, discard 2",5,10000000,22260932,Flush (See),Flush 8-6-5 ♠,"(2, 8, 6, 5, 4)",1,577,0.02220119,13257,0.022095,20.5476,9.3407,4.1819,1.7802
discard2,"Deal 5, discard 2",5,10000000,22260932,Flush (See),Flush 8-6-5 ♥,"(2, 8, 6, 5, 3)",1,577,0.02220119,13370,0.022283,20.6133,9.4705,4.4263,2.1167
discard2,"Deal 5, discard 2",5,10000000,22260932,Flush (See),Flush 8-6-5 ♦,"(2, 8, 6, 5, 2)",1,577,0.02220119,13398,0.02233,20.815,9.5186,4.3081,1.9331
discard2,"Deal 5, discard 2",5,10000000,22260932,Flush (See),Flush 8-6-5 ♣,"(2, 8, 6, 5, 1)",1,577,0.02220119,13344,0.02224,20.6745,9.4335,4.3225,1.9784
discard2,"Deal 5, discard 2",5,10000000,22260932,Flush (See),Flush 8-6-4 ♠,"(2, 8, 6, 4, 4)",1,561,0.02158556,12821,0.021368,20.5826,9.3721,4.268,1.9499
discard2,"Deal 5, discard 2",5,10000000,22260932,Flush (See),Flush 8-6-4 ♥,"(2, 8, 6, 4, 3)",1,561,0.02158556,12898,0.021497,20.328,9.22,4.1929,1.8918
discard2,"Deal 5, discard 2",5,10000000,22260932,Flush (See),Flush 8-6-4 ♦,"(2, 8, 6, 4, 2)",1,561,0.02158556,12750,0.02125,20.7639,9.4047,4.2337,1.9373
discard2,"Deal 5, discard 2",5,10000000,22260932,Flush (See),Flush 8-6-4 ♣,"(2, 8, 6, 4, 1)",1,561,0.02158556,12873,0.021455,20.5554,9.4283,4.3517,1.9887
discard2,"Deal 5, discard 2",5,10000000,22260932,Flush (See),Flush 8-6-3 ♠,"(2, 8, 6, 3, 4)",1,615,0.02366331,14301,0.023835,20.7671,9.4175,4.2724,1.9439
discard2,"Deal 5, discard 2",5,10000000,22260932,Flush (See),Flush 8-6-3 ♥,"(2, 8, 6, 3, 3)",1,615,0.02366331,14162,0.023603,20.853,9.582,4.4457,2.1183
discard2,"Deal 5, discard 2",5,10000000,22260932,Flush (See),Flush 8-6-3 ♦,"(2, 8, 6, 3, 2)",1,615,0.02366331,14326,0.023877,20.578,9.2538,4.1044,1.787
discard2,"Deal 5, discard 2",5,10000000,22260932,Flush (See),Flush 8-6-3 ♣,"(2, 8, 6, 3, 1)",1,615,0.02366331,14297,0.023828,20.5134,9.2551,4.1617,1.8955
discard2,"Deal 5, discard 2",5,10000000,22260932,Flush (See),Flush 8-6-2 ♠,"(2, 8, 6, 2, 4)",1,585,0.022509,13679,0.022798,20.261,9.1651,4.1655,1.93
discard2,"Deal 5, discard 2",5,10000000,22260932,Flush (See),Flush 8-6-2 ♥,"(2, 8, 6, 2, 3)",1,585,0.022509,13476,0.02246,20.187,9.0828,4.111,1.8923
discard2,"Deal 5, discard 2",5,10000000,22260932,Flush (See),Flush 8-6-2 ♦,"(2, 8, 6, 2, 2)",1,585,0.022509,13503,0.022505,20.1274,8.9454,3.9058,1.6145
discard2,"Deal 5, discard 2",5,10000000,22260932,Flush (See),Flush 8-6-2 ♣,"(2, 8, 6, 2, 1)",1,585,0.022509,13657,0.022762,20.276,9.1719,4.2044,1.9331
discard2,"Deal 5, discard 2",5,10000000,22260932,Flush (See),Flush 8-5-4 ♠,"(2, 8, 5, 4, 4)",1,534,0.02054668,12326,0.020543,20.5776,9.3583,4.2625,1.9633
discard2,"Deal 5, discard 2",5,10000000,22260932,Flush (See),Flush 8-5-4 ♥,"(2, 8, 5, 4, 3)",1,534,0.02054668,12246,0.02041,20.6026,9.4145,4.3377,2.0088
discard2,"Deal 5, discard 2",5,10000000,22260932,Flush (See),Flush 8-5-4 ♦,"(2, 8, 5, 4, 2)",1,534,0.02054668,12366,0.02061,20.4197,9.2293,4.176,1.9004
discard2,"Deal 5, discard 2",5,10000000,22260932,Flush (See),Flush 8-5-4 ♣,"(2, 8, 5, 4, 1)",1,534,0.02054668,12414,0.02069,20.2707,9.1928,4.2178,1.9252
discard2,"Deal 5, discard 2",5,10000000,22260932,Flush (See),Flush 8-5-3 ♠,"(2, 8, 5, 3, 4)",1,618,0.02377874,14188,0.023647,20.2911,9.1634,4.1584,1.8607
discard2,"Deal 5, discard 2",5,10000000,22260932,Flush (See),Flush 8-5-3 ♥,"(2, 8, 5, 3, 3)",1,618,0.02377874,14238,0.02373,20.2929,9.1649,4.1565,1.8963
discard2,"Deal 5, discard 2",5,10000000,22260932,Flush (See),Flush 8-5-3 ♦,"(2, 8, 5, 3, 2)",1,618,0.02377874,14382,0.02397,20.5152,9.3992,4.329,2.0025
discard2,"Deal 5, discard 2",5,10000000,22260932,Flush (See),Flush 8-5-3 ♣,"(2, 8, 5, 3, 1)",1,618,0.02377874,14151,0.023585,20.566,9.3901,4.3177,1.9999
discard2,"Deal 5, discard 2",5,10000000,22260932,Flush (See),Flush 8-5-2 ♠,"(2, 8, 5, 2, 4)",1,678,0.02608736,15594,0.02599,20.1186,9.0067,4.0451,1.8276
discard2,"Deal 5, discard 2",5,10000000,22260932,Flush (See),Flush 8-5-2 ♥,"(2, 8, 5, 2, 3)",1,678,0.02608736,15692,0.026153,19.9917,8.9848,4.0479,1.8035
discard2,"Deal 5, discard 2",5,10000000,22260932,Flush (See),Flush 8-5-2 ♦,"(2, 8, 5, 2, 2)",1,678,0.02608736,15544,0.025907,20.0778,9.0607,4.1251,1.9236
discard2,"Deal 5, discard 2",5,10000000,22260932,Flush (See),Flush 8-5-2 ♣,"(2, 8, 5, 2, 1)",1,678,0.02608736,15512,0.025853,19.7911,8.7603,3.8628,1.747
discard2,"Deal 5, discard 2",5,10000000,22260932,Flush (See),Flush 8-4-3 ♠,"(2, 8, 4, 3, 4)",1,492,0.01893065,11223,0.018705,20.9418,9.5839,4.3785,1.9959
discard2,"Deal 5, discard 2",5,10000000,22260932,Flush (See),Flush 8-4-3 ♥,"(2, 8, 4, 3, 3)",1,492,0.01893065,11122,0.018537,20.3417,9.2106,4.1989,1.9241
discard2,"Deal 5, discard 2",5,10000000,22260932,Flush (See),Flush 8-4-3 ♦,"(2, 8, 4, 3, 2)",1,492,0.01893065,11302,0.018837,20.3141,9.155,4.1373,1.8758
discard2,"Deal 5, discard 2",5,10000000,22260932,Flush (See),Flush 8-4-3 ♣,"(2, 8, 4, 3, 1)",1,492,0.01893065,11378,0.018963,20.5792,9.4138,4.2943,1.9072
discard2,"Deal 5, discard 2",5,10000000,22260932,Flush (See),Flush 8-4-2 ♠,"(2, 8, 4, 2, 4)",1,585,0.022509,13435,0.022392,19.3696,8.4339,3.613,1.5184
discard2,"Deal 5, discard 2",5,10000000,22260932,Flush (See),Flush 8-4-2 ♥,"(2, 8, 4, 2, 3)",1,585,0.022509,13397,0.022328,19.9418,8.9848,4.0785,1.8885
discard2,"Deal 5, discard 2",5,10000000,22260932,Flush (See),Flush 8-4-2 ♦,"(2, 8, 4, 2, 2)",1,585,0.022509,13533,0.022555,19.949,8.9566,4.039,1.8473
discard2,"Deal 5, discard 2",5,10000000,22260932,Flush (See),Flush 8-4-2 ♣,"(2, 8, 4, 2, 1)",1,585,0.022509,13475,0.022458,20.046,9.1028,4.1781,1.9369
discard2,"Deal 5, discard 2",5,10000000,22260932,Flush (See),Flush 8-3-2 ♠,"(2, 8, 3, 2, 4)",1,492,0.01893065,11463,0.019105,19.7679,8.701,3.807,1.6226
discard2,"Deal 5, discard 2",5,10000000,22260932,Flush (See),Flush 8-3-2 ♥,"(2, 8, 3, 2, 3)",1,492,0.01893065,11194,0.018657,19.8312,8.8744,4.0289,1.8671
discard2,"Deal 5, discard 2",5,10000000,22260932,Flush (See),Flush 8-3-2 ♦,"(2, 8, 3, 2, 2)",1,492,0.01893065,11470,0.019117,19.8649,8.8152,3.8622,1.6478
discard2,"Deal 5, discard 2",5,10000000,22260932,Flush (See),Flush 8-3-2 ♣,"(2, 8, 3, 2, 1)",1,492,0.01893065,11149,0.018582,19.8412,8.8824,3.9788,1.758
discard2,"Deal 5, discard 2",5,10000000,22260932,Flush (See),Flush 7-6-4 ♠,"(2, 7, 6, 4, 4)",1,570,0.02193185,13195,0.021992,19.8105,8.7366,3.7984,1.6142
discard2,"Deal 5, discard 2",5,10000000,22260932,Flush (See),Flush 7-6-4 ♥,"(2, 7, 6, 4, 3)",1,570,0.02193185,13094,0.021823,19.8977,8.9056,4.0706,1.9551
discard2,"Deal 5, discard 2",5,10000000,22260932,Flush (See),Flush 7-6-4 ♦,"(2, 7, 6, 4, 2)",1,570,0.02193185,13162,0.021937,19.7797,8.8216,4.0009,1.8994
discard2,"Deal 5, discard 2",5,10000000,22260932,Flush (See),Flush 7-6-4 ♣,"(2, 7, 6, 4, 1)",1,570,0.02193185,13168,0.021947,19.5732,8.7113,3.9459,1.853
discard2,"Deal 5, discard 2",5,10000000,22260932,Flush (See),Flush 7-6-3 ♠,"(2, 7, 6, 3, 4)",1,528,0.02031582,12171,0.020285,19.9088,8.9048,3.9553,1.7583
discard2,"Deal 5, discard 2",5,10000000,22260932,Flush (See),Flush 7-6-3 ♥,"(2, 7, 6, 3, 3)",1,528,0.02031582,12115,0.020192,19.7879,8.8221,3.9554,1.7994
discard2,"Deal 5, discard 2",5,10000000,22260932,Flush (See),Flush 7-6-3 ♦,"(2, 7, 6, 3, 2)",1,528,0.02031582,12234,0.02039,20.0891,9.0526,4.105,1.8473
discard2,"Deal 5, discard 2",5,10000000,22260932,Flush (See),Flush 7-6-3 ♣,"(2, 7, 6, 3, 1)",1,528,0.02031582,12264,0.02044,19.6812,8.7476,3.8666,1.696
discard2,"Deal 5, discard 2",5,10000000,22260932,Flush (See),Flush 7-6-2 ♠,"(2, 7, 6, 2, 4)",1,501,0.01927694,11589,0.019315,19.4624,8.5797,3.7984,1.7258
discard2,"Deal 5, discard 2",5,10000000,22260932,Flush (See),Flush 7-6-2 ♥,"(2, 7, 6, 2, 3)",1,501,0.01927694,11614,0.019357,19.5738,8.6043,3.7593,1.6187
discard2,"Deal 5, discard 2",5,10000000,22260932,Flush (See),Flush 7-6-2 ♦,"(2, 7, 6, 2, 2)",1,501,0.01927694,11708,0.019513,19.2304,8.3302,3.5241,1.4691
discard2,"Deal 5, discard 2",5,10000000,22260932,Flush (See),Flush 7-6-2 ♣,"(2, 7, 6, 2, 1)",1,501,0.01927694,11386,0.018977,19.6127,8.7467,3.9188,1.7741
discard2,"Deal 5, discard 2",5,10000000,22260932,Flush (See),Flush 7-5-4 ♠,"(2, 7, 5, 4, 4)",1,543,0.02089297,12537,0.020895,19.7089,8.7565,3.9132,1.7947
discard2,"Deal 5, discard 2",5,10000000,22260932,Flush (See),Flush 7-5-4 ♥,"(2, 7, 5, 4, 3)",1,543,0.02089297,12477,0.020795,19.9022,8.9308,4.041,1.8594
discard2,"Deal 5, discard 2",5,10000000,22260932,Flush (See),Flush 7-5-4 ♦,"(2, 7, 5, 4, 2)",1,543,0.02089297,12460,0.020767,19.7681,8.7119,3.7368,1.4767
discard2,"Deal 5, discard 2",5,10000000,22260932,Flush (See),Flush 7-5-4 ♣,"(2, 7, 5, 4, 1)",1,543,0.02089297,12560,0.020933,19.9379,8.9268,4.0016,1.8392
discard2,"Deal 5, discard 2",5,10000000,22260932,Flush (See),Flush 7-5-3 ♠,"(2, 7, 5, 3, 4)",1,531,0.02043125,12173,0.020288,20.359,9.236,4.2274,1.9223
discard2,"Deal 5, discard 2",5,10000000,22260932,Flush (See),Flush 7-5-3 ♥,"(2, 7, 5, 3, 3)",1,531,0.02043125,12181,0.020302,19.5444,8.5954,3.7337,1.6173
discard2,"Deal 5, discard 2",5,10000000,22260932,Flush (See),Flush 7-5-3 ♦,"(2, 7, 5, 3, 2)",1,531,0.02043125,12367,0.020612,19.4421,8.5591,3.7859,1.7223
discard2,"Deal 5, discard 2",5,10000000,22260932,Flush (See),Flush 7-5-3 ♣,"(2, 7, 5, 3, 1)",1,531,0.02043125,12192,0.02032,19.8031,8.8058,3.896,1.6732
discard2,"Deal 5, discard 2",5,10000000,22260932,Flush (See),Flush 7-5-2 ♠,"(2, 7, 5, 2, 4)",1,594,0.0228553,13711,0.022852,19.7112,8.8177,3.9793,1.8161
discard2,"Deal 5, discard 2",5,10000000,22260932,Flush (See),Flush 7-5-2 ♥,"(2, 7, 5, 2, 3)",1,594,0.0228553,13631,0.022718,19.2884,8.4909,3.7517,1.68
discard2,"Deal 5, discard 2",5,10000000,22260932,Flush (See),Flush 7-5-2 ♦,"(2, 7, 5, 2, 2)",1,594,0.0228553,13605,0.022675,19.4678,8.6461,3.8736,1.7494
discard2,"Deal 5, discard 2",5,10000000,22260932,Flush (See),Flush 7-5-2 ♣,"(2, 7, 5, 2, 1)",1,594,0.0228553,13733,0.022888,19.1786,8.422,3.702,1.602
discard2,"Deal 5, discard 2",5,10000000,22260932,Flush (See),Flush 7-4-3 ♠,"(2, 7, 4, 3, 4)",1,501,0.01927694,11524,0.019207,19.8195,8.8572,3.9275,1.7355
discard2,"Deal 5, discard 2",5,10000000,22260932,Flush (See),Flush 7-4-3 ♥,"(2, 7, 4, 3, 3)",1,501,0.01927694,11708,0.019513,19.8949,8.9392,4.0143,1.8107
discard2,"Deal 5, discard 2",5,10000000,22260932,Flush (See),Flush 7-4-3 ♦,"(2, 7, 4, 3, 2)",1,501,0.01927694,11681,0.019468,20.0163,9.0146,4.0836,1.8492
discard2,"Deal 5, discard 2",5,10000000,22260932,Flush (See),Flush 7-4-3 ♣,"(2, 7, 4, 3, 1)",1,501,0.01927694,11578,0.019297,19.5863,8.6492,3.764,1.5633
discard2,"Deal 5, discard 2",5,10000000,22260932,Flush (See),Flush 7-4-2 ♠,"(2, 7, 4, 2, 4)",1,594,0.0228553,13595,0.022658,19.2608,8.4597,3.772,1.7801
discard2,"Deal 5, discard 2",5,10000000,22260932,Flush (See),Flush 7-4-2 ♥,"(2, 7, 4, 2, 3)",1,594,0.0228553,13649,0.022748,19.2351,8.3816,3.5973,1.4946
discard2,"Deal 5, discard 2",5,10000000,22260932,Flush (See),Flush 7-4-2 ♦,"(2, 7, 4, 2, 2)",1,594,0.0228553,13698,0.02283,19.3035,8.5078,3.748,1.6061
discard2,"Deal 5, discard 2",5,10000000,22260932,Flush (See),Flush 7-4-2 ♣,"(2, 7, 4, 2, 1)",1,594,0.0228553,13627,0.022712,19.184,8.3768,3.6281,1.5117
discard2,"Deal 5, discard 2",5,10000000,22260932,Flush (See),Flush 7-3-2 ♠,"(2, 7, 3, 2, 4)",1,492,0.01893065,11432,0.019053,19.3754,8.4963,3.6599,1.557
discard2,"Deal 5, discard 2",5,10000000,22260932,Flush (See),Flush 7-3-2 ♥,"(2, 7, 3, 2, 3)",1,492,0.01893065,11469,0.019115,18.9459,8.1986,3.4894,1.4125
discard2,"Deal 5, discard 2",5,10000000,22260932,Flush (See),Flush 7-3-2 ♦,"(2, 7, 3, 2, 2)",1,492,0.01893065,11236,0.018727,19.4108,8.5546,3.754,1.6376
discard2,"Deal 5, discard 2",5,10000000,22260932,Flush (See),Flush 7-3-2 ♣,"(2, 7, 3, 2, 1)",1,492,0.01893065,11307,0.018845,18.9617,8.2754,3.6278,1.5654
discard2,"Deal 5, discard 2",5,10000000,22260932,Flush (See),Flush 6-5-3 ♠,"(2, 6, 5, 3, 4)",1,540,0.02077754,12458,0.020763,19.0657,8.3151,3.6282,1.5653
discard2,"Deal 5, discard 2",5,10000000,22260932,Flush (See),Flush 6-5-3 ♥,"(2, 6, 5, 3, 3)",1,540,0.02077754,12325,0.020542,19.2146,8.4503,3.7387,1.6714
discard2,"Deal 5, discard 2",5,10000000,22260932,Flush (See),Flush 6-5-3 ♦,"(2, 6, 5, 3, 2)",1,540,0.02077754,12595,0.020992,19.2291,8.5661,3.8698,1.7864
discard2,"Deal 5, discard 2",5,10000000,22260932,Flush (See),Flush 6-5-3 ♣,"(2, 6, 5, 3, 1)",1,540,0.02077754,12492,0.02082,19.2555,8.5167,3.7784,1.6891
discard2,"Deal 5, discard 2",5,10000000,22260932,Flush (See),Flush 6-5-2 ♠,"(2, 6, 5, 2, 4)",1,510,0.01962323,11852,0.019753,19.1149,8.3125,3.5521,1.4765
discard2,"Deal 5, discard 2",5,10000000,22260932,Flush (See),Flush 6-5-2 ♥,"(2, 6, 5, 2, 3)",1,510,0.01962323,11679,0.019465,19.0718,8.3894,3.6613,1.5155
discard2,"Deal 5, discard 2",5,10000000,22260932,Flush (See),Flush 6-5-2 ♦,"(2, 6, 5, 2, 2)",1,510,0.01962323,11699,0.019498,18.976,8.2511,3.5918,1.5642
discard2,"Deal 5, discard 2",5,10000000,22260932,Flush (See),Flush 6-5-2 ♣,"(2, 6, 5, 2, 1)",1,510,0.01962323,11870,0.019783,18.957,8.3033,3.6411,1.6259
discard2,"Deal 5, discard 2",5,10000000,22260932,Flush (See),Flush 6-4-3 ♠,"(2, 6, 4, 3, 4)",1,510,0.01962323,11742,0.01957,19.2403,8.5641,3.9073,1.831
discard2,"Deal 5, discard 2",5,10000000,22260932,Flush (See),Flush 6-4-3 ♥,"(2, 6, 4, 3, 3)",1,510,0.01962323,11618,0.019363,19.2253,8.3724,3.6753,1.6784
discard2,"Deal 5, discard 2",5,10000000,22260932,Flush (See),Flush 6-4-3 ♦,"(2, 6, 4, 3, 2)",1,510,0.01962323,11773,0.019622,19.4029,8.5917,3.8461,1.7413
discard2,"Deal 5, discard 2",5,10000000,22260932,Flush (See),Flush 6-4-3 ♣,"(2, 6, 4, 3, 1)",1,510,0.01962323,11716,0.019527,19.3496,8.6386,3.9263,1.818
discard2,"Deal 5, discard 2",5,10000000,22260932,Flush (See),Flush 6-4-2 ♠,"(2, 6, 4, 2, 4)",1,510,0.01962323,11683,0.019472,19.3495,8.556,3.7336,1.5493
discard2,"Deal 5, discard 2",5,10000000,22260932,Flush (See),Flush 6-4-2 ♥,"(2, 6, 4, 2, 3)",1,510,0.01962323,11781,0.019635,19.2233,8.4602,3.7671,1.7061
discard2,"Deal 5, discard 2",5,10000000,22260932,Flush (See),Flush 6-4-2 ♦,"(2, 6, 4, 2, 2)",1,510,0.01962323,11770,0.019617,18.8972,8.2583,3.6109,1.5888
discard2,"Deal 5, discard 2",5,10000000,22260932,Flush (See),Flush 6-4-2 ♣,"(2, 6, 4, 2, 1)",1,510,0.01962323,11765,0.019608,18.7947,8.1929,3.643,1.6915
discard2,"Deal 5, discard 2",5,10000000,22260932,Flush (See),Flush 6-3-2 ♠,"(2, 6, 3, 2, 4)",1,501,0.01927694,11571,0.019285,19.1142,8.3631,3.6384,1.5729
discard2,"Deal 5, discard 2",5,10000000,22260932,Flush (See),Flush 6-3-2 ♥,"(2, 6, 3, 2, 3)",1,501,0.01927694,11627,0.019378,18.7632,8.1216,3.5297,1.5997
discard2,"Deal 5, discard 2",5,10000000,22260932,Flush (See),Flush 6-3-2 ♦,"(2, 6, 3, 2, 2)",1,501,0.01927694,11587,0.019312,18.7969,8.1229,3.4435,1.3895
discard2,"Deal 5, discard 2",5,10000000,22260932,Flush (See),Flush 6-3-2 ♣,"(2, 6, 3, 2, 1)",1,501,0.01927694,11820,0.0197,18.9949,8.2936,3.6024,1.5313
discard2,"Deal 5, discard 2",5,10000000,22260932,Flush (See),Flush 5-4-2 ♠,"(2, 5, 4, 2, 4)",1,519,0.01996953,11755,0.019592,19.0455,8.4024,3.7312,1.6929
discard2,"Deal 5, discard 2",5,10000000,22260932,Flush (See),Flush 5-4-2 ♥,"(2, 5, 4, 2, 3)",1,519,0.01996953,11743,0.019572,18.8512,8.21,3.6038,1.618
discard2,"Deal 5, discard 2",5,10000000,22260932,Flush (See),Flush 5-4-2 ♦,"(2, 5, 4, 2, 2)",1,519,0.01996953,11895,0.019825,19.066,8.3783,3.694,1.6393
discard2,"Deal 5, discard 2",5,10000000,22260932,Flush (See),Flush 5-4-2 ♣,"(2, 5, 4, 2, 1)",1,519,0.01996953,11923,0.019872,18.8736,8.2102,3.5712,1.5348
discard2,"Deal 5, discard 2",5,10000000,22260932,Flush (See),Flush 5-3-2 ♠,"(2, 5, 3, 2, 4)",1,510,0.01962323,11672,0.019453,19.0987,8.4296,3.7714,1.7478
discard2,"Deal 5, discard 2",5,10000000,22260932,Flush (See),Flush 5-3-2 ♥,"(2, 5, 3, 2, 3)",1,510,0.01962323,11755,0.019592,19.1068,8.3956,3.738,1.7099
discard2,"Deal 5, discard 2",5,10000000,22260932,Flush (See),Flush 5-3-2 ♦,"(2, 5, 3, 2, 2)",1,510,0.01962323,11776,0.019627,18.8604,8.221,3.5988,1.5965
discard2,"Deal 5, discard 2",5,10000000,22260932,Flush (See),Flush 5-3-2 ♣,"(2, 5, 3, 2, 1)",1,510,0.01962323,11712,0.01952,19.0531,8.3547,3.7415,1.793
discard2,"Deal 5, discard 2",5,10000000,22260932,Point total (Tam),"9 points, pair A, kicker 7♠","(1, 9, 1, 14, 7, 4)",6,4041,0.15548527,93191,0.155318,18.7387,8.1315,3.539,1.5527
discard2,"Deal 5, discard 2",5,10000000,22260932,Point total (Tam),"9 points, pair A, kicker 7♥","(1, 9, 1, 14, 7, 3)",6,3843,0.14786684,88688,0.147813,18.7046,8.1142,3.5306,1.5526
discard2,"Deal 5, discard 2",5,10000000,22260932,Point total (Tam),"9 points, pair A, kicker 7♦","(1, 9, 1, 14, 7, 2)",6,3645,0.14024841,84224,0.140373,18.7372,8.16,3.5698,1.5613
discard2,"Deal 5, discard 2",5,10000000,22260932,Point total (Tam),"9 points, pair A, kicker 7♣","(1, 9, 1, 14, 7, 1)",6,3447,0.13262998,79928,0.133213,18.7586,8.1824,3.5857,1.5739
discard2,"Deal 5, discard 2",5,10000000,22260932,Point total (Tam),"9 points, pair K, kicker 9♠","(1, 9, 1, 13, 9, 4)",6,2871,0.11046726,65969,0.109948,19.2298,8.5264,3.8112,1.7084
discard2,"Deal 5, discard 2",5,10000000,22260932,Point total (Tam),"9 points, pair K, kicker 9♥","(1, 9, 1, 13, 9, 3)",6,2709,0.104234,62346,0.10391,19.1781,8.4872,3.7828,1.6825
discard2,"Deal 5, discard 2",5,10000000,22260932,Point total (Tam),"9 points, pair K, kicker 9♦","(1, 9, 1, 13, 9, 2)",6,2547,0.09800074,58437,0.097395,19.123,8.4446,3.7726,1.7147
discard2,"Deal 5, discard 2",5,10000000,22260932,Point total (Tam),"9 points, pair K, kicker 9♣","(1, 9, 1, 13, 9, 1)",6,2385,0.09176748,54925,0.091542,18.946,8.3019,3.6559,1.5894
discard2,"Deal 5, discard 2",5,10000000,22260932,Point total (Tam),"9 points, pair Q, kicker 9♠","(1, 9, 1, 12, 9, 4)",6,2871,0.11046726,66256,0.110427,19.2814,8.5158,3.7597,1.6587
discard2,"Deal 5, discard 2",5,10000000,22260932,Point total (Tam),"9 points, pair Q, kicker 9♥","(1, 9, 1, 12, 9, 3)",6,2709,0.104234,62572,0.104287,19.3273,8.5687,3.8385,1.7292
discard2,"Deal 5, discard 2",5,10000000,22260932,Point total (Tam),"9 points, pair Q, kicker 9♦","(1, 9, 1, 12, 9, 2)",6,2547,0.09800074,59138,0.098563,19.211,8.5133,3.8067,1.7129
discard2,"Deal 5, discard 2",5,10000000,22260932,Point total (Tam),"9 points, pair Q, kicker 9♣","(1, 9, 1, 12, 9, 1)",6,2385,0.09176748,54866,0.091443,19.2906,8.5208,3.7765,1.6768
discard2,"Deal 5, discard 2",5,10000000,22260932,Point total (Tam),"9 points, pair J, kicker 9♠","(1, 9, 1, 11, 9, 4)",6,2349,0.09038231,54200,0.090333,18.788,8.1967,3.5967,1.6015
discard2,"Deal 5, discard 2",5,10000000,22260932,Point total (Tam),"9 points, pair J, kicker 9♥","(1, 9, 1, 11, 9, 3)",6,2205,0.08484163,51055,0.085092,18.7758,8.2147,3.6271,1.5904
discard2,"Deal 5, discard 2",5,10000000,22260932,Point total (Tam),"9 points, pair J, kicker 9♦","(1, 9, 1, 11, 9, 2)",6,2061,0.07930095,47728,0.079547,18.715,8.1007,3.5179,1.5546
discard2,"Deal 5, discard 2",5,10000000,22260932,Point total (Tam),"9 points, pair J, kicker 9♣","(1, 9, 1, 11, 9, 1)",6,1917,0.07376027,44200,0.073667,18.798,8.2351,3.6516,1.6493
discard2,"Deal 5, discard 2",5,10000000,22260932,Point total (Tam),"9 points, pair 10, kicker 9♠","(1, 9, 1, 10, 9, 4)",6,2943,0.1132376,67596,0.11266,17.4842,7.329,3.0801,1.2989
discard2,"Deal 5, discard 2",5,10000000,22260932,Point total (Tam),"9 points, pair 10, kicker 9♥","(1, 9, 1, 10, 9, 3)",6,2781,0.10700434,63853,0.106422,17.3209,7.2252,3.0169,1.2764
discard2,"Deal 5, discard 2",5,10000000,22260932,Point total (Tam),"9 points, pair 10, kicker 9♦","(1, 9, 1, 10, 9, 2)",6,2619,0.10077108,60524,0.100873,17.386,7.274,3.0375,1.2739
discard2,"Deal 5, discard 2",5,10000000,22260932,Point total (Tam),"9 points, pair 10, kicker 9♣","(1, 9, 1, 10, 9, 1)",6,2457,0.09453782,56873,0.094788,17.3636,7.2771,3.083,1.3152
discard2,"Deal 5, discard 2",5,10000000,22260932,Point total (Tam),"9 points, pair 9, kicker A♠","(1, 9, 1, 9, 14, 4)",6,3879,0.14925201,89622,0.14937,17.8871,7.5773,3.224,1.3936
discard2,"Deal 5, discard 2",5,10000000,22260932,Point total (Tam),"9 points, pair 9, kicker A♥","(1, 9, 1, 9, 14, 3)",6,3699,0.14232616,85526,0.142543,17.8398,7.5955,3.2488,1.3879
discard2,"Deal 5, discard 2",5,10000000,22260932,Point total (Tam),"9 points, pair 9, kicker A♦","(1, 9, 1, 9, 14, 2)",6,3519,0.13540031,81159,0.135265,17.8302,7.5824,3.2516,1.4293
discard2,"Deal 5, discard 2",5,10000000,22260932,Point total (Tam),"9 points, pair 9, kicker A♣","(1, 9, 1, 9, 14, 1)",6,3339,0.12847447,76235,0.127058,17.6275,7.4034,3.0999,1.2855
discard2,"Deal 5, discard 2",5,10000000,22260932,Point total (Tam),"9 points, pair 8, kicker 3♠","(1, 9, 1, 8, 3, 4)",6,3978,0.15306122,91771,0.152952,16.6786,6.8097,2.7691,1.118
discard2,"Deal 5, discard 2",5,10000000,22260932,Point total (Tam),"9 points, pair 8, kicker 3♥","(1, 9, 1, 8, 3, 3)",6,3780,0.14544279,87114,0.14519,16.623,6.7668,2.7323,1.0905
discard2,"Deal 5, discard 2",5,10000000,22260932,Point total (Tam),"9 points, pair 8, kicker 3♦","(1, 9, 1, 8, 3, 2)",6,3582,0.13782436,82758,0.13793,16.4796,6.7006,2.7277,1.1032
discard2,"Deal 5, discard 2",5,10000000,22260932,Point total (Tam),"9 points, pair 8, kicker 3♣","(1, 9, 1, 8, 3, 1)",6,3384,0.13020593,78569,0.130948,16.5904,6.7901,2.7986,1.1557
discard2,"Deal 5, discard 2",5,10000000,22260932,Point total (Tam),"9 points, pair 7, kicker 5♠","(1, 9, 1, 7, 5, 4)",6,3492,0.13436144,80490,0.13415,16.3609,6.6831,2.7738,1.1728
discard2,"Deal 5, discard 2",5,10000000,22260932,Point total (Tam),"9 points, pair 7, kicker 5♥","(1, 9, 1, 7, 5, 3)",6,3312,0.12743559,76487,0.127478,16.3122,6.6213,2.7061,1.1388
discard2,"Deal 5, discard 2",5,10000000,22260932,Point total (Tam),"9 points, pair 7, kicker 5♦","(1, 9, 1, 7, 5, 2)",6,3132,0.12050974,72233,0.120388,16.2452,6.5354,2.6276,1.0798
discard2,"Deal 5, discard 2",5,10000000,22260932,Point total (Tam),"9 points, pair 7, kicker 5♣","(1, 9, 1, 7, 5, 1)",6,2952,0.1135839,68355,0.113925,16.2275,6.5075,2.6029,1.0328
discard2,"Deal 5, discard 2",5,10000000,22260932,Point total (Tam),"9 points, pair 6, kicker 7♠","(1, 9, 1, 6, 7, 4)",6,2970,0.11427648,68052,0.11342,15.8056,6.3359,2.5701,1.0433
discard2,"Deal 5, discard 2",5,10000000,22260932,Point total (Tam),"9 points, pair 6, kicker 7♥","(1, 9, 1, 6, 7, 3)",6,2808,0.10804322,64846,0.108077,15.892,6.3671,2.5664,1.0579
discard2,"Deal 5, discard 2",5,10000000,22260932,Point total (Tam),"9 points, pair 6, kicker 7♦","(1, 9, 1, 6, 7, 2)",6,2646,0.10180995,61158,0.10193,15.8037,6.2832,2.4965,0.9794
discard2,"Deal 5, discard 2",5,10000000,22260932,Point total (Tam),"9 points, pair 6, kicker 7♣","(1, 9, 1, 6, 7, 1)",6,2484,0.09557669,57579,0.095965,15.9742,6.4143,2.5846,1.0577
discard2,"Deal 5, discard 2",5,10000000,22260932,Point total (Tam),"9 points, pair 5, kicker 9♠","(1, 9, 1, 5, 9, 4)",6,3789,0.14578908,87477,0.145795,16.0239,6.4363,2.5899,1.0254
discard2,"Deal 5, discard 2",5,10000000,22260932,Point total (Tam),"9 points, pair 5, kicker 9♥","(1, 9, 1, 5, 9, 3)",6,3609,0.13886324,83261,0.138768,15.9894,6.4335,2.6084,1.0869
discard2,"Deal 5, discard 2",5,10000000,22260932,Point total (Tam),"9 points, pair 5, kicker 9♦","(1, 9, 1, 5, 9, 2)",6,3429,0.13193739,79379,0.132298,15.9604,6.3939,2.5372,0.9826
discard2,"Deal 5, discard 2",5,10000000,22260932,Point total (Tam),"9 points, pair 5, kicker 9♣","(1, 9, 1, 5, 9, 1)",6,3249,0.12501154,74996,0.124993,15.85,6.3539,2.5697,1.0507
discard2,"Deal 5, discard 2",5,10000000,22260932,Point total (Tam),"9 points, pair 4, kicker A♠","(1, 9, 1, 4, 14, 4)",6,4023,0.15479269,92834,0.154723,14.8734,5.7537,2.211,0.8434
discard2,"Deal 5, discard 2",5,10000000,22260932,Point total (Tam),"9 points, pair 4, kicker A♥","(1, 9, 1, 4, 14, 3)",6,3843,0.14786684,88545,0.147575,14.8466,5.7714,2.2596,0.8945
discard2,"Deal 5, discard 2",5,10000000,22260932,Point total (Tam),"9 points, pair 4, kicker A♦","(1, 9, 1, 4, 14, 2)",6,3663,0.14094099,84655,0.141092,14.747,5.6832,2.182,0.8316
discard2,"Deal 5, discard 2",5,10000000,22260932,Point total (Tam),"9 points, pair 4, kicker A♣","(1, 9, 1, 4, 14, 1)",6,3483,0.13401514,80308,0.133847,14.9344,5.7943,2.2596,0.8741
discard2,"Deal 5, discard 2",5,10000000,22260932,Point total (Tam),"9 points, pair 2, kicker 5♠","(1, 9, 1, 2, 5, 4)",6,4023,0.15479269,92924,0.154873,14.218,5.3772,2.03,0.7533
discard2,"Deal 5, discard 2",5,10000000,22260932,Point total (Tam),"9 points, pair 2, kicker 5♥","(1, 9, 1, 2, 5, 3)",6,3843,0.14786684,88947,0.148245,14.0972,5.2896,1.9843,0.7353
discard2,"Deal 5, discard 2",5,10000000,22260932,Point total (Tam),"9 points, pair 2, kicker 5♦","(1, 9, 1, 2, 5, 2)",6,3663,0.14094099,84307,0.140512,14.1175,5.3278,2.0167,0.7603
discard2,"Deal 5, discard 2",5,10000000,22260932,Point total (Tam),"9 points, pair 2, kicker 5♣","(1, 9, 1, 2, 5, 1)",6,3483,0.13401514,80872,0.134787,13.9961,5.2358,1.9782,0.779
discard2,"Deal 5, discard 2",5,10000000,22260932,Point total (Tam),"9 points, A-K-8, control A♠","(1, 9, 0, 14, 13, 8, 4)",15,7266,0.27957337,167844,0.27974,14.5828,5.6082,2.1746,0.8514
discard2,"Deal 5, discard 2",5,10000000,22260932,Point total (Tam),"9 points, A-K-8, control A♥","(1, 9, 0, 14, 13, 8, 3)",15,6894,0.26525995,159371,0.265618,14.3864,5.5043,2.1287,0.8352
discard2,"Deal 5, discard 2",5,10000000,22260932,Point total (Tam),"9 points, A-K-8, control A♦","(1, 9, 0, 14, 13, 8, 2)",15,6522,0.25094653,151089,0.251815,14.219,5.4102,2.0769,0.8055
discard2,"Deal 5, discard 2",5,10000000,22260932,Point total (Tam),"9 points, A-K-8, control A♣","(1, 9, 0, 14, 13, 8, 1)",15,6150,0.23663311,142050,0.23675,14.0849,5.3188,2.0127,0.7694
discard2,"Deal 5, discard 2",5,10000000,22260932,Point total (Tam),"9 points, A-Q-8, control A♠","(1, 9, 0, 14, 12, 8, 4)",15,7116,0.27380183,164656,0.274427,14.0637,5.3039,2.0134,0.7658
discard2,"Deal 5, discard 2",5,10000000,22260932,Point total (Tam),"9 points, A-Q-8, control A♥","(1, 9, 0, 14, 12, 8, 3)",15,6744,0.25948841,155448,0.25908,13.978,5.249,1.9778,0.7404
discard2,"Deal 5, discard 2",5,10000000,22260932,Point total (Tam),"9 points, A-Q-8, control A♦","(1, 9, 0, 14, 12, 8, 2)",15,6372,0.24517499,147575,0.245958,13.8086,5.1384,1.9128,0.7027
discard2,"Deal 5, discard 2",5,10000000,22260932,Point total (Tam),"9 points, A-Q-8, control A♣","(1, 9, 0, 14, 12, 8, 1)",15,6000,0.23086158,138326,0.230543,13.6525,5.0776,1.8947,0.7085
discard2,"Deal 5, discard 2",5,10000000,22260932,Point total (Tam),"9 points, A-J-8, control A♠","(1, 9, 0, 14, 11, 8, 4)",15,5877,0.22612891,135898,0.226497,13.5542,5.0006,1.8486,0.6814
discard2,"Deal 5, discard 2",5,10000000,22260932,Point total (Tam),"9 points, A-J-8, control A♥","(1, 9, 0, 14, 11, 8, 3)",15,5547,0.21343153,128120,0.213533,13.4298,4.919,1.8005,0.6611
discard2,"Deal 5, discard 2",5,10000000,22260932,Point total (Tam),"9 points, A-J-8, control A♦","(1, 9, 0, 14, 11, 8, 2)",15,5217,0.20073414,120378,0.20063,13.361,4.888,1.7816,0.6438
discard2,"Deal 5, discard 2",5,10000000,22260932,Point total (Tam),"9 points, A-J-8, control A♣","(1, 9, 0, 14, 11, 8, 1)",15,4887,0.18803675,112444,0.187407,13.146,4.7661,1.7248,0.611
discard2,"Deal 5, discard 2",5,10000000,22260932,Point total (Tam),"9 points, A-10-8, control A♠","(1, 9, 0, 14, 10, 8, 4)",15,3723,0.14324961,85977,0.143295,12.4714,4.4146,1.5679,0.5583
discard2,"Deal 5, discard 2",5,10000000,22260932,Point total (Tam),"9 points, A-10-8, control A♥","(1, 9, 0, 14, 10, 8, 3)",15,3477,0.13378428,80265,0.133775,12.3442,4.3598,1.5539,0.5694
discard2,"Deal 5, discard 2",5,10000000,22260932,Point total (Tam),"9 points, A-10-8, control A♦","(1, 9, 0, 14, 10, 8, 2)",15,3231,0.12431896,74445,0.124075,12.282,4.2884,1.5171,0.5575
discard2,"Deal 5, discard 2",5,10000000,22260932,Point total (Tam),"9 points, A-10-8, control A♣","(1, 9, 0, 14, 10, 8, 1)",15,2985,0.11485363,69150,0.11525,12.326,4.3773,1.5656,0.5466
discard2,"Deal 5, discard 2",5,10000000,22260932,Point total (Tam),"9 points, A-6-2, control A♠","(1, 9, 0, 14, 6, 2, 4)",15,6792,0.2613353,157661,0.262768,12.028,4.188,1.4586,0.4979
discard2,"Deal 5, discard 2",5,10000000,22260932,Point total (Tam),"9 points, A-6-2, control A♥","(1, 9, 0, 14, 6, 2, 3)",15,6420,0.24702189,148495,0.247492,11.8692,4.1011,1.4371,0.5199
discard2,"Deal 5, discard 2",5,10000000,22260932,Point total (Tam),"9 points, A-6-2, control A♦","(1, 9, 0, 14, 6, 2, 2)",15,6048,0.23270847,139265,0.232108,11.6706,3.9884,1.3607,0.471
discard2,"Deal 5, discard 2",5,10000000,22260932,Point total (Tam),"9 points, A-6-2, control A♣","(1, 9, 0, 14, 6, 2, 1)",15,5676,0.21839505,130934,0.218223,11.5569,3.9119,1.3112,0.4361
discard2,"Deal 5, discard 2",5,10000000,22260932,Point total (Tam),"9 points, A-5-3, control A♠","(1, 9, 0, 14, 5, 3, 4)",15,5577,0.21458583,128520,0.2142,11.8039,4.0664,1.402,0.4863
discard2,"Deal 5, discard 2",5,10000000,22260932,Point total (Tam),"9 points, A-5-3, control A♥","(1, 9, 0, 14, 5, 3, 3)",15,5247,0.20188845,121417,0.202362,11.5915,3.9427,1.3418,0.4538
discard2,"Deal 5, discard 2",5,10000000,22260932,Point total (Tam),"9 points, A-5-3, control A♦","(1, 9, 0, 14, 5, 3, 2)",15,4917,0.18919106,113192,0.188653,11.431,3.855,1.3038,0.4453
discard2,"Deal 5, discard 2",5,10000000,22260932,Point total (Tam),"9 points, A-5-3, control A♣","(1, 9, 0, 14, 5, 3, 1)",15,4587,0.17649367,105904,0.176507,11.358,3.8346,1.2959,0.4438
discard2,"Deal 5, discard 2",5,10000000,22260932,Point total (Tam),"9 points, K-Q-9, control K♠","(1, 9, 0, 13, 12, 9, 4)",15,4782,0.18399668,110734,0.184557,10.8776,3.6,1.1915,0.3883
discard2,"Deal 5, discard 2",5,10000000,22260932,Point total (Tam),"9 points, K-Q-9, control K♥","(1, 9, 0, 13, 12, 9, 3)",15,4782,0.18399668,110424,0.18404,10.7443,3.549,1.1798,0.3831
discard2,"Deal 5, discard 2",5,10000000,22260932,Point total (Tam),"9 points, K-Q-9, control K♦","(1, 9, 0, 13, 12, 9, 2)",15,4782,0.18399668,110258,0.183763,10.6943,3.4959,1.1411,0.3719
discard2,"Deal 5, discard 2",5,10000000,22260932,Point total (Tam),"9 points, K-Q-9, control K♣","(1, 9, 0, 13, 12, 9, 1)",15,4782,0.18399668,110766,0.18461,10.5946,3.4573,1.1247,0.3548
discard2,"Deal 5, discard 2",5,10000000,22260932,Point total (Tam),"9 points, K-J-9, control K♠","(1, 9, 0, 13, 11, 9, 4)",15,4782,0.18399668,110511,0.184185,10.6902,3.4897,1.1241,0.3493
discard2,"Deal 5, discard 2",5,10000000,22260932,Point total (Tam),"9 points, K-J-9, control K♥","(1, 9, 0, 13, 11, 9, 3)",15,4782,0.18399668,109827,0.183045,10.6222,3.4996,1.1728,0.4034
discard2,"Deal 5, discard 2",5,10000000,22260932,Point total (Tam),"9 points, K-J-9, control K♦","(1, 9, 0, 13, 11, 9, 2)",15,4782,0.18399668,110309,0.183848,10.4689,3.3906,1.1096,0.3862
discard2,"Deal 5, discard 2",5,10000000,22260932,Point total (Tam),"9 points, K-J-9, control K♣","(1, 9, 0, 13, 11, 9, 1)",15,4782,0.18399668,110643,0.184405,10.3778,3.352,1.0846,0.3453
discard2,"Deal 5, discard 2",5,10000000,22260932,Point total (Tam),"9 points, K-10-9, control K♠","(1, 9, 0, 13, 10, 9, 4)",15,3906,0.15029089,90098,0.150163,9.8565,3.0923,0.9605,0.293
discard2,"Deal 5, discard 2",5,10000000,22260932,Point total (Tam),"9 points, K-10-9, control K♥","(1, 9, 0, 13, 10, 9, 3)",15,3906,0.15029089,90182,0.150303,9.8473,3.1085,0.9873,0.2961
discard2,"Deal 5, discard 2",5,10000000,22260932,Point total (Tam),"9 points, K-10-9, control K♦","(1, 9, 0, 13, 10, 9, 2)",15,3906,0.15029089,90822,0.15137,9.6539,2.9658,0.8938,0.2609
discard2,"Deal 5, discard 2",5,10000000,22260932,Point total (Tam),"9 points, K-10-9, control K♣","(1, 9, 0, 13, 10, 9, 1)",15,3906,0.15029089,90541,0.150902,9.6339,2.9616,0.909,0.2838
discard2,"Deal 5, discard 2",5,10000000,22260932,Point total (Tam),"9 points, K-7-2, control K♠","(1, 9, 0, 13, 7, 2, 4)",15,7479,0.28776895,171860,0.286433,9.3171,2.8385,0.8605,0.2578
discard2,"Deal 5, discard 2",5,10000000,22260932,Point total (Tam),"9 points, K-7-2, control K♥","(1, 9, 0, 13, 7, 2, 3)",15,7149,0.27507157,165879,0.276465,9.1846,2.7668,0.8272,0.2423
discard2,"Deal 5, discard 2",5,10000000,22260932,Point total (Tam),"9 points, K-7-2, control K♦","(1, 9, 0, 13, 7, 2, 2)",15,6819,0.26237418,157608,0.26268,9.098,2.7391,0.8236,0.2506
discard2,"Deal 5, discard 2",5,10000000,22260932,Point total (Tam),"9 points, K-7-2, control K♣","(1, 9, 0, 13, 7, 2, 1)",15,6489,0.24967679,150120,0.2502,8.9183,2.6395,0.7694,0.2165
discard2,"Deal 5, discard 2",5,10000000,22260932,Point total (Tam),"9 points, K-6-3, control K♠","(1, 9, 0, 13, 6, 3, 4)",15,7455,0.28684551,172471,0.287452,8.8294,2.6146,0.771,0.2203
discard2,"Deal 5, discard 2",5,10000000,22260932,Point total (Tam),"9 points, K-6-3, control K♥","(1, 9, 0, 13, 6, 3, 3)",15,7125,0.27414812,164745,0.274575,8.646,2.522,0.7237,0.1985
discard2,"Deal 5, discard 2",5,10000000,22260932,Point total (Tam),"9 points, K-6-3, control K♦","(1, 9, 0, 13, 6, 3, 2)",15,6795,0.26145073,156619,0.261032,8.5317,2.4692,0.7039,0.1954
discard2,"Deal 5, discard 2",5,10000000,22260932,Point total (Tam),"9 points, K-6-3, control K♣","(1, 9, 0, 13, 6, 3, 1)",15,6465,0.24875335,148802,0.248003,8.4321,2.4318,0.6856,0.1781
discard2,"Deal 5, discard 2",5,10000000,22260932,Point total (Tam),"9 points, K-5-4, control K♠","(1, 9, 0, 13, 5, 4, 4)",15,5049,0.19427002,116772,0.19462,8.3457,2.3881,0.6834,0.2055
discard2,"Deal 5, discard 2",5,10000000,22260932,Point total (Tam),"9 points, K-5-4, control K♥","(1, 9, 0, 13, 5, 4, 3)",15,4803,0.18480469,110839,0.184732,8.2545,2.3381,0.6417,0.1579
discard2,"Deal 5, discard 2",5,10000000,22260932,Point total (Tam),"9 points, K-5-4, control K♦","(1, 9, 0, 13, 5, 4, 2)",15,4557,0.17533937,104665,0.174442,8.1447,2.2969,0.6419,0.1777
discard2,"Deal 5, discard 2",5,10000000,22260932,Point total (Tam),"9 points, K-5-4, control K♣","(1, 9, 0, 13, 5, 4, 1)",15,4311,0.16587404,99293,0.165488,8.0821,2.2874,0.6365,0.1732
discard2,"Deal 5, discard 2",5,10000000,22260932,Point total (Tam),"9 points, Q-J-9, control Q♠","(1, 9, 0, 12, 11, 9, 4)",15,4782,0.18399668,110176,0.183627,7.9198,2.2053,0.6079,0.1679
discard2,"Deal 5, discard 2",5,10000000,22260932,Point total (Tam),"9 points, Q-J-9, control Q♥","(1, 9, 0, 12, 11, 9, 3)",15,4782,0.18399668,110790,0.18465,7.9416,2.2295,0.627,0.1751
discard2,"Deal 5, discard 2",5,10000000,22260932,Point total (Tam),"9 points, Q-J-9, control Q♦","(1, 9, 0, 12, 11, 9, 2)",15,4782,0.18399668,110842,0.184737,7.8222,2.1985,0.6283,0.1732
discard2,"Deal 5, discard 2",5,10000000,22260932,Point total (Tam),"9 points, Q-J-9, control Q♣","(1, 9, 0, 12, 11, 9, 1)",15,4782,0.18399668,110931,0.184885,7.6878,2.1562,0.6143,0.1839
discard2,"Deal 5, discard 2",5,10000000,22260932,Point total (Tam),"9 points, Q-10-9, control Q♠","(1, 9, 0, 12, 10, 9, 4)",15,3906,0.15029089,89891,0.149818,7.2932,1.9291,0.4944,0.1168
discard2,"Deal 5, discard 2",5,10000000,22260932,Point total (Tam),"9 points, Q-10-9, control Q♥","(1, 9, 0, 12, 10, 9, 3)",15,3906,0.15029089,89790,0.14965,7.2321,1.9457,0.521,0.1303
discard2,"Deal 5, discard 2",5,10000000,22260932,Point total (Tam),"9 points, Q-10-9, control Q♦","(1, 9, 0, 12, 10, 9, 2)",15,3906,0.15029089,89752,0.149587,7.1423,1.912,0.5221,0.1348
discard2,"Deal 5, discard 2",5,10000000,22260932,Point total (Tam),"9 points, Q-10-9, control Q♣","(1, 9, 0, 12, 10, 9, 1)",15,3906,0.15029089,90422,0.150703,7.0817,1.8622,0.4824,0.1305
discard2,"Deal 5, discard 2",5,10000000,22260932,Point total (Tam),"9 points, Q-7-2, control Q♠","(1, 9, 0, 12, 7, 2, 4)",15,6303,0.24252008,144631,0.241052,6.8657,1.7825,0.4652,0.1231
discard2,"Deal 5, discard 2",5,10000000,22260932,Point total (Tam),"9 points, Q-7-2, control Q♥","(1, 9, 0, 12, 7, 2, 3)",15,5973,0.2298227,137554,0.229257,6.7652,1.7391,0.4308,0.096
discard2,"Deal 5, discard 2",5,10000000,22260932,Point total (Tam),"9 points, Q-7-2, control Q♦","(1, 9, 0, 12, 7, 2, 2)",15,5643,0.21712531,130472,0.217453,6.7045,1.7379,0.4527,0.1173
discard2,"Deal 5, discard 2",5,10000000,22260932,Point total (Tam),"9 points, Q-7-2, control Q♣","(1, 9, 0, 12, 7, 2, 1)",15,5313,0.20442793,123013,0.205022,6.5336,1.6517,0.4149,0.1049
discard2,"Deal 5, discard 2",5,10000000,22260932,Point total (Tam),"9 points, Q-6-3, control Q♠","(1, 9, 0, 12, 6, 3, 4)",15,6279,0.24159664,144749,0.241248,6.4157,1.6145,0.4123,0.1154
discard2,"Deal 5, discard 2",5,10000000,22260932,Point total (Tam),"9 points, Q-6-3, control Q♥","(1, 9, 0, 12, 6, 3, 3)",15,5949,0.22889925,136893,0.228155,6.3504,1.5769,0.3876,0.0899
discard2,"Deal 5, discard 2",5,10000000,22260932,Point total (Tam),"9 points, Q-6-3, control Q♦","(1, 9, 0, 12, 6, 3, 2)",15,5619,0.21620187,129415,0.215692,6.228,1.5215,0.3607,0.0811
discard2,"Deal 5, discard 2",5,10000000,22260932,Point total (Tam),"9 points, Q-6-3, control Q♣","(1, 9, 0, 12, 6, 3, 1)",15,5289,0.20350448,122484,0.20414,6.1539,1.5134,0.3703,0.0939
discard2,"Deal 5, discard 2",5,10000000,22260932,Point total (Tam),"9 points, Q-5-4, control Q♠","(1, 9, 0, 12, 5, 4, 4)",15,4173,0.16056423,96764,0.161273,6.1068,1.5024,0.372,0.0889
discard2,"Deal 5, discard 2",5,10000000,22260932,Point total (Tam),"9 points, Q-5-4, control Q♥","(1, 9, 0, 12, 5, 4, 3)",15,3927,0.1510989,90766,0.151277,6.0587,1.4665,0.3541,0.0859
discard2,"Deal 5, discard 2",5,10000000,22260932,Point total (Tam),"9 points, Q-5-4, control Q♦","(1, 9, 0, 12, 5, 4, 2)",15,3681,0.14163358,84433,0.140722,5.9243,1.4362,0.3468,0.0888
discard2,"Deal 5, discard 2",5,10000000,22260932,Point total (Tam),"9 points, Q-5-4, control Q♣","(1, 9, 0, 12, 5, 4, 1)",15,3435,0.13216825,79053,0.131755,5.931,1.4197,0.3291,0.0734
discard2,"Deal 5, discard 2",5,10000000,22260932,Point total (Tam),"9 points, J-7-2, control J♠","(1, 9, 0, 11, 7, 2, 4)",15,5277,0.20304276,121482,0.20247,5.5869,1.304,0.3,0.0675
discard2,"Deal 5, discard 2",5,10000000,22260932,Point total (Tam),"9 points, J-7-2, control J♥","(1, 9, 0, 11, 7, 2, 3)",15,4947,0.19034537,114130,0.190217,5.5042,1.3094,0.3263,0.0885
discard2,"Deal 5, discard 2",5,10000000,22260932,Point total (Tam),"9 points, J-7-2, control J♦","(1, 9, 0, 11, 7, 2, 2)",15,4617,0.17764798,106402,0.177337,5.4536,1.2655,0.2977,0.0761
discard2,"Deal 5, discard 2",5,10000000,22260932,Point total (Tam),"9 points, J-7-2, control J♣","(1, 9, 0, 11, 7, 2, 1)",15,4287,0.1649506,99308,0.165513,5.3708,1.2313,0.2701,0.0564
discard2,"Deal 5, discard 2",5,10000000,22260932,Point total (Tam),"9 points, J-6-3, control J♠","(1, 9, 0, 11, 6, 3, 4)",15,5253,0.20211931,121178,0.201963,5.2337,1.1687,0.2449,0.0396
discard2,"Deal 5, discard 2",5,10000000,22260932,Point total (Tam),"9 points, J-6-3, control J♥","(1, 9, 0, 11, 6, 3, 3)",15,4923,0.18942192,113419,0.189032,5.2036,1.1756,0.2657,0.0608
discard2,"Deal 5, discard 2",5,10000000,22260932,Point total (Tam),"9 points, J-6-3, control J♦","(1, 9, 0, 11, 6, 3, 2)",15,4593,0.17672454,106449,0.177415,5.0558,1.1138,0.2407,0.0582
discard2,"Deal 5, discard 2",5,10000000,22260932,Point total (Tam),"9 points, J-6-3, control J♣","(1, 9, 0, 11, 6, 3, 1)",15,4263,0.16402715,98550,0.16425,5.0595,1.1456,0.2679,0.069
discard2,"Deal 5, discard 2",5,10000000,22260932,Point total (Tam),"9 points, J-5-4, control J♠","(1, 9, 0, 11, 5, 4, 4)",15,3447,0.13262998,79543,0.132572,5.0192,1.122,0.2504,0.0641
discard2,"Deal 5, discard 2",5,10000000,22260932,Point total (Tam),"9 points, J-5-4, control J♥","(1, 9, 0, 11, 5, 4, 3)",15,3201,0.12316465,73933,0.123222,4.9354,1.0712,0.2248,0.0446
discard2,"Deal 5, discard 2",5,10000000,22260932,Point total (Tam),"9 points, J-5-4, control J♦","(1, 9, 0, 11, 5, 4, 2)",15,2955,0.11369933,68169,0.113615,4.9433,1.0979,0.2494,0.0601
discard2,"Deal 5, discard 2",5,10000000,22260932,Point total (Tam),"9 points, J-5-4, control J♣","(1, 9, 0, 11, 5, 4, 1)",15,2709,0.104234,62475,0.104125,4.9042,1.0875,0.2372,0.0528
discard2,"Deal 5, discard 2",5,10000000,22260932,Point total (Tam),"9 points, 10-7-2, control 10♠","(1, 9, 0, 10, 7, 2, 4)",15,4062,0.15629329,93639,0.156065,4.433,0.9279,0.1935,0.0395
discard2,"Deal 5, discard 2",5,10000000,22260932,Point total (Tam),"9 points, 10-7-2, control 10♥","(1, 9, 0, 10, 7, 2, 3)",15,3774,0.14521193,87453,0.145755,4.4146,0.929,0.1994,0.0503
discard2,"Deal 5, discard 2",5,10000000,22260932,Point total (Tam),"9 points, 10-7-2, control 10♦","(1, 9, 0, 10, 7, 2, 2)",15,3486,0.13413058,80487,0.134145,4.4335,0.9159,0.1889,0.0373
discard2,"Deal 5, discard 2",5,10000000,22260932,Point total (Tam),"9 points, 10-7-2, control 10♣","(1, 9, 0, 10, 7, 2, 1)",15,3198,0.12304922,74410,0.124017,4.3737,0.911,0.1833,0.0296
discard2,"Deal 5, discard 2",5,10000000,22260932,Point total (Tam),"9 points, 10-6-3, control 10♠","(1, 9, 0, 10, 6, 3, 4)",15,3888,0.1495983,90070,0.150117,4.1836,0.8532,0.1776,0.04
discard2,"Deal 5, discard 2",5,10000000,22260932,Point total (Tam),"9 points, 10-6-3, control 10♥","(1, 9, 0, 10, 6, 3, 3)",15,3600,0.13851695,83178,0.13863,4.1982,0.8532,0.1698,0.0325
discard2,"Deal 5, discard 2",5,10000000,22260932,Point total (Tam),"9 points, 10-6-3, control 10♦","(1, 9, 0, 10, 6, 3, 2)",15,3312,0.12743559,76624,0.127707,4.2305,0.8692,0.1767,0.0418
discard2,"Deal 5, discard 2",5,10000000,22260932,Point total (Tam),"9 points, 10-6-3, control 10♣","(1, 9, 0, 10, 6, 3, 1)",15,3024,0.11635423,69526,0.115877,4.1397,0.8513,0.1735,0.0345
discard2,"Deal 5, discard 2",5,10000000,22260932,Point total (Tam),"9 points, 10-5-4, control 10♠","(1, 9, 0, 10, 5, 4, 4)",15,2382,0.09165205,55064,0.091773,4.0057,0.7867,0.1605,0.0381
discard2,"Deal 5, discard 2",5,10000000,22260932,Point total (Tam),"9 points, 10-5-4, control 10♥","(1, 9, 0, 10, 5, 4, 3)",15,2178,0.08380275,50624,0.084373,4.0479,0.7965,0.1489,0.0237
discard2,"Deal 5, discard 2",5,10000000,22260932,Point total (Tam),"9 points, 10-5-4, control 10♦","(1, 9, 0, 10, 5, 4, 2)",15,1974,0.07595346,45654,0.07609,4.0402,0.7903,0.1494,0.0307
discard2,"Deal 5, discard 2",5,10000000,22260932,Point total (Tam),"9 points, 10-5-4, control 10♣","(1, 9, 0, 10, 5, 4, 1)",15,1770,0.06810416,40608,0.06768,4.0615,0.8314,0.1748,0.0443
discard2,"Deal 5, discard 2",5,10000000,22260932,Point total (Tam),"9 points, 9-8-2, control 9♠","(1, 9, 0, 9, 8, 2, 4)",15,5001,0.19242312,116174,0.193623,4.4536,0.9461,0.2114,0.0551
discard2,"Deal 5, discard 2",5,10000000,22260932,Point total (Tam),"9 points, 9-8-2, control 9♥","(1, 9, 0, 9, 8, 2, 3)",15,4671,0.17972574,108285,0.180475,4.3872,0.9309,0.2035,0.0462
discard2,"Deal 5, discard 2",5,10000000,22260932,Point total (Tam),"9 points, 9-8-2, control 9♦","(1, 9, 0, 9, 8, 2, 2)",15,4341,0.16702835,99878,0.166463,4.3263,0.8993,0.1824,0.034
discard2,"Deal 5, discard 2",5,10000000,22260932,Point total (Tam),"9 points, 9-8-2, control 9♣","(1, 9, 0, 9, 8, 2, 1)",15,4011,0.15433096,92680,0.154467,4.2136,0.8691,0.1767,0.0432
discard2,"Deal 5, discard 2",5,10000000,22260932,Point total (Tam),"9 points, 9-7-3, control 9♠","(1, 9, 0, 9, 7, 3, 4)",15,4890,0.18815218,113236,0.188727,4.334,0.914,0.1962,0.0433
discard2,"Deal 5, discard 2",5,10000000,22260932,Point total (Tam),"9 points, 9-7-3, control 9♥","(1, 9, 0, 9, 7, 3, 3)",15,4518,0.17383877,104209,0.173682,4.2326,0.8542,0.1672,0.0326
discard2,"Deal 5, discard 2",5,10000000,22260932,Point total (Tam),"9 points, 9-7-3, control 9♦","(1, 9, 0, 9, 7, 3, 2)",15,4146,0.15952535,95463,0.159105,4.1468,0.8275,0.1615,0.0367
discard2,"Deal 5, discard 2",5,10000000,22260932,Point total (Tam),"9 points, 9-7-3, control 9♣","(1, 9, 0, 9, 7, 3, 1)",15,3774,0.14521193,86968,0.144947,4.082,0.8228,0.1681,0.0368
discard2,"Deal 5, discard 2",5,10000000,22260932,Point total (Tam),"9 points, 9-6-4, control 9♠","(1, 9, 0, 9, 6, 4, 4)",15,5466,0.2103149,126161,0.210268,3.9729,0.7899,0.1569,0.0325
discard2,"Deal 5, discard 2",5,10000000,22260932,Point total (Tam),"9 points, 9-6-4, control 9♥","(1, 9, 0, 9, 6, 4, 3)",15,5094,0.19600148,117202,0.195337,3.8534,0.7513,0.1444,0.0265
discard2,"Deal 5, discard 2",5,10000000,22260932,Point total (Tam),"9 points, 9-6-4, control 9♦","(1, 9, 0, 9, 6, 4, 2)",15,4722,0.18168806,108859,0.181432,3.7533,0.7075,0.1321,0.0285
discard2,"Deal 5, discard 2",5,10000000,22260932,Point total (Tam),"9 points, 9-6-4, control 9♣","(1, 9, 0, 9, 6, 4, 1)",15,4350,0.16737464,100597,0.167662,3.7046,0.7141,0.1422,0.0278
discard2,"Deal 5, discard 2",5,10000000,22260932,Point total (Tam),"9 points, 8-7-4, control 8♠","(1, 9, 0, 8, 7, 4, 4)",15,4440,0.17083757,102935,0.171558,3.371,0.6235,0.1193,0.0272
discard2,"Deal 5, discard 2",5,10000000,22260932,Point total (Tam),"9 points, 8-7-4, control 8♥","(1, 9, 0, 8, 7, 4, 3)",15,4110,0.15814018,94807,0.158012,3.3565,0.6127,0.1175,0.0243
discard2,"Deal 5, discard 2",5,10000000,22260932,Point total (Tam),"9 points, 8-7-4, control 8♦","(1, 9, 0, 8, 7, 4, 2)",15,3780,0.14544279,87692,0.146153,3.2507,0.5809,0.1017,0.0194
discard2,"Deal 5, discard 2",5,10000000,22260932,Point total (Tam),"9 points, 8-7-4, control 8♣","(1, 9, 0, 8, 7, 4, 1)",15,3450,0.13274541,79416,0.13236,3.2298,0.5689,0.0972,0.0164
discard2,"Deal 5, discard 2",5,10000000,22260932,Point total (Tam),"9 points, 8-6-5, control 8♠","(1, 9, 0, 8, 6, 5, 4)",15,4803,0.18480469,110859,0.184765,3.2696,0.5954,0.1117,0.0226
discard2,"Deal 5, discard 2",5,10000000,22260932,Point total (Tam),"9 points, 8-6-5, control 8♥","(1, 9, 0, 8, 6, 5, 3)",15,4473,0.1721073,103251,0.172085,3.1954,0.5604,0.0943,0.0165
discard2,"Deal 5, discard 2",5,10000000,22260932,Point total (Tam),"9 points, 8-6-5, control 8♦","(1, 9, 0, 8, 6, 5, 2)",15,4143,0.15940992,95588,0.159313,3.1927,0.5754,0.1055,0.0188
discard2,"Deal 5, discard 2",5,10000000,22260932,Point total (Tam),"9 points, 8-6-5, control 8♣","(1, 9, 0, 8, 6, 5, 1)",15,3813,0.14671253,88134,0.14689,3.0952,0.5374,0.0887,0.0091
discard2,"Deal 5, discard 2",5,10000000,22260932,Point total (Tam),"8 points, pair A, kicker 6♠","(1, 8, 1, 14, 6, 4)",6,2124,0.081725,48946,0.081577,3.1876,0.5594,0.094,0.0143
discard2,"Deal 5, discard 2",5,10000000,22260932,Point total (Tam),"8 points, pair A, kicker 6♥","(1, 8, 1, 14, 6, 3)",6,1962,0.07549174,45041,0.075068,3.1751,0.5453,0.0901,0.0155
discard2,"Deal 5, discard 2",5,10000000,22260932,Point total (Tam),"8 points, pair A, kicker 6♦","(1, 8, 1, 14, 6, 2)",6,1800,0.06925847,41469,0.069115,3.1387,0.5397,0.0873,0.0169
discard2,"Deal 5, discard 2",5,10000000,22260932,Point total (Tam),"8 points, pair A, kicker 6♣","(1, 8, 1, 14, 6, 1)",6,1638,0.06302521,37465,0.062442,3.1267,0.5416,0.0961,0.0214
discard2,"Deal 5, discard 2",5,10000000,22260932,Point total (Tam),"8 points, pair K, kicker 8♠","(1, 8, 1, 13, 8, 4)",6,1458,0.05609936,33670,0.056117,2.8901,0.4978,0.1028,0.0356
discard2,"Deal 5, discard 2",5,10000000,22260932,Point total (Tam),"8 points, pair K, kicker 8♥","(1, 8, 1, 13, 8, 3)",6,1350,0.05194385,30950,0.051583,2.8052,0.4679,0.0756,0.0097
discard2,"Deal 5, discard 2",5,10000000,22260932,Point total (Tam),"8 points, pair K, kicker 8♦","(1, 8, 1, 13, 8, 2)",6,1242,0.04778835,28593,0.047655,2.8052,0.4816,0.0825,0.0175
discard2,"Deal 5, discard 2",5,10000000,22260932,Point total (Tam),"8 points, pair K, kicker 8♣","(1, 8, 1, 13, 8, 1)",6,1134,0.04363284,26314,0.043857,2.9361,0.5001,0.092,0.0266
discard2,"Deal 5, discard 2",5,10000000,22260932,Point total (Tam),"8 points, pair Q, kicker 8♠","(1, 8, 1, 12, 8, 4)",6,1458,0.05609936,33661,0.056102,2.8995,0.4822,0.0808,0.0119
discard2,"Deal 5, discard 2",5,10000000,22260932,Point total (Tam),"8 points, pair Q, kicker 8♥","(1, 8, 1, 12, 8, 3)",6,1350,0.05194385,30907,0.051512,2.9311,0.4992,0.0835,0.0097
discard2,"Deal 5, discard 2",5,10000000,22260932,Point total (Tam),"8 points, pair Q, kicker 8♦","(1, 8, 1, 12, 8, 2)",6,1242,0.04778835,28864,0.048107,2.9466,0.5166,0.0922,0.0139
discard2,"Deal 5, discard 2",5,10000000,22260932,Point total (Tam),"8 points, pair Q, kicker 8♣","(1, 8, 1, 12, 8, 1)",6,1134,0.04363284,26344,0.043907,2.8785,0.4874,0.079,0.0114
discard2,"Deal 5, discard 2",5,10000000,22260932,Point total (Tam),"8 points, pair J, kicker 8♠","(1, 8, 1, 11, 8, 4)",6,1458,0.05609936,33663,0.056105,2.6851,0.4399,0.0772,0.0208
discard2,"Deal 5, discard 2",5,10000000,22260932,Point total (Tam),"8 points, pair J, kicker 8♥","(1, 8, 1, 11, 8, 3)",6,1350,0.05194385,31038,0.05173,2.7985,0.4681,0.0735,0.0129
discard2,"Deal 5, discard 2",5,10000000,22260932,Point total (Tam),"8 points, pair J, kicker 8♦","(1, 8, 1, 11, 8, 2)",6,1242,0.04778835,28554,0.04759,2.7072,0.4707,0.0967,0.0245
discard2,"Deal 5, discard 2",5,10000000,22260932,Point total (Tam),"8 points, pair J, kicker 8♣","(1, 8, 1, 11, 8, 1)",6,1134,0.04363284,26134,0.043557,2.7432,0.453,0.0735,0.0153
discard2,"Deal 5, discard 2",5,10000000,22260932,Point total (Tam),"8 points, pair 10, kicker 8♠","(1, 8, 1, 10, 8, 4)",6,2421,0.09315265,55777,0.092962,2.375,0.3657,0.0588,0.009
discard2,"Deal 5, discard 2",5,10000000,22260932,Point total (Tam),"8 points, pair 10, kicker 8♥","(1, 8, 1, 10, 8, 3)",6,2277,0.08761197,52599,0.087665,2.3951,0.3806,0.0662,0.0133
discard2,"Deal 5, discard 2",5,10000000,22260932,Point total (Tam),"8 points, pair 10, kicker 8♦","(1, 8, 1, 10, 8, 2)",6,2133,0.08207129,49504,0.082507,2.383,0.3713,0.0594,0.0061
discard2,"Deal 5, discard 2",5,10000000,22260932,Point total (Tam),"8 points, pair 10, kicker 8♣","(1, 8, 1, 10, 8, 1)",6,1989,0.07653061,45843,0.076405,2.3746,0.3776,0.0637,0.0109
discard2,"Deal 5, discard 2",5,10000000,22260932,Point total (Tam),"8 points, pair 9, kicker K♠","(1, 8, 1, 9, 13, 4)",6,1044,0.04016991,23961,0.039935,3.143,0.5797,0.1152,0.0334
discard2,"Deal 5, discard 2",5,10000000,22260932,Point total (Tam),"8 points, pair 9, kicker K♥","(1, 8, 1, 9, 13, 3)",6,1044,0.04016991,24276,0.04046,3.0557,0.5302,0.0947,0.0165
discard2,"Deal 5, discard 2",5,10000000,22260932,Point total (Tam),"8 points, pair 9, kicker K♦","(1, 8, 1, 9, 13, 2)",6,1044,0.04016991,24253,0.040422,3.005,0.5249,0.094,0.0124
discard2,"Deal 5, discard 2",5,10000000,22260932,Point total (Tam),"8 points, pair 9, kicker K♣","(1, 8, 1, 9, 13, 1)",6,1044,0.04016991,23997,0.039995,3.0629,0.5321,0.0875,0.0042
discard2,"Deal 5, discard 2",5,10000000,22260932,Point total (Tam),"8 points, pair 9, kicker Q♠","(1, 8, 1, 9, 12, 4)",6,1044,0.04016991,24297,0.040495,3.1222,0.5511,0.0971,0.0123
discard2,"Deal 5, discard 2",5,10000000,22260932,Point total (Tam),"8 points, pair 9, kicker Q♥","(1, 8, 1, 9, 12, 3)",6,1044,0.04016991,24097,0.040162,3.1062,0.5586,0.1137,0.0415
discard2,"Deal 5, discard 2",5,10000000,22260932,Point total (Tam),"8 points, pair 9, kicker Q♦","(1, 8, 1, 9, 12, 2)",6,1044,0.04016991,23905,0.039842,3.0931,0.548,0.0929,0.0209
discard2,"Deal 5, discard 2",5,10000000,22260932,Point total (Tam),"8 points, pair 9, kicker Q♣","(1, 8, 1, 9, 12, 1)",6,1044,0.04016991,24036,0.04006,3.1528,0.5525,0.0932,0.0166
discard2,"Deal 5, discard 2",5,10000000,22260932,Point total (Tam),"8 points, pair 9, kicker J♠","(1, 8, 1, 9, 11, 4)",6,1044,0.04016991,24290,0.040483,3.0292,0.5266,0.0914,0.0206
discard2,"Deal 5, discard 2",5,10000000,22260932,Point total (Tam),"8 points, pair 9, kicker J♥","(1, 8, 1, 9, 11, 3)",6,1044,0.04016991,24333,0.040555,3.1196,0.5343,0.0847,0.0123
discard2,"Deal 5, discard 2",5,10000000,22260932,Point total (Tam),"8 points, pair 9, kicker J♦","(1, 8, 1, 9, 11, 2)",6,1044,0.04016991,24035,0.040058,3.1142,0.5629,0.1148,0.025
discard2,"Deal 5, discard 2",5,10000000,22260932,Point total (Tam),"8 points, pair 9, kicker J♣","(1, 8, 1, 9, 11, 1)",6,1044,0.04016991,24273,0.040455,3.014,0.5055,0.0791,0.0124
discard2,"Deal 5, discard 2",5,10000000,22260932,Point total (Tam),"8 points, pair 9, kicker 10♠","(1, 8, 1, 9, 10, 4)",6,765,0.02943485,17738,0.029563,2.7303,0.4409,0.0677,0.0056
discard2,"Deal 5, discard 2",5,10000000,22260932,Point total (Tam),"8 points, pair 9, kicker 10♥","(1, 8, 1, 9, 10, 3)",6,765,0.02943485,17681,0.029468,2.7312,0.4468,0.0747,0.0113
discard2,"Deal 5, discard 2",5,10000000,22260932,Point total (Tam),"8 points, pair 9, kicker 10♦","(1, 8, 1, 9, 10, 2)",6,765,0.02943485,17566,0.029277,2.8464,0.5135,0.0991,0.0285
discard2,"Deal 5, discard 2",5,10000000,22260932,Point total (Tam),"8 points, pair 9, kicker 10♣","(1, 8, 1, 9, 10, 1)",6,765,0.02943485,17604,0.02934,2.6443,0.4118,0.0636,0.0227
discard2,"Deal 5, discard 2",5,10000000,22260932,Point total (Tam),"8 points, pair 8, kicker 2♠","(1, 8, 1, 8, 2, 4)",6,2079,0.07999354,47662,0.079437,2.4644,0.3812,0.0571,0.0084
discard2,"Deal 5, discard 2",5,10000000,22260932,Point total (Tam),"8 points, pair 8, kicker 2♥","(1, 8, 1, 8, 2, 3)",6,1935,0.07445286,44652,0.07442,2.4837,0.3982,0.0681,0.0179
discard2,"Deal 5, discard 2",5,10000000,22260932,Point total (Tam),"8 points, pair 8, kicker 2♦","(1, 8, 1, 8, 2, 2)",6,1791,0.06891218,41160,0.0686,2.4368,0.3771,0.0588,0.0097
discard2,"Deal 5, discard 2",5,10000000,22260932,Point total (Tam),"8 points, pair 8, kicker 2♣","(1, 8, 1, 8, 2, 1)",6,1647,0.0633715,38144,0.063573,2.4822,0.3906,0.0582,0.0079
discard2,"Deal 5, discard 2",5,10000000,22260932,Point total (Tam),"8 points, pair 7, kicker 4♠","(1, 8, 1, 7, 4, 4)",6,2448,0.09419152,56539,0.094232,2.361,0.3615,0.0566,0.0071
discard2,"Deal 5, discard 2",5,10000000,22260932,Point total (Tam),"8 points, pair 7, kicker 4♥","(1, 8, 1, 7, 4, 3)",6,2304,0.08865084,53401,0.089002,2.3372,0.3595,0.0577,0.015
discard2,"Deal 5, discard 2",5,10000000,22260932,Point total (Tam),"8 points, pair 7, kicker 4♦","(1, 8, 1, 7, 4, 2)",6,2160,0.08311017,49745,0.082908,2.2527,0.3301,0.0486,0.006
discard2,"Deal 5, discard 2",5,10000000,22260932,Point total (Tam),"8 points, pair 7, kicker 4♣","(1, 8, 1, 7, 4, 1)",6,2016,0.07756949,46756,0.077927,2.377,0.357,0.0556,0.0107
discard2,"Deal 5, discard 2",5,10000000,22260932,Point total (Tam),"8 points, pair 5, kicker 8♠","(1, 8, 1, 5, 8, 4)",6,2034,0.07826207,47459,0.079098,2.1922,0.3156,0.0447,0.0084
discard2,"Deal 5, discard 2",5,10000000,22260932,Point total (Tam),"8 points, pair 5, kicker 8♥","(1, 8, 1, 5, 8, 3)",6,1908,0.07341398,43841,0.073068,2.1952,0.3041,0.0415,0.0068
discard2,"Deal 5, discard 2",5,10000000,22260932,Point total (Tam),"8 points, pair 5, kicker 8♦","(1, 8, 1, 5, 8, 2)",6,1782,0.06856589,40980,0.0683,2.2801,0.335,0.0483,0.0024
discard2,"Deal 5, discard 2",5,10000000,22260932,Point total (Tam),"8 points, pair 5, kicker 8♣","(1, 8, 1, 5, 8, 1)",6,1656,0.06371779,38304,0.06384,2.212,0.312,0.0397,0.0026
discard2,"Deal 5, discard 2",5,10000000,22260932,Point total (Tam),"8 points, pair 4, kicker K♠","(1, 8, 1, 4, 13, 4)",6,2106,0.08103241,48621,0.081035,2.0514,0.2918,0.0411,0.0062
discard2,"Deal 5, discard 2",5,10000000,22260932,Point total (Tam),"8 points, pair 4, kicker K♥","(1, 8, 1, 4, 13, 3)",6,2016,0.07756949,46811,0.078018,2.0382,0.2905,0.0436,0.0085
discard2,"Deal 5, discard 2",5,10000000,22260932,Point total (Tam),"8 points, pair 4, kicker K♦","(1, 8, 1, 4, 13, 2)",6,1926,0.07410657,44144,0.073573,2.02,0.2829,0.0385,0.0023
discard2,"Deal 5, discard 2",5,10000000,22260932,Point total (Tam),"8 points, pair 4, kicker K♣","(1, 8, 1, 4, 13, 1)",6,1836,0.07064364,42180,0.0703,2.0458,0.2973,0.0484,0.0071
discard2,"Deal 5, discard 2",5,10000000,22260932,Point total (Tam),"8 points, pair 4, kicker Q♠","(1, 8, 1, 4, 12, 4)",6,1665,0.06406409,38297,0.063828,2.1216,0.3026,0.0402,0.0026
discard2,"Deal 5, discard 2",5,10000000,22260932,Point total (Tam),"8 points, pair 4, kicker Q♥","(1, 8, 1, 4, 12, 3)",6,1575,0.06060116,36542,0.060903,2.0117,0.2761,0.0334,0.0027
discard2,"Deal 5, discard 2",5,10000000,22260932,Point total (Tam),"8 points, pair 4, kicker Q♦","(1, 8, 1, 4, 12, 2)",6,1485,0.05713824,34301,0.057168,2.0973,0.291,0.0332,0.0
discard2,"Deal 5, discard 2",5,10000000,22260932,Point total (Tam),"8 points, pair 4, kicker Q♣","(1, 8, 1, 4, 12, 1)",6,1395,0.05367532,32124,0.05354,2.0284,0.2761,0.038,0.0
discard2,"Deal 5, discard 2",5,10000000,22260932,Point total (Tam),"8 points, pair 4, kicker J♠","(1, 8, 1, 4, 11, 4)",6,1350,0.05194385,31067,0.051778,1.9995,0.2768,0.0354,0.0
discard2,"Deal 5, discard 2",5,10000000,22260932,Point total (Tam),"8 points, pair 4, kicker J♥","(1, 8, 1, 4, 11, 3)",6,1260,0.04848093,29025,0.048375,2.0076,0.2722,0.0365,0.0069
discard2,"Deal 5, discard 2",5,10000000,22260932,Point total (Tam),"8 points, pair 4, kicker J♦","(1, 8, 1, 4, 11, 2)",6,1170,0.04501801,26805,0.044675,2.0354,0.2888,0.047,0.0112
discard2,"Deal 5, discard 2",5,10000000,22260932,Point total (Tam),"8 points, pair 4, kicker J♣","(1, 8, 1, 4, 11, 1)",6,1080,0.04155508,25158,0.04193,2.0872,0.3061,0.0549,0.0119
discard2,"Deal 5, discard 2",5,10000000,22260932,Point total (Tam),"8 points, pair 4, kicker 10♠","(1, 8, 1, 4, 10, 4)",6,891,0.03428294,20525,0.034208,1.8192,0.2465,0.0341,0.0
discard2,"Deal 5, discard 2",5,10000000,22260932,Point total (Tam),"8 points, pair 4, kicker 10♥","(1, 8, 1, 4, 10, 3)",6,819,0.03151261,18930,0.03155,1.8611,0.2419,0.0275,0.0
discard2,"Deal 5, discard 2",5,10000000,22260932,Point total (Tam),"8 points, pair 4, kicker 10♦","(1, 8, 1, 4, 10, 2)",6,747,0.02874227,17433,0.029055,1.858,0.2392,0.0367,0.0115
discard2,"Deal 5, discard 2",5,10000000,22260932,Point total (Tam),"8 points, pair 4, kicker 10♣","(1, 8, 1, 4, 10, 1)",6,675,0.02597193,15573,0.025955,1.9784,0.271,0.0398,0.0128
discard2,"Deal 5, discard 2",5,10000000,22260932,Point total (Tam),"8 points, pair 3, kicker 2♠","(1, 8, 1, 3, 2, 4)",6,2286,0.08795826,52773,0.087955,1.6865,0.2126,0.0246,0.0038
discard2,"Deal 5, discard 2",5,10000000,22260932,Point total (Tam),"8 points, pair 3, kicker 2♥","(1, 8, 1, 3, 2, 3)",6,2142,0.08241758,49447,0.082412,1.6893,0.2041,0.0227,0.002
discard2,"Deal 5, discard 2",5,10000000,22260932,Point total (Tam),"8 points, pair 3, kicker 2♦","(1, 8, 1, 3, 2, 2)",6,1998,0.0768769,46116,0.07686,1.7285,0.2257,0.0269,0.0043
discard2,"Deal 5, discard 2",5,10000000,22260932,Point total (Tam),"8 points, pair 3, kicker 2♣","(1, 8, 1, 3, 2, 1)",6,1854,0.07133623,42808,0.071347,1.7209,0.2201,0.0243,0.0023
discard2,"Deal 5, discard 2",5,10000000,22260932,Point total (Tam),"8 points, pair 2, kicker 4♠","(1, 8, 1, 2, 4, 4)",6,2169,0.08345646,50174,0.083623,1.8633,0.2555,0.0355,0.004
discard2,"Deal 5, discard 2",5,10000000,22260932,Point total (Tam),"8 points, pair 2, kicker 4♥","(1, 8, 1, 2, 4, 3)",6,2097,0.08068612,48808,0.081347,1.838,0.2514,0.0352,0.0082
discard2,"Deal 5, discard 2",5,10000000,22260932,Point total (Tam),"8 points, pair 2, kicker 4♦","(1, 8, 1, 2, 4, 2)",6,2025,0.07791578,46508,0.077513,1.8291,0.2514,0.0378,0.0043
discard2,"Deal 5, discard 2",5,10000000,22260932,Point total (Tam),"8 points, pair 2, kicker 4♣","(1, 8, 1, 2, 4, 1)",6,1953,0.07514544,44993,0.074988,1.8361,0.2474,0.0289,0.0022
discard2,"Deal 5, discard 2",5,10000000,22260932,Point total (Tam),"8 points, A-K-7, control A♠","(1, 8, 0, 14, 13, 7, 4)",15,2946,0.11335303,68131,0.113552,1.703,0.2235,0.0299,0.0059
discard2,"Deal 5, discard 2",5,10000000,22260932,Point total (Tam),"8 points, A-K-7, control A♥","(1, 8, 0, 14, 13, 7, 3)",15,2946,0.11335303,67862,0.113103,1.6395,0.2073,0.0295,0.0029
discard2,"Deal 5, discard 2",5,10000000,22260932,Point total (Tam),"8 points, A-K-7, control A♦","(1, 8, 0, 14, 13, 7, 2)",15,2946,0.11335303,68116,0.113527,1.6265,0.2042,0.0247,0.0029
discard2,"Deal 5, discard 2",5,10000000,22260932,Point total (Tam),"8 points, A-K-7, control A♣","(1, 8, 0, 14, 13, 7, 1)",15,2946,0.11335303,68388,0.11398,1.6304,0.2044,0.0275,0.0058
discard2,"Deal 5, discard 2",5,10000000,22260932,Point total (Tam),"8 points, A-Q-7, control A♠","(1, 8, 0, 14, 12, 7, 4)",15,2796,0.10758149,64592,0.107653,1.6717,0.214,0.0235,0.0015
discard2,"Deal 5, discard 2",5,10000000,22260932,Point total (Tam),"8 points, A-Q-7, control A♥","(1, 8, 0, 14, 12, 7, 3)",15,2796,0.10758149,64774,0.107957,1.6616,0.2124,0.0238,0.0
discard2,"Deal 5, discard 2",5,10000000,22260932,Point total (Tam),"8 points, A-Q-7, control A♦","(1, 8, 0, 14, 12, 7, 2)",15,2796,0.10758149,64631,0.107718,1.6268,0.2124,0.0279,0.0046
discard2,"Deal 5, discard 2",5,10000000,22260932,Point total (Tam),"8 points, A-Q-7, control A♣","(1, 8, 0, 14, 12, 7, 1)",15,2796,0.10758149,64486,0.107477,1.5675,0.1906,0.0211,0.0016
discard2,"Deal 5, discard 2",5,10000000,22260932,Point total (Tam),"8 points, A-J-7, control A♠","(1, 8, 0, 14, 11, 7, 4)",15,2133,0.08207129,49249,0.082082,1.568,0.1874,0.0244,0.002
discard2,"Deal 5, discard 2",5,10000000,22260932,Point total (Tam),"8 points, A-J-7, control A♥","(1, 8, 0, 14, 11, 7, 3)",15,2133,0.08207129,49284,0.08214,1.5496,0.1887,0.0231,0.0
discard2,"Deal 5, discard 2",5,10000000,22260932,Point total (Tam),"8 points, A-J-7, control A♦","(1, 8, 0, 14, 11, 7, 2)",15,2133,0.08207129,48926,0.081543,1.5599,0.1931,0.027,0.0061
discard2,"Deal 5, discard 2",5,10000000,22260932,Point total (Tam),"8 points, A-J-7, control A♣","(1, 8, 0, 14, 11, 7, 1)",15,2133,0.08207129,49241,0.082068,1.5124,0.172,0.0171,0.0
discard2,"Deal 5, discard 2",5,10000000,22260932,Point total (Tam),"8 points, A-10-7, control A♠","(1, 8, 0, 14, 10, 7, 4)",15,1344,0.05171299,31211,0.052018,1.3864,0.1541,0.0179,0.0
discard2,"Deal 5, discard 2",5,10000000,22260932,Point total (Tam),"8 points, A-10-7, control A♥","(1, 8, 0, 14, 10, 7, 3)",15,1344,0.05171299,31178,0.051963,1.4266,0.1645,0.0212,0.0
discard2,"Deal 5, discard 2",5,10000000,22260932,Point total (Tam),"8 points, A-10-7, control A♦","(1, 8, 0, 14, 10, 7, 2)",15,1344,0.05171299,31013,0.051688,1.3772,0.1699,0.0239,0.0
discard2,"Deal 5, discard 2",5,10000000,22260932,Point total (Tam),"8 points, A-10-7, control A♣","(1, 8, 0, 14, 10, 7, 1)",15,1344,0.05171299,31084,0.051807,1.3898,0.1647,0.0193,0.0032
discard2,"Deal 5, discard 2",5,10000000,22260932,Point total (Tam),"8 points, A-9-8, control A♠","(1, 8, 0, 14, 9, 8, 4)",15,1197,0.04605688,27502,0.045837,1.5755,0.176,0.0153,0.0
discard2,"Deal 5, discard 2",5,10000000,22260932,Point total (Tam),"8 points, A-9-8, control A♥","(1, 8, 0, 14, 9, 8, 3)",15,1053,0.04051621,24170,0.040283,1.5813,0.1916,0.0182,0.0
discard2,"Deal 5, discard 2",5,10000000,22260932,Point total (Tam),"8 points, A-9-8, control A♦","(1, 8, 0, 14, 9, 8, 2)",15,909,0.03497553,21113,0.035188,1.5663,0.1918,0.0227,0.0
discard2,"Deal 5, discard 2",5,10000000,22260932,Point total (Tam),"8 points, A-9-8, control A♣","(1, 8, 0, 14, 9, 8, 1)",15,765,0.02943485,17664,0.02944,1.5325,0.1761,0.0136,0.0
discard2,"Deal 5, discard 2",5,10000000,22260932,Point total (Tam),"8 points, A-5-2, control A♠","(1, 8, 0, 14, 5, 2, 4)",15,3666,0.14105642,84964,0.141607,1.3562,0.1483,0.0162,0.0012
discard2,"Deal 5, discard 2",5,10000000,22260932,Point total (Tam),"8 points, A-5-2, control A♥","(1, 8, 0, 14, 5, 2, 3)",15,3354,0.12905162,77369,0.128948,1.3158,0.1442,0.0153,0.0013
discard2,"Deal 5, discard 2",5,10000000,22260932,Point total (Tam),"8 points, A-5-2, control A♦","(1, 8, 0, 14, 5, 2, 2)",15,3042,0.11704682,70336,0.117227,1.2855,0.1389,0.0119,0.0
discard2,"Deal 5, discard 2",5,10000000,22260932,Point total (Tam),"8 points, A-5-2, control A♣","(1, 8, 0, 14, 5, 2, 1)",15,2730,0.10504202,62627,0.104378,1.3023,0.1459,0.0141,0.0
discard2,"Deal 5, discard 2",5,10000000,22260932,Point total (Tam),"8 points, A-4-3, control A♠","(1, 8, 0, 14, 4, 3, 4)",15,3279,0.12616585,75405,0.125675,1.2615,0.1357,0.0141,0.0
discard2,"Deal 5, discard 2",5,10000000,22260932,Point total (Tam),"8 points, A-4-3, control A♥","(1, 8, 0, 14, 4, 3, 3)",15,3009,0.11577708,69606,0.11601,1.2258,0.1306,0.0115,0.0014
discard2,"Deal 5, discard 2",5,10000000,22260932,Point total (Tam),"8 points, A-4-3, control A♦","(1, 8, 0, 14, 4, 3, 2)",15,2739,0.10538831,63800,0.106333,1.195,0.1279,0.0138,0.0
discard2,"Deal 5, discard 2",5,10000000,22260932,Point total (Tam),"8 points, A-4-3, control A♣","(1, 8, 0, 14, 4, 3, 1)",15,2469,0.09499954,57063,0.095105,1.1705,0.116,0.0105,0.0
discard2,"Deal 5, discard 2",5,10000000,22260932,Point total (Tam),"8 points, K-Q-8, control K♠","(1, 8, 0, 13, 12, 8, 4)",15,2817,0.10838951,65028,0.10838,1.0846,0.1098,0.0105,0.0
discard2,"Deal 5, discard 2",5,10000000,22260932,Point total (Tam),"8 points, K-Q-8, control K♥","(1, 8, 0, 13, 12, 8, 3)",15,2817,0.10838951,64853,0.108088,1.0653,0.1089,0.0086,0.0015
discard2,"Deal 5, discard 2",5,10000000,22260932,Point total (Tam),"8 points, K-Q-8, control K♦","(1, 8, 0, 13, 12, 8, 2)",15,2817,0.10838951,64735,0.107892,1.0316,0.0976,0.012,0.0046
discard2,"Deal 5, discard 2",5,10000000,22260932,Point total (Tam),"8 points, K-Q-8, control K♣","(1, 8, 0, 13, 12, 8, 1)",15,2817,0.10838951,65608,0.109347,1.0016,0.0924,0.0095,0.0015
discard2,"Deal 5, discard 2",5,10000000,22260932,Point total (Tam),"8 points, K-J-8, control K♠","(1, 8, 0, 13, 11, 8, 4)",15,2817,0.10838951,65143,0.108572,0.9868,0.0962,0.008,0.0
discard2,"Deal 5, discard 2",5,10000000,22260932,Point total (Tam),"8 points, K-J-8, control K♥","(1, 8, 0, 13, 11, 8, 3)",15,2817,0.10838951,65238,0.10873,0.979,0.094,0.008,0.0
discard2,"Deal 5, discard 2",5,10000000,22260932,Point total (Tam),"8 points, K-J-8, control K♦","(1, 8, 0, 13, 11, 8, 2)",15,2817,0.10838951,64783,0.107972,0.9447,0.0866,0.0111,0.0031
discard2,"Deal 5, discard 2",5,10000000,22260932,Point total (Tam),"8 points, K-J-8, control K♣","(1, 8, 0, 13, 11, 8, 1)",15,2817,0.10838951,65263,0.108772,0.9387,0.0866,0.0077,0.0
discard2,"Deal 5, discard 2",5,10000000,22260932,Point total (Tam),"8 points, K-10-8, control K♠","(1, 8, 0, 13, 10, 8, 4)",15,1854,0.07133623,42746,0.071243,0.8651,0.0704,0.0051,0.0
discard2,"Deal 5, discard 2",5,10000000,22260932,Point total (Tam),"8 points, K-10-8, control K♥","(1, 8, 0, 13, 10, 8, 3)",15,1854,0.07133623,43139,0.071898,0.8746,0.0763,0.0051,0.0
discard2,"Deal 5, discard 2",5,10000000,22260932,Point total (Tam),"8 points, K-10-8, control K♦","(1, 8, 0, 13, 10, 8, 2)",15,1854,0.07133623,42583,0.070972,0.8623,0.0829,0.0108,0.0
discard2,"Deal 5, discard 2",5,10000000,22260932,Point total (Tam),"8 points, K-10-8, control K♣","(1, 8, 0, 13, 10, 8, 1)",15,1854,0.07133623,42823,0.071372,0.8344,0.0703,0.0061,0.0023
discard2,"Deal 5, discard 2",5,10000000,22260932,Point total (Tam),"8 points, K-6-2, control K♠","(1, 8, 0, 13, 6, 2, 4)",15,2895,0.11139071,66616,0.111027,0.8367,0.079,0.0078,0.0
discard2,"Deal 5, discard 2",5,10000000,22260932,Point total (Tam),"8 points, K-6-2, control K♥","(1, 8, 0, 13, 6, 2, 3)",15,2733,0.10515745,63335,0.105558,0.8081,0.0692,0.0041,0.0
discard2,"Deal 5, discard 2",5,10000000,22260932,Point total (Tam),"8 points, K-6-2, control K♦","(1, 8, 0, 13, 6, 2, 2)",15,2571,0.09892419,59502,0.09917,0.8166,0.0746,0.0084,0.0017
discard2,"Deal 5, discard 2",5,10000000,22260932,Point total (Tam),"8 points, K-6-2, control K♣","(1, 8, 0, 13, 6, 2, 1)",15,2409,0.09269092,56127,0.093545,0.7969,0.0722,0.0071,0.0
discard2,"Deal 5, discard 2",5,10000000,22260932,Point total (Tam),"8 points, K-5-3, control K♠","(1, 8, 0, 13, 5, 3, 4)",15,3069,0.1180857,70932,0.11822,0.7664,0.064,0.0062,0.0
discard2,"Deal 5, discard 2",5,10000000,22260932,Point total (Tam),"8 points, K-5-3, control K♥","(1, 8, 0, 13, 5, 3, 3)",15,2907,0.11185243,67236,0.11206,0.7654,0.0706,0.0057,0.0
discard2,"Deal 5, discard 2",5,10000000,22260932,Point total (Tam),"8 points, K-5-3, control K♦","(1, 8, 0, 13, 5, 3, 2)",15,2745,0.10561917,63344,0.105573,0.7527,0.0641,0.0047,0.0
discard2,"Deal 5, discard 2",5,10000000,22260932,Point total (Tam),"8 points, K-5-3, control K♣","(1, 8, 0, 13, 5, 3, 1)",15,2583,0.09938591,59641,0.099402,0.7238,0.0573,0.0034,0.0
discard2,"Deal 5, discard 2",5,10000000,22260932,Point total (Tam),"8 points, Q-J-8, control Q♠","(1, 8, 0, 12, 11, 8, 4)",15,1854,0.07133623,43140,0.0719,0.7916,0.0665,0.0056,0.0
discard2,"Deal 5, discard 2",5,10000000,22260932,Point total (Tam),"8 points, Q-J-8, control Q♥","(1, 8, 0, 12, 11, 8, 3)",15,1854,0.07133623,42788,0.071313,0.7691,0.0682,0.0051,0.0
discard2,"Deal 5, discard 2",5,10000000,22260932,Point total (Tam),"8 points, Q-J-8, control Q♦","(1, 8, 0, 12, 11, 8, 2)",15,1854,0.07133623,42926,0.071543,0.7355,0.065,0.0051,0.0
discard2,"Deal 5, discard 2",5,10000000,22260932,Point total (Tam),"8 points, Q-J-8, control Q♣","(1, 8, 0, 12, 11, 8, 1)",15,1854,0.07133623,42339,0.070565,0.7062,0.0595,0.0052,0.0
discard2,"Deal 5, discard 2",5,10000000,22260932,Point total (Tam),"8 points, Q-10-8, control Q♠","(1, 8, 0, 12, 10, 8, 4)",15,1854,0.07133623,43011,0.071685,0.6308,0.0467,0.0046,0.0
discard2,"Deal 5, discard 2",5,10000000,22260932,Point total (Tam),"8 points, Q-10-8, control Q♥","(1, 8, 0, 12, 10, 8, 3)",15,1854,0.07133623,43055,0.071758,0.6378,0.0511,0.0042,0.0
discard2,"Deal 5, discard 2",5,10000000,22260932,Point total (Tam),"8 points, Q-10-8, control Q♦","(1, 8, 0, 12, 10, 8, 2)",15,1854,0.07133623,42612,0.07102,0.6287,0.0453,0.0033,0.0
discard2,"Deal 5, discard 2",5,10000000,22260932,Point total (Tam),"8 points, Q-10-8, control Q♣","(1, 8, 0, 12, 10, 8, 1)",15,1854,0.07133623,42558,0.07093,0.6293,0.0491,0.0038,0.0
discard2,"Deal 5, discard 2",5,10000000,22260932,Point total (Tam),"8 points, Q-6-2, control Q♠","(1, 8, 0, 12, 6, 2, 4)",15,2169,0.08345646,49758,0.08293,0.6053,0.0488,0.0052,0.0
discard2,"Deal 5, discard 2",5,10000000,22260932,Point total (Tam),"8 points, Q-6-2, control Q♥","(1, 8, 0, 12, 6, 2, 3)",15,2007,0.0772232,46288,0.077147,0.6049,0.0441,0.0026,0.0
discard2,"Deal 5, discard 2",5,10000000,22260932,Point total (Tam),"8 points, Q-6-2, control Q♦","(1, 8, 0, 12, 6, 2, 2)",15,1845,0.07098993,42201,0.070335,0.5955,0.0462,0.0047,0.0
discard2,"Deal 5, discard 2",5,10000000,22260932,Point total (Tam),"8 points, Q-6-2, control Q♣","(1, 8, 0, 12, 6, 2, 1)",15,1683,0.06475667,38858,0.064763,0.5852,0.0456,0.0031,0.0
discard2,"Deal 5, discard 2",5,10000000,22260932,Point total (Tam),"8 points, Q-5-3, control Q♠","(1, 8, 0, 12, 5, 3, 4)",15,2343,0.09015145,54365,0.090608,0.6008,0.0465,0.0022,0.0
discard2,"Deal 5, discard 2",5,10000000,22260932,Point total (Tam),"8 points, Q-5-3, control Q♥","(1, 8, 0, 12, 5, 3, 3)",15,2181,0.08391818,50264,0.083773,0.5704,0.0352,0.0016,0.0
discard2,"Deal 5, discard 2",5,10000000,22260932,Point total (Tam),"8 points, Q-5-3, control Q♦","(1, 8, 0, 12, 5, 3, 2)",15,2019,0.07768492,46368,0.07728,0.5918,0.0483,0.0047,0.0
discard2,"Deal 5, discard 2",5,10000000,22260932,Point total (Tam),"8 points, Q-5-3, control Q♣","(1, 8, 0, 12, 5, 3, 1)",15,1857,0.07145166,42952,0.071587,0.549,0.0373,0.0023,0.0
discard2,"Deal 5, discard 2",5,10000000,22260932,Point total (Tam),"8 points, J-10-8, control J♠","(1, 8, 0, 11, 10, 8, 4)",15,1854,0.07133623,42813,0.071355,0.5174,0.043,0.0023,0.0
discard2,"Deal 5, discard 2",5,10000000,22260932,Point total (Tam),"8 points, J-10-8, control J♥","(1, 8, 0, 11, 10, 8, 3)",15,1854,0.07133623,42818,0.071363,0.5026,0.0304,0.0023,0.0
discard2,"Deal 5, discard 2",5,10000000,22260932,Point total (Tam),"8 points, J-10-8, control J♦","(1, 8, 0, 11, 10, 8, 2)",15,1854,0.07133623,42780,0.0713,0.4881,0.0353,0.0023,0.0
discard2,"Deal 5, discard 2",5,10000000,22260932,Point total (Tam),"8 points, J-10-8, control J♣","(1, 8, 0, 11, 10, 8, 1)",15,1854,0.07133623,42780,0.0713,0.4848,0.0341,0.0019,0.0
discard2,"Deal 5, discard 2",5,10000000,22260932,Point total (Tam),"8 points, J-6-2, control J♠","(1, 8, 0, 11, 6, 2, 4)",15,1743,0.06706529,40351,0.067252,0.4711,0.0287,0.0035,0.0
discard2,"Deal 5, discard 2",5,10000000,22260932,Point total (Tam),"8 points, J-6-2, control J♥","(1, 8, 0, 11, 6, 2, 3)",15,1581,0.06083203,36425,0.060708,0.478,0.0253,0.0005,0.0
discard2,"Deal 5, discard 2",5,10000000,22260932,Point total (Tam),"8 points, J-6-2, control J♦","(1, 8, 0, 11, 6, 2, 2)",15,1419,0.05459876,32503,0.054172,0.4596,0.0283,0.0025,0.0
discard2,"Deal 5, discard 2",5,10000000,22260932,Point total (Tam),"8 points, J-6-2, control J♣","(1, 8, 0, 11, 6, 2, 1)",15,1257,0.0483655,29052,0.04842,0.4599,0.0293,0.0007,0.0
discard2,"Deal 5, discard 2",5,10000000,22260932,Point total (Tam),"8 points, J-5-3, control J♠","(1, 8, 0, 11, 5, 3, 4)",15,1917,0.07376027,44505,0.074175,0.4602,0.031,0.0045,0.0022
discard2,"Deal 5, discard 2",5,10000000,22260932,Point total (Tam),"8 points, J-5-3, control J♥","(1, 8, 0, 11, 5, 3, 3)",15,1755,0.06752701,40280,0.067133,0.4732,0.03,0.0025,0.0
discard2,"Deal 5, discard 2",5,10000000,22260932,Point total (Tam),"8 points, J-5-3, control J♦","(1, 8, 0, 11, 5, 3, 2)",15,1593,0.06129375,36554,0.060923,0.4383,0.0263,0.0005,0.0
discard2,"Deal 5, discard 2",5,10000000,22260932,Point total (Tam),"8 points, J-5-3, control J♣","(1, 8, 0, 11, 5, 3, 1)",15,1431,0.05506049,33287,0.055478,0.4554,0.033,0.0036,0.0
discard2,"Deal 5, discard 2",5,10000000,22260932,Point total (Tam),"8 points, 10-6-2, control 10♠","(1, 8, 0, 10, 6, 2, 4)",15,1128,0.04340198,25712,0.042853,0.3648,0.0214,0.0016,0.0
discard2,"Deal 5, discard 2",5,10000000,22260932,Point total (Tam),"8 points, 10-6-2, control 10♥","(1, 8, 0, 10, 6, 2, 3)",15,1008,0.03878474,23197,0.038662,0.3837,0.0246,0.0,0.0
discard2,"Deal 5, discard 2",5,10000000,22260932,Point total (Tam),"8 points, 10-6-2, control 10♦","(1, 8, 0, 10, 6, 2, 2)",15,888,0.03416751,20387,0.033978,0.3448,0.0211,0.002,0.0
discard2,"Deal 5, discard 2",5,10000000,22260932,Point total (Tam),"8 points, 10-6-2, control 10♣","(1, 8, 0, 10, 6, 2, 1)",15,768,0.02955028,17907,0.029845,0.3764,0.0201,0.0011,0.0
discard2,"Deal 5, discard 2",5,10000000,22260932,Point total (Tam),"8 points, 10-5-3, control 10♠","(1, 8, 0, 10, 5, 3, 4)",15,1152,0.04432542,26654,0.044423,0.3628,0.0229,0.0008,0.0
discard2,"Deal 5, discard 2",5,10000000,22260932,Point total (Tam),"8 points, 10-5-3, control 10♥","(1, 8, 0, 10, 5, 3, 3)",15,1032,0.03970819,24018,0.04003,0.3693,0.0229,0.0008,0.0
discard2,"Deal 5, discard 2",5,10000000,22260932,Point total (Tam),"8 points, 10-5-3, control 10♦","(1, 8, 0, 10, 5, 3, 2)",15,912,0.03509096,20999,0.034998,0.37,0.0214,0.0,0.0
discard2,"Deal 5, discard 2",5,10000000,22260932,Point total (Tam),"8 points, 10-5-3, control 10♣","(1, 8, 0, 10, 5, 3, 1)",15,792,0.03047373,18624,0.03104,0.4016,0.0252,0.0011,0.0
discard2,"Deal 5, discard 2",5,10000000,22260932,Point total (Tam),"8 points, 9-7-2, control 9♠","(1, 8, 0, 9, 7, 2, 4)",15,1128,0.04340198,26212,0.043687,0.4986,0.0397,0.0038,0.0
discard2,"Deal 5, discard 2",5,10000000,22260932,Point total (Tam),"8 points, 9-7-2, control 9♥","(1, 8, 0, 9, 7, 2, 3)",15,966,0.03716871,22241,0.037068,0.4397,0.0216,0.0,0.0
discard2,"Deal 5, discard 2",5,10000000,22260932,Point total (Tam),"8 points, 9-7-2, control 9♦","(1, 8, 0, 9, 7, 2, 2)",15,804,0.03093545,18254,0.030423,0.47,0.0334,0.0022,0.0
discard2,"Deal 5, discard 2",5,10000000,22260932,Point total (Tam),"8 points, 9-7-2, control 9♣","(1, 8, 0, 9, 7, 2, 1)",15,642,0.02470219,14862,0.02477,0.4495,0.0377,0.0027,0.0
discard2,"Deal 5, discard 2",5,10000000,22260932,Point total (Tam),"8 points, 9-6-3, control 9♠","(1, 8, 0, 9, 6, 3, 4)",15,1167,0.04490258,26954,0.044923,0.4304,0.0245,0.0022,0.0
discard2,"Deal 5, discard 2",5,10000000,22260932,Point total (Tam),"8 points, 9-6-3, control 9♥","(1, 8, 0, 9, 6, 3, 3)",15,1005,0.03866931,23011,0.038352,0.4176,0.0252,0.0017,0.0
discard2,"Deal 5, discard 2",5,10000000,22260932,Point total (Tam),"8 points, 9-6-3, control 9♦","(1, 8, 0, 9, 6, 3, 2)",15,843,0.03243605,19593,0.032655,0.4047,0.0276,0.001,0.0
discard2,"Deal 5, discard 2",5,10000000,22260932,Point total (Tam),"8 points, 9-6-3, control 9♣","(1, 8, 0, 9, 6, 3, 1)",15,681,0.02620279,15743,0.026238,0.3849,0.0254,0.0,0.0
discard2,"Deal 5, discard 2",5,10000000,22260932,Point total (Tam),"8 points, 9-5-4, control 9♠","(1, 8, 0, 9, 5, 4, 4)",15,897,0.03451381,20736,0.03456,0.4596,0.0333,0.0019,0.0
discard2,"Deal 5, discard 2",5,10000000,22260932,Point total (Tam),"8 points, 9-5-4, control 9♥","(1, 8, 0, 9, 5, 4, 3)",15,753,0.02897313,17191,0.028652,0.4758,0.0384,0.0035,0.0
discard2,"Deal 5, discard 2",5,10000000,22260932,Point total (Tam),"8 points, 9-5-4, control 9♦","(1, 8, 0, 9, 5, 4, 2)",15,609,0.02343245,13918,0.023197,0.4656,0.0244,0.0,0.0
discard2,"Deal 5, discard 2",5,10000000,22260932,Point total (Tam),"8 points, 9-5-4, control 9♣","(1, 8, 0, 9, 5, 4, 1)",15,465,0.01789177,10940,0.018233,0.4461,0.021,0.0,0.0
discard2,"Deal 5, discard 2",5,10000000,22260932,Point total (Tam),"8 points, 8-7-3, control 8♠","(1, 8, 0, 8, 7, 3, 4)",15,996,0.03832302,22829,0.038048,0.4061,0.0254,0.0018,0.0
discard2,"Deal 5, discard 2",5,10000000,22260932,Point total (Tam),"8 points, 8-7-3, control 8♥","(1, 8, 0, 8, 7, 3, 3)",15,996,0.03832302,23312,0.038853,0.435,0.0266,0.0026,0.0
discard2,"Deal 5, discard 2",5,10000000,22260932,Point total (Tam),"8 points, 8-7-3, control 8♦","(1, 8, 0, 8, 7, 3, 2)",15,996,0.03832302,22879,0.038132,0.4148,0.0258,0.0026,0.0
discard2,"Deal 5, discard 2",5,10000000,22260932,Point total (Tam),"8 points, 8-7-3, control 8♣","(1, 8, 0, 8, 7, 3, 1)",15,996,0.03832302,22829,0.038048,0.396,0.0228,0.0018,0.0
discard2,"Deal 5, discard 2",5,10000000,22260932,Point total (Tam),"8 points, 8-6-4, control 8♠","(1, 8, 0, 8, 6, 4, 4)",15,1395,0.05367532,31969,0.053282,0.3807,0.0238,0.0006,0.0
discard2,"Deal 5, discard 2",5,10000000,22260932,Point total (Tam),"8 points, 8-6-4, control 8♥","(1, 8, 0, 8, 6, 4, 3)",15,1149,0.04420999,26538,0.04423,0.3693,0.0207,0.0015,0.0
discard2,"Deal 5, discard 2",5,10000000,22260932,Point total (Tam),"8 points, 8-6-4, control 8♦","(1, 8, 0, 8, 6, 4, 2)",15,903,0.03474467,20766,0.03461,0.3376,0.0164,0.0019,0.0
discard2,"Deal 5, discard 2",5,10000000,22260932,Point total (Tam),"8 points, 8-6-4, control 8♣","(1, 8, 0, 8, 6, 4, 1)",15,657,0.02527934,15062,0.025103,0.3273,0.0173,0.0013,0.0
discard2,"Deal 5, discard 2",5,10000000,22260932,Point total (Tam),"7 points, pair A, kicker 5♠","(1, 7, 1, 14, 5, 4)",6,1035,0.03982362,23671,0.039452,0.2835,0.0161,0.0,0.0
discard2,"Deal 5, discard 2",5,10000000,22260932,Point total (Tam),"7 points, pair A, kicker 5♥","(1, 7, 1, 14, 5, 3)",6,945,0.0363607,21941,0.036568,0.2657,0.0128,0.0,0.0
discard2,"Deal 5, discard 2",5,10000000,22260932,Point total (Tam),"7 points, pair A, kicker 5♦","(1, 7, 1, 14, 5, 2)",6,855,0.03289777,19675,0.032792,0.2846,0.0152,0.0,0.0
discard2,"Deal 5, discard 2",5,10000000,22260932,Point total (Tam),"7 points, pair A, kicker 5♣","(1, 7, 1, 14, 5, 1)",6,765,0.02943485,17604,0.02934,0.2755,0.0114,0.0,0.0
discard2,"Deal 5, discard 2",5,10000000,22260932,Point total (Tam),"7 points, pair K, kicker 7♠","(1, 7, 1, 13, 7, 4)",6,621,0.02389417,14452,0.024087,0.2816,0.0083,0.0,0.0
discard2,"Deal 5, discard 2",5,10000000,22260932,Point total (Tam),"7 points, pair K, kicker 7♥","(1, 7, 1, 13, 7, 3)",6,567,0.02181642,13066,0.021777,0.2503,0.0115,0.0015,0.0
discard2,"Deal 5, discard 2",5,10000000,22260932,Point total (Tam),"7 points, pair K, kicker 7♦","(1, 7, 1, 13, 7, 2)",6,513,0.01973866,11911,0.019852,0.2737,0.0092,0.0,0.0
discard2,"Deal 5, discard 2",5,10000000,22260932,Point total (Tam),"7 points, pair K, kicker 7♣","(1, 7, 1, 13, 7, 1)",6,459,0.01766091,10388,0.017313,0.2233,0.0106,0.0,0.0
discard2,"Deal 5, discard 2",5,10000000,22260932,Point total (Tam),"7 points, pair Q, kicker 7♠","(1, 7, 1, 12, 7, 4)",6,621,0.02389417,14394,0.02399,0.3008,0.0146,0.0014,0.0
discard2,"Deal 5, discard 2",5,10000000,22260932,Point total (Tam),"7 points, pair Q, kicker 7♥","(1, 7, 1, 12, 7, 3)",6,567,0.02181642,12972,0.02162,0.2914,0.01,0.0,0.0
discard2,"Deal 5, discard 2",5,10000000,22260932,Point total (Tam),"7 points, pair Q, kicker 7♦","(1, 7, 1, 12, 7, 2)",6,513,0.01973866,11778,0.01963,0.2878,0.0102,0.0,0.0
discard2,"Deal 5, discard 2",5,10000000,22260932,Point total (Tam),"7 points, pair Q, kicker 7♣","(1, 7, 1, 12, 7, 1)",6,459,0.01766091,10518,0.01753,0.2748,0.0219,0.0038,0.0
discard2,"Deal 5, discard 2",5,10000000,22260932,Point total (Tam),"7 points, pair J, kicker 7♠","(1, 7, 1, 11, 7, 4)",6,621,0.02389417,14498,0.024163,0.2869,0.0117,0.0,0.0
discard2,"Deal 5, discard 2",5,10000000,22260932,Point total (Tam),"7 points, pair J, kicker 7♥","(1, 7, 1, 11, 7, 3)",6,567,0.02181642,13021,0.021702,0.2772,0.0169,0.0015,0.0
discard2,"Deal 5, discard 2",5,10000000,22260932,Point total (Tam),"7 points, pair J, kicker 7♦","(1, 7, 1, 11, 7, 2)",6,513,0.01973866,11717,0.019528,0.2552,0.0128,0.0,0.0
discard2,"Deal 5, discard 2",5,10000000,22260932,Point total (Tam),"7 points, pair J, kicker 7♣","(1, 7, 1, 11, 7, 1)",6,459,0.01766091,10592,0.017653,0.2728,0.0179,0.0,0.0
discard2,"Deal 5, discard 2",5,10000000,22260932,Point total (Tam),"7 points, pair 10, kicker 7♠","(1, 7, 1, 10, 7, 4)",6,1332,0.05125127,30727,0.051212,0.22,0.0117,0.0007,0.0
discard2,"Deal 5, discard 2",5,10000000,22260932,Point total (Tam),"7 points, pair 10, kicker 7♥","(1, 7, 1, 10, 7, 3)",6,1242,0.04778835,28448,0.047413,0.2151,0.012,0.0,0.0
discard2,"Deal 5, discard 2",5,10000000,22260932,Point total (Tam),"7 points, pair 10, kicker 7♦","(1, 7, 1, 10, 7, 2)",6,1152,0.04432542,26726,0.044543,0.2166,0.0075,0.0,0.0
discard2,"Deal 5, discard 2",5,10000000,22260932,Point total (Tam),"7 points, pair 10, kicker 7♣","(1, 7, 1, 10, 7, 1)",6,1062,0.0408625,24536,0.040893,0.1973,0.0098,0.0008,0.0
discard2,"Deal 5, discard 2",5,10000000,22260932,Point total (Tam),"7 points, pair 8, kicker A♠","(1, 7, 1, 8, 14, 4)",6,234,0.0090036,5340,0.0089,0.309,0.015,0.0,0.0
discard2,"Deal 5, discard 2",5,10000000,22260932,Point total (Tam),"7 points, pair 8, kicker A♥","(1, 7, 1, 8, 14, 3)",6,216,0.00831102,4976,0.008293,0.3497,0.0121,0.0,0.0
discard2,"Deal 5, discard 2",5,10000000,22260932,Point total (Tam),"7 points, pair 8, kicker A♦","(1, 7, 1, 8, 14, 2)",6,198,0.00761843,4599,0.007665,0.3544,0.0196,0.0,0.0
discard2,"Deal 5, discard 2",5,10000000,22260932,Point total (Tam),"7 points, pair 8, kicker A♣","(1, 7, 1, 8, 14, 1)",6,180,0.00692585,4107,0.006845,0.3384,0.0122,0.0,0.0
discard2,"Deal 5, discard 2",5,10000000,22260932,Point total (Tam),"7 points, pair 7, kicker 3♠","(1, 7, 1, 7, 3, 4)",6,855,0.03289777,19555,0.032592,0.269,0.0153,0.001,0.0
discard2,"Deal 5, discard 2",5,10000000,22260932,Point total (Tam),"7 points, pair 7, kicker 3♥","(1, 7, 1, 7, 3, 3)",6,747,0.02874227,17336,0.028893,0.2809,0.0138,0.0012,0.0
discard2,"Deal 5, discard 2",5,10000000,22260932,Point total (Tam),"7 points, pair 7, kicker 3♦","(1, 7, 1, 7, 3, 2)",6,639,0.02458676,14957,0.024928,0.2841,0.0094,0.0013,0.0
discard2,"Deal 5, discard 2",5,10000000,22260932,Point total (Tam),"7 points, pair 7, kicker 3♣","(1, 7, 1, 7, 3, 1)",6,531,0.02043125,12618,0.02103,0.2702,0.0103,0.0,0.0
discard2,"Deal 5, discard 2",5,10000000,22260932,Point total (Tam),"7 points, pair 6, kicker 5♠","(1, 7, 1, 6, 5, 4)",6,1611,0.06198633,37286,0.062143,0.2229,0.0107,0.0,0.0
discard2,"Deal 5, discard 2",5,10000000,22260932,Point total (Tam),"7 points, pair 6, kicker 5♥","(1, 7, 1, 6, 5, 3)",6,1485,0.05713824,34199,0.056998,0.2304,0.0111,0.0,0.0
discard2,"Deal 5, discard 2",5,10000000,22260932,Point total (Tam),"7 points, pair 6, kicker 5♦","(1, 7, 1, 6, 5, 2)",6,1359,0.05229015,31513,0.052522,0.2269,0.0111,0.0,0.0
discard2,"Deal 5, discard 2",5,10000000,22260932,Point total (Tam),"7 points, pair 6, kicker 5♣","(1, 7, 1, 6, 5, 1)",6,1233,0.04744205,28114,0.046857,0.217,0.011,0.0007,0.0
discard2,"Deal 5, discard 2",5,10000000,22260932,Point total (Tam),"7 points, pair 5, kicker 7♠","(1, 7, 1, 5, 7, 4)",6,621,0.02389417,14404,0.024007,0.2402,0.0111,0.0,0.0
discard2,"Deal 5, discard 2",5,10000000,22260932,Point total (Tam),"7 points, pair 5, kicker 7♥","(1, 7, 1, 5, 7, 3)",6,621,0.02389417,14215,0.023692,0.2547,0.0106,0.0014,0.0
discard2,"Deal 5, discard 2",5,10000000,22260932,Point total (Tam),"7 points, pair 5, kicker 7♦","(1, 7, 1, 5, 7, 2)",6,621,0.02389417,14176,0.023627,0.2554,0.0099,0.0,0.0
discard2,"Deal 5, discard 2",5,10000000,22260932,Point total (Tam),"7 points, pair 5, kicker 7♣","(1, 7, 1, 5, 7, 1)",6,621,0.02389417,14446,0.024077,0.2644,0.0118,0.0,0.0
discard2,"Deal 5, discard 2",5,10000000,22260932,Point total (Tam),"7 points, pair 4, kicker 9♠","(1, 7, 1, 4, 9, 4)",6,333,0.01281282,7640,0.012733,0.2592,0.0105,0.0,0.0
discard2,"Deal 5, discard 2",5,10000000,22260932,Point total (Tam),"7 points, pair 4, kicker 9♥","(1, 7, 1, 4, 9, 3)",6,261,0.01004248,6091,0.010152,0.2397,0.0049,0.0,0.0
discard2,"Deal 5, discard 2",5,10000000,22260932,Point total (Tam),"7 points, pair 4, kicker 9♦","(1, 7, 1, 4, 9, 2)",6,189,0.00727214,4406,0.007343,0.3132,0.0272,0.0,0.0
discard2,"Deal 5, discard 2",5,10000000,22260932,Point total (Tam),"7 points, pair 4, kicker 9♣","(1, 7, 1, 4, 9, 1)",6,117,0.0045018,2764,0.004607,0.2967,0.0145,0.0,0.0
discard2,"Deal 5, discard 2",5,10000000,22260932,Point total (Tam),"7 points, pair 3, kicker A♠","(1, 7, 1, 3, 14, 4)",6,1152,0.04432542,26265,0.043775,0.185,0.0084,0.0008,0.0
discard2,"Deal 5, discard 2",5,10000000,22260932,Point total (Tam),"7 points, pair 3, kicker A♥","(1, 7, 1, 3, 14, 3)",6,1044,0.04016991,24126,0.04021,0.1641,0.0066,0.0,0.0
discard2,"Deal 5, discard 2",5,10000000,22260932,Point total (Tam),"7 points, pair 3, kicker A♦","(1, 7, 1, 3, 14, 2)",6,936,0.03601441,21537,0.035895,0.2029,0.0107,0.0009,0.0
discard2,"Deal 5, discard 2",5,10000000,22260932,Point total (Tam),"7 points, pair 3, kicker A♣","(1, 7, 1, 3, 14, 1)",6,828,0.0318589,19007,0.031678,0.1673,0.0053,0.0,0.0
discard2,"Deal 5, discard 2",5,10000000,22260932,Point total (Tam),"7 points, pair 2, kicker 3♠","(1, 7, 1, 2, 3, 4)",6,1170,0.04501801,26780,0.044633,0.1987,0.0082,0.0,0.0
discard2,"Deal 5, discard 2",5,10000000,22260932,Point total (Tam),"7 points, pair 2, kicker 3♥","(1, 7, 1, 2, 3, 3)",6,1170,0.04501801,27260,0.045433,0.2062,0.0099,0.0,0.0
discard2,"Deal 5, discard 2",5,10000000,22260932,Point total (Tam),"7 points, pair 2, kicker 3♦","(1, 7, 1, 2, 3, 2)",6,1170,0.04501801,26868,0.04478,0.2043,0.0104,0.0007,0.0
discard2,"Deal 5, discard 2",5,10000000,22260932,Point total (Tam),"7 points, pair 2, kicker 3♣","(1, 7, 1, 2, 3, 1)",6,1170,0.04501801,26772,0.04462,0.1898,0.0056,0.0,0.0
discard2,"Deal 5, discard 2",5,10000000,22260932,Point total (Tam),"7 points, A-K-6, control A♠","(1, 7, 0, 14, 13, 6, 4)",15,1494,0.05748453,34719,0.057865,0.1319,0.0037,0.0,0.0
discard2,"Deal 5, discard 2",5,10000000,22260932,Point total (Tam),"7 points, A-K-6, control A♥","(1, 7, 0, 14, 13, 6, 3)",15,1494,0.05748453,34315,0.057192,0.1387,0.0038,0.0,0.0
discard2,"Deal 5, discard 2",5,10000000,22260932,Point total (Tam),"7 points, A-K-6, control A♦","(1, 7, 0, 14, 13, 6, 2)",15,1494,0.05748453,34547,0.057578,0.1392,0.0067,0.0006,0.0
discard2,"Deal 5, discard 2",5,10000000,22260932,Point total (Tam),"7 points, A-K-6, control A♣","(1, 7, 0, 14, 13, 6, 1)",15,1494,0.05748453,34658,0.057763,0.1457,0.0063,0.0,0.0
discard2,"Deal 5, discard 2",5,10000000,22260932,Point total (Tam),"7 points, A-Q-6, control A♠","(1, 7, 0, 14, 12, 6, 4)",15,1344,0.05171299,30786,0.05131,0.1416,0.0039,0.0,0.0
discard2,"Deal 5, discard 2",5,10000000,22260932,Point total (Tam),"7 points, A-Q-6, control A♥","(1, 7, 0, 14, 12, 6, 3)",15,1344,0.05171299,31109,0.051848,0.1353,0.0042,0.0,0.0
discard2,"Deal 5, discard 2",5,10000000,22260932,Point total (Tam),"7 points, A-Q-6, control A♦","(1, 7, 0, 14, 12, 6, 2)",15,1344,0.05171299,31038,0.05173,0.1269,0.0035,0.0006,0.0
discard2,"Deal 5, discard 2",5,10000000,22260932,Point total (Tam),"7 points, A-Q-6, control A♣","(1, 7, 0, 14, 12, 6, 1)",15,1344,0.05171299,30971,0.051618,0.1337,0.0036,0.0,0.0
discard2,"Deal 5, discard 2",5,10000000,22260932,Point total (Tam),"7 points, A-J-6, control A♠","(1, 7, 0, 14, 11, 6, 4)",15,981,0.03774587,22481,0.037468,0.1232,0.0022,0.0009,0.0
discard2,"Deal 5, discard 2",5,10000000,22260932,Point total (Tam),"7 points, A-J-6, control A♥","(1, 7, 0, 14, 11, 6, 3)",15,981,0.03774587,22662,0.03777,0.135,0.0026,0.0,0.0
discard2,"Deal 5, discard 2",5,10000000,22260932,Point total (Tam),"7 points, A-J-6, control A♦","(1, 7, 0, 14, 11, 6, 2)",15,981,0.03774587,22825,0.038042,0.1244,0.0026,0.0,0.0
discard2,"Deal 5, discard 2",5,10000000,22260932,Point total (Tam),"7 points, A-J-6, control A♣","(1, 7, 0, 14, 11, 6, 1)",15,981,0.03774587,22873,0.038122,0.1443,0.0044,0.0,0.0
discard2,"Deal 5, discard 2",5,10000000,22260932,Point total (Tam),"7 points, A-10-6, control A♠","(1, 7, 0, 14, 10, 6, 4)",15,492,0.01893065,11487,0.019145,0.1071,0.0026,0.0,0.0
discard2,"Deal 5, discard 2",5,10000000,22260932,Point total (Tam),"7 points, A-10-6, control A♥","(1, 7, 0, 14, 10, 6, 3)",15,492,0.01893065,11404,0.019007,0.1026,0.0026,0.0,0.0
discard2,"Deal 5, discard 2",5,10000000,22260932,Point total (Tam),"7 points, A-10-6, control A♦","(1, 7, 0, 14, 10, 6, 2)",15,492,0.01893065,11456,0.019093,0.1109,0.0052,0.0,0.0
discard2,"Deal 5, discard 2",5,10000000,22260932,Point total (Tam),"7 points, A-10-6, control A♣","(1, 7, 0, 14, 10, 6, 1)",15,492,0.01893065,11505,0.019175,0.1113,0.0078,0.0017,0.0
discard2,"Deal 5, discard 2",5,10000000,22260932,Point total (Tam),"7 points, A-9-7, control A♠","(1, 7, 0, 14, 9, 7, 4)",15,63,0.00242405,1456,0.002427,0.1648,0.0,0.0,0.0
discard2,"Deal 5, discard 2",5,10000000,22260932,Point total (Tam),"7 points, A-9-7, control A♥","(1, 7, 0, 14, 9, 7, 3)",15,63,0.00242405,1472,0.002453,0.197,0.0068,0.0,0.0
discard2,"Deal 5, discard 2",5,10000000,22260932,Point total (Tam),"7 points, A-9-7, control A♦","(1, 7, 0, 14, 9, 7, 2)",15,63,0.00242405,1470,0.00245,0.1973,0.0272,0.0,0.0
discard2,"Deal 5, discard 2",5,10000000,22260932,Point total (Tam),"7 points, A-9-7, control A♣","(1, 7, 0, 14, 9, 7, 1)",15,63,0.00242405,1442,0.002403,0.1387,0.0,0.0,0.0
discard2,"Deal 5, discard 2",5,10000000,22260932,Point total (Tam),"7 points, A-4-2, control A♠","(1, 7, 0, 14, 4, 2, 4)",15,2358,0.0907286,53998,0.089997,0.1306,0.0065,0.0004,0.0
discard2,"Deal 5, discard 2",5,10000000,22260932,Point total (Tam),"7 points, A-4-2, control A♥","(1, 7, 0, 14, 4, 2, 3)",15,2106,0.08103241,48997,0.081662,0.1253,0.0035,0.0,0.0
discard2,"Deal 5, discard 2",5,10000000,22260932,Point total (Tam),"7 points, A-4-2, control A♦","(1, 7, 0, 14, 4, 2, 2)",15,1854,0.07133623,43024,0.071707,0.1123,0.0046,0.0005,0.0
discard2,"Deal 5, discard 2",5,10000000,22260932,Point total (Tam),"7 points, A-4-2, control A♣","(1, 7, 0, 14, 4, 2, 1)",15,1602,0.06164004,37078,0.061797,0.1073,0.0043,0.0005,0.0
discard2,"Deal 5, discard 2",5,10000000,22260932,Point total (Tam),"7 points, K-Q-7, control K♠","(1, 7, 0, 13, 12, 7, 4)",15,1089,0.04190138,25269,0.042115,0.0977,0.0016,0.0,0.0
discard2,"Deal 5, discard 2",5,10000000,22260932,Point total (Tam),"7 points, K-Q-7, control K♥","(1, 7, 0, 13, 12, 7, 3)",15,1089,0.04190138,25310,0.042183,0.0964,0.0024,0.0,0.0
discard2,"Deal 5, discard 2",5,10000000,22260932,Point total (Tam),"7 points, K-Q-7, control K♦","(1, 7, 0, 13, 12, 7, 2)",15,1089,0.04190138,24943,0.041572,0.101,0.0032,0.0008,0.0
discard2,"Deal 5, discard 2",5,10000000,22260932,Point total (Tam),"7 points, K-Q-7, control K♣","(1, 7, 0, 13, 12, 7, 1)",15,1089,0.04190138,25125,0.041875,0.0915,0.0024,0.0008,0.0
discard2,"Deal 5, discard 2",5,10000000,22260932,Point total (Tam),"7 points, K-J-7, control K♠","(1, 7, 0, 13, 11, 7, 4)",15,1089,0.04190138,25149,0.041915,0.0994,0.0036,0.0,0.0
discard2,"Deal 5, discard 2",5,10000000,22260932,Point total (Tam),"7 points, K-J-7, control K♥","(1, 7, 0, 13, 11, 7, 3)",15,1089,0.04190138,25043,0.041738,0.0906,0.0028,0.0,0.0
discard2,"Deal 5, discard 2",5,10000000,22260932,Point total (Tam),"7 points, K-J-7, control K♦","(1, 7, 0, 13, 11, 7, 2)",15,1089,0.04190138,25179,0.041965,0.0882,0.0024,0.0,0.0
discard2,"Deal 5, discard 2",5,10000000,22260932,Point total (Tam),"7 points, K-J-7, control K♣","(1, 7, 0, 13, 11, 7, 1)",15,1089,0.04190138,25013,0.041688,0.0944,0.0028,0.0,0.0
discard2,"Deal 5, discard 2",5,10000000,22260932,Point total (Tam),"7 points, K-10-7, control K♠","(1, 7, 0, 13, 10, 7, 4)",15,426,0.01639117,9847,0.016412,0.0609,0.002,0.0,0.0
discard2,"Deal 5, discard 2",5,10000000,22260932,Point total (Tam),"7 points, K-10-7, control K♥","(1, 7, 0, 13, 10, 7, 3)",15,426,0.01639117,10057,0.016762,0.0746,0.0,0.0,0.0
discard2,"Deal 5, discard 2",5,10000000,22260932,Point total (Tam),"7 points, K-10-7, control K♦","(1, 7, 0, 13, 10, 7, 2)",15,426,0.01639117,9791,0.016318,0.0838,0.0031,0.0,0.0
discard2,"Deal 5, discard 2",5,10000000,22260932,Point total (Tam),"7 points, K-10-7, control K♣","(1, 7, 0, 13, 10, 7, 1)",15,426,0.01639117,9710,0.016183,0.0875,0.001,0.0,0.0
discard2,"Deal 5, discard 2",5,10000000,22260932,Point total (Tam),"7 points, K-9-8, control K♠","(1, 7, 0, 13, 9, 8, 4)",15,465,0.01789177,10886,0.018143,0.102,0.0037,0.0,0.0
discard2,"Deal 5, discard 2",5,10000000,22260932,Point total (Tam),"7 points, K-9-8, control K♥","(1, 7, 0, 13, 9, 8, 3)",15,465,0.01789177,10920,0.0182,0.1026,0.0018,0.0,0.0
discard2,"Deal 5, discard 2",5,10000000,22260932,Point total (Tam),"7 points, K-9-8, control K♦","(1, 7, 0, 13, 9, 8, 2)",15,465,0.01789177,10605,0.017675,0.0896,0.0028,0.0,0.0
discard2,"Deal 5, discard 2",5,10000000,22260932,Point total (Tam),"7 points, K-9-8, control K♣","(1, 7, 0, 13, 9, 8, 1)",15,465,0.01789177,10803,0.018005,0.1018,0.0019,0.0,0.0
discard2,"Deal 5, discard 2",5,10000000,22260932,Point total (Tam),"7 points, K-5-2, control K♠","(1, 7, 0, 13, 5, 2, 4)",15,732,0.02816511,16831,0.028052,0.0749,0.0036,0.0,0.0
discard2,"Deal 5, discard 2",5,10000000,22260932,Point total (Tam),"7 points, K-5-2, control K♥","(1, 7, 0, 13, 5, 2, 3)",15,672,0.0258565,15501,0.025835,0.0742,0.0019,0.0,0.0
discard2,"Deal 5, discard 2",5,10000000,22260932,Point total (Tam),"7 points, K-5-2, control K♦","(1, 7, 0, 13, 5, 2, 2)",15,612,0.02354788,14180,0.023633,0.0614,0.0007,0.0,0.0
discard2,"Deal 5, discard 2",5,10000000,22260932,Point total (Tam),"7 points, K-5-2, control K♣","(1, 7, 0, 13, 5, 2, 1)",15,552,0.02123926,12549,0.020915,0.0757,0.0,0.0,0.0
discard2,"Deal 5, discard 2",5,10000000,22260932,Point total (Tam),"7 points, K-4-3, control K♠","(1, 7, 0, 13, 4, 3, 4)",15,921,0.03543725,21355,0.035592,0.0646,0.0019,0.0,0.0
discard2,"Deal 5, discard 2",5,10000000,22260932,Point total (Tam),"7 points, K-4-3, control K♥","(1, 7, 0, 13, 4, 3, 3)",15,861,0.03312864,19790,0.032983,0.0586,0.001,0.0,0.0
discard2,"Deal 5, discard 2",5,10000000,22260932,Point total (Tam),"7 points, K-4-3, control K♦","(1, 7, 0, 13, 4, 3, 2)",15,801,0.03082002,18572,0.030953,0.0684,0.0027,0.0,0.0
discard2,"Deal 5, discard 2",5,10000000,22260932,Point total (Tam),"7 points, K-4-3, control K♣","(1, 7, 0, 13, 4, 3, 1)",15,741,0.0285114,17116,0.028527,0.0625,0.0006,0.0,0.0
discard2,"Deal 5, discard 2",5,10000000,22260932,Point total (Tam),"7 points, Q-J-7, control Q♠","(1, 7, 0, 12, 11, 7, 4)",15,426,0.01639117,9899,0.016498,0.0818,0.001,0.0,0.0
discard2,"Deal 5, discard 2",5,10000000,22260932,Point total (Tam),"7 points, Q-J-7, control Q♥","(1, 7, 0, 12, 11, 7, 3)",15,426,0.01639117,9817,0.016362,0.0703,0.0071,0.0,0.0
discard2,"Deal 5, discard 2",5,10000000,22260932,Point total (Tam),"7 points, Q-J-7, control Q♦","(1, 7, 0, 12, 11, 7, 2)",15,426,0.01639117,9799,0.016332,0.0663,0.001,0.0,0.0
discard2,"Deal 5, discard 2",5,10000000,22260932,Point total (Tam),"7 points, Q-J-7, control Q♣","(1, 7, 0, 12, 11, 7, 1)",15,426,0.01639117,9875,0.016458,0.1033,0.0051,0.0,0.0
discard2,"Deal 5, discard 2",5,10000000,22260932,Point total (Tam),"7 points, Q-10-7, control Q♠","(1, 7, 0, 12, 10, 7, 4)",15,426,0.01639117,10008,0.01668,0.06,0.0,0.0,0.0
discard2,"Deal 5, discard 2",5,10000000,22260932,Point total (Tam),"7 points, Q-10-7, control Q♥","(1, 7, 0, 12, 10, 7, 3)",15,426,0.01639117,9832,0.016387,0.0549,0.001,0.0,0.0
discard2,"Deal 5, discard 2",5,10000000,22260932,Point total (Tam),"7 points, Q-10-7, control Q♦","(1, 7, 0, 12, 10, 7, 2)",15,426,0.01639117,9844,0.016407,0.0569,0.0,0.0,0.0
discard2,"Deal 5, discard 2",5,10000000,22260932,Point total (Tam),"7 points, Q-10-7, control Q♣","(1, 7, 0, 12, 10, 7, 1)",15,426,0.01639117,9872,0.016453,0.0517,0.001,0.0,0.0
discard2,"Deal 5, discard 2",5,10000000,22260932,Point total (Tam),"7 points, Q-9-8, control Q♠","(1, 7, 0, 12, 9, 8, 4)",15,465,0.01789177,10938,0.01823,0.0777,0.0018,0.0,0.0
discard2,"Deal 5, discard 2",5,10000000,22260932,Point total (Tam),"7 points, Q-9-8, control Q♥","(1, 7, 0, 12, 9, 8, 3)",15,465,0.01789177,10615,0.017692,0.0801,0.0,0.0,0.0
discard2,"Deal 5, discard 2",5,10000000,22260932,Point total (Tam),"7 points, Q-9-8, control Q♦","(1, 7, 0, 12, 9, 8, 2)",15,465,0.01789177,10763,0.017938,0.0595,0.0,0.0,0.0
discard2,"Deal 5, discard 2",5,10000000,22260932,Point total (Tam),"7 points, Q-9-8, control Q♣","(1, 7, 0, 12, 9, 8, 1)",15,465,0.01789177,10663,0.017772,0.091,0.0009,0.0,0.0
discard2,"Deal 5, discard 2",5,10000000,22260932,Point total (Tam),"7 points, Q-5-2, control Q♠","(1, 7, 0, 12, 5, 2, 4)",15,369,0.01419799,8583,0.014305,0.0571,0.0012,0.0,0.0
discard2,"Deal 5, discard 2",5,10000000,22260932,Point total (Tam),"7 points, Q-5-2, control Q♥","(1, 7, 0, 12, 5, 2, 3)",15,309,0.01188937,7266,0.01211,0.0495,0.0,0.0,0.0
discard2,"Deal 5, discard 2",5,10000000,22260932,Point total (Tam),"7 points, Q-5-2, control Q♦","(1, 7, 0, 12, 5, 2, 2)",15,249,0.00958076,5655,0.009425,0.0566,0.0018,0.0,0.0
discard2,"Deal 5, discard 2",5,10000000,22260932,Point total (Tam),"7 points, Q-5-2, control Q♣","(1, 7, 0, 12, 5, 2, 1)",15,189,0.00727214,4349,0.007248,0.0621,0.0023,0.0,0.0
discard2,"Deal 5, discard 2",5,10000000,22260932,Point total (Tam),"7 points, Q-4-3, control Q♠","(1, 7, 0, 12, 4, 3, 4)",15,558,0.02147013,12803,0.021338,0.0484,0.0008,0.0,0.0
discard2,"Deal 5, discard 2",5,10000000,22260932,Point total (Tam),"7 points, Q-4-3, control Q♥","(1, 7, 0, 12, 4, 3, 3)",15,498,0.01916151,11287,0.018812,0.0452,0.0009,0.0,0.0
discard2,"Deal 5, discard 2",5,10000000,22260932,Point total (Tam),"7 points, Q-4-3, control Q♦","(1, 7, 0, 12, 4, 3, 2)",15,438,0.0168529,10151,0.016918,0.0581,0.001,0.0,0.0
discard2,"Deal 5, discard 2",5,10000000,22260932,Point total (Tam),"7 points, Q-4-3, control Q♣","(1, 7, 0, 12, 4, 3, 1)",15,378,0.01454428,8606,0.014343,0.0523,0.0023,0.0,0.0
discard2,"Deal 5, discard 2",5,10000000,22260932,Point total (Tam),"7 points, J-10-7, control J♠","(1, 7, 0, 11, 10, 7, 4)",15,426,0.01639117,9829,0.016382,0.0366,0.0,0.0,0.0
discard2,"Deal 5, discard 2",5,10000000,22260932,Point total (Tam),"7 points, J-10-7, control J♥","(1, 7, 0, 11, 10, 7, 3)",15,426,0.01639117,9734,0.016223,0.0401,0.0,0.0,0.0
discard2,"Deal 5, discard 2",5,10000000,22260932,Point total (Tam),"7 points, J-10-7, control J♦","(1, 7, 0, 11, 10, 7, 2)",15,426,0.01639117,10034,0.016723,0.0478,0.003,0.0,0.0
discard2,"Deal 5, discard 2",5,10000000,22260932,Point total (Tam),"7 points, J-10-7, control J♣","(1, 7, 0, 11, 10, 7, 1)",15,426,0.01639117,9915,0.016525,0.0393,0.0,0.0,0.0
discard2,"Deal 5, discard 2",5,10000000,22260932,Point total (Tam),"7 points, J-9-8, control J♠","(1, 7, 0, 11, 9, 8, 4)",15,465,0.01789177,10874,0.018123,0.057,0.0018,0.0,0.0
discard2,"Deal 5, discard 2",5,10000000,22260932,Point total (Tam),"7 points, J-9-8, control J♥","(1, 7, 0, 11, 9, 8, 3)",15,465,0.01789177,10669,0.017782,0.0694,0.0019,0.0,0.0
discard2,"Deal 5, discard 2",5,10000000,22260932,Point total (Tam),"7 points, J-9-8, control J♦","(1, 7, 0, 11, 9, 8, 2)",15,465,0.01789177,10737,0.017895,0.055,0.0009,0.0,0.0
discard2,"Deal 5, discard 2",5,10000000,22260932,Point total (Tam),"7 points, J-9-8, control J♣","(1, 7, 0, 11, 9, 8, 1)",15,465,0.01789177,10722,0.01787,0.0513,0.0,0.0,0.0
discard2,"Deal 5, discard 2",5,10000000,22260932,Point total (Tam),"7 points, J-5-2, control J♠","(1, 7, 0, 11, 5, 2, 4)",15,306,0.01177394,7046,0.011743,0.0355,0.0,0.0,0.0
discard2,"Deal 5, discard 2",5,10000000,22260932,Point total (Tam),"7 points, J-5-2, control J♥","(1, 7, 0, 11, 5, 2, 3)",15,246,0.00946532,5706,0.00951,0.021,0.0018,0.0,0.0
discard2,"Deal 5, discard 2",5,10000000,22260932,Point total (Tam),"7 points, J-5-2, control J♦","(1, 7, 0, 11, 5, 2, 2)",15,186,0.00715671,4296,0.00716,0.0349,0.0,0.0,0.0
discard2,"Deal 5, discard 2",5,10000000,22260932,Point total (Tam),"7 points, J-5-2, control J♣","(1, 7, 0, 11, 5, 2, 1)",15,126,0.00484809,2911,0.004852,0.0206,0.0,0.0,0.0
discard2,"Deal 5, discard 2",5,10000000,22260932,Point total (Tam),"7 points, J-4-3, control J♠","(1, 7, 0, 11, 4, 3, 4)",15,495,0.01904608,11549,0.019248,0.0398,0.0,0.0,0.0
discard2,"Deal 5, discard 2",5,10000000,22260932,Point total (Tam),"7 points, J-4-3, control J♥","(1, 7, 0, 11, 4, 3, 3)",15,435,0.01673746,10103,0.016838,0.0426,0.0,0.0,0.0
discard2,"Deal 5, discard 2",5,10000000,22260932,Point total (Tam),"7 points, J-4-3, control J♦","(1, 7, 0, 11, 4, 3, 2)",15,375,0.01442885,8730,0.01455,0.0424,0.0,0.0,0.0
discard2,"Deal 5, discard 2",5,10000000,22260932,Point total (Tam),"7 points, J-4-3, control J♣","(1, 7, 0, 11, 4, 3, 1)",15,315,0.01212023,7388,0.012313,0.0393,0.0,0.0,0.0
discard2,"Deal 5, discard 2",5,10000000,22260932,Point total (Tam),"7 points, 10-5-2, control 10♠","(1, 7, 0, 10, 5, 2, 4)",15,54,0.00207775,1257,0.002095,0.0159,0.0,0.0,0.0
discard2,"Deal 5, discard 2",5,10000000,22260932,Point total (Tam),"7 points, 10-5-2, control 10♥","(1, 7, 0, 10, 5, 2, 3)",15,36,0.00138517,838,0.001397,0.0119,0.0,0.0,0.0
discard2,"Deal 5, discard 2",5,10000000,22260932,Point total (Tam),"7 points, 10-5-2, control 10♦","(1, 7, 0, 10, 5, 2, 2)",15,18,0.00069258,410,0.000683,0.0,0.0,0.0,0.0
discard2,"Deal 5, discard 2",5,10000000,22260932,Point total (Tam),"7 points, 10-4-3, control 10♠","(1, 7, 0, 10, 4, 3, 4)",15,243,0.00934989,5633,0.009388,0.0462,0.0018,0.0,0.0
discard2,"Deal 5, discard 2",5,10000000,22260932,Point total (Tam),"7 points, 10-4-3, control 10♥","(1, 7, 0, 10, 4, 3, 3)",15,225,0.00865731,5194,0.008657,0.0443,0.0,0.0,0.0
discard2,"Deal 5, discard 2",5,10000000,22260932,Point total (Tam),"7 points, 10-4-3, control 10♦","(1, 7, 0, 10, 4, 3, 2)",15,207,0.00796472,4735,0.007892,0.057,0.0021,0.0,0.0
discard2,"Deal 5, discard 2",5,10000000,22260932,Point total (Tam),"7 points, 10-4-3, control 10♣","(1, 7, 0, 10, 4, 3, 1)",15,189,0.00727214,4292,0.007153,0.0373,0.0,0.0,0.0
discard2,"Deal 5, discard 2",5,10000000,22260932,Point total (Tam),"7 points, 9-6-2, control 9♠","(1, 7, 0, 9, 6, 2, 4)",15,261,0.01004248,6105,0.010175,0.0541,0.0,0.0,0.0
discard2,"Deal 5, discard 2",5,10000000,22260932,Point total (Tam),"7 points, 9-6-2, control 9♥","(1, 7, 0, 9, 6, 2, 3)",15,183,0.00704128,4126,0.006877,0.0339,0.0,0.0,0.0
discard2,"Deal 5, discard 2",5,10000000,22260932,Point total (Tam),"7 points, 9-6-2, control 9♦","(1, 7, 0, 9, 6, 2, 2)",15,105,0.00404008,2482,0.004137,0.0524,0.0,0.0,0.0
discard2,"Deal 5, discard 2",5,10000000,22260932,Point total (Tam),"7 points, 9-6-2, control 9♣","(1, 7, 0, 9, 6, 2, 1)",15,27,0.00103888,664,0.001107,0.0452,0.0,0.0,0.0
discard2,"Deal 5, discard 2",5,10000000,22260932,Point total (Tam),"7 points, 9-5-3, control 9♠","(1, 7, 0, 9, 5, 3, 4)",15,369,0.01419799,8680,0.014467,0.0518,0.0,0.0,0.0
discard2,"Deal 5, discard 2",5,10000000,22260932,Point total (Tam),"7 points, 9-5-3, control 9♥","(1, 7, 0, 9, 5, 3, 3)",15,267,0.01027334,6167,0.010278,0.0568,0.0,0.0,0.0
discard2,"Deal 5, discard 2",5,10000000,22260932,Point total (Tam),"7 points, 9-5-3, control 9♦","(1, 7, 0, 9, 5, 3, 2)",15,165,0.00634869,3813,0.006355,0.1049,0.0026,0.0,0.0
discard2,"Deal 5, discard 2",5,10000000,22260932,Point total (Tam),"7 points, 9-5-3, control 9♣","(1, 7, 0, 9, 5, 3, 1)",15,63,0.00242405,1462,0.002437,0.0342,0.0,0.0,0.0
discard2,"Deal 5, discard 2",5,10000000,22260932,Point total (Tam),"7 points, 8-7-2, control 8♠","(1, 7, 0, 8, 7, 2, 4)",15,153,0.00588697,3506,0.005843,0.0685,0.0029,0.0,0.0
discard2,"Deal 5, discard 2",5,10000000,22260932,Point total (Tam),"7 points, 8-7-2, control 8♥","(1, 7, 0, 8, 7, 2, 3)",15,153,0.00588697,3551,0.005918,0.0451,0.0028,0.0,0.0
discard2,"Deal 5, discard 2",5,10000000,22260932,Point total (Tam),"7 points, 8-7-2, control 8♦","(1, 7, 0, 8, 7, 2, 2)",15,153,0.00588697,3570,0.00595,0.0728,0.0028,0.0,0.0
discard2,"Deal 5, discard 2",5,10000000,22260932,Point total (Tam),"7 points, 8-7-2, control 8♣","(1, 7, 0, 8, 7, 2, 1)",15,153,0.00588697,3466,0.005777,0.0462,0.0029,0.0,0.0
discard2,"Deal 5, discard 2",5,10000000,22260932,Point total (Tam),"7 points, 8-6-3, control 8♠","(1, 7, 0, 8, 6, 3, 4)",15,153,0.00588697,3459,0.005765,0.0405,0.0,0.0,0.0
discard2,"Deal 5, discard 2",5,10000000,22260932,Point total (Tam),"7 points, 8-6-3, control 8♥","(1, 7, 0, 8, 6, 3, 3)",15,153,0.00588697,3494,0.005823,0.0343,0.0,0.0,0.0
discard2,"Deal 5, discard 2",5,10000000,22260932,Point total (Tam),"7 points, 8-6-3, control 8♦","(1, 7, 0, 8, 6, 3, 2)",15,153,0.00588697,3572,0.005953,0.0224,0.0,0.0,0.0
discard2,"Deal 5, discard 2",5,10000000,22260932,Point total (Tam),"7 points, 8-6-3, control 8♣","(1, 7, 0, 8, 6, 3, 1)",15,153,0.00588697,3603,0.006005,0.0638,0.0028,0.0,0.0
discard2,"Deal 5, discard 2",5,10000000,22260932,Point total (Tam),"7 points, 8-5-4, control 8♠","(1, 7, 0, 8, 5, 4, 4)",15,117,0.0045018,2671,0.004452,0.0337,0.0,0.0,0.0
discard2,"Deal 5, discard 2",5,10000000,22260932,Point total (Tam),"7 points, 8-5-4, control 8♥","(1, 7, 0, 8, 5, 4, 3)",15,99,0.00380922,2303,0.003838,0.0738,0.0,0.0,0.0
discard2,"Deal 5, discard 2",5,10000000,22260932,Point total (Tam),"7 points, 8-5-4, control 8♦","(1, 7, 0, 8, 5, 4, 2)",15,81,0.00311663,1870,0.003117,0.0428,0.0,0.0,0.0
discard2,"Deal 5, discard 2",5,10000000,22260932,Point total (Tam),"7 points, 8-5-4, control 8♣","(1, 7, 0, 8, 5, 4, 1)",15,63,0.00242405,1437,0.002395,0.007,0.0,0.0,0.0
discard2,"Deal 5, discard 2",5,10000000,22260932,Point total (Tam),"7 points, 7-6-4, control 7♠","(1, 7, 0, 7, 6, 4, 4)",15,189,0.00727214,4308,0.00718,0.0627,0.0023,0.0,0.0
discard2,"Deal 5, discard 2",5,10000000,22260932,Point total (Tam),"7 points, 7-6-4, control 7♥","(1, 7, 0, 7, 6, 4, 3)",15,189,0.00727214,4376,0.007293,0.0388,0.0,0.0,0.0
discard2,"Deal 5, discard 2",5,10000000,22260932,Point total (Tam),"7 points, 7-6-4, control 7♦","(1, 7, 0, 7, 6, 4, 2)",15,189,0.00727214,4380,0.0073,0.0365,0.0,0.0,0.0
discard2,"Deal 5, discard 2",5,10000000,22260932,Point total (Tam),"7 points, 7-6-4, control 7♣","(1, 7, 0, 7, 6, 4, 1)",15,189,0.00727214,4376,0.007293,0.0457,0.0,0.0,0.0
discard2,"Deal 5, discard 2",5,10000000,22260932,Point total (Tam),"6 points, pair A, kicker 4♠","(1, 6, 1, 14, 4, 4)",6,675,0.02597193,15672,0.02612,0.0274,0.0,0.0,0.0
discard2,"Deal 5, discard 2",5,10000000,22260932,Point total (Tam),"6 points, pair A, kicker 4♥","(1, 6, 1, 14, 4, 3)",6,675,0.02597193,15610,0.026017,0.0282,0.0,0.0,0.0
discard2,"Deal 5, discard 2",5,10000000,22260932,Point total (Tam),"6 points, pair A, kicker 4♦","(1, 6, 1, 14, 4, 2)",6,675,0.02597193,15591,0.025985,0.0205,0.0,0.0,0.0
discard2,"Deal 5, discard 2",5,10000000,22260932,Point total (Tam),"6 points, pair A, kicker 4♣","(1, 6, 1, 14, 4, 1)",6,675,0.02597193,15752,0.026253,0.0254,0.0,0.0,0.0
discard2,"Deal 5, discard 2",5,10000000,22260932,Point total (Tam),"6 points, pair K, kicker 6♠","(1, 6, 1, 13, 6, 4)",6,288,0.01108136,6693,0.011155,0.0194,0.0015,0.0,0.0
discard2,"Deal 5, discard 2",5,10000000,22260932,Point total (Tam),"6 points, pair K, kicker 6♥","(1, 6, 1, 13, 6, 3)",6,252,0.00969619,5783,0.009638,0.0225,0.0,0.0,0.0
discard2,"Deal 5, discard 2",5,10000000,22260932,Point total (Tam),"6 points, pair K, kicker 6♦","(1, 6, 1, 13, 6, 2)",6,216,0.00831102,5009,0.008348,0.026,0.0,0.0,0.0
discard2,"Deal 5, discard 2",5,10000000,22260932,Point total (Tam),"6 points, pair K, kicker 6♣","(1, 6, 1, 13, 6, 1)",6,180,0.00692585,4142,0.006903,0.029,0.0,0.0,0.0
discard2,"Deal 5, discard 2",5,10000000,22260932,Point total (Tam),"6 points, pair Q, kicker 6♠","(1, 6, 1, 12, 6, 4)",6,288,0.01108136,6569,0.010948,0.0289,0.0,0.0,0.0
discard2,"Deal 5, discard 2",5,10000000,22260932,Point total (Tam),"6 points, pair Q, kicker 6♥","(1, 6, 1, 12, 6, 3)",6,252,0.00969619,5780,0.009633,0.0277,0.0017,0.0,0.0
discard2,"Deal 5, discard 2",5,10000000,22260932,Point total (Tam),"6 points, pair Q, kicker 6♦","(1, 6, 1, 12, 6, 2)",6,216,0.00831102,5054,0.008423,0.0158,0.0,0.0,0.0
discard2,"Deal 5, discard 2",5,10000000,22260932,Point total (Tam),"6 points, pair Q, kicker 6♣","(1, 6, 1, 12, 6, 1)",6,180,0.00692585,4128,0.00688,0.0291,0.0,0.0,0.0
discard2,"Deal 5, discard 2",5,10000000,22260932,Point total (Tam),"6 points, pair J, kicker 6♠","(1, 6, 1, 11, 6, 4)",6,288,0.01108136,6674,0.011123,0.0255,0.0015,0.0,0.0
discard2,"Deal 5, discard 2",5,10000000,22260932,Point total (Tam),"6 points, pair J, kicker 6♥","(1, 6, 1, 11, 6, 3)",6,252,0.00969619,5863,0.009772,0.0375,0.0,0.0,0.0
discard2,"Deal 5, discard 2",5,10000000,22260932,Point total (Tam),"6 points, pair J, kicker 6♦","(1, 6, 1, 11, 6, 2)",6,216,0.00831102,4992,0.00832,0.016,0.0,0.0,0.0
discard2,"Deal 5, discard 2",5,10000000,22260932,Point total (Tam),"6 points, pair J, kicker 6♣","(1, 6, 1, 11, 6, 1)",6,180,0.00692585,4172,0.006953,0.0264,0.0,0.0,0.0
discard2,"Deal 5, discard 2",5,10000000,22260932,Point total (Tam),"6 points, pair 10, kicker 6♠","(1, 6, 1, 10, 6, 4)",6,747,0.02874227,17209,0.028682,0.0099,0.0,0.0,0.0
discard2,"Deal 5, discard 2",5,10000000,22260932,Point total (Tam),"6 points, pair 10, kicker 6♥","(1, 6, 1, 10, 6, 3)",6,675,0.02597193,15661,0.026102,0.0096,0.0,0.0,0.0
discard2,"Deal 5, discard 2",5,10000000,22260932,Point total (Tam),"6 points, pair 10, kicker 6♦","(1, 6, 1, 10, 6, 2)",6,603,0.02320159,13891,0.023152,0.0122,0.0,0.0,0.0
discard2,"Deal 5, discard 2",5,10000000,22260932,Point total (Tam),"6 points, pair 10, kicker 6♣","(1, 6, 1, 10, 6, 1)",6,531,0.02043125,12220,0.020367,0.0164,0.0,0.0,0.0
discard2,"Deal 5, discard 2",5,10000000,22260932,Point total (Tam),"6 points, pair 9, kicker 8♠","(1, 6, 1, 9, 8, 4)",6,279,0.01073506,6493,0.010822,0.04,0.0015,0.0,0.0
discard2,"Deal 5, discard 2",5,10000000,22260932,Point total (Tam),"6 points, pair 9, kicker 8♥","(1, 6, 1, 9, 8, 3)",6,225,0.00865731,5171,0.008618,0.0425,0.0,0.0,0.0
discard2,"Deal 5, discard 2",5,10000000,22260932,Point total (Tam),"6 points, pair 9, kicker 8♦","(1, 6, 1, 9, 8, 2)",6,171,0.00657955,3989,0.006648,0.0351,0.0,0.0,0.0
discard2,"Deal 5, discard 2",5,10000000,22260932,Point total (Tam),"6 points, pair 9, kicker 8♣","(1, 6, 1, 9, 8, 1)",6,117,0.0045018,2719,0.004532,0.0478,0.0,0.0,0.0
discard2,"Deal 5, discard 2",5,10000000,22260932,Point total (Tam),"6 points, pair 8, kicker K♠","(1, 6, 1, 8, 13, 4)",6,117,0.0045018,2768,0.004613,0.0289,0.0,0.0,0.0
discard2,"Deal 5, discard 2",5,10000000,22260932,Point total (Tam),"6 points, pair 8, kicker K♥","(1, 6, 1, 8, 13, 3)",6,117,0.0045018,2633,0.004388,0.038,0.0,0.0,0.0
discard2,"Deal 5, discard 2",5,10000000,22260932,Point total (Tam),"6 points, pair 8, kicker K♦","(1, 6, 1, 8, 13, 2)",6,117,0.0045018,2654,0.004423,0.0414,0.0,0.0,0.0
discard2,"Deal 5, discard 2",5,10000000,22260932,Point total (Tam),"6 points, pair 8, kicker K♣","(1, 6, 1, 8, 13, 1)",6,117,0.0045018,2753,0.004588,0.0218,0.0,0.0,0.0
discard2,"Deal 5, discard 2",5,10000000,22260932,Point total (Tam),"6 points, pair 8, kicker Q♠","(1, 6, 1, 8, 12, 4)",6,117,0.0045018,2642,0.004403,0.0454,0.0,0.0,0.0
discard2,"Deal 5, discard 2",5,10000000,22260932,Point total (Tam),"6 points, pair 8, kicker Q♥","(1, 6, 1, 8, 12, 3)",6,117,0.0045018,2805,0.004675,0.0285,0.0036,0.0,0.0
discard2,"Deal 5, discard 2",5,10000000,22260932,Point total (Tam),"6 points, pair 8, kicker Q♦","(1, 6, 1, 8, 12, 2)",6,117,0.0045018,2696,0.004493,0.0408,0.0,0.0,0.0
discard2,"Deal 5, discard 2",5,10000000,22260932,Point total (Tam),"6 points, pair 8, kicker Q♣","(1, 6, 1, 8, 12, 1)",6,117,0.0045018,2701,0.004502,0.0296,0.0,0.0,0.0
discard2,"Deal 5, discard 2",5,10000000,22260932,Point total (Tam),"6 points, pair 8, kicker J♠","(1, 6, 1, 8, 11, 4)",6,117,0.0045018,2699,0.004498,0.0185,0.0,0.0,0.0
discard2,"Deal 5, discard 2",5,10000000,22260932,Point total (Tam),"6 points, pair 8, kicker J♥","(1, 6, 1, 8, 11, 3)",6,117,0.0045018,2706,0.00451,0.037,0.0,0.0,0.0
discard2,"Deal 5, discard 2",5,10000000,22260932,Point total (Tam),"6 points, pair 8, kicker J♦","(1, 6, 1, 8, 11, 2)",6,117,0.0045018,2645,0.004408,0.0302,0.0,0.0,0.0
discard2,"Deal 5, discard 2",5,10000000,22260932,Point total (Tam),"6 points, pair 8, kicker J♣","(1, 6, 1, 8, 11, 1)",6,117,0.0045018,2686,0.004477,0.0298,0.0,0.0,0.0
discard2,"Deal 5, discard 2",5,10000000,22260932,Point total (Tam),"6 points, pair 8, kicker 10♠","(1, 6, 1, 8, 10, 4)",6,117,0.0045018,2682,0.00447,0.0037,0.0,0.0,0.0
discard2,"Deal 5, discard 2",5,10000000,22260932,Point total (Tam),"6 points, pair 8, kicker 10♥","(1, 6, 1, 8, 10, 3)",6,117,0.0045018,2796,0.00466,0.0286,0.0,0.0,0.0
discard2,"Deal 5, discard 2",5,10000000,22260932,Point total (Tam),"6 points, pair 8, kicker 10♦","(1, 6, 1, 8, 10, 2)",6,117,0.0045018,2750,0.004583,0.0218,0.0,0.0,0.0
discard2,"Deal 5, discard 2",5,10000000,22260932,Point total (Tam),"6 points, pair 8, kicker 10♣","(1, 6, 1, 8, 10, 1)",6,117,0.0045018,2691,0.004485,0.0223,0.0,0.0,0.0
discard2,"Deal 5, discard 2",5,10000000,22260932,Point total (Tam),"6 points, pair 7, kicker 2♠","(1, 6, 1, 7, 2, 4)",6,108,0.00415551,2480,0.004133,0.0121,0.0,0.0,0.0
discard2,"Deal 5, discard 2",5,10000000,22260932,Point total (Tam),"6 points, pair 7, kicker 2♥","(1, 6, 1, 7, 2, 3)",6,72,0.00277034,1703,0.002838,0.0235,0.0,0.0,0.0
discard2,"Deal 5, discard 2",5,10000000,22260932,Point total (Tam),"6 points, pair 7, kicker 2♦","(1, 6, 1, 7, 2, 2)",6,36,0.00138517,834,0.00139,0.024,0.0,0.0,0.0
discard2,"Deal 5, discard 2",5,10000000,22260932,Point total (Tam),"6 points, pair 6, kicker 4♠","(1, 6, 1, 6, 4, 4)",6,513,0.01973866,11947,0.019912,0.0243,0.0008,0.0,0.0
discard2,"Deal 5, discard 2",5,10000000,22260932,Point total (Tam),"6 points, pair 6, kicker 4♥","(1, 6, 1, 6, 4, 3)",6,477,0.0183535,11187,0.018645,0.0304,0.0009,0.0,0.0
discard2,"Deal 5, discard 2",5,10000000,22260932,Point total (Tam),"6 points, pair 6, kicker 4♦","(1, 6, 1, 6, 4, 2)",6,441,0.01696833,10326,0.01721,0.0174,0.0,0.0,0.0
discard2,"Deal 5, discard 2",5,10000000,22260932,Point total (Tam),"6 points, pair 6, kicker 4♣","(1, 6, 1, 6, 4, 1)",6,405,0.01558316,9253,0.015422,0.0173,0.0,0.0,0.0
discard2,"Deal 5, discard 2",5,10000000,22260932,Point total (Tam),"6 points, pair 5, kicker 6♠","(1, 6, 1, 5, 6, 4)",6,468,0.0180072,10701,0.017835,0.0215,0.0,0.0,0.0
discard2,"Deal 5, discard 2",5,10000000,22260932,Point total (Tam),"6 points, pair 5, kicker 6♥","(1, 6, 1, 5, 6, 3)",6,468,0.0180072,10890,0.01815,0.0147,0.0,0.0,0.0
discard2,"Deal 5, discard 2",5,10000000,22260932,Point total (Tam),"6 points, pair 5, kicker 6♦","(1, 6, 1, 5, 6, 2)",6,468,0.0180072,10940,0.018233,0.0174,0.0,0.0,0.0
discard2,"Deal 5, discard 2",5,10000000,22260932,Point total (Tam),"6 points, pair 5, kicker 6♣","(1, 6, 1, 5, 6, 1)",6,468,0.0180072,10852,0.018087,0.0147,0.0,0.0,0.0
discard2,"Deal 5, discard 2",5,10000000,22260932,Point total (Tam),"6 points, pair 4, kicker 8♠","(1, 6, 1, 4, 8, 4)",6,27,0.00103888,601,0.001002,0.0166,0.0,0.0,0.0
discard2,"Deal 5, discard 2",5,10000000,22260932,Point total (Tam),"6 points, pair 4, kicker 8♥","(1, 6, 1, 4, 8, 3)",6,27,0.00103888,582,0.00097,0.0344,0.0,0.0,0.0
discard2,"Deal 5, discard 2",5,10000000,22260932,Point total (Tam),"6 points, pair 4, kicker 8♦","(1, 6, 1, 4, 8, 2)",6,27,0.00103888,658,0.001097,0.0304,0.0,0.0,0.0
discard2,"Deal 5, discard 2",5,10000000,22260932,Point total (Tam),"6 points, pair 4, kicker 8♣","(1, 6, 1, 4, 8, 1)",6,27,0.00103888,590,0.000983,0.0,0.0,0.0,0.0
discard2,"Deal 5, discard 2",5,10000000,22260932,Point total (Tam),"6 points, pair 3, kicker K♠","(1, 6, 1, 3, 13, 4)",6,207,0.00796472,4737,0.007895,0.0127,0.0,0.0,0.0
discard2,"Deal 5, discard 2",5,10000000,22260932,Point total (Tam),"6 points, pair 3, kicker K♥","(1, 6, 1, 3, 13, 3)",6,189,0.00727214,4328,0.007213,0.0116,0.0,0.0,0.0
discard2,"Deal 5, discard 2",5,10000000,22260932,Point total (Tam),"6 points, pair 3, kicker K♦","(1, 6, 1, 3, 13, 2)",6,171,0.00657955,3836,0.006393,0.0026,0.0,0.0,0.0
discard2,"Deal 5, discard 2",5,10000000,22260932,Point total (Tam),"6 points, pair 3, kicker K♣","(1, 6, 1, 3, 13, 1)",6,153,0.00588697,3726,0.00621,0.0081,0.0,0.0,0.0
discard2,"Deal 5, discard 2",5,10000000,22260932,Point total (Tam),"6 points, pair 3, kicker Q♠","(1, 6, 1, 3, 12, 4)",6,81,0.00311663,1892,0.003153,0.0106,0.0,0.0,0.0
discard2,"Deal 5, discard 2",5,10000000,22260932,Point total (Tam),"6 points, pair 3, kicker Q♥","(1, 6, 1, 3, 12, 3)",6,63,0.00242405,1443,0.002405,0.0139,0.0,0.0,0.0
discard2,"Deal 5, discard 2",5,10000000,22260932,Point total (Tam),"6 points, pair 3, kicker Q♦","(1, 6, 1, 3, 12, 2)",6,45,0.00173146,999,0.001665,0.0,0.0,0.0,0.0
discard2,"Deal 5, discard 2",5,10000000,22260932,Point total (Tam),"6 points, pair 3, kicker Q♣","(1, 6, 1, 3, 12, 1)",6,27,0.00103888,591,0.000985,0.0,0.0,0.0,0.0
discard2,"Deal 5, discard 2",5,10000000,22260932,Point total (Tam),"6 points, pair 3, kicker J♠","(1, 6, 1, 3, 11, 4)",6,81,0.00311663,1858,0.003097,0.0161,0.0,0.0,0.0
discard2,"Deal 5, discard 2",5,10000000,22260932,Point total (Tam),"6 points, pair 3, kicker J♥","(1, 6, 1, 3, 11, 3)",6,63,0.00242405,1431,0.002385,0.0,0.0,0.0,0.0
discard2,"Deal 5, discard 2",5,10000000,22260932,Point total (Tam),"6 points, pair 3, kicker J♦","(1, 6, 1, 3, 11, 2)",6,45,0.00173146,1050,0.00175,0.0095,0.0,0.0,0.0
discard2,"Deal 5, discard 2",5,10000000,22260932,Point total (Tam),"6 points, pair 3, kicker J♣","(1, 6, 1, 3, 11, 1)",6,27,0.00103888,619,0.001032,0.0,0.0,0.0,0.0
discard2,"Deal 5, discard 2",5,10000000,22260932,Point total (Tam),"6 points, A-K-5, control A♠","(1, 6, 0, 14, 13, 5, 4)",15,429,0.0165066,9961,0.016602,0.004,0.0,0.0,0.0
discard2,"Deal 5, discard 2",5,10000000,22260932,Point total (Tam),"6 points, A-K-5, control A♥","(1, 6, 0, 14, 13, 5, 3)",15,429,0.0165066,9880,0.016467,0.0081,0.0,0.0,0.0
discard2,"Deal 5, discard 2",5,10000000,22260932,Point total (Tam),"6 points, A-K-5, control A♦","(1, 6, 0, 14, 13, 5, 2)",15,429,0.0165066,9990,0.01665,0.006,0.0,0.0,0.0
discard2,"Deal 5, discard 2",5,10000000,22260932,Point total (Tam),"6 points, A-K-5, control A♣","(1, 6, 0, 14, 13, 5, 1)",15,429,0.0165066,9848,0.016413,0.0162,0.0,0.0,0.0
discard2,"Deal 5, discard 2",5,10000000,22260932,Point total (Tam),"6 points, A-Q-5, control A♠","(1, 6, 0, 14, 12, 5, 4)",15,279,0.01073506,6384,0.01064,0.0125,0.0,0.0,0.0
discard2,"Deal 5, discard 2",5,10000000,22260932,Point total (Tam),"6 points, A-Q-5, control A♥","(1, 6, 0, 14, 12, 5, 3)",15,279,0.01073506,6535,0.010892,0.0061,0.0,0.0,0.0
discard2,"Deal 5, discard 2",5,10000000,22260932,Point total (Tam),"6 points, A-Q-5, control A♦","(1, 6, 0, 14, 12, 5, 2)",15,279,0.01073506,6493,0.010822,0.0092,0.0,0.0,0.0
discard2,"Deal 5, discard 2",5,10000000,22260932,Point total (Tam),"6 points, A-Q-5, control A♣","(1, 6, 0, 14, 12, 5, 1)",15,279,0.01073506,6445,0.010742,0.0109,0.0,0.0,0.0
discard2,"Deal 5, discard 2",5,10000000,22260932,Point total (Tam),"6 points, A-J-5, control A♠","(1, 6, 0, 14, 11, 5, 4)",15,216,0.00831102,4952,0.008253,0.0121,0.0,0.0,0.0
discard2,"Deal 5, discard 2",5,10000000,22260932,Point total (Tam),"6 points, A-J-5, control A♥","(1, 6, 0, 14, 11, 5, 3)",15,216,0.00831102,4957,0.008262,0.0061,0.0,0.0,0.0
discard2,"Deal 5, discard 2",5,10000000,22260932,Point total (Tam),"6 points, A-J-5, control A♦","(1, 6, 0, 14, 11, 5, 2)",15,216,0.00831102,4941,0.008235,0.0061,0.0,0.0,0.0
discard2,"Deal 5, discard 2",5,10000000,22260932,Point total (Tam),"6 points, A-J-5, control A♣","(1, 6, 0, 14, 11, 5, 1)",15,216,0.00831102,4985,0.008308,0.004,0.0,0.0,0.0
discard2,"Deal 5, discard 2",5,10000000,22260932,Point total (Tam),"6 points, A-10-5, control A♠","(1, 6, 0, 14, 10, 5, 4)",15,27,0.00103888,617,0.001028,0.0162,0.0,0.0,0.0
discard2,"Deal 5, discard 2",5,10000000,22260932,Point total (Tam),"6 points, A-10-5, control A♥","(1, 6, 0, 14, 10, 5, 3)",15,27,0.00103888,613,0.001022,0.0,0.0,0.0,0.0
discard2,"Deal 5, discard 2",5,10000000,22260932,Point total (Tam),"6 points, A-10-5, control A♦","(1, 6, 0, 14, 10, 5, 2)",15,27,0.00103888,570,0.00095,0.0175,0.0,0.0,0.0
discard2,"Deal 5, discard 2",5,10000000,22260932,Point total (Tam),"6 points, A-10-5, control A♣","(1, 6, 0, 14, 10, 5, 1)",15,27,0.00103888,632,0.001053,0.0158,0.0,0.0,0.0
discard2,"Deal 5, discard 2",5,10000000,22260932,Point total (Tam),"6 points, K-Q-6, control K♠","(1, 6, 0, 13, 12, 6, 4)",15,363,0.01396713,8444,0.014073,0.0118,0.0,0.0,0.0
discard2,"Deal 5, discard 2",5,10000000,22260932,Point total (Tam),"6 points, K-Q-6, control K♥","(1, 6, 0, 13, 12, 6, 3)",15,363,0.01396713,8264,0.013773,0.0036,0.0,0.0,0.0
discard2,"Deal 5, discard 2",5,10000000,22260932,Point total (Tam),"6 points, K-Q-6, control K♦","(1, 6, 0, 13, 12, 6, 2)",15,363,0.01396713,8426,0.014043,0.0012,0.0,0.0,0.0
discard2,"Deal 5, discard 2",5,10000000,22260932,Point total (Tam),"6 points, K-Q-6, control K♣","(1, 6, 0, 13, 12, 6, 1)",15,363,0.01396713,8204,0.013673,0.0098,0.0,0.0,0.0
discard2,"Deal 5, discard 2",5,10000000,22260932,Point total (Tam),"6 points, K-J-6, control K♠","(1, 6, 0, 13, 11, 6, 4)",15,363,0.01396713,8403,0.014005,0.0095,0.0,0.0,0.0
discard2,"Deal 5, discard 2",5,10000000,22260932,Point total (Tam),"6 points, K-J-6, control K♥","(1, 6, 0, 13, 11, 6, 3)",15,363,0.01396713,8426,0.014043,0.0047,0.0,0.0,0.0
discard2,"Deal 5, discard 2",5,10000000,22260932,Point total (Tam),"6 points, K-J-6, control K♦","(1, 6, 0, 13, 11, 6, 2)",15,363,0.01396713,8369,0.013948,0.0048,0.0,0.0,0.0
discard2,"Deal 5, discard 2",5,10000000,22260932,Point total (Tam),"6 points, K-J-6, control K♣","(1, 6, 0, 13, 11, 6, 1)",15,363,0.01396713,8453,0.014088,0.0059,0.0012,0.0,0.0
discard2,"Deal 5, discard 2",5,10000000,22260932,Point total (Tam),"6 points, K-9-7, control K♠","(1, 6, 0, 13, 9, 7, 4)",15,63,0.00242405,1440,0.0024,0.0069,0.0,0.0,0.0
discard2,"Deal 5, discard 2",5,10000000,22260932,Point total (Tam),"6 points, K-9-7, control K♥","(1, 6, 0, 13, 9, 7, 3)",15,63,0.00242405,1446,0.00241,0.0415,0.0,0.0,0.0
discard2,"Deal 5, discard 2",5,10000000,22260932,Point total (Tam),"6 points, K-9-7, control K♦","(1, 6, 0, 13, 9, 7, 2)",15,63,0.00242405,1497,0.002495,0.02,0.0,0.0,0.0
discard2,"Deal 5, discard 2",5,10000000,22260932,Point total (Tam),"6 points, K-9-7, control K♣","(1, 6, 0, 13, 9, 7, 1)",15,63,0.00242405,1508,0.002513,0.0,0.0,0.0,0.0
discard2,"Deal 5, discard 2",5,10000000,22260932,Point total (Tam),"6 points, K-4-2, control K♠","(1, 6, 0, 13, 4, 2, 4)",15,489,0.01881522,11067,0.018445,0.0027,0.0,0.0,0.0
discard2,"Deal 5, discard 2",5,10000000,22260932,Point total (Tam),"6 points, K-4-2, control K♥","(1, 6, 0, 13, 4, 2, 3)",15,447,0.01719919,10393,0.017322,0.0019,0.0,0.0,0.0
discard2,"Deal 5, discard 2",5,10000000,22260932,Point total (Tam),"6 points, K-4-2, control K♦","(1, 6, 0, 13, 4, 2, 2)",15,405,0.01558316,9408,0.01568,0.0,0.0,0.0,0.0
discard2,"Deal 5, discard 2",5,10000000,22260932,Point total (Tam),"6 points, K-4-2, control K♣","(1, 6, 0, 13, 4, 2, 1)",15,363,0.01396713,8369,0.013948,0.006,0.0,0.0,0.0
discard2,"Deal 5, discard 2",5,10000000,22260932,Point total (Tam),"6 points, Q-9-7, control Q♠","(1, 6, 0, 12, 9, 7, 4)",15,63,0.00242405,1397,0.002328,0.0072,0.0,0.0,0.0
discard2,"Deal 5, discard 2",5,10000000,22260932,Point total (Tam),"6 points, Q-9-7, control Q♥","(1, 6, 0, 12, 9, 7, 3)",15,63,0.00242405,1436,0.002393,0.0209,0.0,0.0,0.0
discard2,"Deal 5, discard 2",5,10000000,22260932,Point total (Tam),"6 points, Q-9-7, control Q♦","(1, 6, 0, 12, 9, 7, 2)",15,63,0.00242405,1475,0.002458,0.0,0.0,0.0,0.0
discard2,"Deal 5, discard 2",5,10000000,22260932,Point total (Tam),"6 points, Q-9-7, control Q♣","(1, 6, 0, 12, 9, 7, 1)",15,63,0.00242405,1457,0.002428,0.0069,0.0,0.0,0.0
discard2,"Deal 5, discard 2",5,10000000,22260932,Point total (Tam),"6 points, Q-4-2, control Q♠","(1, 6, 0, 12, 4, 2, 4)",15,189,0.00727214,4371,0.007285,0.0,0.0,0.0,0.0
discard2,"Deal 5, discard 2",5,10000000,22260932,Point total (Tam),"6 points, Q-4-2, control Q♥","(1, 6, 0, 12, 4, 2, 3)",15,147,0.00565611,3323,0.005538,0.0,0.0,0.0,0.0
discard2,"Deal 5, discard 2",5,10000000,22260932,Point total (Tam),"6 points, Q-4-2, control Q♦","(1, 6, 0, 12, 4, 2, 2)",15,105,0.00404008,2418,0.00403,0.0124,0.0041,0.0,0.0
discard2,"Deal 5, discard 2",5,10000000,22260932,Point total (Tam),"6 points, Q-4-2, control Q♣","(1, 6, 0, 12, 4, 2, 1)",15,63,0.00242405,1507,0.002512,0.0,0.0,0.0,0.0
discard2,"Deal 5, discard 2",5,10000000,22260932,Point total (Tam),"6 points, J-9-7, control J♠","(1, 6, 0, 11, 9, 7, 4)",15,63,0.00242405,1457,0.002428,0.0,0.0,0.0,0.0
discard2,"Deal 5, discard 2",5,10000000,22260932,Point total (Tam),"6 points, J-9-7, control J♥","(1, 6, 0, 11, 9, 7, 3)",15,63,0.00242405,1413,0.002355,0.0142,0.0,0.0,0.0
discard2,"Deal 5, discard 2",5,10000000,22260932,Point total (Tam),"6 points, J-9-7, control J♦","(1, 6, 0, 11, 9, 7, 2)",15,63,0.00242405,1475,0.002458,0.0,0.0,0.0,0.0
discard2,"Deal 5, discard 2",5,10000000,22260932,Point total (Tam),"6 points, J-9-7, control J♣","(1, 6, 0, 11, 9, 7, 1)",15,63,0.00242405,1467,0.002445,0.0136,0.0,0.0,0.0
discard2,"Deal 5, discard 2",5,10000000,22260932,Point total (Tam),"6 points, J-4-2, control J♠","(1, 6, 0, 11, 4, 2, 4)",15,189,0.00727214,4393,0.007322,0.0068,0.0,0.0,0.0
discard2,"Deal 5, discard 2",5,10000000,22260932,Point total (Tam),"6 points, J-4-2, control J♥","(1, 6, 0, 11, 4, 2, 3)",15,147,0.00565611,3480,0.0058,0.0029,0.0,0.0,0.0
discard2,"Deal 5, discard 2",5,10000000,22260932,Point total (Tam),"6 points, J-4-2, control J♦","(1, 6, 0, 11, 4, 2, 2)",15,105,0.00404008,2424,0.00404,0.0041,0.0,0.0,0.0
discard2,"Deal 5, discard 2",5,10000000,22260932,Point total (Tam),"6 points, J-4-2, control J♣","(1, 6, 0, 11, 4, 2, 1)",15,63,0.00242405,1453,0.002422,0.0,0.0,0.0,0.0
discard2,"Deal 5, discard 2",5,10000000,22260932,Point total (Tam),"6 points, 10-9-7, control 10♠","(1, 6, 0, 10, 9, 7, 4)",15,63,0.00242405,1467,0.002445,0.0273,0.0,0.0,0.0
discard2,"Deal 5, discard 2",5,10000000,22260932,Point total (Tam),"6 points, 10-9-7, control 10♥","(1, 6, 0, 10, 9, 7, 3)",15,63,0.00242405,1483,0.002472,0.0067,0.0,0.0,0.0
discard2,"Deal 5, discard 2",5,10000000,22260932,Point total (Tam),"6 points, 10-9-7, control 10♦","(1, 6, 0, 10, 9, 7, 2)",15,63,0.00242405,1493,0.002488,0.0134,0.0,0.0,0.0
discard2,"Deal 5, discard 2",5,10000000,22260932,Point total (Tam),"6 points, 10-9-7, control 10♣","(1, 6, 0, 10, 9, 7, 1)",15,63,0.00242405,1477,0.002462,0.0203,0.0,0.0,0.0
discard2,"Deal 5, discard 2",5,10000000,22260932,Point total (Tam),"6 points, 9-4-3, control 9♠","(1, 6, 0, 9, 4, 3, 4)",15,117,0.0045018,2689,0.004482,0.0112,0.0,0.0,0.0
discard2,"Deal 5, discard 2",5,10000000,22260932,Point total (Tam),"6 points, 9-4-3, control 9♥","(1, 6, 0, 9, 4, 3, 3)",15,99,0.00380922,2275,0.003792,0.0,0.0,0.0,0.0
discard2,"Deal 5, discard 2",5,10000000,22260932,Point total (Tam),"6 points, 9-4-3, control 9♦","(1, 6, 0, 9, 4, 3, 2)",15,81,0.00311663,1840,0.003067,0.0217,0.0,0.0,0.0
discard2,"Deal 5, discard 2",5,10000000,22260932,Point total (Tam),"6 points, 9-4-3, control 9♣","(1, 6, 0, 9, 4, 3, 1)",15,63,0.00242405,1523,0.002538,0.0066,0.0,0.0,0.0
discard2,"Deal 5, discard 2",5,10000000,22260932,Point total (Tam),"6 points, 8-6-2, control 8♠","(1, 6, 0, 8, 6, 2, 4)",15,27,0.00103888,585,0.000975,0.0,0.0,0.0,0.0
discard2,"Deal 5, discard 2",5,10000000,22260932,Point total (Tam),"6 points, 8-6-2, control 8♥","(1, 6, 0, 8, 6, 2, 3)",15,27,0.00103888,614,0.001023,0.0,0.0,0.0,0.0
discard2,"Deal 5, discard 2",5,10000000,22260932,Point total (Tam),"6 points, 8-6-2, control 8♦","(1, 6, 0, 8, 6, 2, 2)",15,27,0.00103888,625,0.001042,0.0,0.0,0.0,0.0
discard2,"Deal 5, discard 2",5,10000000,22260932,Point total (Tam),"6 points, 8-6-2, control 8♣","(1, 6, 0, 8, 6, 2, 1)",15,27,0.00103888,625,0.001042,0.0,0.0,0.0,0.0
discard2,"Deal 5, discard 2",5,10000000,22260932,Point total (Tam),"6 points, 7-5-4, control 7♠","(1, 6, 0, 7, 5, 4, 4)",15,63,0.00242405,1440,0.0024,0.0139,0.0,0.0,0.0
discard2,"Deal 5, discard 2",5,10000000,22260932,Point total (Tam),"6 points, 7-5-4, control 7♥","(1, 6, 0, 7, 5, 4, 3)",15,63,0.00242405,1390,0.002317,0.0216,0.0,0.0,0.0
discard2,"Deal 5, discard 2",5,10000000,22260932,Point total (Tam),"6 points, 7-5-4, control 7♦","(1, 6, 0, 7, 5, 4, 2)",15,63,0.00242405,1460,0.002433,0.0068,0.0,0.0,0.0
discard2,"Deal 5, discard 2",5,10000000,22260932,Point total (Tam),"6 points, 7-5-4, control 7♣","(1, 6, 0, 7, 5, 4, 1)",15,63,0.00242405,1505,0.002508,0.0199,0.0,0.0,0.0
discard2,"Deal 5, discard 2",5,10000000,22260932,Point total (Tam),"5 points, pair A, kicker 3♠","(1, 5, 1, 14, 3, 4)",6,675,0.02597193,15513,0.025855,0.0,0.0,0.0,0.0
discard2,"Deal 5, discard 2",5,10000000,22260932,Point total (Tam),"5 points, pair A, kicker 3♥","(1, 5, 1, 14, 3, 3)",6,675,0.02597193,15666,0.02611,0.0013,0.0,0.0,0.0
discard2,"Deal 5, discard 2",5,10000000,22260932,Point total (Tam),"5 points, pair A, kicker 3♦","(1, 5, 1, 14, 3, 2)",6,675,0.02597193,15580,0.025967,0.0006,0.0,0.0,0.0
discard2,"Deal 5, discard 2",5,10000000,22260932,Point total (Tam),"5 points, pair A, kicker 3♣","(1, 5, 1, 14, 3, 1)",6,675,0.02597193,15539,0.025898,0.0045,0.0,0.0,0.0
discard2,"Deal 5, discard 2",5,10000000,22260932,Point total (Tam),"5 points, pair K, kicker 5♠","(1, 5, 1, 13, 5, 4)",6,81,0.00311663,1846,0.003077,0.0,0.0,0.0,0.0
discard2,"Deal 5, discard 2",5,10000000,22260932,Point total (Tam),"5 points, pair K, kicker 5♥","(1, 5, 1, 13, 5, 3)",6,63,0.00242405,1421,0.002368,0.007,0.0,0.0,0.0
discard2,"Deal 5, discard 2",5,10000000,22260932,Point total (Tam),"5 points, pair K, kicker 5♦","(1, 5, 1, 13, 5, 2)",6,45,0.00173146,998,0.001663,0.0,0.0,0.0,0.0
discard2,"Deal 5, discard 2",5,10000000,22260932,Point total (Tam),"5 points, pair K, kicker 5♣","(1, 5, 1, 13, 5, 1)",6,27,0.00103888,607,0.001012,0.0,0.0,0.0,0.0
discard2,"Deal 5, discard 2",5,10000000,22260932,Point total (Tam),"5 points, pair Q, kicker 5♠","(1, 5, 1, 12, 5, 4)",6,81,0.00311663,1823,0.003038,0.0,0.0,0.0,0.0
discard2,"Deal 5, discard 2",5,10000000,22260932,Point total (Tam),"5 points, pair Q, kicker 5♥","(1, 5, 1, 12, 5, 3)",6,63,0.00242405,1442,0.002403,0.0,0.0,0.0,0.0
discard2,"Deal 5, discard 2",5,10000000,22260932,Point total (Tam),"5 points, pair Q, kicker 5♦","(1, 5, 1, 12, 5, 2)",6,45,0.00173146,992,0.001653,0.0101,0.0,0.0,0.0
discard2,"Deal 5, discard 2",5,10000000,22260932,Point total (Tam),"5 points, pair Q, kicker 5♣","(1, 5, 1, 12, 5, 1)",6,27,0.00103888,628,0.001047,0.0159,0.0,0.0,0.0
discard2,"Deal 5, discard 2",5,10000000,22260932,Point total (Tam),"5 points, pair J, kicker 5♠","(1, 5, 1, 11, 5, 4)",6,81,0.00311663,1853,0.003088,0.0054,0.0,0.0,0.0
discard2,"Deal 5, discard 2",5,10000000,22260932,Point total (Tam),"5 points, pair J, kicker 5♥","(1, 5, 1, 11, 5, 3)",6,63,0.00242405,1407,0.002345,0.0071,0.0,0.0,0.0
discard2,"Deal 5, discard 2",5,10000000,22260932,Point total (Tam),"5 points, pair J, kicker 5♦","(1, 5, 1, 11, 5, 2)",6,45,0.00173146,1029,0.001715,0.0097,0.0,0.0,0.0
discard2,"Deal 5, discard 2",5,10000000,22260932,Point total (Tam),"5 points, pair J, kicker 5♣","(1, 5, 1, 11, 5, 1)",6,27,0.00103888,626,0.001043,0.0,0.0,0.0,0.0
discard2,"Deal 5, discard 2",5,10000000,22260932,Point total (Tam),"5 points, pair 10, kicker 5♠","(1, 5, 1, 10, 5, 4)",6,288,0.01108136,6680,0.011133,0.003,0.0,0.0,0.0
discard2,"Deal 5, discard 2",5,10000000,22260932,Point total (Tam),"5 points, pair 10, kicker 5♥","(1, 5, 1, 10, 5, 3)",6,234,0.0090036,5375,0.008958,0.0074,0.0,0.0,0.0
discard2,"Deal 5, discard 2",5,10000000,22260932,Point total (Tam),"5 points, pair 10, kicker 5♦","(1, 5, 1, 10, 5, 2)",6,180,0.00692585,4140,0.0069,0.0,0.0,0.0,0.0
discard2,"Deal 5, discard 2",5,10000000,22260932,Point total (Tam),"5 points, pair 10, kicker 5♣","(1, 5, 1, 10, 5, 1)",6,126,0.00484809,2910,0.00485,0.0069,0.0,0.0,0.0
discard2,"Deal 5, discard 2",5,10000000,22260932,Point total (Tam),"5 points, pair 9, kicker 7♠","(1, 5, 1, 9, 7, 4)",6,54,0.00207775,1230,0.00205,0.0325,0.0,0.0,0.0
discard2,"Deal 5, discard 2",5,10000000,22260932,Point total (Tam),"5 points, pair 9, kicker 7♥","(1, 5, 1, 9, 7, 3)",6,36,0.00138517,808,0.001347,0.0,0.0,0.0,0.0
discard2,"Deal 5, discard 2",5,10000000,22260932,Point total (Tam),"5 points, pair 9, kicker 7♦","(1, 5, 1, 9, 7, 2)",6,18,0.00069258,406,0.000677,0.0,0.0,0.0,0.0
discard2,"Deal 5, discard 2",5,10000000,22260932,Point total (Tam),"5 points, pair 8, kicker 9♠","(1, 5, 1, 8, 9, 4)",6,27,0.00103888,634,0.001057,0.0158,0.0,0.0,0.0
discard2,"Deal 5, discard 2",5,10000000,22260932,Point total (Tam),"5 points, pair 8, kicker 9♥","(1, 5, 1, 8, 9, 3)",6,27,0.00103888,622,0.001037,0.0,0.0,0.0,0.0
discard2,"Deal 5, discard 2",5,10000000,22260932,Point total (Tam),"5 points, pair 8, kicker 9♦","(1, 5, 1, 8, 9, 2)",6,27,0.00103888,602,0.001003,0.0332,0.0,0.0,0.0
discard2,"Deal 5, discard 2",5,10000000,22260932,Point total (Tam),"5 points, pair 8, kicker 9♣","(1, 5, 1, 8, 9, 1)",6,27,0.00103888,617,0.001028,0.0162,0.0,0.0,0.0
discard2,"Deal 5, discard 2",5,10000000,22260932,Point total (Tam),"5 points, pair 4, kicker 7♠","(1, 5, 1, 4, 7, 4)",6,27,0.00103888,635,0.001058,0.0,0.0,0.0,0.0
discard2,"Deal 5, discard 2",5,10000000,22260932,Point total (Tam),"5 points, pair 4, kicker 7♥","(1, 5, 1, 4, 7, 3)",6,27,0.00103888,646,0.001077,0.0,0.0,0.0,0.0
discard2,"Deal 5, discard 2",5,10000000,22260932,Point total (Tam),"5 points, pair 4, kicker 7♦","(1, 5, 1, 4, 7, 2)",6,27,0.00103888,646,0.001077,0.0,0.0,0.0,0.0
discard2,"Deal 5, discard 2",5,10000000,22260932,Point total (Tam),"5 points, pair 4, kicker 7♣","(1, 5, 1, 4, 7, 1)",6,27,0.00103888,600,0.001,0.0167,0.0,0.0,0.0
discard2,"Deal 5, discard 2",5,10000000,22260932,Point total (Tam),"5 points, pair 2, kicker A♠","(1, 5, 1, 2, 14, 4)",6,999,0.03843845,22913,0.038188,0.0013,0.0,0.0,0.0
discard2,"Deal 5, discard 2",5,10000000,22260932,Point total (Tam),"5 points, pair 2, kicker A♥","(1, 5, 1, 2, 14, 3)",6,891,0.03428294,20364,0.03394,0.001,0.0,0.0,0.0
discard2,"Deal 5, discard 2",5,10000000,22260932,Point total (Tam),"5 points, pair 2, kicker A♦","(1, 5, 1, 2, 14, 2)",6,783,0.03012744,18139,0.030232,0.0,0.0,0.0,0.0
discard2,"Deal 5, discard 2",5,10000000,22260932,Point total (Tam),"5 points, pair 2, kicker A♣","(1, 5, 1, 2, 14, 1)",6,675,0.02597193,15684,0.02614,0.0006,0.0,0.0,0.0
discard2,"Deal 5, discard 2",5,10000000,22260932,Point total (Tam),"5 points, A-K-4, control A♠","(1, 5, 0, 14, 13, 4, 4)",15,276,0.01061963,6256,0.010427,0.0,0.0,0.0,0.0
discard2,"Deal 5, discard 2",5,10000000,22260932,Point total (Tam),"5 points, A-K-4, control A♥","(1, 5, 0, 14, 13, 4, 3)",15,276,0.01061963,6388,0.010647,0.0,0.0,0.0,0.0
discard2,"Deal 5, discard 2",5,10000000,22260932,Point total (Tam),"5 points, A-K-4, control A♦","(1, 5, 0, 14, 13, 4, 2)",15,276,0.01061963,6277,0.010462,0.0,0.0,0.0,0.0
discard2,"Deal 5, discard 2",5,10000000,22260932,Point total (Tam),"5 points, A-K-4, control A♣","(1, 5, 0, 14, 13, 4, 1)",15,276,0.01061963,6341,0.010568,0.0,0.0,0.0,0.0
discard2,"Deal 5, discard 2",5,10000000,22260932,Point total (Tam),"5 points, A-Q-4, control A♠","(1, 5, 0, 14, 12, 4, 4)",15,126,0.00484809,2979,0.004965,0.0,0.0,0.0,0.0
discard2,"Deal 5, discard 2",5,10000000,22260932,Point total (Tam),"5 points, A-Q-4, control A♥","(1, 5, 0, 14, 12, 4, 3)",15,126,0.00484809,2777,0.004628,0.0,0.0,0.0,0.0
discard2,"Deal 5, discard 2",5,10000000,22260932,Point total (Tam),"5 points, A-Q-4, control A♦","(1, 5, 0, 14, 12, 4, 2)",15,126,0.00484809,2889,0.004815,0.0,0.0,0.0,0.0
discard2,"Deal 5, discard 2",5,10000000,22260932,Point total (Tam),"5 points, A-Q-4, control A♣","(1, 5, 0, 14, 12, 4, 1)",15,126,0.00484809,2908,0.004847,0.0,0.0,0.0,0.0
discard2,"Deal 5, discard 2",5,10000000,22260932,Point total (Tam),"5 points, A-J-4, control A♠","(1, 5, 0, 14, 11, 4, 4)",15,126,0.00484809,2998,0.004997,0.0033,0.0,0.0,0.0
discard2,"Deal 5, discard 2",5,10000000,22260932,Point total (Tam),"5 points, A-J-4, control A♥","(1, 5, 0, 14, 11, 4, 3)",15,126,0.00484809,2921,0.004868,0.0,0.0,0.0,0.0
discard2,"Deal 5, discard 2",5,10000000,22260932,Point total (Tam),"5 points, A-J-4, control A♦","(1, 5, 0, 14, 11, 4, 2)",15,126,0.00484809,3020,0.005033,0.0,0.0,0.0,0.0
discard2,"Deal 5, discard 2",5,10000000,22260932,Point total (Tam),"5 points, A-J-4, control A♣","(1, 5, 0, 14, 11, 4, 1)",15,126,0.00484809,2910,0.00485,0.0,0.0,0.0,0.0
discard2,"Deal 5, discard 2",5,10000000,22260932,Point total (Tam),"5 points, K-Q-5, control K♠","(1, 5, 0, 13, 12, 5, 4)",15,63,0.00242405,1486,0.002477,0.0067,0.0,0.0,0.0
discard2,"Deal 5, discard 2",5,10000000,22260932,Point total (Tam),"5 points, K-Q-5, control K♥","(1, 5, 0, 13, 12, 5, 3)",15,63,0.00242405,1413,0.002355,0.0,0.0,0.0,0.0
discard2,"Deal 5, discard 2",5,10000000,22260932,Point total (Tam),"5 points, K-Q-5, control K♦","(1, 5, 0, 13, 12, 5, 2)",15,63,0.00242405,1421,0.002368,0.0,0.0,0.0,0.0
discard2,"Deal 5, discard 2",5,10000000,22260932,Point total (Tam),"5 points, K-Q-5, control K♣","(1, 5, 0, 13, 12, 5, 1)",15,63,0.00242405,1434,0.00239,0.0,0.0,0.0,0.0
discard2,"Deal 5, discard 2",5,10000000,22260932,Point total (Tam),"5 points, K-J-5, control K♠","(1, 5, 0, 13, 11, 5, 4)",15,63,0.00242405,1425,0.002375,0.0,0.0,0.0,0.0
discard2,"Deal 5, discard 2",5,10000000,22260932,Point total (Tam),"5 points, K-J-5, control K♥","(1, 5, 0, 13, 11, 5, 3)",15,63,0.00242405,1422,0.00237,0.007,0.0,0.0,0.0
discard2,"Deal 5, discard 2",5,10000000,22260932,Point total (Tam),"5 points, K-J-5, control K♦","(1, 5, 0, 13, 11, 5, 2)",15,63,0.00242405,1474,0.002457,0.0,0.0,0.0,0.0
discard2,"Deal 5, discard 2",5,10000000,22260932,Point total (Tam),"5 points, K-J-5, control K♣","(1, 5, 0, 13, 11, 5, 1)",15,63,0.00242405,1475,0.002458,0.0068,0.0,0.0,0.0
discard2,"Deal 5, discard 2",5,10000000,22260932,Point total (Tam),"5 points, K-3-2, control K♠","(1, 5, 0, 13, 3, 2, 4)",15,489,0.01881522,11239,0.018732,0.0009,0.0,0.0,0.0
discard2,"Deal 5, discard 2",5,10000000,22260932,Point total (Tam),"5 points, K-3-2, control K♥","(1, 5, 0, 13, 3, 2, 3)",15,447,0.01719919,10283,0.017138,0.001,0.0,0.0,0.0
discard2,"Deal 5, discard 2",5,10000000,22260932,Point total (Tam),"5 points, K-3-2, control K♦","(1, 5, 0, 13, 3, 2, 2)",15,405,0.01558316,9186,0.01531,0.0,0.0,0.0,0.0
discard2,"Deal 5, discard 2",5,10000000,22260932,Point total (Tam),"5 points, K-3-2, control K♣","(1, 5, 0, 13, 3, 2, 1)",15,363,0.01396713,8478,0.01413,0.0,0.0,0.0,0.0
discard2,"Deal 5, discard 2",5,10000000,22260932,Point total (Tam),"5 points, Q-3-2, control Q♠","(1, 5, 0, 12, 3, 2, 4)",15,189,0.00727214,4379,0.007298,0.0,0.0,0.0,0.0
discard2,"Deal 5, discard 2",5,10000000,22260932,Point total (Tam),"5 points, Q-3-2, control Q♥","(1, 5, 0, 12, 3, 2, 3)",15,147,0.00565611,3418,0.005697,0.0,0.0,0.0,0.0
discard2,"Deal 5, discard 2",5,10000000,22260932,Point total (Tam),"5 points, Q-3-2, control Q♦","(1, 5, 0, 12, 3, 2, 2)",15,105,0.00404008,2322,0.00387,0.0,0.0,0.0,0.0
discard2,"Deal 5, discard 2",5,10000000,22260932,Point total (Tam),"5 points, Q-3-2, control Q♣","(1, 5, 0, 12, 3, 2, 1)",15,63,0.00242405,1447,0.002412,0.0,0.0,0.0,0.0
discard2,"Deal 5, discard 2",5,10000000,22260932,Point total (Tam),"5 points, J-3-2, control J♠","(1, 5, 0, 11, 3, 2, 4)",15,189,0.00727214,4384,0.007307,0.0,0.0,0.0,0.0
discard2,"Deal 5, discard 2",5,10000000,22260932,Point total (Tam),"5 points, J-3-2, control J♥","(1, 5, 0, 11, 3, 2, 3)",15,147,0.00565611,3389,0.005648,0.0,0.0,0.0,0.0
discard2,"Deal 5, discard 2",5,10000000,22260932,Point total (Tam),"5 points, J-3-2, control J♦","(1, 5, 0, 11, 3, 2, 2)",15,105,0.00404008,2495,0.004158,0.0,0.0,0.0,0.0
discard2,"Deal 5, discard 2",5,10000000,22260932,Point total (Tam),"5 points, J-3-2, control J♣","(1, 5, 0, 11, 3, 2, 1)",15,63,0.00242405,1488,0.00248,0.0,0.0,0.0,0.0
discard2,"Deal 5, discard 2",5,10000000,22260932,Point total (Tam),"4 points, pair A, kicker 2♠","(1, 4, 1, 14, 2, 4)",6,675,0.02597193,15674,0.026123,0.0,0.0,0.0,0.0
discard2,"Deal 5, discard 2",5,10000000,22260932,Point total (Tam),"4 points, pair A, kicker 2♥","(1, 4, 1, 14, 2, 3)",6,675,0.02597193,15523,0.025872,0.0,0.0,0.0,0.0
discard2,"Deal 5, discard 2",5,10000000,22260932,Point total (Tam),"4 points, pair A, kicker 2♦","(1, 4, 1, 14, 2, 2)",6,675,0.02597193,15647,0.026078,0.0,0.0,0.0,0.0
discard2,"Deal 5, discard 2",5,10000000,22260932,Point total (Tam),"4 points, pair A, kicker 2♣","(1, 4, 1, 14, 2, 1)",6,675,0.02597193,15624,0.02604,0.0,0.0,0.0,0.0
discard2,"Deal 5, discard 2",5,10000000,22260932,Point total (Tam),"4 points, pair K, kicker 4♠","(1, 4, 1, 13, 4, 4)",6,27,0.00103888,639,0.001065,0.0,0.0,0.0,0.0
discard2,"Deal 5, discard 2",5,10000000,22260932,Point total (Tam),"4 points, pair K, kicker 4♥","(1, 4, 1, 13, 4, 3)",6,27,0.00103888,592,0.000987,0.0,0.0,0.0,0.0
discard2,"Deal 5, discard 2",5,10000000,22260932,Point total (Tam),"4 points, pair K, kicker 4♦","(1, 4, 1, 13, 4, 2)",6,27,0.00103888,646,0.001077,0.0,0.0,0.0,0.0
discard2,"Deal 5, discard 2",5,10000000,22260932,Point total (Tam),"4 points, pair K, kicker 4♣","(1, 4, 1, 13, 4, 1)",6,27,0.00103888,626,0.001043,0.0,0.0,0.0,0.0
discard2,"Deal 5, discard 2",5,10000000,22260932,Point total (Tam),"4 points, pair Q, kicker 4♠","(1, 4, 1, 12, 4, 4)",6,27,0.00103888,593,0.000988,0.0,0.0,0.0,0.0
discard2,"Deal 5, discard 2",5,10000000,22260932,Point total (Tam),"4 points, pair Q, kicker 4♥","(1, 4, 1, 12, 4, 3)",6,27,0.00103888,631,0.001052,0.0,0.0,0.0,0.0
discard2,"Deal 5, discard 2",5,10000000,22260932,Point total (Tam),"4 points, pair Q, kicker 4♦","(1, 4, 1, 12, 4, 2)",6,27,0.00103888,651,0.001085,0.0,0.0,0.0,0.0
discard2,"Deal 5, discard 2",5,10000000,22260932,Point total (Tam),"4 points, pair Q, kicker 4♣","(1, 4, 1, 12, 4, 1)",6,27,0.00103888,633,0.001055,0.0,0.0,0.0,0.0
discard2,"Deal 5, discard 2",5,10000000,22260932,Point total (Tam),"4 points, pair J, kicker 4♠","(1, 4, 1, 11, 4, 4)",6,27,0.00103888,640,0.001067,0.0,0.0,0.0,0.0
discard2,"Deal 5, discard 2",5,10000000,22260932,Point total (Tam),"4 points, pair J, kicker 4♥","(1, 4, 1, 11, 4, 3)",6,27,0.00103888,649,0.001082,0.0,0.0,0.0,0.0
discard2,"Deal 5, discard 2",5,10000000,22260932,Point total (Tam),"4 points, pair J, kicker 4♦","(1, 4, 1, 11, 4, 2)",6,27,0.00103888,579,0.000965,0.0,0.0,0.0,0.0
discard2,"Deal 5, discard 2",5,10000000,22260932,Point total (Tam),"4 points, pair J, kicker 4♣","(1, 4, 1, 11, 4, 1)",6,27,0.00103888,580,0.000967,0.0,0.0,0.0,0.0
discard2,"Deal 5, discard 2",5,10000000,22260932,Point total (Tam),"4 points, pair 10, kicker 4♠","(1, 4, 1, 10, 4, 4)",6,126,0.00484809,2862,0.00477,0.0,0.0,0.0,0.0
discard2,"Deal 5, discard 2",5,10000000,22260932,Point total (Tam),"4 points, pair 10, kicker 4♥","(1, 4, 1, 10, 4, 3)",6,126,0.00484809,2902,0.004837,0.0,0.0,0.0,0.0
discard2,"Deal 5, discard 2",5,10000000,22260932,Point total (Tam),"4 points, pair 10, kicker 4♦","(1, 4, 1, 10, 4, 2)",6,126,0.00484809,2952,0.00492,0.0,0.0,0.0,0.0
discard2,"Deal 5, discard 2",5,10000000,22260932,Point total (Tam),"4 points, pair 10, kicker 4♣","(1, 4, 1, 10, 4, 1)",6,126,0.00484809,2984,0.004973,0.0,0.0,0.0,0.0
discard2,"Deal 5, discard 2",5,10000000,22260932,Point total (Tam),"4 points, pair 5, kicker 4♠","(1, 4, 1, 5, 4, 4)",6,54,0.00207775,1245,0.002075,0.0,0.0,0.0,0.0
discard2,"Deal 5, discard 2",5,10000000,22260932,Point total (Tam),"4 points, pair 5, kicker 4♥","(1, 4, 1, 5, 4, 3)",6,36,0.00138517,817,0.001362,0.0,0.0,0.0,0.0
discard2,"Deal 5, discard 2",5,10000000,22260932,Point total (Tam),"4 points, pair 5, kicker 4♦","(1, 4, 1, 5, 4, 2)",6,18,0.00069258,387,0.000645,0.0,0.0,0.0,0.0
discard2,"Deal 5, discard 2",5,10000000,22260932,Point total (Tam),"4 points, pair 4, kicker 6♠","(1, 4, 1, 4, 6, 4)",6,27,0.00103888,604,0.001007,0.0,0.0,0.0,0.0
discard2,"Deal 5, discard 2",5,10000000,22260932,Point total (Tam),"4 points, pair 4, kicker 6♥","(1, 4, 1, 4, 6, 3)",6,27,0.00103888,620,0.001033,0.0,0.0,0.0,0.0
discard2,"Deal 5, discard 2",5,10000000,22260932,Point total (Tam),"4 points, pair 4, kicker 6♦","(1, 4, 1, 4, 6, 2)",6,27,0.00103888,626,0.001043,0.0,0.0,0.0,0.0
discard2,"Deal 5, discard 2",5,10000000,22260932,Point total (Tam),"4 points, pair 4, kicker 6♣","(1, 4, 1, 4, 6, 1)",6,27,0.00103888,620,0.001033,0.0,0.0,0.0,0.0
discard2,"Deal 5, discard 2",5,10000000,22260932,Point total (Tam),"4 points, pair 2, kicker K♠","(1, 4, 1, 2, 13, 4)",6,207,0.00796472,4784,0.007973,0.0,0.0,0.0,0.0
discard2,"Deal 5, discard 2",5,10000000,22260932,Point total (Tam),"4 points, pair 2, kicker K♥","(1, 4, 1, 2, 13, 3)",6,189,0.00727214,4387,0.007312,0.0,0.0,0.0,0.0
discard2,"Deal 5, discard 2",5,10000000,22260932,Point total (Tam),"4 points, pair 2, kicker K♦","(1, 4, 1, 2, 13, 2)",6,171,0.00657955,3931,0.006552,0.0,0.0,0.0,0.0
discard2,"Deal 5, discard 2",5,10000000,22260932,Point total (Tam),"4 points, pair 2, kicker K♣","(1, 4, 1, 2, 13, 1)",6,153,0.00588697,3622,0.006037,0.0,0.0,0.0,0.0
discard2,"Deal 5, discard 2",5,10000000,22260932,Point total (Tam),"4 points, pair 2, kicker Q♠","(1, 4, 1, 2, 12, 4)",6,81,0.00311663,1906,0.003177,0.0,0.0,0.0,0.0
discard2,"Deal 5, discard 2",5,10000000,22260932,Point total (Tam),"4 points, pair 2, kicker Q♥","(1, 4, 1, 2, 12, 3)",6,63,0.00242405,1423,0.002372,0.0,0.0,0.0,0.0
discard2,"Deal 5, discard 2",5,10000000,22260932,Point total (Tam),"4 points, pair 2, kicker Q♦","(1, 4, 1, 2, 12, 2)",6,45,0.00173146,1001,0.001668,0.0,0.0,0.0,0.0
discard2,"Deal 5, discard 2",5,10000000,22260932,Point total (Tam),"4 points, pair 2, kicker Q♣","(1, 4, 1, 2, 12, 1)",6,27,0.00103888,584,0.000973,0.0,0.0,0.0,0.0
discard2,"Deal 5, discard 2",5,10000000,22260932,Point total (Tam),"4 points, pair 2, kicker J♠","(1, 4, 1, 2, 11, 4)",6,81,0.00311663,1887,0.003145,0.0,0.0,0.0,0.0
discard2,"Deal 5, discard 2",5,10000000,22260932,Point total (Tam),"4 points, pair 2, kicker J♥","(1, 4, 1, 2, 11, 3)",6,63,0.00242405,1426,0.002377,0.0,0.0,0.0,0.0
discard2,"Deal 5, discard 2",5,10000000,22260932,Point total (Tam),"4 points, pair 2, kicker J♦","(1, 4, 1, 2, 11, 2)",6,45,0.00173146,1032,0.00172,0.0,0.0,0.0,0.0
discard2,"Deal 5, discard 2",5,10000000,22260932,Point total (Tam),"4 points, pair 2, kicker J♣","(1, 4, 1, 2, 11, 1)",6,27,0.00103888,641,0.001068,0.0,0.0,0.0,0.0
discard2,"Deal 5, discard 2",5,10000000,22260932,Point total (Tam),"4 points, A-K-3, control A♠","(1, 4, 0, 14, 13, 3, 4)",15,276,0.01061963,6305,0.010508,0.0,0.0,0.0,0.0
discard2,"Deal 5, discard 2",5,10000000,22260932,Point total (Tam),"4 points, A-K-3, control A♥","(1, 4, 0, 14, 13, 3, 3)",15,276,0.01061963,6507,0.010845,0.0,0.0,0.0,0.0
discard2,"Deal 5, discard 2",5,10000000,22260932,Point total (Tam),"4 points, A-K-3, control A♦","(1, 4, 0, 14, 13, 3, 2)",15,276,0.01061963,6482,0.010803,0.0,0.0,0.0,0.0
discard2,"Deal 5, discard 2",5,10000000,22260932,Point total (Tam),"4 points, A-K-3, control A♣","(1, 4, 0, 14, 13, 3, 1)",15,276,0.01061963,6444,0.01074,0.0,0.0,0.0,0.0
discard2,"Deal 5, discard 2",5,10000000,22260932,Point total (Tam),"4 points, A-Q-3, control A♠","(1, 4, 0, 14, 12, 3, 4)",15,126,0.00484809,2891,0.004818,0.0,0.0,0.0,0.0
discard2,"Deal 5, discard 2",5,10000000,22260932,Point total (Tam),"4 points, A-Q-3, control A♥","(1, 4, 0, 14, 12, 3, 3)",15,126,0.00484809,3025,0.005042,0.0,0.0,0.0,0.0
discard2,"Deal 5, discard 2",5,10000000,22260932,Point total (Tam),"4 points, A-Q-3, control A♦","(1, 4, 0, 14, 12, 3, 2)",15,126,0.00484809,2979,0.004965,0.0,0.0,0.0,0.0
discard2,"Deal 5, discard 2",5,10000000,22260932,Point total (Tam),"4 points, A-Q-3, control A♣","(1, 4, 0, 14, 12, 3, 1)",15,126,0.00484809,2948,0.004913,0.0,0.0,0.0,0.0
discard2,"Deal 5, discard 2",5,10000000,22260932,Point total (Tam),"4 points, A-J-3, control A♠","(1, 4, 0, 14, 11, 3, 4)",15,126,0.00484809,2836,0.004727,0.0,0.0,0.0,0.0
discard2,"Deal 5, discard 2",5,10000000,22260932,Point total (Tam),"4 points, A-J-3, control A♥","(1, 4, 0, 14, 11, 3, 3)",15,126,0.00484809,2882,0.004803,0.0,0.0,0.0,0.0
discard2,"Deal 5, discard 2",5,10000000,22260932,Point total (Tam),"4 points, A-J-3, control A♦","(1, 4, 0, 14, 11, 3, 2)",15,126,0.00484809,2947,0.004912,0.0,0.0,0.0,0.0
discard2,"Deal 5, discard 2",5,10000000,22260932,Point total (Tam),"4 points, A-J-3, control A♣","(1, 4, 0, 14, 11, 3, 1)",15,126,0.00484809,2935,0.004892,0.0,0.0,0.0,0.0
discard2,"Deal 5, discard 2",5,10000000,22260932,Point total (Tam),"3 points, pair K, kicker 3♠","(1, 3, 1, 13, 3, 4)",6,27,0.00103888,631,0.001052,0.0,0.0,0.0,0.0
discard2,"Deal 5, discard 2",5,10000000,22260932,Point total (Tam),"3 points, pair K, kicker 3♥","(1, 3, 1, 13, 3, 3)",6,27,0.00103888,643,0.001072,0.0,0.0,0.0,0.0
discard2,"Deal 5, discard 2",5,10000000,22260932,Point total (Tam),"3 points, pair K, kicker 3♦","(1, 3, 1, 13, 3, 2)",6,27,0.00103888,617,0.001028,0.0,0.0,0.0,0.0
discard2,"Deal 5, discard 2",5,10000000,22260932,Point total (Tam),"3 points, pair K, kicker 3♣","(1, 3, 1, 13, 3, 1)",6,27,0.00103888,607,0.001012,0.0,0.0,0.0,0.0
discard2,"Deal 5, discard 2",5,10000000,22260932,Point total (Tam),"3 points, pair Q, kicker 3♠","(1, 3, 1, 12, 3, 4)",6,27,0.00103888,629,0.001048,0.0,0.0,0.0,0.0
discard2,"Deal 5, discard 2",5,10000000,22260932,Point total (Tam),"3 points, pair Q, kicker 3♥","(1, 3, 1, 12, 3, 3)",6,27,0.00103888,639,0.001065,0.0,0.0,0.0,0.0
discard2,"Deal 5, discard 2",5,10000000,22260932,Point total (Tam),"3 points, pair Q, kicker 3♦","(1, 3, 1, 12, 3, 2)",6,27,0.00103888,650,0.001083,0.0,0.0,0.0,0.0
discard2,"Deal 5, discard 2",5,10000000,22260932,Point total (Tam),"3 points, pair Q, kicker 3♣","(1, 3, 1, 12, 3, 1)",6,27,0.00103888,592,0.000987,0.0,0.0,0.0,0.0
discard2,"Deal 5, discard 2",5,10000000,22260932,Point total (Tam),"3 points, pair J, kicker 3♠","(1, 3, 1, 11, 3, 4)",6,27,0.00103888,662,0.001103,0.0,0.0,0.0,0.0
discard2,"Deal 5, discard 2",5,10000000,22260932,Point total (Tam),"3 points, pair J, kicker 3♥","(1, 3, 1, 11, 3, 3)",6,27,0.00103888,597,0.000995,0.0,0.0,0.0,0.0
discard2,"Deal 5, discard 2",5,10000000,22260932,Point total (Tam),"3 points, pair J, kicker 3♦","(1, 3, 1, 11, 3, 2)",6,27,0.00103888,639,0.001065,0.0,0.0,0.0,0.0
discard2,"Deal 5, discard 2",5,10000000,22260932,Point total (Tam),"3 points, pair J, kicker 3♣","(1, 3, 1, 11, 3, 1)",6,27,0.00103888,629,0.001048,0.0,0.0,0.0,0.0
discard2,"Deal 5, discard 2",5,10000000,22260932,Point total (Tam),"3 points, pair 10, kicker 3♠","(1, 3, 1, 10, 3, 4)",6,126,0.00484809,2890,0.004817,0.0,0.0,0.0,0.0
discard2,"Deal 5, discard 2",5,10000000,22260932,Point total (Tam),"3 points, pair 10, kicker 3♥","(1, 3, 1, 10, 3, 3)",6,126,0.00484809,2891,0.004818,0.0,0.0,0.0,0.0
discard2,"Deal 5, discard 2",5,10000000,22260932,Point total (Tam),"3 points, pair 10, kicker 3♦","(1, 3, 1, 10, 3, 2)",6,126,0.00484809,2880,0.0048,0.0,0.0,0.0,0.0
discard2,"Deal 5, discard 2",5,10000000,22260932,Point total (Tam),"3 points, pair 10, kicker 3♣","(1, 3, 1, 10, 3, 1)",6,126,0.00484809,2884,0.004807,0.0,0.0,0.0,0.0
discard2,"Deal 5, discard 2",5,10000000,22260932,Point total (Tam),"3 points, A-K-2, control A♠","(1, 3, 0, 14, 13, 2, 4)",15,276,0.01061963,6315,0.010525,0.0,0.0,0.0,0.0
discard2,"Deal 5, discard 2",5,10000000,22260932,Point total (Tam),"3 points, A-K-2, control A♥","(1, 3, 0, 14, 13, 2, 3)",15,276,0.01061963,6323,0.010538,0.0,0.0,0.0,0.0
discard2,"Deal 5, discard 2",5,10000000,22260932,Point total (Tam),"3 points, A-K-2, control A♦","(1, 3, 0, 14, 13, 2, 2)",15,276,0.01061963,6388,0.010647,0.0,0.0,0.0,0.0
discard2,"Deal 5, discard 2",5,10000000,22260932,Point total (Tam),"3 points, A-K-2, control A♣","(1, 3, 0, 14, 13, 2, 1)",15,276,0.01061963,6450,0.01075,0.0,0.0,0.0,0.0
discard2,"Deal 5, discard 2",5,10000000,22260932,Point total (Tam),"3 points, A-Q-2, control A♠","(1, 3, 0, 14, 12, 2, 4)",15,126,0.00484809,2920,0.004867,0.0,0.0,0.0,0.0
discard2,"Deal 5, discard 2",5,10000000,22260932,Point total (Tam),"3 points, A-Q-2, control A♥","(1, 3, 0, 14, 12, 2, 3)",15,126,0.00484809,2944,0.004907,0.0,0.0,0.0,0.0
discard2,"Deal 5, discard 2",5,10000000,22260932,Point total (Tam),"3 points, A-Q-2, control A♦","(1, 3, 0, 14, 12, 2, 2)",15,126,0.00484809,2848,0.004747,0.0,0.0,0.0,0.0
discard2,"Deal 5, discard 2",5,10000000,22260932,Point total (Tam),"3 points, A-Q-2, control A♣","(1, 3, 0, 14, 12, 2, 1)",15,126,0.00484809,2930,0.004883,0.0,0.0,0.0,0.0
discard2,"Deal 5, discard 2",5,10000000,22260932,Point total (Tam),"3 points, A-J-2, control A♠","(1, 3, 0, 14, 11, 2, 4)",15,126,0.00484809,2877,0.004795,0.0,0.0,0.0,0.0
discard2,"Deal 5, discard 2",5,10000000,22260932,Point total (Tam),"3 points, A-J-2, control A♥","(1, 3, 0, 14, 11, 2, 3)",15,126,0.00484809,2878,0.004797,0.0,0.0,0.0,0.0
discard2,"Deal 5, discard 2",5,10000000,22260932,Point total (Tam),"3 points, A-J-2, control A♦","(1, 3, 0, 14, 11, 2, 2)",15,126,0.00484809,2925,0.004875,0.0,0.0,0.0,0.0
discard2,"Deal 5, discard 2",5,10000000,22260932,Point total (Tam),"3 points, A-J-2, control A♣","(1, 3, 0, 14, 11, 2, 1)",15,126,0.00484809,2963,0.004938,0.0,0.0,0.0,0.0
discard2,"Deal 5, discard 2",5,10000000,22260932,Point total (Tam),"2 points, pair A, kicker K♠","(1, 2, 1, 14, 13, 4)",6,144,0.00554068,3431,0.005718,0.0,0.0,0.0,0.0
discard2,"Deal 5, discard 2",5,10000000,22260932,Point total (Tam),"2 points, pair A, kicker K♥","(1, 2, 1, 14, 13, 3)",6,126,0.00484809,2897,0.004828,0.0,0.0,0.0,0.0
discard2,"Deal 5, discard 2",5,10000000,22260932,Point total (Tam),"2 points, pair A, kicker K♦","(1, 2, 1, 14, 13, 2)",6,108,0.00415551,2563,0.004272,0.0,0.0,0.0,0.0
discard2,"Deal 5, discard 2",5,10000000,22260932,Point total (Tam),"2 points, pair A, kicker K♣","(1, 2, 1, 14, 13, 1)",6,90,0.00346292,2026,0.003377,0.0,0.0,0.0,0.0
discard2,"Deal 5, discard 2",5,10000000,22260932,Point total (Tam),"2 points, pair A, kicker Q♠","(1, 2, 1, 14, 12, 4)",6,81,0.00311663,1889,0.003148,0.0,0.0,0.0,0.0
discard2,"Deal 5, discard 2",5,10000000,22260932,Point total (Tam),"2 points, pair A, kicker Q♥","(1, 2, 1, 14, 12, 3)",6,63,0.00242405,1457,0.002428,0.0,0.0,0.0,0.0
discard2,"Deal 5, discard 2",5,10000000,22260932,Point total (Tam),"2 points, pair A, kicker Q♦","(1, 2, 1, 14, 12, 2)",6,45,0.00173146,1065,0.001775,0.0,0.0,0.0,0.0
discard2,"Deal 5, discard 2",5,10000000,22260932,Point total (Tam),"2 points, pair A, kicker Q♣","(1, 2, 1, 14, 12, 1)",6,27,0.00103888,598,0.000997,0.0,0.0,0.0,0.0
discard2,"Deal 5, discard 2",5,10000000,22260932,Point total (Tam),"2 points, pair A, kicker J♠","(1, 2, 1, 14, 11, 4)",6,81,0.00311663,1820,0.003033,0.0,0.0,0.0,0.0
discard2,"Deal 5, discard 2",5,10000000,22260932,Point total (Tam),"2 points, pair A, kicker J♥","(1, 2, 1, 14, 11, 3)",6,63,0.00242405,1418,0.002363,0.0,0.0,0.0,0.0
discard2,"Deal 5, discard 2",5,10000000,22260932,Point total (Tam),"2 points, pair A, kicker J♦","(1, 2, 1, 14, 11, 2)",6,45,0.00173146,1041,0.001735,0.0,0.0,0.0,0.0
discard2,"Deal 5, discard 2",5,10000000,22260932,Point total (Tam),"2 points, pair A, kicker J♣","(1, 2, 1, 14, 11, 1)",6,27,0.00103888,588,0.00098,0.0,0.0,0.0,0.0
discard2,"Deal 5, discard 2",5,10000000,22260932,Point total (Tam),"2 points, pair K, kicker 2♠","(1, 2, 1, 13, 2, 4)",6,27,0.00103888,634,0.001057,0.0,0.0,0.0,0.0
discard2,"Deal 5, discard 2",5,10000000,22260932,Point total (Tam),"2 points, pair K, kicker 2♥","(1, 2, 1, 13, 2, 3)",6,27,0.00103888,597,0.000995,0.0,0.0,0.0,0.0
discard2,"Deal 5, discard 2",5,10000000,22260932,Point total (Tam),"2 points, pair K, kicker 2♦","(1, 2, 1, 13, 2, 2)",6,27,0.00103888,669,0.001115,0.0,0.0,0.0,0.0
discard2,"Deal 5, discard 2",5,10000000,22260932,Point total (Tam),"2 points, pair K, kicker 2♣","(1, 2, 1, 13, 2, 1)",6,27,0.00103888,623,0.001038,0.0,0.0,0.0,0.0
discard2,"Deal 5, discard 2",5,10000000,22260932,Point total (Tam),"2 points, pair Q, kicker 2♠","(1, 2, 1, 12, 2, 4)",6,27,0.00103888,589,0.000982,0.0,0.0,0.0,0.0
discard2,"Deal 5, discard 2",5,10000000,22260932,Point total (Tam),"2 points, pair Q, kicker 2♥","(1, 2, 1, 12, 2, 3)",6,27,0.00103888,584,0.000973,0.0,0.0,0.0,0.0
discard2,"Deal 5, discard 2",5,10000000,22260932,Point total (Tam),"2 points, pair Q, kicker 2♦","(1, 2, 1, 12, 2, 2)",6,27,0.00103888,617,0.001028,0.0,0.0,0.0,0.0
discard2,"Deal 5, discard 2",5,10000000,22260932,Point total (Tam),"2 points, pair Q, kicker 2♣","(1, 2, 1, 12, 2, 1)",6,27,0.00103888,639,0.001065,0.0,0.0,0.0,0.0
discard2,"Deal 5, discard 2",5,10000000,22260932,Point total (Tam),"2 points, pair J, kicker 2♠","(1, 2, 1, 11, 2, 4)",6,27,0.00103888,642,0.00107,0.0,0.0,0.0,0.0
discard2,"Deal 5, discard 2",5,10000000,22260932,Point total (Tam),"2 points, pair J, kicker 2♥","(1, 2, 1, 11, 2, 3)",6,27,0.00103888,580,0.000967,0.0,0.0,0.0,0.0
discard2,"Deal 5, discard 2",5,10000000,22260932,Point total (Tam),"2 points, pair J, kicker 2♦","(1, 2, 1, 11, 2, 2)",6,27,0.00103888,624,0.00104,0.0,0.0,0.0,0.0
discard2,"Deal 5, discard 2",5,10000000,22260932,Point total (Tam),"2 points, pair J, kicker 2♣","(1, 2, 1, 11, 2, 1)",6,27,0.00103888,616,0.001027,0.0,0.0,0.0,0.0
discard2,"Deal 5, discard 2",5,10000000,22260932,Point total (Tam),"2 points, pair 10, kicker 2♠","(1, 2, 1, 10, 2, 4)",6,126,0.00484809,2900,0.004833,0.0,0.0,0.0,0.0
discard2,"Deal 5, discard 2",5,10000000,22260932,Point total (Tam),"2 points, pair 10, kicker 2♥","(1, 2, 1, 10, 2, 3)",6,126,0.00484809,2915,0.004858,0.0,0.0,0.0,0.0
discard2,"Deal 5, discard 2",5,10000000,22260932,Point total (Tam),"2 points, pair 10, kicker 2♦","(1, 2, 1, 10, 2, 2)",6,126,0.00484809,2931,0.004885,0.0,0.0,0.0,0.0
discard2,"Deal 5, discard 2",5,10000000,22260932,Point total (Tam),"2 points, pair 10, kicker 2♣","(1, 2, 1, 10, 2, 1)",6,126,0.00484809,2907,0.004845,0.0,0.0,0.0,0.0
discard2,"Deal 5, discard 2",5,10000000,22260932,Point total (Tam),"1 points, pair K, kicker A♠","(1, 1, 1, 13, 14, 4)",6,27,0.00103888,629,0.001048,0.0,0.0,0.0,0.0
discard2,"Deal 5, discard 2",5,10000000,22260932,Point total (Tam),"1 points, pair K, kicker A♥","(1, 1, 1, 13, 14, 3)",6,27,0.00103888,645,0.001075,0.0,0.0,0.0,0.0
discard2,"Deal 5, discard 2",5,10000000,22260932,Point total (Tam),"1 points, pair K, kicker A♦","(1, 1, 1, 13, 14, 2)",6,27,0.00103888,620,0.001033,0.0,0.0,0.0,0.0
discard2,"Deal 5, discard 2",5,10000000,22260932,Point total (Tam),"1 points, pair K, kicker A♣","(1, 1, 1, 13, 14, 1)",6,27,0.00103888,663,0.001105,0.0,0.0,0.0,0.0
discard2,"Deal 5, discard 2",5,10000000,22260932,Point total (Tam),"1 points, pair Q, kicker A♠","(1, 1, 1, 12, 14, 4)",6,27,0.00103888,572,0.000953,0.0,0.0,0.0,0.0
discard2,"Deal 5, discard 2",5,10000000,22260932,Point total (Tam),"1 points, pair Q, kicker A♥","(1, 1, 1, 12, 14, 3)",6,27,0.00103888,660,0.0011,0.0,0.0,0.0,0.0
discard2,"Deal 5, discard 2",5,10000000,22260932,Point total (Tam),"1 points, pair Q, kicker A♦","(1, 1, 1, 12, 14, 2)",6,27,0.00103888,630,0.00105,0.0,0.0,0.0,0.0
discard2,"Deal 5, discard 2",5,10000000,22260932,Point total (Tam),"1 points, pair Q, kicker A♣","(1, 1, 1, 12, 14, 1)",6,27,0.00103888,640,0.001067,0.0,0.0,0.0,0.0
discard2,"Deal 5, discard 2",5,10000000,22260932,Point total (Tam),"1 points, pair J, kicker A♠","(1, 1, 1, 11, 14, 4)",6,27,0.00103888,627,0.001045,0.0,0.0,0.0,0.0
discard2,"Deal 5, discard 2",5,10000000,22260932,Point total (Tam),"1 points, pair J, kicker A♥","(1, 1, 1, 11, 14, 3)",6,27,0.00103888,667,0.001112,0.0,0.0,0.0,0.0
discard2,"Deal 5, discard 2",5,10000000,22260932,Point total (Tam),"1 points, pair J, kicker A♦","(1, 1, 1, 11, 14, 2)",6,27,0.00103888,611,0.001018,0.0,0.0,0.0,0.0
discard2,"Deal 5, discard 2",5,10000000,22260932,Point total (Tam),"1 points, pair J, kicker A♣","(1, 1, 1, 11, 14, 1)",6,27,0.00103888,587,0.000978,0.0,0.0,0.0,0.0
discard2,"Deal 5, discard 2",5,10000000,22260932,Point total (Tam),"1 points, pair 10, kicker A♠","(1, 1, 1, 10, 14, 4)",6,63,0.00242405,1428,0.00238,0.0,0.0,0.0,0.0
discard2,"Deal 5, discard 2",5,10000000,22260932,Point total (Tam),"1 points, pair 10, kicker A♥","(1, 1, 1, 10, 14, 3)",6,63,0.00242405,1383,0.002305,0.0,0.0,0.0,0.0
discard2,"Deal 5, discard 2",5,10000000,22260932,Point total (Tam),"1 points, pair 10, kicker A♦","(1, 1, 1, 10, 14, 2)",6,63,0.00242405,1404,0.00234,0.0,0.0,0.0,0.0
discard2,"Deal 5, discard 2",5,10000000,22260932,Point total (Tam),"1 points, pair 10, kicker A♣","(1, 1, 1, 10, 14, 1)",6,63,0.00242405,1425,0.002375,0.0,0.0,0.0,0.0
